land-surface-temperature-raster,timeperiod,object_id,land-surface-temperature
LST_ASSAM_2021_01.tif,2025_10,,
LST_ASSAM_2021_02.tif,2025_10,,
LST_ASSAM_2021_03.tif,2025_10,,
LST_ASSAM_2021_04.tif,2025_10,,
LST_ASSAM_2021_05.tif,2025_10,,
LST_ASSAM_2021_06.tif,2025_10,,
LST_ASSAM_2021_07.tif,2025_10,,
LST_ASSAM_2021_08.tif,2025_10,,
LST_ASSAM_2021_09.tif,2025_10,,
LST_ASSAM_2021_10.tif,2025_10,,
LST_ASSAM_2021_11.tif,2025_10,,
LST_ASSAM_2021_12.tif,2025_10,,
LST_ASSAM_2022_01.tif,2025_10,,
LST_ASSAM_2022_02.tif,2025_10,,
LST_ASSAM_2022_03.tif,2025_10,,
LST_ASSAM_2022_04.tif,2025_10,,
LST_ASSAM_2022_05.tif,2025_10,,
LST_ASSAM_2022_06.tif,2025_10,,
LST_ASSAM_2022_07.tif,2025_10,,
LST_ASSAM_2022_08.tif,2025_10,,
LST_ASSAM_2022_09.tif,2025_10,,
LST_ASSAM_2022_10.tif,2025_10,,
LST_ASSAM_2022_11.tif,2025_10,,
LST_ASSAM_2022_12.tif,2025_10,,
LST_ASSAM_2023_01.tif,2025_10,,
LST_ASSAM_2023_02.tif,2025_10,,
LST_ASSAM_2023_03.tif,2025_10,,
LST_ASSAM_2023_04.tif,2025_10,,
LST_ASSAM_2023_05.tif,2025_10,,
LST_ASSAM_2023_06.tif,2025_10,,
LST_ASSAM_2023_07.tif,2025_10,,
LST_ASSAM_2023_08.tif,2025_10,,
LST_ASSAM_2023_09.tif,2025_10,,
LST_ASSAM_2023_10.tif,2025_10,,
LST_ASSAM_2023_11.tif,2025_10,,
LST_ASSAM_2023_12.tif,2025_10,,
LST_ASSAM_2024_01.tif,2025_10,,
LST_ASSAM_2024_02.tif,2025_10,,
LST_ASSAM_2024_03.tif,2025_10,,
LST_ASSAM_2024_04.tif,2025_10,,
LST_ASSAM_2024_05.tif,2025_10,,
LST_ASSAM_2024_06.tif,2025_10,,
LST_ASSAM_2024_07.tif,2025_10,,
LST_ASSAM_2024_08.tif,2025_10,,
LST_ASSAM_2024_09.tif,2025_10,,
LST_ASSAM_2024_10.tif,2025_10,,
LST_ASSAM_2024_11.tif,2025_10,,
LST_ASSAM_2024_12.tif,2025_10,,
LST_ASSAM_2025_01.tif,2025_10,,
LST_ASSAM_2025_02.tif,2025_10,,
LST_ASSAM_2025_03.tif,2025_10,,
LST_ASSAM_2025_04.tif,2025_10,,
LST_ASSAM_2025_05.tif,2025_10,,
LST_ASSAM_2025_06.tif,2025_10,,
LST_ASSAM_2025_07.tif,2025_10,,
LST_ASSAM_2025_08.tif,2025_10,,
LST_ASSAM_2025_09.tif,2025_10,,
LST_ASSAM_2025_10.tif,2025_10,,
LST_ASSAM_2025_11.tif,2025_10,,
LST_ASSAM_2025_12.tif,2025_10,,
LST_ASSAM_2026_01.tif,2025_10,,
LST_ASSAM_2026_02.tif,2025_10,,
LST_ASSAM_2026_03.tif,2025_10,,
LST_ASSAM_2026_04.tif,2025_10,,
LST_ASSAM_2026_05.tif,2025_10,,
,2025_10,18-300-00101,26.37
,2025_10,18-300-00102,26.37
,2025_10,18-300-00103,26.37
,2025_10,18-300-00104,26.37
,2025_10,18-300-00105,26.37
,2025_10,18-300-00106,26.37
,2025_10,18-300-00107,26.37
,2025_10,18-300-00108,26.37
,2025_10,18-301-00109,26.79
,2025_10,18-301-00110,26.79
,2025_10,18-301-00111,26.79
,2025_10,18-301-00112,26.79
,2025_10,18-301-00113,26.79
,2025_10,18-301-00114,26.79
,2025_10,18-302-00115,26.22
,2025_10,18-302-00116,26.22
,2025_10,18-302-00117,26.22
,2025_10,18-302-00118,26.22
,2025_10,18-302-00119,26.22
,2025_10,18-303-00120,26.98
,2025_10,18-303-00121,26.98
,2025_10,18-303-00122,26.98
,2025_10,18-303-00123,26.98
,2025_10,18-799-00124,27.02
,2025_10,18-799-00125,27.02
,2025_10,18-304-00126,26.78
,2025_10,18-304-00127,26.78
,2025_10,18-304-00128,26.78
,2025_10,18-304-00129,26.78
,2025_10,18-305-00130,26.06
,2025_10,18-305-00131,26.06
,2025_10,18-305-00132,26.06
,2025_10,18-305-00133,26.06
,2025_10,18-305-00134,26.06
,2025_10,18-305-00135,26.06
,2025_10,18-305-00136,26.06
,2025_10,18-306-00137,26.36
,2025_10,18-306-00138,26.36
,2025_10,18-306-00139,26.36
,2025_10,18-306-00140,26.36
,2025_10,18-307-00141,26.72
,2025_10,18-307-00142,26.72
,2025_10,18-307-00143,26.72
,2025_10,18-307-00144,26.72
,2025_10,18-307-00145,26.72
,2025_10,18-307-00146,26.72
,2025_10,18-307-00147,26.72
,2025_10,18-308-00148,27.14
,2025_10,18-308-00149,27.14
,2025_10,18-308-00150,27.14
,2025_10,18-308-00151,27.14
,2025_10,18-308-00152,27.14
,2025_10,18-308-00153,27.14
,2025_10,18-309-00154,25.76
,2025_10,18-309-00155,25.76
,2025_10,18-309-00156,25.76
,2025_10,18-309-00157,25.76
,2025_10,18-310-00158,26.62
,2025_10,18-310-00159,26.62
,2025_10,18-310-00160,26.62
,2025_10,18-310-00161,26.62
,2025_10,18-310-00162,26.62
,2025_10,18-310-00163,26.62
,2025_10,18-310-00164,26.62
,2025_10,18-311-00165,26.19
,2025_10,18-311-00166,26.19
,2025_10,18-311-00167,26.19
,2025_10,18-311-00168,26.19
,2025_10,18-312-00169,25.79
,2025_10,18-312-00170,25.79
,2025_10,18-312-00171,25.79
,2025_10,18-313-00172,26.62
,2025_10,18-313-00173,26.62
,2025_10,18-313-00174,26.62
,2025_10,18-313-00175,26.62
,2025_10,18-313-00176,26.62
,2025_10,18-313-00177,26.62
,2025_10,18-314-00178,23.62
,2025_10,18-314-00179,23.62
,2025_10,18-315-00180,22.69
,2025_10,18-315-00181,22.69
,2025_10,18-315-00182,22.69
,2025_10,18-315-00183,22.69
,2025_10,18-316-00184,26.39
,2025_10,18-316-00185,26.39
,2025_10,18-316-00186,26.39
,2025_10,18-316-00187,26.39
,2025_10,18-316-00188,26.39
,2025_10,18-317-00189,27.27
,2025_10,18-317-00190,27.27
,2025_10,18-317-00191,27.27
,2025_10,18-317-00192,27.27
,2025_10,18-317-00193,27.27
,2025_10,18-318-00194,26.84
,2025_10,18-318-00195,26.84
,2025_10,18-318-00196,26.84
,2025_10,18-318-00197,26.84
,2025_10,18-319-00198,26.18
,2025_10,18-319-00199,26.18
,2025_10,18-319-00200,26.18
,2025_10,18-319-00201,26.18
,2025_10,18-319-00202,26.18
,2025_10,18-320-00203,26.36
,2025_10,18-320-00204,26.36
,2025_10,18-320-00205,26.36
,2025_10,18-320-00206,26.36
,2025_10,18-320-00207,26.36
,2025_10,18-321-00208,25.56
,2025_10,18-321-00209,25.56
,2025_10,18-321-00210,25.56
,2025_10,18-321-00211,25.56
,2025_10,18-321-00212,25.56
,2025_10,18-321-00213,25.56
,2025_10,18-321-00214,25.56
,2025_10,18-321-00215,25.56
,2025_10,18-321-00216,25.56
,2025_10,18-321-00217,25.56
,2025_10,18-321-00218,25.56
,2025_10,18-322-00219,25.15
,2025_10,18-322-00220,25.15
,2025_10,18-322-00221,25.15
,2025_10,18-323-00222,26.16
,2025_10,18-323-00223,26.16
,2025_10,18-323-00224,26.16
,2025_10,18-323-00225,26.16
,2025_10,18-323-00226,26.16
,2025_10,18-323-00227,26.16
,2025_10,18-323-00228,26.16
,2025_10,18-324-00260,26.08
,2025_10,18-323-00230,26.16
,2025_10,18-324-00231,26.08
,2025_10,18-324-00232,26.08
,2025_10,18-324-00233,26.08
,2025_10,18-324-00234,26.08
,2025_10,18-816-00235,26.48
,2025_10,18-816-00236,26.48
,2025_10,18-325-00237,26.46
,2025_10,18-325-00238,26.46
,2025_10,18-325-00239,26.46
,2025_10,18-326-00240,26.73
,2025_10,18-326-00241,26.73
,2025_10,18-326-00242,26.73
,2025_10,18-326-00243,26.73
,2025_10,18-326-00244,26.73
,2025_10,18-326-00245,26.73
,2025_10,18-326-00246,26.73
,2025_10,18-326-00247,26.73
,2025_10,18-755-00248,25.63
,2025_10,18-756-00249,26.49
,2025_10,18-756-00250,26.49
,2025_10,18-756-00251,26.49
,2025_10,18-757-00252,26.73
,2025_10,18-757-00253,26.73
,2025_10,18-757-00254,26.73
,2025_10,18-759-00255,23.1
,2025_10,18-758-00256,26.33
,2025_10,18-758-00257,26.33
,2025_10,18-816-00258,26.48
,2025_10,18-816-00259,26.48
,2025_10,18-816-00261,26.48
,2025_10,18-324-00262,26.08
,2025_10,18-324-00263,26.08
,2025_10,18-303-00264,26.98
,2025_10,18-799-00265,27.02
,2025_10,18-303-00266,26.98
,2025_10,18-322-00267,25.15
,2025_10,18-326-00268,26.73
,2025_10,18-325-00269,26.46
,2025_10,18-325-00270,26.46
,2025_10,18-304-00271,26.78
,2025_10,18-321-00272,25.56
,2025_10,18-321-00273,25.56
,2025_10,18-301-00274,26.79
,2025_10,18-312-00276,25.79
,2025_10,18-312-00277,25.79
,2025_10,18-755-00278,25.63
,2025_10,18-755-00279,25.63
,2025_10,18-760-00280,27.47
,2025_10,18-760-00281,27.47
,2025_10,18-314-00275,23.62
,2025_10,18-300-00101,30.06
,2025_10,18-300-00102,30.06
,2025_10,18-300-00103,30.06
,2025_10,18-300-00104,30.06
,2025_10,18-300-00105,30.06
,2025_10,18-300-00106,30.06
,2025_10,18-300-00107,30.06
,2025_10,18-300-00108,30.06
,2025_10,18-301-00109,31.16
,2025_10,18-301-00110,31.16
,2025_10,18-301-00111,31.16
,2025_10,18-301-00112,31.16
,2025_10,18-301-00113,31.16
,2025_10,18-301-00114,31.16
,2025_10,18-302-00115,31.17
,2025_10,18-302-00116,31.17
,2025_10,18-302-00117,31.17
,2025_10,18-302-00118,31.17
,2025_10,18-302-00119,31.17
,2025_10,18-303-00120,31.32
,2025_10,18-303-00121,31.32
,2025_10,18-303-00122,31.32
,2025_10,18-303-00123,31.32
,2025_10,18-799-00124,30.26
,2025_10,18-799-00125,30.26
,2025_10,18-304-00126,30.01
,2025_10,18-304-00127,30.01
,2025_10,18-304-00128,30.01
,2025_10,18-304-00129,30.01
,2025_10,18-305-00130,28.96
,2025_10,18-305-00131,28.96
,2025_10,18-305-00132,28.96
,2025_10,18-305-00133,28.96
,2025_10,18-305-00134,28.96
,2025_10,18-305-00135,28.96
,2025_10,18-305-00136,28.96
,2025_10,18-306-00137,30.05
,2025_10,18-306-00138,30.05
,2025_10,18-306-00139,30.05
,2025_10,18-306-00140,30.05
,2025_10,18-307-00141,30.37
,2025_10,18-307-00142,30.37
,2025_10,18-307-00143,30.37
,2025_10,18-307-00144,30.37
,2025_10,18-307-00145,30.37
,2025_10,18-307-00146,30.37
,2025_10,18-307-00147,30.37
,2025_10,18-308-00148,30.95
,2025_10,18-308-00149,30.95
,2025_10,18-308-00150,30.95
,2025_10,18-308-00151,30.95
,2025_10,18-308-00152,30.95
,2025_10,18-308-00153,30.95
,2025_10,18-309-00154,29.18
,2025_10,18-309-00155,29.18
,2025_10,18-309-00156,29.18
,2025_10,18-309-00157,29.18
,2025_10,18-310-00158,30.16
,2025_10,18-310-00159,30.16
,2025_10,18-310-00160,30.16
,2025_10,18-310-00161,30.16
,2025_10,18-310-00162,30.16
,2025_10,18-310-00163,30.16
,2025_10,18-310-00164,30.16
,2025_10,18-311-00165,29.22
,2025_10,18-311-00166,29.22
,2025_10,18-311-00167,29.22
,2025_10,18-311-00168,29.22
,2025_10,18-312-00169,28.72
,2025_10,18-312-00170,28.72
,2025_10,18-312-00171,28.72
,2025_10,18-313-00172,29.88
,2025_10,18-313-00173,29.88
,2025_10,18-313-00174,29.88
,2025_10,18-313-00175,29.88
,2025_10,18-313-00176,29.88
,2025_10,18-313-00177,29.88
,2025_10,18-314-00178,26.51
,2025_10,18-314-00179,26.51
,2025_10,18-315-00180,25.71
,2025_10,18-315-00181,25.71
,2025_10,18-315-00182,25.71
,2025_10,18-315-00183,25.71
,2025_10,18-316-00184,29.3
,2025_10,18-316-00185,29.3
,2025_10,18-316-00186,29.3
,2025_10,18-316-00187,29.3
,2025_10,18-316-00188,29.3
,2025_10,18-317-00189,30.25
,2025_10,18-317-00190,30.25
,2025_10,18-317-00191,30.25
,2025_10,18-317-00192,30.25
,2025_10,18-317-00193,30.25
,2025_10,18-318-00194,29.81
,2025_10,18-318-00195,29.81
,2025_10,18-318-00196,29.81
,2025_10,18-318-00197,29.81
,2025_10,18-319-00198,30.19
,2025_10,18-319-00199,30.19
,2025_10,18-319-00200,30.19
,2025_10,18-319-00201,30.19
,2025_10,18-319-00202,30.19
,2025_10,18-320-00203,30.05
,2025_10,18-320-00204,30.05
,2025_10,18-320-00205,30.05
,2025_10,18-320-00206,30.05
,2025_10,18-320-00207,30.05
,2025_10,18-321-00208,29.65
,2025_10,18-321-00209,29.65
,2025_10,18-321-00210,29.65
,2025_10,18-321-00211,29.65
,2025_10,18-321-00212,29.65
,2025_10,18-321-00213,29.65
,2025_10,18-321-00214,29.65
,2025_10,18-321-00215,29.65
,2025_10,18-321-00216,29.65
,2025_10,18-321-00217,29.65
,2025_10,18-321-00218,29.65
,2025_10,18-322-00219,28.8
,2025_10,18-322-00220,28.8
,2025_10,18-322-00221,28.8
,2025_10,18-323-00222,30.13
,2025_10,18-323-00223,30.13
,2025_10,18-323-00224,30.13
,2025_10,18-323-00225,30.13
,2025_10,18-323-00226,30.13
,2025_10,18-323-00227,30.13
,2025_10,18-323-00228,30.13
,2025_10,18-324-00260,29.58
,2025_10,18-323-00230,30.13
,2025_10,18-324-00231,29.58
,2025_10,18-324-00232,29.58
,2025_10,18-324-00233,29.58
,2025_10,18-324-00234,29.58
,2025_10,18-816-00235,30.13
,2025_10,18-816-00236,30.13
,2025_10,18-325-00237,30.3
,2025_10,18-325-00238,30.3
,2025_10,18-325-00239,30.3
,2025_10,18-326-00240,30.24
,2025_10,18-326-00241,30.24
,2025_10,18-326-00242,30.24
,2025_10,18-326-00243,30.24
,2025_10,18-326-00244,30.24
,2025_10,18-326-00245,30.24
,2025_10,18-326-00246,30.24
,2025_10,18-326-00247,30.24
,2025_10,18-755-00248,28.78
,2025_10,18-756-00249,29.94
,2025_10,18-756-00250,29.94
,2025_10,18-756-00251,29.94
,2025_10,18-757-00252,30.51
,2025_10,18-757-00253,30.51
,2025_10,18-757-00254,30.51
,2025_10,18-759-00255,26.65
,2025_10,18-758-00256,31.32
,2025_10,18-758-00257,31.32
,2025_10,18-816-00258,30.13
,2025_10,18-816-00259,30.13
,2025_10,18-816-00261,30.13
,2025_10,18-324-00262,29.58
,2025_10,18-324-00263,29.58
,2025_10,18-303-00264,31.32
,2025_10,18-799-00265,30.26
,2025_10,18-303-00266,31.32
,2025_10,18-322-00267,28.8
,2025_10,18-326-00268,30.24
,2025_10,18-325-00269,30.3
,2025_10,18-325-00270,30.3
,2025_10,18-304-00271,30.01
,2025_10,18-321-00272,29.65
,2025_10,18-321-00273,29.65
,2025_10,18-301-00274,31.16
,2025_10,18-312-00276,28.72
,2025_10,18-312-00277,28.72
,2025_10,18-755-00278,28.78
,2025_10,18-755-00279,28.78
,2025_10,18-760-00280,31.49
,2025_10,18-760-00281,31.49
,2025_10,18-314-00275,26.51
,2025_10,18-300-00101,31.64
,2025_10,18-300-00102,31.64
,2025_10,18-300-00103,31.64
,2025_10,18-300-00104,31.64
,2025_10,18-300-00105,31.64
,2025_10,18-300-00106,31.64
,2025_10,18-300-00107,31.64
,2025_10,18-300-00108,31.64
,2025_10,18-301-00109,32.35
,2025_10,18-301-00110,32.35
,2025_10,18-301-00111,32.35
,2025_10,18-301-00112,32.35
,2025_10,18-301-00113,32.35
,2025_10,18-301-00114,32.35
,2025_10,18-302-00115,33.34
,2025_10,18-302-00116,33.34
,2025_10,18-302-00117,33.34
,2025_10,18-302-00118,33.34
,2025_10,18-302-00119,33.34
,2025_10,18-303-00120,32.44
,2025_10,18-303-00121,32.44
,2025_10,18-303-00122,32.44
,2025_10,18-303-00123,32.44
,2025_10,18-799-00124,31.72
,2025_10,18-799-00125,31.72
,2025_10,18-304-00126,31.77
,2025_10,18-304-00127,31.77
,2025_10,18-304-00128,31.77
,2025_10,18-304-00129,31.77
,2025_10,18-305-00130,31.98
,2025_10,18-305-00131,31.98
,2025_10,18-305-00132,31.98
,2025_10,18-305-00133,31.98
,2025_10,18-305-00134,31.98
,2025_10,18-305-00135,31.98
,2025_10,18-305-00136,31.98
,2025_10,18-306-00137,31.95
,2025_10,18-306-00138,31.95
,2025_10,18-306-00139,31.95
,2025_10,18-306-00140,31.95
,2025_10,18-307-00141,32.84
,2025_10,18-307-00142,32.84
,2025_10,18-307-00143,32.84
,2025_10,18-307-00144,32.84
,2025_10,18-307-00145,32.84
,2025_10,18-307-00146,32.84
,2025_10,18-307-00147,32.84
,2025_10,18-308-00148,33.97
,2025_10,18-308-00149,33.97
,2025_10,18-308-00150,33.97
,2025_10,18-308-00151,33.97
,2025_10,18-308-00152,33.97
,2025_10,18-308-00153,33.97
,2025_10,18-309-00154,32.1
,2025_10,18-309-00155,32.1
,2025_10,18-309-00156,32.1
,2025_10,18-309-00157,32.1
,2025_10,18-310-00158,33.61
,2025_10,18-310-00159,33.61
,2025_10,18-310-00160,33.61
,2025_10,18-310-00161,33.61
,2025_10,18-310-00162,33.61
,2025_10,18-310-00163,33.61
,2025_10,18-310-00164,33.61
,2025_10,18-311-00165,32.64
,2025_10,18-311-00166,32.64
,2025_10,18-311-00167,32.64
,2025_10,18-311-00168,32.64
,2025_10,18-312-00169,32.1
,2025_10,18-312-00170,32.1
,2025_10,18-312-00171,32.1
,2025_10,18-313-00172,33.25
,2025_10,18-313-00173,33.25
,2025_10,18-313-00174,33.25
,2025_10,18-313-00175,33.25
,2025_10,18-313-00176,33.25
,2025_10,18-313-00177,33.25
,2025_10,18-314-00178,31.22
,2025_10,18-314-00179,31.22
,2025_10,18-315-00180,31.0
,2025_10,18-315-00181,31.0
,2025_10,18-315-00182,31.0
,2025_10,18-315-00183,31.0
,2025_10,18-316-00184,33.61
,2025_10,18-316-00185,33.61
,2025_10,18-316-00186,33.61
,2025_10,18-316-00187,33.61
,2025_10,18-316-00188,33.61
,2025_10,18-317-00189,34.49
,2025_10,18-317-00190,34.49
,2025_10,18-317-00191,34.49
,2025_10,18-317-00192,34.49
,2025_10,18-317-00193,34.49
,2025_10,18-318-00194,34.35
,2025_10,18-318-00195,34.35
,2025_10,18-318-00196,34.35
,2025_10,18-318-00197,34.35
,2025_10,18-319-00198,31.23
,2025_10,18-319-00199,31.23
,2025_10,18-319-00200,31.23
,2025_10,18-319-00201,31.23
,2025_10,18-319-00202,31.23
,2025_10,18-320-00203,31.22
,2025_10,18-320-00204,31.22
,2025_10,18-320-00205,31.22
,2025_10,18-320-00206,31.22
,2025_10,18-320-00207,31.22
,2025_10,18-321-00208,32.61
,2025_10,18-321-00209,32.61
,2025_10,18-321-00210,32.61
,2025_10,18-321-00211,32.61
,2025_10,18-321-00212,32.61
,2025_10,18-321-00213,32.61
,2025_10,18-321-00214,32.61
,2025_10,18-321-00215,32.61
,2025_10,18-321-00216,32.61
,2025_10,18-321-00217,32.61
,2025_10,18-321-00218,32.61
,2025_10,18-322-00219,31.46
,2025_10,18-322-00220,31.46
,2025_10,18-322-00221,31.46
,2025_10,18-323-00222,32.54
,2025_10,18-323-00223,32.54
,2025_10,18-323-00224,32.54
,2025_10,18-323-00225,32.54
,2025_10,18-323-00226,32.54
,2025_10,18-323-00227,32.54
,2025_10,18-323-00228,32.54
,2025_10,18-324-00260,31.24
,2025_10,18-323-00230,32.54
,2025_10,18-324-00231,31.24
,2025_10,18-324-00232,31.24
,2025_10,18-324-00233,31.24
,2025_10,18-324-00234,31.24
,2025_10,18-816-00235,31.89
,2025_10,18-816-00236,31.89
,2025_10,18-325-00237,32.39
,2025_10,18-325-00238,32.39
,2025_10,18-325-00239,32.39
,2025_10,18-326-00240,31.61
,2025_10,18-326-00241,31.61
,2025_10,18-326-00242,31.61
,2025_10,18-326-00243,31.61
,2025_10,18-326-00244,31.61
,2025_10,18-326-00245,31.61
,2025_10,18-326-00246,31.61
,2025_10,18-326-00247,31.61
,2025_10,18-755-00248,32.81
,2025_10,18-756-00249,31.96
,2025_10,18-756-00250,31.96
,2025_10,18-756-00251,31.96
,2025_10,18-757-00252,35.28
,2025_10,18-757-00253,35.28
,2025_10,18-757-00254,35.28
,2025_10,18-759-00255,31.12
,2025_10,18-758-00256,33.47
,2025_10,18-758-00257,33.47
,2025_10,18-816-00258,31.89
,2025_10,18-816-00259,31.89
,2025_10,18-816-00261,31.89
,2025_10,18-324-00262,31.24
,2025_10,18-324-00263,31.24
,2025_10,18-303-00264,32.44
,2025_10,18-799-00265,31.72
,2025_10,18-303-00266,32.44
,2025_10,18-322-00267,31.46
,2025_10,18-326-00268,31.61
,2025_10,18-325-00269,32.39
,2025_10,18-325-00270,32.39
,2025_10,18-304-00271,31.77
,2025_10,18-321-00272,32.61
,2025_10,18-321-00273,32.61
,2025_10,18-301-00274,32.35
,2025_10,18-312-00276,32.1
,2025_10,18-312-00277,32.1
,2025_10,18-755-00278,32.81
,2025_10,18-755-00279,32.81
,2025_10,18-760-00280,33.48
,2025_10,18-760-00281,33.48
,2025_10,18-314-00275,31.22
,2025_10,18-300-00101,33.01
,2025_10,18-300-00102,33.01
,2025_10,18-300-00103,33.01
,2025_10,18-300-00104,33.01
,2025_10,18-300-00105,33.01
,2025_10,18-300-00106,33.01
,2025_10,18-300-00107,33.01
,2025_10,18-300-00108,33.01
,2025_10,18-301-00109,32.32
,2025_10,18-301-00110,32.32
,2025_10,18-301-00111,32.32
,2025_10,18-301-00112,32.32
,2025_10,18-301-00113,32.32
,2025_10,18-301-00114,32.32
,2025_10,18-302-00115,32.99
,2025_10,18-302-00116,32.99
,2025_10,18-302-00117,32.99
,2025_10,18-302-00118,32.99
,2025_10,18-302-00119,32.99
,2025_10,18-303-00120,32.33
,2025_10,18-303-00121,32.33
,2025_10,18-303-00122,32.33
,2025_10,18-303-00123,32.33
,2025_10,18-799-00124,32.72
,2025_10,18-799-00125,32.72
,2025_10,18-304-00126,33.12
,2025_10,18-304-00127,33.12
,2025_10,18-304-00128,33.12
,2025_10,18-304-00129,33.12
,2025_10,18-305-00130,33.92
,2025_10,18-305-00131,33.92
,2025_10,18-305-00132,33.92
,2025_10,18-305-00133,33.92
,2025_10,18-305-00134,33.92
,2025_10,18-305-00135,33.92
,2025_10,18-305-00136,33.92
,2025_10,18-306-00137,35.07
,2025_10,18-306-00138,35.07
,2025_10,18-306-00139,35.07
,2025_10,18-306-00140,35.07
,2025_10,18-307-00141,34.95
,2025_10,18-307-00142,34.95
,2025_10,18-307-00143,34.95
,2025_10,18-307-00144,34.95
,2025_10,18-307-00145,34.95
,2025_10,18-307-00146,34.95
,2025_10,18-307-00147,34.95
,2025_10,18-308-00148,35.22
,2025_10,18-308-00149,35.22
,2025_10,18-308-00150,35.22
,2025_10,18-308-00151,35.22
,2025_10,18-308-00152,35.22
,2025_10,18-308-00153,35.22
,2025_10,18-309-00154,34.02
,2025_10,18-309-00155,34.02
,2025_10,18-309-00156,34.02
,2025_10,18-309-00157,34.02
,2025_10,18-310-00158,34.76
,2025_10,18-310-00159,34.76
,2025_10,18-310-00160,34.76
,2025_10,18-310-00161,34.76
,2025_10,18-310-00162,34.76
,2025_10,18-310-00163,34.76
,2025_10,18-310-00164,34.76
,2025_10,18-311-00165,36.22
,2025_10,18-311-00166,36.22
,2025_10,18-311-00167,36.22
,2025_10,18-311-00168,36.22
,2025_10,18-312-00169,35.49
,2025_10,18-312-00170,35.49
,2025_10,18-312-00171,35.49
,2025_10,18-313-00172,36.28
,2025_10,18-313-00173,36.28
,2025_10,18-313-00174,36.28
,2025_10,18-313-00175,36.28
,2025_10,18-313-00176,36.28
,2025_10,18-313-00177,36.28
,2025_10,18-314-00178,33.82
,2025_10,18-314-00179,33.82
,2025_10,18-315-00180,31.05
,2025_10,18-315-00181,31.05
,2025_10,18-315-00182,31.05
,2025_10,18-315-00183,31.05
,2025_10,18-316-00184,32.28
,2025_10,18-316-00185,32.28
,2025_10,18-316-00186,32.28
,2025_10,18-316-00187,32.28
,2025_10,18-316-00188,32.28
,2025_10,18-317-00189,33.28
,2025_10,18-317-00190,33.28
,2025_10,18-317-00191,33.28
,2025_10,18-317-00192,33.28
,2025_10,18-317-00193,33.28
,2025_10,18-318-00194,33.5
,2025_10,18-318-00195,33.5
,2025_10,18-318-00196,33.5
,2025_10,18-318-00197,33.5
,2025_10,18-319-00198,31.88
,2025_10,18-319-00199,31.88
,2025_10,18-319-00200,31.88
,2025_10,18-319-00201,31.88
,2025_10,18-319-00202,31.88
,2025_10,18-320-00203,32.87
,2025_10,18-320-00204,32.87
,2025_10,18-320-00205,32.87
,2025_10,18-320-00206,32.87
,2025_10,18-320-00207,32.87
,2025_10,18-321-00208,32.05
,2025_10,18-321-00209,32.05
,2025_10,18-321-00210,32.05
,2025_10,18-321-00211,32.05
,2025_10,18-321-00212,32.05
,2025_10,18-321-00213,32.05
,2025_10,18-321-00214,32.05
,2025_10,18-321-00215,32.05
,2025_10,18-321-00216,32.05
,2025_10,18-321-00217,32.05
,2025_10,18-321-00218,32.05
,2025_10,18-322-00219,32.1
,2025_10,18-322-00220,32.1
,2025_10,18-322-00221,32.1
,2025_10,18-323-00222,32.6
,2025_10,18-323-00223,32.6
,2025_10,18-323-00224,32.6
,2025_10,18-323-00225,32.6
,2025_10,18-323-00226,32.6
,2025_10,18-323-00227,32.6
,2025_10,18-323-00228,32.6
,2025_10,18-324-00260,33.33
,2025_10,18-323-00230,32.6
,2025_10,18-324-00231,33.33
,2025_10,18-324-00232,33.33
,2025_10,18-324-00233,33.33
,2025_10,18-324-00234,33.33
,2025_10,18-816-00235,33.75
,2025_10,18-816-00236,33.75
,2025_10,18-325-00237,33.18
,2025_10,18-325-00238,33.18
,2025_10,18-325-00239,33.18
,2025_10,18-326-00240,34.8
,2025_10,18-326-00241,34.8
,2025_10,18-326-00242,34.8
,2025_10,18-326-00243,34.8
,2025_10,18-326-00244,34.8
,2025_10,18-326-00245,34.8
,2025_10,18-326-00246,34.8
,2025_10,18-326-00247,34.8
,2025_10,18-755-00248,36.2
,2025_10,18-756-00249,35.35
,2025_10,18-756-00250,35.35
,2025_10,18-756-00251,35.35
,2025_10,18-757-00252,37.64
,2025_10,18-757-00253,37.64
,2025_10,18-757-00254,37.64
,2025_10,18-759-00255,32.66
,2025_10,18-758-00256,34.03
,2025_10,18-758-00257,34.03
,2025_10,18-816-00258,33.75
,2025_10,18-816-00259,33.75
,2025_10,18-816-00261,33.75
,2025_10,18-324-00262,33.33
,2025_10,18-324-00263,33.33
,2025_10,18-303-00264,32.33
,2025_10,18-799-00265,32.72
,2025_10,18-303-00266,32.33
,2025_10,18-322-00267,32.1
,2025_10,18-326-00268,34.8
,2025_10,18-325-00269,33.18
,2025_10,18-325-00270,33.18
,2025_10,18-304-00271,33.12
,2025_10,18-321-00272,32.05
,2025_10,18-321-00273,32.05
,2025_10,18-301-00274,32.32
,2025_10,18-312-00276,35.49
,2025_10,18-312-00277,35.49
,2025_10,18-755-00278,36.2
,2025_10,18-755-00279,36.2
,2025_10,18-760-00280,36.09
,2025_10,18-760-00281,36.09
,2025_10,18-314-00275,33.82
,2025_10,18-300-00101,32.06
,2025_10,18-300-00102,32.06
,2025_10,18-300-00103,32.06
,2025_10,18-300-00104,32.06
,2025_10,18-300-00105,32.06
,2025_10,18-300-00106,32.06
,2025_10,18-300-00107,32.06
,2025_10,18-300-00108,32.06
,2025_10,18-301-00109,29.92
,2025_10,18-301-00110,29.92
,2025_10,18-301-00111,29.92
,2025_10,18-301-00112,29.92
,2025_10,18-301-00113,29.92
,2025_10,18-301-00114,29.92
,2025_10,18-302-00115,31.29
,2025_10,18-302-00116,31.29
,2025_10,18-302-00117,31.29
,2025_10,18-302-00118,31.29
,2025_10,18-302-00119,31.29
,2025_10,18-303-00120,30.62
,2025_10,18-303-00121,30.62
,2025_10,18-303-00122,30.62
,2025_10,18-303-00123,30.62
,2025_10,18-799-00124,32.34
,2025_10,18-799-00125,32.34
,2025_10,18-304-00126,33.0
,2025_10,18-304-00127,33.0
,2025_10,18-304-00128,33.0
,2025_10,18-304-00129,33.0
,2025_10,18-305-00130,33.16
,2025_10,18-305-00131,33.16
,2025_10,18-305-00132,33.16
,2025_10,18-305-00133,33.16
,2025_10,18-305-00134,33.16
,2025_10,18-305-00135,33.16
,2025_10,18-305-00136,33.16
,2025_10,18-306-00137,30.87
,2025_10,18-306-00138,30.87
,2025_10,18-306-00139,30.87
,2025_10,18-306-00140,30.87
,2025_10,18-307-00141,31.65
,2025_10,18-307-00142,31.65
,2025_10,18-307-00143,31.65
,2025_10,18-307-00144,31.65
,2025_10,18-307-00145,31.65
,2025_10,18-307-00146,31.65
,2025_10,18-307-00147,31.65
,2025_10,18-308-00148,34.61
,2025_10,18-308-00149,34.61
,2025_10,18-308-00150,34.61
,2025_10,18-308-00151,34.61
,2025_10,18-308-00152,34.61
,2025_10,18-308-00153,34.61
,2025_10,18-309-00154,33.59
,2025_10,18-309-00155,33.59
,2025_10,18-309-00156,33.59
,2025_10,18-309-00157,33.59
,2025_10,18-310-00158,34.74
,2025_10,18-310-00159,34.74
,2025_10,18-310-00160,34.74
,2025_10,18-310-00161,34.74
,2025_10,18-310-00162,34.74
,2025_10,18-310-00163,34.74
,2025_10,18-310-00164,34.74
,2025_10,18-311-00165,35.57
,2025_10,18-311-00166,35.57
,2025_10,18-311-00167,35.57
,2025_10,18-311-00168,35.57
,2025_10,18-312-00169,35.02
,2025_10,18-312-00170,35.02
,2025_10,18-312-00171,35.02
,2025_10,18-313-00172,33.65
,2025_10,18-313-00173,33.65
,2025_10,18-313-00174,33.65
,2025_10,18-313-00175,33.65
,2025_10,18-313-00176,33.65
,2025_10,18-313-00177,33.65
,2025_10,18-314-00178,33.42
,2025_10,18-314-00179,33.42
,2025_10,18-315-00180,29.75
,2025_10,18-315-00181,29.75
,2025_10,18-315-00182,29.75
,2025_10,18-315-00183,29.75
,2025_10,18-316-00184,33.26
,2025_10,18-316-00185,33.26
,2025_10,18-316-00186,33.26
,2025_10,18-316-00187,33.26
,2025_10,18-316-00188,33.26
,2025_10,18-317-00189,33.57
,2025_10,18-317-00190,33.57
,2025_10,18-317-00191,33.57
,2025_10,18-317-00192,33.57
,2025_10,18-317-00193,33.57
,2025_10,18-318-00194,32.67
,2025_10,18-318-00195,32.67
,2025_10,18-318-00196,32.67
,2025_10,18-318-00197,32.67
,2025_10,18-319-00198,31.89
,2025_10,18-319-00199,31.89
,2025_10,18-319-00200,31.89
,2025_10,18-319-00201,31.89
,2025_10,18-319-00202,31.89
,2025_10,18-320-00203,31.37
,2025_10,18-320-00204,31.37
,2025_10,18-320-00205,31.37
,2025_10,18-320-00206,31.37
,2025_10,18-320-00207,31.37
,2025_10,18-321-00208,30.75
,2025_10,18-321-00209,30.75
,2025_10,18-321-00210,30.75
,2025_10,18-321-00211,30.75
,2025_10,18-321-00212,30.75
,2025_10,18-321-00213,30.75
,2025_10,18-321-00214,30.75
,2025_10,18-321-00215,30.75
,2025_10,18-321-00216,30.75
,2025_10,18-321-00217,30.75
,2025_10,18-321-00218,30.75
,2025_10,18-322-00219,32.95
,2025_10,18-322-00220,32.95
,2025_10,18-322-00221,32.95
,2025_10,18-323-00222,31.09
,2025_10,18-323-00223,31.09
,2025_10,18-323-00224,31.09
,2025_10,18-323-00225,31.09
,2025_10,18-323-00226,31.09
,2025_10,18-323-00227,31.09
,2025_10,18-323-00228,31.09
,2025_10,18-324-00260,32.58
,2025_10,18-323-00230,31.09
,2025_10,18-324-00231,32.58
,2025_10,18-324-00232,32.58
,2025_10,18-324-00233,32.58
,2025_10,18-324-00234,32.58
,2025_10,18-816-00235,31.66
,2025_10,18-816-00236,31.66
,2025_10,18-325-00237,31.0
,2025_10,18-325-00238,31.0
,2025_10,18-325-00239,31.0
,2025_10,18-326-00240,32.1
,2025_10,18-326-00241,32.1
,2025_10,18-326-00242,32.1
,2025_10,18-326-00243,32.1
,2025_10,18-326-00244,32.1
,2025_10,18-326-00245,32.1
,2025_10,18-326-00246,32.1
,2025_10,18-326-00247,32.1
,2025_10,18-755-00248,37.45
,2025_10,18-756-00249,30.87
,2025_10,18-756-00250,30.87
,2025_10,18-756-00251,30.87
,2025_10,18-757-00252,38.24
,2025_10,18-757-00253,38.24
,2025_10,18-757-00254,38.24
,2025_10,18-759-00255,31.42
,2025_10,18-758-00256,29.29
,2025_10,18-758-00257,29.29
,2025_10,18-816-00258,31.66
,2025_10,18-816-00259,31.66
,2025_10,18-816-00261,31.66
,2025_10,18-324-00262,32.58
,2025_10,18-324-00263,32.58
,2025_10,18-303-00264,30.62
,2025_10,18-799-00265,32.34
,2025_10,18-303-00266,30.62
,2025_10,18-322-00267,32.95
,2025_10,18-326-00268,32.1
,2025_10,18-325-00269,31.0
,2025_10,18-325-00270,31.0
,2025_10,18-304-00271,33.0
,2025_10,18-321-00272,30.75
,2025_10,18-321-00273,30.75
,2025_10,18-301-00274,29.92
,2025_10,18-312-00276,35.02
,2025_10,18-312-00277,35.02
,2025_10,18-755-00278,37.45
,2025_10,18-755-00279,37.45
,2025_10,18-760-00280,27.68
,2025_10,18-760-00281,27.68
,2025_10,18-314-00275,33.42
,2025_10,18-300-00101,34.12
,2025_10,18-300-00102,34.12
,2025_10,18-300-00103,34.12
,2025_10,18-300-00104,34.12
,2025_10,18-300-00105,34.12
,2025_10,18-300-00106,34.12
,2025_10,18-300-00107,34.12
,2025_10,18-300-00108,34.12
,2025_10,18-301-00109,31.5
,2025_10,18-301-00110,31.5
,2025_10,18-301-00111,31.5
,2025_10,18-301-00112,31.5
,2025_10,18-301-00113,31.5
,2025_10,18-301-00114,31.5
,2025_10,18-302-00115,28.89
,2025_10,18-302-00116,28.89
,2025_10,18-302-00117,28.89
,2025_10,18-302-00118,28.89
,2025_10,18-302-00119,28.89
,2025_10,18-303-00120,31.09
,2025_10,18-303-00121,31.09
,2025_10,18-303-00122,31.09
,2025_10,18-303-00123,31.09
,2025_10,18-799-00124,33.45
,2025_10,18-799-00125,33.45
,2025_10,18-304-00126,33.57
,2025_10,18-304-00127,33.57
,2025_10,18-304-00128,33.57
,2025_10,18-304-00129,33.57
,2025_10,18-305-00130,31.38
,2025_10,18-305-00131,31.38
,2025_10,18-305-00132,31.38
,2025_10,18-305-00133,31.38
,2025_10,18-305-00134,31.38
,2025_10,18-305-00135,31.38
,2025_10,18-305-00136,31.38
,2025_10,18-306-00137,30.53
,2025_10,18-306-00138,30.53
,2025_10,18-306-00139,30.53
,2025_10,18-306-00140,30.53
,2025_10,18-307-00141,27.89
,2025_10,18-307-00142,27.89
,2025_10,18-307-00143,27.89
,2025_10,18-307-00144,27.89
,2025_10,18-307-00145,27.89
,2025_10,18-307-00146,27.89
,2025_10,18-307-00147,27.89
,2025_10,18-308-00148,27.04
,2025_10,18-308-00149,27.04
,2025_10,18-308-00150,27.04
,2025_10,18-308-00151,27.04
,2025_10,18-308-00152,27.04
,2025_10,18-308-00153,27.04
,2025_10,18-309-00154,31.07
,2025_10,18-309-00155,31.07
,2025_10,18-309-00156,31.07
,2025_10,18-309-00157,31.07
,2025_10,18-310-00158,25.49
,2025_10,18-310-00159,25.49
,2025_10,18-310-00160,25.49
,2025_10,18-310-00161,25.49
,2025_10,18-310-00162,25.49
,2025_10,18-310-00163,25.49
,2025_10,18-310-00164,25.49
,2025_10,18-311-00165,28.03
,2025_10,18-311-00166,28.03
,2025_10,18-311-00167,28.03
,2025_10,18-311-00168,28.03
,2025_10,18-312-00169,29.3
,2025_10,18-312-00170,29.3
,2025_10,18-312-00171,29.3
,2025_10,18-313-00172,28.97
,2025_10,18-313-00173,28.97
,2025_10,18-313-00174,28.97
,2025_10,18-313-00175,28.97
,2025_10,18-313-00176,28.97
,2025_10,18-313-00177,28.97
,2025_10,18-314-00178,30.0
,2025_10,18-314-00179,30.0
,2025_10,18-315-00180,30.27
,2025_10,18-315-00181,30.27
,2025_10,18-315-00182,30.27
,2025_10,18-315-00183,30.27
,2025_10,18-316-00184,29.75
,2025_10,18-316-00185,29.75
,2025_10,18-316-00186,29.75
,2025_10,18-316-00187,29.75
,2025_10,18-316-00188,29.75
,2025_10,18-317-00189,29.53
,2025_10,18-317-00190,29.53
,2025_10,18-317-00191,29.53
,2025_10,18-317-00192,29.53
,2025_10,18-317-00193,29.53
,2025_10,18-318-00194,30.65
,2025_10,18-318-00195,30.65
,2025_10,18-318-00196,30.65
,2025_10,18-318-00197,30.65
,2025_10,18-319-00198,31.85
,2025_10,18-319-00199,31.85
,2025_10,18-319-00200,31.85
,2025_10,18-319-00201,31.85
,2025_10,18-319-00202,31.85
,2025_10,18-320-00203,32.95
,2025_10,18-320-00204,32.95
,2025_10,18-320-00205,32.95
,2025_10,18-320-00206,32.95
,2025_10,18-320-00207,32.95
,2025_10,18-321-00208,33.07
,2025_10,18-321-00209,33.07
,2025_10,18-321-00210,33.07
,2025_10,18-321-00211,33.07
,2025_10,18-321-00212,33.07
,2025_10,18-321-00213,33.07
,2025_10,18-321-00214,33.07
,2025_10,18-321-00215,33.07
,2025_10,18-321-00216,33.07
,2025_10,18-321-00217,33.07
,2025_10,18-321-00218,33.07
,2025_10,18-322-00219,33.19
,2025_10,18-322-00220,33.19
,2025_10,18-322-00221,33.19
,2025_10,18-323-00222,31.0
,2025_10,18-323-00223,31.0
,2025_10,18-323-00224,31.0
,2025_10,18-323-00225,31.0
,2025_10,18-323-00226,31.0
,2025_10,18-323-00227,31.0
,2025_10,18-323-00228,31.0
,2025_10,18-324-00260,32.25
,2025_10,18-323-00230,31.0
,2025_10,18-324-00231,32.25
,2025_10,18-324-00232,32.25
,2025_10,18-324-00233,32.25
,2025_10,18-324-00234,32.25
,2025_10,18-816-00235,32.83
,2025_10,18-816-00236,32.83
,2025_10,18-325-00237,32.34
,2025_10,18-325-00238,32.34
,2025_10,18-325-00239,32.34
,2025_10,18-326-00240,33.44
,2025_10,18-326-00241,33.44
,2025_10,18-326-00242,33.44
,2025_10,18-326-00243,33.44
,2025_10,18-326-00244,33.44
,2025_10,18-326-00245,33.44
,2025_10,18-326-00246,33.44
,2025_10,18-326-00247,33.44
,2025_10,18-755-00248,29.36
,2025_10,18-756-00249,29.14
,2025_10,18-756-00250,29.14
,2025_10,18-756-00251,29.14
,2025_10,18-757-00252,34.0
,2025_10,18-757-00253,34.0
,2025_10,18-757-00254,34.0
,2025_10,18-759-00255,31.22
,2025_10,18-758-00256,29.47
,2025_10,18-758-00257,29.47
,2025_10,18-816-00258,32.83
,2025_10,18-816-00259,32.83
,2025_10,18-816-00261,32.83
,2025_10,18-324-00262,32.25
,2025_10,18-324-00263,32.25
,2025_10,18-303-00264,31.09
,2025_10,18-799-00265,33.45
,2025_10,18-303-00266,31.09
,2025_10,18-322-00267,33.19
,2025_10,18-326-00268,33.44
,2025_10,18-325-00269,32.34
,2025_10,18-325-00270,32.34
,2025_10,18-304-00271,33.57
,2025_10,18-321-00272,33.07
,2025_10,18-321-00273,33.07
,2025_10,18-301-00274,31.5
,2025_10,18-312-00276,29.3
,2025_10,18-312-00277,29.3
,2025_10,18-755-00278,29.36
,2025_10,18-755-00279,29.36
,2025_10,18-760-00280,27.84
,2025_10,18-760-00281,27.84
,2025_10,18-314-00275,30.0
,2025_10,18-300-00101,34.28
,2025_10,18-300-00102,34.28
,2025_10,18-300-00103,34.28
,2025_10,18-300-00104,34.28
,2025_10,18-300-00105,34.28
,2025_10,18-300-00106,34.28
,2025_10,18-300-00107,34.28
,2025_10,18-300-00108,34.28
,2025_10,18-301-00109,30.6
,2025_10,18-301-00110,30.6
,2025_10,18-301-00111,30.6
,2025_10,18-301-00112,30.6
,2025_10,18-301-00113,30.6
,2025_10,18-301-00114,30.6
,2025_10,18-302-00115,27.99
,2025_10,18-302-00116,27.99
,2025_10,18-302-00117,27.99
,2025_10,18-302-00118,27.99
,2025_10,18-302-00119,27.99
,2025_10,18-303-00120,28.27
,2025_10,18-303-00121,28.27
,2025_10,18-303-00122,28.27
,2025_10,18-303-00123,28.27
,2025_10,18-799-00124,
,2025_10,18-799-00125,
,2025_10,18-304-00126,25.14
,2025_10,18-304-00127,25.14
,2025_10,18-304-00128,25.14
,2025_10,18-304-00129,25.14
,2025_10,18-305-00130,31.64
,2025_10,18-305-00131,31.64
,2025_10,18-305-00132,31.64
,2025_10,18-305-00133,31.64
,2025_10,18-305-00134,31.64
,2025_10,18-305-00135,31.64
,2025_10,18-305-00136,31.64
,2025_10,18-306-00137,29.86
,2025_10,18-306-00138,29.86
,2025_10,18-306-00139,29.86
,2025_10,18-306-00140,29.86
,2025_10,18-307-00141,31.79
,2025_10,18-307-00142,31.79
,2025_10,18-307-00143,31.79
,2025_10,18-307-00144,31.79
,2025_10,18-307-00145,31.79
,2025_10,18-307-00146,31.79
,2025_10,18-307-00147,31.79
,2025_10,18-308-00148,31.31
,2025_10,18-308-00149,31.31
,2025_10,18-308-00150,31.31
,2025_10,18-308-00151,31.31
,2025_10,18-308-00152,31.31
,2025_10,18-308-00153,31.31
,2025_10,18-309-00154,36.34
,2025_10,18-309-00155,36.34
,2025_10,18-309-00156,36.34
,2025_10,18-309-00157,36.34
,2025_10,18-310-00158,29.33
,2025_10,18-310-00159,29.33
,2025_10,18-310-00160,29.33
,2025_10,18-310-00161,29.33
,2025_10,18-310-00162,29.33
,2025_10,18-310-00163,29.33
,2025_10,18-310-00164,29.33
,2025_10,18-311-00165,31.85
,2025_10,18-311-00166,31.85
,2025_10,18-311-00167,31.85
,2025_10,18-311-00168,31.85
,2025_10,18-312-00169,33.49
,2025_10,18-312-00170,33.49
,2025_10,18-312-00171,33.49
,2025_10,18-313-00172,30.48
,2025_10,18-313-00173,30.48
,2025_10,18-313-00174,30.48
,2025_10,18-313-00175,30.48
,2025_10,18-313-00176,30.48
,2025_10,18-313-00177,30.48
,2025_10,18-314-00178,32.42
,2025_10,18-314-00179,32.42
,2025_10,18-315-00180,28.7
,2025_10,18-315-00181,28.7
,2025_10,18-315-00182,28.7
,2025_10,18-315-00183,28.7
,2025_10,18-316-00184,30.93
,2025_10,18-316-00185,30.93
,2025_10,18-316-00186,30.93
,2025_10,18-316-00187,30.93
,2025_10,18-316-00188,30.93
,2025_10,18-317-00189,30.51
,2025_10,18-317-00190,30.51
,2025_10,18-317-00191,30.51
,2025_10,18-317-00192,30.51
,2025_10,18-317-00193,30.51
,2025_10,18-318-00194,
,2025_10,18-318-00195,
,2025_10,18-318-00196,
,2025_10,18-318-00197,
,2025_10,18-319-00198,28.84
,2025_10,18-319-00199,28.84
,2025_10,18-319-00200,28.84
,2025_10,18-319-00201,28.84
,2025_10,18-319-00202,28.84
,2025_10,18-320-00203,34.17
,2025_10,18-320-00204,34.17
,2025_10,18-320-00205,34.17
,2025_10,18-320-00206,34.17
,2025_10,18-320-00207,34.17
,2025_10,18-321-00208,30.65
,2025_10,18-321-00209,30.65
,2025_10,18-321-00210,30.65
,2025_10,18-321-00211,30.65
,2025_10,18-321-00212,30.65
,2025_10,18-321-00213,30.65
,2025_10,18-321-00214,30.65
,2025_10,18-321-00215,30.65
,2025_10,18-321-00216,30.65
,2025_10,18-321-00217,30.65
,2025_10,18-321-00218,30.65
,2025_10,18-322-00219,30.01
,2025_10,18-322-00220,30.01
,2025_10,18-322-00221,30.01
,2025_10,18-323-00222,29.74
,2025_10,18-323-00223,29.74
,2025_10,18-323-00224,29.74
,2025_10,18-323-00225,29.74
,2025_10,18-323-00226,29.74
,2025_10,18-323-00227,29.74
,2025_10,18-323-00228,29.74
,2025_10,18-324-00260,34.31
,2025_10,18-323-00230,29.74
,2025_10,18-324-00231,34.31
,2025_10,18-324-00232,34.31
,2025_10,18-324-00233,34.31
,2025_10,18-324-00234,34.31
,2025_10,18-816-00235,35.4
,2025_10,18-816-00236,35.4
,2025_10,18-325-00237,28.4
,2025_10,18-325-00238,28.4
,2025_10,18-325-00239,28.4
,2025_10,18-326-00240,35.66
,2025_10,18-326-00241,35.66
,2025_10,18-326-00242,35.66
,2025_10,18-326-00243,35.66
,2025_10,18-326-00244,35.66
,2025_10,18-326-00245,35.66
,2025_10,18-326-00246,35.66
,2025_10,18-326-00247,35.66
,2025_10,18-755-00248,33.69
,2025_10,18-756-00249,29.04
,2025_10,18-756-00250,29.04
,2025_10,18-756-00251,29.04
,2025_10,18-757-00252,
,2025_10,18-757-00253,
,2025_10,18-757-00254,
,2025_10,18-759-00255,32.32
,2025_10,18-758-00256,30.03
,2025_10,18-758-00257,30.03
,2025_10,18-816-00258,35.4
,2025_10,18-816-00259,35.4
,2025_10,18-816-00261,35.4
,2025_10,18-324-00262,34.31
,2025_10,18-324-00263,34.31
,2025_10,18-303-00264,28.27
,2025_10,18-799-00265,
,2025_10,18-303-00266,28.27
,2025_10,18-322-00267,30.01
,2025_10,18-326-00268,35.66
,2025_10,18-325-00269,28.4
,2025_10,18-325-00270,28.4
,2025_10,18-304-00271,25.14
,2025_10,18-321-00272,30.65
,2025_10,18-321-00273,30.65
,2025_10,18-301-00274,30.6
,2025_10,18-312-00276,33.49
,2025_10,18-312-00277,33.49
,2025_10,18-755-00278,33.69
,2025_10,18-755-00279,33.69
,2025_10,18-760-00280,30.79
,2025_10,18-760-00281,30.79
,2025_10,18-314-00275,32.42
,2025_10,18-300-00101,30.71
,2025_10,18-300-00102,30.71
,2025_10,18-300-00103,30.71
,2025_10,18-300-00104,30.71
,2025_10,18-300-00105,30.71
,2025_10,18-300-00106,30.71
,2025_10,18-300-00107,30.71
,2025_10,18-300-00108,30.71
,2025_10,18-301-00109,27.64
,2025_10,18-301-00110,27.64
,2025_10,18-301-00111,27.64
,2025_10,18-301-00112,27.64
,2025_10,18-301-00113,27.64
,2025_10,18-301-00114,27.64
,2025_10,18-302-00115,27.07
,2025_10,18-302-00116,27.07
,2025_10,18-302-00117,27.07
,2025_10,18-302-00118,27.07
,2025_10,18-302-00119,27.07
,2025_10,18-303-00120,27.25
,2025_10,18-303-00121,27.25
,2025_10,18-303-00122,27.25
,2025_10,18-303-00123,27.25
,2025_10,18-799-00124,
,2025_10,18-799-00125,
,2025_10,18-304-00126,30.38
,2025_10,18-304-00127,30.38
,2025_10,18-304-00128,30.38
,2025_10,18-304-00129,30.38
,2025_10,18-305-00130,31.1
,2025_10,18-305-00131,31.1
,2025_10,18-305-00132,31.1
,2025_10,18-305-00133,31.1
,2025_10,18-305-00134,31.1
,2025_10,18-305-00135,31.1
,2025_10,18-305-00136,31.1
,2025_10,18-306-00137,27.46
,2025_10,18-306-00138,27.46
,2025_10,18-306-00139,27.46
,2025_10,18-306-00140,27.46
,2025_10,18-307-00141,29.06
,2025_10,18-307-00142,29.06
,2025_10,18-307-00143,29.06
,2025_10,18-307-00144,29.06
,2025_10,18-307-00145,29.06
,2025_10,18-307-00146,29.06
,2025_10,18-307-00147,29.06
,2025_10,18-308-00148,30.25
,2025_10,18-308-00149,30.25
,2025_10,18-308-00150,30.25
,2025_10,18-308-00151,30.25
,2025_10,18-308-00152,30.25
,2025_10,18-308-00153,30.25
,2025_10,18-309-00154,31.98
,2025_10,18-309-00155,31.98
,2025_10,18-309-00156,31.98
,2025_10,18-309-00157,31.98
,2025_10,18-310-00158,29.43
,2025_10,18-310-00159,29.43
,2025_10,18-310-00160,29.43
,2025_10,18-310-00161,29.43
,2025_10,18-310-00162,29.43
,2025_10,18-310-00163,29.43
,2025_10,18-310-00164,29.43
,2025_10,18-311-00165,30.45
,2025_10,18-311-00166,30.45
,2025_10,18-311-00167,30.45
,2025_10,18-311-00168,30.45
,2025_10,18-312-00169,29.68
,2025_10,18-312-00170,29.68
,2025_10,18-312-00171,29.68
,2025_10,18-313-00172,26.82
,2025_10,18-313-00173,26.82
,2025_10,18-313-00174,26.82
,2025_10,18-313-00175,26.82
,2025_10,18-313-00176,26.82
,2025_10,18-313-00177,26.82
,2025_10,18-314-00178,31.46
,2025_10,18-314-00179,31.46
,2025_10,18-315-00180,31.48
,2025_10,18-315-00181,31.48
,2025_10,18-315-00182,31.48
,2025_10,18-315-00183,31.48
,2025_10,18-316-00184,32.84
,2025_10,18-316-00185,32.84
,2025_10,18-316-00186,32.84
,2025_10,18-316-00187,32.84
,2025_10,18-316-00188,32.84
,2025_10,18-317-00189,32.78
,2025_10,18-317-00190,32.78
,2025_10,18-317-00191,32.78
,2025_10,18-317-00192,32.78
,2025_10,18-317-00193,32.78
,2025_10,18-318-00194,32.55
,2025_10,18-318-00195,32.55
,2025_10,18-318-00196,32.55
,2025_10,18-318-00197,32.55
,2025_10,18-319-00198,27.25
,2025_10,18-319-00199,27.25
,2025_10,18-319-00200,27.25
,2025_10,18-319-00201,27.25
,2025_10,18-319-00202,27.25
,2025_10,18-320-00203,30.29
,2025_10,18-320-00204,30.29
,2025_10,18-320-00205,30.29
,2025_10,18-320-00206,30.29
,2025_10,18-320-00207,30.29
,2025_10,18-321-00208,29.14
,2025_10,18-321-00209,29.14
,2025_10,18-321-00210,29.14
,2025_10,18-321-00211,29.14
,2025_10,18-321-00212,29.14
,2025_10,18-321-00213,29.14
,2025_10,18-321-00214,29.14
,2025_10,18-321-00215,29.14
,2025_10,18-321-00216,29.14
,2025_10,18-321-00217,29.14
,2025_10,18-321-00218,29.14
,2025_10,18-322-00219,30.98
,2025_10,18-322-00220,30.98
,2025_10,18-322-00221,30.98
,2025_10,18-323-00222,30.12
,2025_10,18-323-00223,30.12
,2025_10,18-323-00224,30.12
,2025_10,18-323-00225,30.12
,2025_10,18-323-00226,30.12
,2025_10,18-323-00227,30.12
,2025_10,18-323-00228,30.12
,2025_10,18-324-00260,30.62
,2025_10,18-323-00230,30.12
,2025_10,18-324-00231,30.62
,2025_10,18-324-00232,30.62
,2025_10,18-324-00233,30.62
,2025_10,18-324-00234,30.62
,2025_10,18-816-00235,32.4
,2025_10,18-816-00236,32.4
,2025_10,18-325-00237,28.05
,2025_10,18-325-00238,28.05
,2025_10,18-325-00239,28.05
,2025_10,18-326-00240,32.46
,2025_10,18-326-00241,32.46
,2025_10,18-326-00242,32.46
,2025_10,18-326-00243,32.46
,2025_10,18-326-00244,32.46
,2025_10,18-326-00245,32.46
,2025_10,18-326-00246,32.46
,2025_10,18-326-00247,32.46
,2025_10,18-755-00248,31.63
,2025_10,18-756-00249,25.66
,2025_10,18-756-00250,25.66
,2025_10,18-756-00251,25.66
,2025_10,18-757-00252,33.05
,2025_10,18-757-00253,33.05
,2025_10,18-757-00254,33.05
,2025_10,18-759-00255,30.76
,2025_10,18-758-00256,25.8
,2025_10,18-758-00257,25.8
,2025_10,18-816-00258,32.4
,2025_10,18-816-00259,32.4
,2025_10,18-816-00261,32.4
,2025_10,18-324-00262,30.62
,2025_10,18-324-00263,30.62
,2025_10,18-303-00264,27.25
,2025_10,18-799-00265,
,2025_10,18-303-00266,27.25
,2025_10,18-322-00267,30.98
,2025_10,18-326-00268,32.46
,2025_10,18-325-00269,28.05
,2025_10,18-325-00270,28.05
,2025_10,18-304-00271,30.38
,2025_10,18-321-00272,29.14
,2025_10,18-321-00273,29.14
,2025_10,18-301-00274,27.64
,2025_10,18-312-00276,29.68
,2025_10,18-312-00277,29.68
,2025_10,18-755-00278,31.63
,2025_10,18-755-00279,31.63
,2025_10,18-760-00280,27.71
,2025_10,18-760-00281,27.71
,2025_10,18-314-00275,31.46
,2025_10,18-300-00101,32.81
,2025_10,18-300-00102,32.81
,2025_10,18-300-00103,32.81
,2025_10,18-300-00104,32.81
,2025_10,18-300-00105,32.81
,2025_10,18-300-00106,32.81
,2025_10,18-300-00107,32.81
,2025_10,18-300-00108,32.81
,2025_10,18-301-00109,31.06
,2025_10,18-301-00110,31.06
,2025_10,18-301-00111,31.06
,2025_10,18-301-00112,31.06
,2025_10,18-301-00113,31.06
,2025_10,18-301-00114,31.06
,2025_10,18-302-00115,31.13
,2025_10,18-302-00116,31.13
,2025_10,18-302-00117,31.13
,2025_10,18-302-00118,31.13
,2025_10,18-302-00119,31.13
,2025_10,18-303-00120,31.03
,2025_10,18-303-00121,31.03
,2025_10,18-303-00122,31.03
,2025_10,18-303-00123,31.03
,2025_10,18-799-00124,32.24
,2025_10,18-799-00125,32.24
,2025_10,18-304-00126,32.59
,2025_10,18-304-00127,32.59
,2025_10,18-304-00128,32.59
,2025_10,18-304-00129,32.59
,2025_10,18-305-00130,32.63
,2025_10,18-305-00131,32.63
,2025_10,18-305-00132,32.63
,2025_10,18-305-00133,32.63
,2025_10,18-305-00134,32.63
,2025_10,18-305-00135,32.63
,2025_10,18-305-00136,32.63
,2025_10,18-306-00137,32.04
,2025_10,18-306-00138,32.04
,2025_10,18-306-00139,32.04
,2025_10,18-306-00140,32.04
,2025_10,18-307-00141,32.79
,2025_10,18-307-00142,32.79
,2025_10,18-307-00143,32.79
,2025_10,18-307-00144,32.79
,2025_10,18-307-00145,32.79
,2025_10,18-307-00146,32.79
,2025_10,18-307-00147,32.79
,2025_10,18-308-00148,33.1
,2025_10,18-308-00149,33.1
,2025_10,18-308-00150,33.1
,2025_10,18-308-00151,33.1
,2025_10,18-308-00152,33.1
,2025_10,18-308-00153,33.1
,2025_10,18-309-00154,33.92
,2025_10,18-309-00155,33.92
,2025_10,18-309-00156,33.92
,2025_10,18-309-00157,33.92
,2025_10,18-310-00158,32.18
,2025_10,18-310-00159,32.18
,2025_10,18-310-00160,32.18
,2025_10,18-310-00161,32.18
,2025_10,18-310-00162,32.18
,2025_10,18-310-00163,32.18
,2025_10,18-310-00164,32.18
,2025_10,18-311-00165,33.21
,2025_10,18-311-00166,33.21
,2025_10,18-311-00167,33.21
,2025_10,18-311-00168,33.21
,2025_10,18-312-00169,32.46
,2025_10,18-312-00170,32.46
,2025_10,18-312-00171,32.46
,2025_10,18-313-00172,32.38
,2025_10,18-313-00173,32.38
,2025_10,18-313-00174,32.38
,2025_10,18-313-00175,32.38
,2025_10,18-313-00176,32.38
,2025_10,18-313-00177,32.38
,2025_10,18-314-00178,30.84
,2025_10,18-314-00179,30.84
,2025_10,18-315-00180,30.02
,2025_10,18-315-00181,30.02
,2025_10,18-315-00182,30.02
,2025_10,18-315-00183,30.02
,2025_10,18-316-00184,32.65
,2025_10,18-316-00185,32.65
,2025_10,18-316-00186,32.65
,2025_10,18-316-00187,32.65
,2025_10,18-316-00188,32.65
,2025_10,18-317-00189,33.27
,2025_10,18-317-00190,33.27
,2025_10,18-317-00191,33.27
,2025_10,18-317-00192,33.27
,2025_10,18-317-00193,33.27
,2025_10,18-318-00194,32.93
,2025_10,18-318-00195,32.93
,2025_10,18-318-00196,32.93
,2025_10,18-318-00197,32.93
,2025_10,18-319-00198,31.83
,2025_10,18-319-00199,31.83
,2025_10,18-319-00200,31.83
,2025_10,18-319-00201,31.83
,2025_10,18-319-00202,31.83
,2025_10,18-320-00203,33.15
,2025_10,18-320-00204,33.15
,2025_10,18-320-00205,33.15
,2025_10,18-320-00206,33.15
,2025_10,18-320-00207,33.15
,2025_10,18-321-00208,31.81
,2025_10,18-321-00209,31.81
,2025_10,18-321-00210,31.81
,2025_10,18-321-00211,31.81
,2025_10,18-321-00212,31.81
,2025_10,18-321-00213,31.81
,2025_10,18-321-00214,31.81
,2025_10,18-321-00215,31.81
,2025_10,18-321-00216,31.81
,2025_10,18-321-00217,31.81
,2025_10,18-321-00218,31.81
,2025_10,18-322-00219,32.12
,2025_10,18-322-00220,32.12
,2025_10,18-322-00221,32.12
,2025_10,18-323-00222,31.94
,2025_10,18-323-00223,31.94
,2025_10,18-323-00224,31.94
,2025_10,18-323-00225,31.94
,2025_10,18-323-00226,31.94
,2025_10,18-323-00227,31.94
,2025_10,18-323-00228,31.94
,2025_10,18-324-00260,32.5
,2025_10,18-323-00230,31.94
,2025_10,18-324-00231,32.5
,2025_10,18-324-00232,32.5
,2025_10,18-324-00233,32.5
,2025_10,18-324-00234,32.5
,2025_10,18-816-00235,32.87
,2025_10,18-816-00236,32.87
,2025_10,18-325-00237,32.52
,2025_10,18-325-00238,32.52
,2025_10,18-325-00239,32.52
,2025_10,18-326-00240,32.92
,2025_10,18-326-00241,32.92
,2025_10,18-326-00242,32.92
,2025_10,18-326-00243,32.92
,2025_10,18-326-00244,32.92
,2025_10,18-326-00245,32.92
,2025_10,18-326-00246,32.92
,2025_10,18-326-00247,32.92
,2025_10,18-755-00248,33.23
,2025_10,18-756-00249,32.57
,2025_10,18-756-00250,32.57
,2025_10,18-756-00251,32.57
,2025_10,18-757-00252,32.11
,2025_10,18-757-00253,32.11
,2025_10,18-757-00254,32.11
,2025_10,18-759-00255,30.56
,2025_10,18-758-00256,29.07
,2025_10,18-758-00257,29.07
,2025_10,18-816-00258,32.87
,2025_10,18-816-00259,32.87
,2025_10,18-816-00261,32.87
,2025_10,18-324-00262,32.5
,2025_10,18-324-00263,32.5
,2025_10,18-303-00264,31.03
,2025_10,18-799-00265,32.24
,2025_10,18-303-00266,31.03
,2025_10,18-322-00267,32.12
,2025_10,18-326-00268,32.92
,2025_10,18-325-00269,32.52
,2025_10,18-325-00270,32.52
,2025_10,18-304-00271,32.59
,2025_10,18-321-00272,31.81
,2025_10,18-321-00273,31.81
,2025_10,18-301-00274,31.06
,2025_10,18-312-00276,32.46
,2025_10,18-312-00277,32.46
,2025_10,18-755-00278,33.23
,2025_10,18-755-00279,33.23
,2025_10,18-760-00280,30.85
,2025_10,18-760-00281,30.85
,2025_10,18-314-00275,30.84
,2025_10,18-300-00101,30.78
,2025_10,18-300-00102,30.78
,2025_10,18-300-00103,30.78
,2025_10,18-300-00104,30.78
,2025_10,18-300-00105,30.78
,2025_10,18-300-00106,30.78
,2025_10,18-300-00107,30.78
,2025_10,18-300-00108,30.78
,2025_10,18-301-00109,30.84
,2025_10,18-301-00110,30.84
,2025_10,18-301-00111,30.84
,2025_10,18-301-00112,30.84
,2025_10,18-301-00113,30.84
,2025_10,18-301-00114,30.84
,2025_10,18-302-00115,29.92
,2025_10,18-302-00116,29.92
,2025_10,18-302-00117,29.92
,2025_10,18-302-00118,29.92
,2025_10,18-302-00119,29.92
,2025_10,18-303-00120,30.83
,2025_10,18-303-00121,30.83
,2025_10,18-303-00122,30.83
,2025_10,18-303-00123,30.83
,2025_10,18-799-00124,30.7
,2025_10,18-799-00125,30.7
,2025_10,18-304-00126,30.74
,2025_10,18-304-00127,30.74
,2025_10,18-304-00128,30.74
,2025_10,18-304-00129,30.74
,2025_10,18-305-00130,30.58
,2025_10,18-305-00131,30.58
,2025_10,18-305-00132,30.58
,2025_10,18-305-00133,30.58
,2025_10,18-305-00134,30.58
,2025_10,18-305-00135,30.58
,2025_10,18-305-00136,30.58
,2025_10,18-306-00137,31.21
,2025_10,18-306-00138,31.21
,2025_10,18-306-00139,31.21
,2025_10,18-306-00140,31.21
,2025_10,18-307-00141,31.68
,2025_10,18-307-00142,31.68
,2025_10,18-307-00143,31.68
,2025_10,18-307-00144,31.68
,2025_10,18-307-00145,31.68
,2025_10,18-307-00146,31.68
,2025_10,18-307-00147,31.68
,2025_10,18-308-00148,31.73
,2025_10,18-308-00149,31.73
,2025_10,18-308-00150,31.73
,2025_10,18-308-00151,31.73
,2025_10,18-308-00152,31.73
,2025_10,18-308-00153,31.73
,2025_10,18-309-00154,31.36
,2025_10,18-309-00155,31.36
,2025_10,18-309-00156,31.36
,2025_10,18-309-00157,31.36
,2025_10,18-310-00158,30.86
,2025_10,18-310-00159,30.86
,2025_10,18-310-00160,30.86
,2025_10,18-310-00161,30.86
,2025_10,18-310-00162,30.86
,2025_10,18-310-00163,30.86
,2025_10,18-310-00164,30.86
,2025_10,18-311-00165,31.9
,2025_10,18-311-00166,31.9
,2025_10,18-311-00167,31.9
,2025_10,18-311-00168,31.9
,2025_10,18-312-00169,31.71
,2025_10,18-312-00170,31.71
,2025_10,18-312-00171,31.71
,2025_10,18-313-00172,31.35
,2025_10,18-313-00173,31.35
,2025_10,18-313-00174,31.35
,2025_10,18-313-00175,31.35
,2025_10,18-313-00176,31.35
,2025_10,18-313-00177,31.35
,2025_10,18-314-00178,29.2
,2025_10,18-314-00179,29.2
,2025_10,18-315-00180,27.61
,2025_10,18-315-00181,27.61
,2025_10,18-315-00182,27.61
,2025_10,18-315-00183,27.61
,2025_10,18-316-00184,30.39
,2025_10,18-316-00185,30.39
,2025_10,18-316-00186,30.39
,2025_10,18-316-00187,30.39
,2025_10,18-316-00188,30.39
,2025_10,18-317-00189,31.07
,2025_10,18-317-00190,31.07
,2025_10,18-317-00191,31.07
,2025_10,18-317-00192,31.07
,2025_10,18-317-00193,31.07
,2025_10,18-318-00194,31.03
,2025_10,18-318-00195,31.03
,2025_10,18-318-00196,31.03
,2025_10,18-318-00197,31.03
,2025_10,18-319-00198,30.81
,2025_10,18-319-00199,30.81
,2025_10,18-319-00200,30.81
,2025_10,18-319-00201,30.81
,2025_10,18-319-00202,30.81
,2025_10,18-320-00203,31.12
,2025_10,18-320-00204,31.12
,2025_10,18-320-00205,31.12
,2025_10,18-320-00206,31.12
,2025_10,18-320-00207,31.12
,2025_10,18-321-00208,29.9
,2025_10,18-321-00209,29.9
,2025_10,18-321-00210,29.9
,2025_10,18-321-00211,29.9
,2025_10,18-321-00212,29.9
,2025_10,18-321-00213,29.9
,2025_10,18-321-00214,29.9
,2025_10,18-321-00215,29.9
,2025_10,18-321-00216,29.9
,2025_10,18-321-00217,29.9
,2025_10,18-321-00218,29.9
,2025_10,18-322-00219,30.17
,2025_10,18-322-00220,30.17
,2025_10,18-322-00221,30.17
,2025_10,18-323-00222,30.71
,2025_10,18-323-00223,30.71
,2025_10,18-323-00224,30.71
,2025_10,18-323-00225,30.71
,2025_10,18-323-00226,30.71
,2025_10,18-323-00227,30.71
,2025_10,18-323-00228,30.71
,2025_10,18-324-00260,30.64
,2025_10,18-323-00230,30.71
,2025_10,18-324-00231,30.64
,2025_10,18-324-00232,30.64
,2025_10,18-324-00233,30.64
,2025_10,18-324-00234,30.64
,2025_10,18-816-00235,31.37
,2025_10,18-816-00236,31.37
,2025_10,18-325-00237,31.03
,2025_10,18-325-00238,31.03
,2025_10,18-325-00239,31.03
,2025_10,18-326-00240,31.13
,2025_10,18-326-00241,31.13
,2025_10,18-326-00242,31.13
,2025_10,18-326-00243,31.13
,2025_10,18-326-00244,31.13
,2025_10,18-326-00245,31.13
,2025_10,18-326-00246,31.13
,2025_10,18-326-00247,31.13
,2025_10,18-755-00248,30.97
,2025_10,18-756-00249,31.26
,2025_10,18-756-00250,31.26
,2025_10,18-756-00251,31.26
,2025_10,18-757-00252,30.03
,2025_10,18-757-00253,30.03
,2025_10,18-757-00254,30.03
,2025_10,18-759-00255,27.57
,2025_10,18-758-00256,30.48
,2025_10,18-758-00257,30.48
,2025_10,18-816-00258,31.37
,2025_10,18-816-00259,31.37
,2025_10,18-816-00261,31.37
,2025_10,18-324-00262,30.64
,2025_10,18-324-00263,30.64
,2025_10,18-303-00264,30.83
,2025_10,18-799-00265,30.7
,2025_10,18-303-00266,30.83
,2025_10,18-322-00267,30.17
,2025_10,18-326-00268,31.13
,2025_10,18-325-00269,31.03
,2025_10,18-325-00270,31.03
,2025_10,18-304-00271,30.74
,2025_10,18-321-00272,29.9
,2025_10,18-321-00273,29.9
,2025_10,18-301-00274,30.84
,2025_10,18-312-00276,31.71
,2025_10,18-312-00277,31.71
,2025_10,18-755-00278,30.97
,2025_10,18-755-00279,30.97
,2025_10,18-760-00280,31.17
,2025_10,18-760-00281,31.17
,2025_10,18-314-00275,29.2
,2025_10,18-300-00101,28.58
,2025_10,18-300-00102,28.58
,2025_10,18-300-00103,28.58
,2025_10,18-300-00104,28.58
,2025_10,18-300-00105,28.58
,2025_10,18-300-00106,28.58
,2025_10,18-300-00107,28.58
,2025_10,18-300-00108,28.58
,2025_10,18-301-00109,29.15
,2025_10,18-301-00110,29.15
,2025_10,18-301-00111,29.15
,2025_10,18-301-00112,29.15
,2025_10,18-301-00113,29.15
,2025_10,18-301-00114,29.15
,2025_10,18-302-00115,28.2
,2025_10,18-302-00116,28.2
,2025_10,18-302-00117,28.2
,2025_10,18-302-00118,28.2
,2025_10,18-302-00119,28.2
,2025_10,18-303-00120,29.54
,2025_10,18-303-00121,29.54
,2025_10,18-303-00122,29.54
,2025_10,18-303-00123,29.54
,2025_10,18-799-00124,29.17
,2025_10,18-799-00125,29.17
,2025_10,18-304-00126,29.78
,2025_10,18-304-00127,29.78
,2025_10,18-304-00128,29.78
,2025_10,18-304-00129,29.78
,2025_10,18-305-00130,29.03
,2025_10,18-305-00131,29.03
,2025_10,18-305-00132,29.03
,2025_10,18-305-00133,29.03
,2025_10,18-305-00134,29.03
,2025_10,18-305-00135,29.03
,2025_10,18-305-00136,29.03
,2025_10,18-306-00137,29.14
,2025_10,18-306-00138,29.14
,2025_10,18-306-00139,29.14
,2025_10,18-306-00140,29.14
,2025_10,18-307-00141,29.41
,2025_10,18-307-00142,29.41
,2025_10,18-307-00143,29.41
,2025_10,18-307-00144,29.41
,2025_10,18-307-00145,29.41
,2025_10,18-307-00146,29.41
,2025_10,18-307-00147,29.41
,2025_10,18-308-00148,28.91
,2025_10,18-308-00149,28.91
,2025_10,18-308-00150,28.91
,2025_10,18-308-00151,28.91
,2025_10,18-308-00152,28.91
,2025_10,18-308-00153,28.91
,2025_10,18-309-00154,27.79
,2025_10,18-309-00155,27.79
,2025_10,18-309-00156,27.79
,2025_10,18-309-00157,27.79
,2025_10,18-310-00158,28.3
,2025_10,18-310-00159,28.3
,2025_10,18-310-00160,28.3
,2025_10,18-310-00161,28.3
,2025_10,18-310-00162,28.3
,2025_10,18-310-00163,28.3
,2025_10,18-310-00164,28.3
,2025_10,18-311-00165,28.66
,2025_10,18-311-00166,28.66
,2025_10,18-311-00167,28.66
,2025_10,18-311-00168,28.66
,2025_10,18-312-00169,27.99
,2025_10,18-312-00170,27.99
,2025_10,18-312-00171,27.99
,2025_10,18-313-00172,28.86
,2025_10,18-313-00173,28.86
,2025_10,18-313-00174,28.86
,2025_10,18-313-00175,28.86
,2025_10,18-313-00176,28.86
,2025_10,18-313-00177,28.86
,2025_10,18-314-00178,26.3
,2025_10,18-314-00179,26.3
,2025_10,18-315-00180,24.52
,2025_10,18-315-00181,24.52
,2025_10,18-315-00182,24.52
,2025_10,18-315-00183,24.52
,2025_10,18-316-00184,28.24
,2025_10,18-316-00185,28.24
,2025_10,18-316-00186,28.24
,2025_10,18-316-00187,28.24
,2025_10,18-316-00188,28.24
,2025_10,18-317-00189,29.0
,2025_10,18-317-00190,29.0
,2025_10,18-317-00191,29.0
,2025_10,18-317-00192,29.0
,2025_10,18-317-00193,29.0
,2025_10,18-318-00194,28.73
,2025_10,18-318-00195,28.73
,2025_10,18-318-00196,28.73
,2025_10,18-318-00197,28.73
,2025_10,18-319-00198,28.8
,2025_10,18-319-00199,28.8
,2025_10,18-319-00200,28.8
,2025_10,18-319-00201,28.8
,2025_10,18-319-00202,28.8
,2025_10,18-320-00203,28.8
,2025_10,18-320-00204,28.8
,2025_10,18-320-00205,28.8
,2025_10,18-320-00206,28.8
,2025_10,18-320-00207,28.8
,2025_10,18-321-00208,28.33
,2025_10,18-321-00209,28.33
,2025_10,18-321-00210,28.33
,2025_10,18-321-00211,28.33
,2025_10,18-321-00212,28.33
,2025_10,18-321-00213,28.33
,2025_10,18-321-00214,28.33
,2025_10,18-321-00215,28.33
,2025_10,18-321-00216,28.33
,2025_10,18-321-00217,28.33
,2025_10,18-321-00218,28.33
,2025_10,18-322-00219,28.26
,2025_10,18-322-00220,28.26
,2025_10,18-322-00221,28.26
,2025_10,18-323-00222,29.08
,2025_10,18-323-00223,29.08
,2025_10,18-323-00224,29.08
,2025_10,18-323-00225,29.08
,2025_10,18-323-00226,29.08
,2025_10,18-323-00227,29.08
,2025_10,18-323-00228,29.08
,2025_10,18-324-00260,28.81
,2025_10,18-323-00230,29.08
,2025_10,18-324-00231,28.81
,2025_10,18-324-00232,28.81
,2025_10,18-324-00233,28.81
,2025_10,18-324-00234,28.81
,2025_10,18-816-00235,29.89
,2025_10,18-816-00236,29.89
,2025_10,18-325-00237,29.7
,2025_10,18-325-00238,29.7
,2025_10,18-325-00239,29.7
,2025_10,18-326-00240,29.55
,2025_10,18-326-00241,29.55
,2025_10,18-326-00242,29.55
,2025_10,18-326-00243,29.55
,2025_10,18-326-00244,29.55
,2025_10,18-326-00245,29.55
,2025_10,18-326-00246,29.55
,2025_10,18-326-00247,29.55
,2025_10,18-755-00248,27.89
,2025_10,18-756-00249,29.0
,2025_10,18-756-00250,29.0
,2025_10,18-756-00251,29.0
,2025_10,18-757-00252,28.76
,2025_10,18-757-00253,28.76
,2025_10,18-757-00254,28.76
,2025_10,18-759-00255,25.46
,2025_10,18-758-00256,29.02
,2025_10,18-758-00257,29.02
,2025_10,18-816-00258,29.89
,2025_10,18-816-00259,29.89
,2025_10,18-816-00261,29.89
,2025_10,18-324-00262,28.81
,2025_10,18-324-00263,28.81
,2025_10,18-303-00264,29.54
,2025_10,18-799-00265,29.17
,2025_10,18-303-00266,29.54
,2025_10,18-322-00267,28.26
,2025_10,18-326-00268,29.55
,2025_10,18-325-00269,29.7
,2025_10,18-325-00270,29.7
,2025_10,18-304-00271,29.78
,2025_10,18-321-00272,28.33
,2025_10,18-321-00273,28.33
,2025_10,18-301-00274,29.15
,2025_10,18-312-00276,27.99
,2025_10,18-312-00277,27.99
,2025_10,18-755-00278,27.89
,2025_10,18-755-00279,27.89
,2025_10,18-760-00280,29.46
,2025_10,18-760-00281,29.46
,2025_10,18-314-00275,26.3
,2025_10,18-300-00101,26.69
,2025_10,18-300-00102,26.69
,2025_10,18-300-00103,26.69
,2025_10,18-300-00104,26.69
,2025_10,18-300-00105,26.69
,2025_10,18-300-00106,26.69
,2025_10,18-300-00107,26.69
,2025_10,18-300-00108,26.69
,2025_10,18-301-00109,27.04
,2025_10,18-301-00110,27.04
,2025_10,18-301-00111,27.04
,2025_10,18-301-00112,27.04
,2025_10,18-301-00113,27.04
,2025_10,18-301-00114,27.04
,2025_10,18-302-00115,26.17
,2025_10,18-302-00116,26.17
,2025_10,18-302-00117,26.17
,2025_10,18-302-00118,26.17
,2025_10,18-302-00119,26.17
,2025_10,18-303-00120,27.39
,2025_10,18-303-00121,27.39
,2025_10,18-303-00122,27.39
,2025_10,18-303-00123,27.39
,2025_10,18-799-00124,27.17
,2025_10,18-799-00125,27.17
,2025_10,18-304-00126,27.24
,2025_10,18-304-00127,27.24
,2025_10,18-304-00128,27.24
,2025_10,18-304-00129,27.24
,2025_10,18-305-00130,26.75
,2025_10,18-305-00131,26.75
,2025_10,18-305-00132,26.75
,2025_10,18-305-00133,26.75
,2025_10,18-305-00134,26.75
,2025_10,18-305-00135,26.75
,2025_10,18-305-00136,26.75
,2025_10,18-306-00137,27.26
,2025_10,18-306-00138,27.26
,2025_10,18-306-00139,27.26
,2025_10,18-306-00140,27.26
,2025_10,18-307-00141,26.72
,2025_10,18-307-00142,26.72
,2025_10,18-307-00143,26.72
,2025_10,18-307-00144,26.72
,2025_10,18-307-00145,26.72
,2025_10,18-307-00146,26.72
,2025_10,18-307-00147,26.72
,2025_10,18-308-00148,26.74
,2025_10,18-308-00149,26.74
,2025_10,18-308-00150,26.74
,2025_10,18-308-00151,26.74
,2025_10,18-308-00152,26.74
,2025_10,18-308-00153,26.74
,2025_10,18-309-00154,25.47
,2025_10,18-309-00155,25.47
,2025_10,18-309-00156,25.47
,2025_10,18-309-00157,25.47
,2025_10,18-310-00158,26.1
,2025_10,18-310-00159,26.1
,2025_10,18-310-00160,26.1
,2025_10,18-310-00161,26.1
,2025_10,18-310-00162,26.1
,2025_10,18-310-00163,26.1
,2025_10,18-310-00164,26.1
,2025_10,18-311-00165,26.42
,2025_10,18-311-00166,26.42
,2025_10,18-311-00167,26.42
,2025_10,18-311-00168,26.42
,2025_10,18-312-00169,25.76
,2025_10,18-312-00170,25.76
,2025_10,18-312-00171,25.76
,2025_10,18-313-00172,26.69
,2025_10,18-313-00173,26.69
,2025_10,18-313-00174,26.69
,2025_10,18-313-00175,26.69
,2025_10,18-313-00176,26.69
,2025_10,18-313-00177,26.69
,2025_10,18-314-00178,23.89
,2025_10,18-314-00179,23.89
,2025_10,18-315-00180,22.33
,2025_10,18-315-00181,22.33
,2025_10,18-315-00182,22.33
,2025_10,18-315-00183,22.33
,2025_10,18-316-00184,25.45
,2025_10,18-316-00185,25.45
,2025_10,18-316-00186,25.45
,2025_10,18-316-00187,25.45
,2025_10,18-316-00188,25.45
,2025_10,18-317-00189,25.9
,2025_10,18-317-00190,25.9
,2025_10,18-317-00191,25.9
,2025_10,18-317-00192,25.9
,2025_10,18-317-00193,25.9
,2025_10,18-318-00194,25.48
,2025_10,18-318-00195,25.48
,2025_10,18-318-00196,25.48
,2025_10,18-318-00197,25.48
,2025_10,18-319-00198,26.66
,2025_10,18-319-00199,26.66
,2025_10,18-319-00200,26.66
,2025_10,18-319-00201,26.66
,2025_10,18-319-00202,26.66
,2025_10,18-320-00203,26.8
,2025_10,18-320-00204,26.8
,2025_10,18-320-00205,26.8
,2025_10,18-320-00206,26.8
,2025_10,18-320-00207,26.8
,2025_10,18-321-00208,25.9
,2025_10,18-321-00209,25.9
,2025_10,18-321-00210,25.9
,2025_10,18-321-00211,25.9
,2025_10,18-321-00212,25.9
,2025_10,18-321-00213,25.9
,2025_10,18-321-00214,25.9
,2025_10,18-321-00215,25.9
,2025_10,18-321-00216,25.9
,2025_10,18-321-00217,25.9
,2025_10,18-321-00218,25.9
,2025_10,18-322-00219,25.68
,2025_10,18-322-00220,25.68
,2025_10,18-322-00221,25.68
,2025_10,18-323-00222,26.82
,2025_10,18-323-00223,26.82
,2025_10,18-323-00224,26.82
,2025_10,18-323-00225,26.82
,2025_10,18-323-00226,26.82
,2025_10,18-323-00227,26.82
,2025_10,18-323-00228,26.82
,2025_10,18-324-00260,26.98
,2025_10,18-323-00230,26.82
,2025_10,18-324-00231,26.98
,2025_10,18-324-00232,26.98
,2025_10,18-324-00233,26.98
,2025_10,18-324-00234,26.98
,2025_10,18-816-00235,27.98
,2025_10,18-816-00236,27.98
,2025_10,18-325-00237,27.53
,2025_10,18-325-00238,27.53
,2025_10,18-325-00239,27.53
,2025_10,18-326-00240,27.53
,2025_10,18-326-00241,27.53
,2025_10,18-326-00242,27.53
,2025_10,18-326-00243,27.53
,2025_10,18-326-00244,27.53
,2025_10,18-326-00245,27.53
,2025_10,18-326-00246,27.53
,2025_10,18-326-00247,27.53
,2025_10,18-755-00248,25.66
,2025_10,18-756-00249,27.07
,2025_10,18-756-00250,27.07
,2025_10,18-756-00251,27.07
,2025_10,18-757-00252,26.41
,2025_10,18-757-00253,26.41
,2025_10,18-757-00254,26.41
,2025_10,18-759-00255,23.45
,2025_10,18-758-00256,27.22
,2025_10,18-758-00257,27.22
,2025_10,18-816-00258,27.98
,2025_10,18-816-00259,27.98
,2025_10,18-816-00261,27.98
,2025_10,18-324-00262,26.98
,2025_10,18-324-00263,26.98
,2025_10,18-303-00264,27.39
,2025_10,18-799-00265,27.17
,2025_10,18-303-00266,27.39
,2025_10,18-322-00267,25.68
,2025_10,18-326-00268,27.53
,2025_10,18-325-00269,27.53
,2025_10,18-325-00270,27.53
,2025_10,18-304-00271,27.24
,2025_10,18-321-00272,25.9
,2025_10,18-321-00273,25.9
,2025_10,18-301-00274,27.04
,2025_10,18-312-00276,25.76
,2025_10,18-312-00277,25.76
,2025_10,18-755-00278,25.66
,2025_10,18-755-00279,25.66
,2025_10,18-760-00280,27.47
,2025_10,18-760-00281,27.47
,2025_10,18-314-00275,23.89
,2025_10,18-300-00101,26.12
,2025_10,18-300-00102,26.12
,2025_10,18-300-00103,26.12
,2025_10,18-300-00104,26.12
,2025_10,18-300-00105,26.12
,2025_10,18-300-00106,26.12
,2025_10,18-300-00107,26.12
,2025_10,18-300-00108,26.12
,2025_10,18-301-00109,26.26
,2025_10,18-301-00110,26.26
,2025_10,18-301-00111,26.26
,2025_10,18-301-00112,26.26
,2025_10,18-301-00113,26.26
,2025_10,18-301-00114,26.26
,2025_10,18-302-00115,25.46
,2025_10,18-302-00116,25.46
,2025_10,18-302-00117,25.46
,2025_10,18-302-00118,25.46
,2025_10,18-302-00119,25.46
,2025_10,18-303-00120,25.43
,2025_10,18-303-00121,25.43
,2025_10,18-303-00122,25.43
,2025_10,18-303-00123,25.43
,2025_10,18-799-00124,25.91
,2025_10,18-799-00125,25.91
,2025_10,18-304-00126,26.01
,2025_10,18-304-00127,26.01
,2025_10,18-304-00128,26.01
,2025_10,18-304-00129,26.01
,2025_10,18-305-00130,25.84
,2025_10,18-305-00131,25.84
,2025_10,18-305-00132,25.84
,2025_10,18-305-00133,25.84
,2025_10,18-305-00134,25.84
,2025_10,18-305-00135,25.84
,2025_10,18-305-00136,25.84
,2025_10,18-306-00137,26.48
,2025_10,18-306-00138,26.48
,2025_10,18-306-00139,26.48
,2025_10,18-306-00140,26.48
,2025_10,18-307-00141,26.0
,2025_10,18-307-00142,26.0
,2025_10,18-307-00143,26.0
,2025_10,18-307-00144,26.0
,2025_10,18-307-00145,26.0
,2025_10,18-307-00146,26.0
,2025_10,18-307-00147,26.0
,2025_10,18-308-00148,25.6
,2025_10,18-308-00149,25.6
,2025_10,18-308-00150,25.6
,2025_10,18-308-00151,25.6
,2025_10,18-308-00152,25.6
,2025_10,18-308-00153,25.6
,2025_10,18-309-00154,24.57
,2025_10,18-309-00155,24.57
,2025_10,18-309-00156,24.57
,2025_10,18-309-00157,24.57
,2025_10,18-310-00158,25.57
,2025_10,18-310-00159,25.57
,2025_10,18-310-00160,25.57
,2025_10,18-310-00161,25.57
,2025_10,18-310-00162,25.57
,2025_10,18-310-00163,25.57
,2025_10,18-310-00164,25.57
,2025_10,18-311-00165,26.38
,2025_10,18-311-00166,26.38
,2025_10,18-311-00167,26.38
,2025_10,18-311-00168,26.38
,2025_10,18-312-00169,25.91
,2025_10,18-312-00170,25.91
,2025_10,18-312-00171,25.91
,2025_10,18-313-00172,26.25
,2025_10,18-313-00173,26.25
,2025_10,18-313-00174,26.25
,2025_10,18-313-00175,26.25
,2025_10,18-313-00176,26.25
,2025_10,18-313-00177,26.25
,2025_10,18-314-00178,23.61
,2025_10,18-314-00179,23.61
,2025_10,18-315-00180,22.37
,2025_10,18-315-00181,22.37
,2025_10,18-315-00182,22.37
,2025_10,18-315-00183,22.37
,2025_10,18-316-00184,25.22
,2025_10,18-316-00185,25.22
,2025_10,18-316-00186,25.22
,2025_10,18-316-00187,25.22
,2025_10,18-316-00188,25.22
,2025_10,18-317-00189,26.37
,2025_10,18-317-00190,26.37
,2025_10,18-317-00191,26.37
,2025_10,18-317-00192,26.37
,2025_10,18-317-00193,26.37
,2025_10,18-318-00194,25.81
,2025_10,18-318-00195,25.81
,2025_10,18-318-00196,25.81
,2025_10,18-318-00197,25.81
,2025_10,18-319-00198,25.27
,2025_10,18-319-00199,25.27
,2025_10,18-319-00200,25.27
,2025_10,18-319-00201,25.27
,2025_10,18-319-00202,25.27
,2025_10,18-320-00203,26.1
,2025_10,18-320-00204,26.1
,2025_10,18-320-00205,26.1
,2025_10,18-320-00206,26.1
,2025_10,18-320-00207,26.1
,2025_10,18-321-00208,24.91
,2025_10,18-321-00209,24.91
,2025_10,18-321-00210,24.91
,2025_10,18-321-00211,24.91
,2025_10,18-321-00212,24.91
,2025_10,18-321-00213,24.91
,2025_10,18-321-00214,24.91
,2025_10,18-321-00215,24.91
,2025_10,18-321-00216,24.91
,2025_10,18-321-00217,24.91
,2025_10,18-321-00218,24.91
,2025_10,18-322-00219,24.54
,2025_10,18-322-00220,24.54
,2025_10,18-322-00221,24.54
,2025_10,18-323-00222,25.62
,2025_10,18-323-00223,25.62
,2025_10,18-323-00224,25.62
,2025_10,18-323-00225,25.62
,2025_10,18-323-00226,25.62
,2025_10,18-323-00227,25.62
,2025_10,18-323-00228,25.62
,2025_10,18-324-00260,25.98
,2025_10,18-323-00230,25.62
,2025_10,18-324-00231,25.98
,2025_10,18-324-00232,25.98
,2025_10,18-324-00233,25.98
,2025_10,18-324-00234,25.98
,2025_10,18-816-00235,26.89
,2025_10,18-816-00236,26.89
,2025_10,18-325-00237,26.12
,2025_10,18-325-00238,26.12
,2025_10,18-325-00239,26.12
,2025_10,18-326-00240,26.82
,2025_10,18-326-00241,26.82
,2025_10,18-326-00242,26.82
,2025_10,18-326-00243,26.82
,2025_10,18-326-00244,26.82
,2025_10,18-326-00245,26.82
,2025_10,18-326-00246,26.82
,2025_10,18-326-00247,26.82
,2025_10,18-755-00248,25.45
,2025_10,18-756-00249,25.82
,2025_10,18-756-00250,25.82
,2025_10,18-756-00251,25.82
,2025_10,18-757-00252,26.55
,2025_10,18-757-00253,26.55
,2025_10,18-757-00254,26.55
,2025_10,18-759-00255,22.93
,2025_10,18-758-00256,25.91
,2025_10,18-758-00257,25.91
,2025_10,18-816-00258,26.89
,2025_10,18-816-00259,26.89
,2025_10,18-816-00261,26.89
,2025_10,18-324-00262,25.98
,2025_10,18-324-00263,25.98
,2025_10,18-303-00264,25.43
,2025_10,18-799-00265,25.91
,2025_10,18-303-00266,25.43
,2025_10,18-322-00267,24.54
,2025_10,18-326-00268,26.82
,2025_10,18-325-00269,26.12
,2025_10,18-325-00270,26.12
,2025_10,18-304-00271,26.01
,2025_10,18-321-00272,24.91
,2025_10,18-321-00273,24.91
,2025_10,18-301-00274,26.26
,2025_10,18-312-00276,25.91
,2025_10,18-312-00277,25.91
,2025_10,18-755-00278,25.45
,2025_10,18-755-00279,25.45
,2025_10,18-760-00280,26.39
,2025_10,18-760-00281,26.39
,2025_10,18-314-00275,23.61
,2025_10,18-300-00101,27.84
,2025_10,18-300-00102,27.84
,2025_10,18-300-00103,27.84
,2025_10,18-300-00104,27.84
,2025_10,18-300-00105,27.84
,2025_10,18-300-00106,27.84
,2025_10,18-300-00107,27.84
,2025_10,18-300-00108,27.84
,2025_10,18-301-00109,27.65
,2025_10,18-301-00110,27.65
,2025_10,18-301-00111,27.65
,2025_10,18-301-00112,27.65
,2025_10,18-301-00113,27.65
,2025_10,18-301-00114,27.65
,2025_10,18-302-00115,26.76
,2025_10,18-302-00116,26.76
,2025_10,18-302-00117,26.76
,2025_10,18-302-00118,26.76
,2025_10,18-302-00119,26.76
,2025_10,18-303-00120,26.69
,2025_10,18-303-00121,26.69
,2025_10,18-303-00122,26.69
,2025_10,18-303-00123,26.69
,2025_10,18-799-00124,26.93
,2025_10,18-799-00125,26.93
,2025_10,18-304-00126,26.97
,2025_10,18-304-00127,26.97
,2025_10,18-304-00128,26.97
,2025_10,18-304-00129,26.97
,2025_10,18-305-00130,27.24
,2025_10,18-305-00131,27.24
,2025_10,18-305-00132,27.24
,2025_10,18-305-00133,27.24
,2025_10,18-305-00134,27.24
,2025_10,18-305-00135,27.24
,2025_10,18-305-00136,27.24
,2025_10,18-306-00137,26.89
,2025_10,18-306-00138,26.89
,2025_10,18-306-00139,26.89
,2025_10,18-306-00140,26.89
,2025_10,18-307-00141,27.59
,2025_10,18-307-00142,27.59
,2025_10,18-307-00143,27.59
,2025_10,18-307-00144,27.59
,2025_10,18-307-00145,27.59
,2025_10,18-307-00146,27.59
,2025_10,18-307-00147,27.59
,2025_10,18-308-00148,27.53
,2025_10,18-308-00149,27.53
,2025_10,18-308-00150,27.53
,2025_10,18-308-00151,27.53
,2025_10,18-308-00152,27.53
,2025_10,18-308-00153,27.53
,2025_10,18-309-00154,26.93
,2025_10,18-309-00155,26.93
,2025_10,18-309-00156,26.93
,2025_10,18-309-00157,26.93
,2025_10,18-310-00158,27.81
,2025_10,18-310-00159,27.81
,2025_10,18-310-00160,27.81
,2025_10,18-310-00161,27.81
,2025_10,18-310-00162,27.81
,2025_10,18-310-00163,27.81
,2025_10,18-310-00164,27.81
,2025_10,18-311-00165,28.54
,2025_10,18-311-00166,28.54
,2025_10,18-311-00167,28.54
,2025_10,18-311-00168,28.54
,2025_10,18-312-00169,27.82
,2025_10,18-312-00170,27.82
,2025_10,18-312-00171,27.82
,2025_10,18-313-00172,27.41
,2025_10,18-313-00173,27.41
,2025_10,18-313-00174,27.41
,2025_10,18-313-00175,27.41
,2025_10,18-313-00176,27.41
,2025_10,18-313-00177,27.41
,2025_10,18-314-00178,24.96
,2025_10,18-314-00179,24.96
,2025_10,18-315-00180,23.08
,2025_10,18-315-00181,23.08
,2025_10,18-315-00182,23.08
,2025_10,18-315-00183,23.08
,2025_10,18-316-00184,26.87
,2025_10,18-316-00185,26.87
,2025_10,18-316-00186,26.87
,2025_10,18-316-00187,26.87
,2025_10,18-316-00188,26.87
,2025_10,18-317-00189,28.35
,2025_10,18-317-00190,28.35
,2025_10,18-317-00191,28.35
,2025_10,18-317-00192,28.35
,2025_10,18-317-00193,28.35
,2025_10,18-318-00194,27.81
,2025_10,18-318-00195,27.81
,2025_10,18-318-00196,27.81
,2025_10,18-318-00197,27.81
,2025_10,18-319-00198,26.52
,2025_10,18-319-00199,26.52
,2025_10,18-319-00200,26.52
,2025_10,18-319-00201,26.52
,2025_10,18-319-00202,26.52
,2025_10,18-320-00203,27.24
,2025_10,18-320-00204,27.24
,2025_10,18-320-00205,27.24
,2025_10,18-320-00206,27.24
,2025_10,18-320-00207,27.24
,2025_10,18-321-00208,26.67
,2025_10,18-321-00209,26.67
,2025_10,18-321-00210,26.67
,2025_10,18-321-00211,26.67
,2025_10,18-321-00212,26.67
,2025_10,18-321-00213,26.67
,2025_10,18-321-00214,26.67
,2025_10,18-321-00215,26.67
,2025_10,18-321-00216,26.67
,2025_10,18-321-00217,26.67
,2025_10,18-321-00218,26.67
,2025_10,18-322-00219,26.29
,2025_10,18-322-00220,26.29
,2025_10,18-322-00221,26.29
,2025_10,18-323-00222,26.83
,2025_10,18-323-00223,26.83
,2025_10,18-323-00224,26.83
,2025_10,18-323-00225,26.83
,2025_10,18-323-00226,26.83
,2025_10,18-323-00227,26.83
,2025_10,18-323-00228,26.83
,2025_10,18-324-00260,26.91
,2025_10,18-323-00230,26.83
,2025_10,18-324-00231,26.91
,2025_10,18-324-00232,26.91
,2025_10,18-324-00233,26.91
,2025_10,18-324-00234,26.91
,2025_10,18-816-00235,26.9
,2025_10,18-816-00236,26.9
,2025_10,18-325-00237,26.99
,2025_10,18-325-00238,26.99
,2025_10,18-325-00239,26.99
,2025_10,18-326-00240,26.9
,2025_10,18-326-00241,26.9
,2025_10,18-326-00242,26.9
,2025_10,18-326-00243,26.9
,2025_10,18-326-00244,26.9
,2025_10,18-326-00245,26.9
,2025_10,18-326-00246,26.9
,2025_10,18-326-00247,26.9
,2025_10,18-755-00248,28.13
,2025_10,18-756-00249,26.86
,2025_10,18-756-00250,26.86
,2025_10,18-756-00251,26.86
,2025_10,18-757-00252,28.53
,2025_10,18-757-00253,28.53
,2025_10,18-757-00254,28.53
,2025_10,18-759-00255,23.92
,2025_10,18-758-00256,27.6
,2025_10,18-758-00257,27.6
,2025_10,18-816-00258,26.9
,2025_10,18-816-00259,26.9
,2025_10,18-816-00261,26.9
,2025_10,18-324-00262,26.91
,2025_10,18-324-00263,26.91
,2025_10,18-303-00264,26.69
,2025_10,18-799-00265,26.93
,2025_10,18-303-00266,26.69
,2025_10,18-322-00267,26.29
,2025_10,18-326-00268,26.9
,2025_10,18-325-00269,26.99
,2025_10,18-325-00270,26.99
,2025_10,18-304-00271,26.97
,2025_10,18-321-00272,26.67
,2025_10,18-321-00273,26.67
,2025_10,18-301-00274,27.65
,2025_10,18-312-00276,27.82
,2025_10,18-312-00277,27.82
,2025_10,18-755-00278,28.13
,2025_10,18-755-00279,28.13
,2025_10,18-760-00280,28.11
,2025_10,18-760-00281,28.11
,2025_10,18-314-00275,24.96
,2025_10,18-300-00101,34.74
,2025_10,18-300-00102,34.74
,2025_10,18-300-00103,34.74
,2025_10,18-300-00104,34.74
,2025_10,18-300-00105,34.74
,2025_10,18-300-00106,34.74
,2025_10,18-300-00107,34.74
,2025_10,18-300-00108,34.74
,2025_10,18-301-00109,34.51
,2025_10,18-301-00110,34.51
,2025_10,18-301-00111,34.51
,2025_10,18-301-00112,34.51
,2025_10,18-301-00113,34.51
,2025_10,18-301-00114,34.51
,2025_10,18-302-00115,34.88
,2025_10,18-302-00116,34.88
,2025_10,18-302-00117,34.88
,2025_10,18-302-00118,34.88
,2025_10,18-302-00119,34.88
,2025_10,18-303-00120,34.3
,2025_10,18-303-00121,34.3
,2025_10,18-303-00122,34.3
,2025_10,18-303-00123,34.3
,2025_10,18-799-00124,33.93
,2025_10,18-799-00125,33.93
,2025_10,18-304-00126,34.21
,2025_10,18-304-00127,34.21
,2025_10,18-304-00128,34.21
,2025_10,18-304-00129,34.21
,2025_10,18-305-00130,33.97
,2025_10,18-305-00131,33.97
,2025_10,18-305-00132,33.97
,2025_10,18-305-00133,33.97
,2025_10,18-305-00134,33.97
,2025_10,18-305-00135,33.97
,2025_10,18-305-00136,33.97
,2025_10,18-306-00137,34.56
,2025_10,18-306-00138,34.56
,2025_10,18-306-00139,34.56
,2025_10,18-306-00140,34.56
,2025_10,18-307-00141,34.46
,2025_10,18-307-00142,34.46
,2025_10,18-307-00143,34.46
,2025_10,18-307-00144,34.46
,2025_10,18-307-00145,34.46
,2025_10,18-307-00146,34.46
,2025_10,18-307-00147,34.46
,2025_10,18-308-00148,33.71
,2025_10,18-308-00149,33.71
,2025_10,18-308-00150,33.71
,2025_10,18-308-00151,33.71
,2025_10,18-308-00152,33.71
,2025_10,18-308-00153,33.71
,2025_10,18-309-00154,32.82
,2025_10,18-309-00155,32.82
,2025_10,18-309-00156,32.82
,2025_10,18-309-00157,32.82
,2025_10,18-310-00158,34.0
,2025_10,18-310-00159,34.0
,2025_10,18-310-00160,34.0
,2025_10,18-310-00161,34.0
,2025_10,18-310-00162,34.0
,2025_10,18-310-00163,34.0
,2025_10,18-310-00164,34.0
,2025_10,18-311-00165,34.21
,2025_10,18-311-00166,34.21
,2025_10,18-311-00167,34.21
,2025_10,18-311-00168,34.21
,2025_10,18-312-00169,33.72
,2025_10,18-312-00170,33.72
,2025_10,18-312-00171,33.72
,2025_10,18-313-00172,34.72
,2025_10,18-313-00173,34.72
,2025_10,18-313-00174,34.72
,2025_10,18-313-00175,34.72
,2025_10,18-313-00176,34.72
,2025_10,18-313-00177,34.72
,2025_10,18-314-00178,32.36
,2025_10,18-314-00179,32.36
,2025_10,18-315-00180,31.17
,2025_10,18-315-00181,31.17
,2025_10,18-315-00182,31.17
,2025_10,18-315-00183,31.17
,2025_10,18-316-00184,33.44
,2025_10,18-316-00185,33.44
,2025_10,18-316-00186,33.44
,2025_10,18-316-00187,33.44
,2025_10,18-316-00188,33.44
,2025_10,18-317-00189,35.02
,2025_10,18-317-00190,35.02
,2025_10,18-317-00191,35.02
,2025_10,18-317-00192,35.02
,2025_10,18-317-00193,35.02
,2025_10,18-318-00194,34.63
,2025_10,18-318-00195,34.63
,2025_10,18-318-00196,34.63
,2025_10,18-318-00197,34.63
,2025_10,18-319-00198,33.81
,2025_10,18-319-00199,33.81
,2025_10,18-319-00200,33.81
,2025_10,18-319-00201,33.81
,2025_10,18-319-00202,33.81
,2025_10,18-320-00203,34.48
,2025_10,18-320-00204,34.48
,2025_10,18-320-00205,34.48
,2025_10,18-320-00206,34.48
,2025_10,18-320-00207,34.48
,2025_10,18-321-00208,33.94
,2025_10,18-321-00209,33.94
,2025_10,18-321-00210,33.94
,2025_10,18-321-00211,33.94
,2025_10,18-321-00212,33.94
,2025_10,18-321-00213,33.94
,2025_10,18-321-00214,33.94
,2025_10,18-321-00215,33.94
,2025_10,18-321-00216,33.94
,2025_10,18-321-00217,33.94
,2025_10,18-321-00218,33.94
,2025_10,18-322-00219,33.68
,2025_10,18-322-00220,33.68
,2025_10,18-322-00221,33.68
,2025_10,18-323-00222,34.18
,2025_10,18-323-00223,34.18
,2025_10,18-323-00224,34.18
,2025_10,18-323-00225,34.18
,2025_10,18-323-00226,34.18
,2025_10,18-323-00227,34.18
,2025_10,18-323-00228,34.18
,2025_10,18-324-00260,33.92
,2025_10,18-323-00230,34.18
,2025_10,18-324-00231,33.92
,2025_10,18-324-00232,33.92
,2025_10,18-324-00233,33.92
,2025_10,18-324-00234,33.92
,2025_10,18-816-00235,34.82
,2025_10,18-816-00236,34.82
,2025_10,18-325-00237,34.54
,2025_10,18-325-00238,34.54
,2025_10,18-325-00239,34.54
,2025_10,18-326-00240,34.39
,2025_10,18-326-00241,34.39
,2025_10,18-326-00242,34.39
,2025_10,18-326-00243,34.39
,2025_10,18-326-00244,34.39
,2025_10,18-326-00245,34.39
,2025_10,18-326-00246,34.39
,2025_10,18-326-00247,34.39
,2025_10,18-755-00248,33.55
,2025_10,18-756-00249,34.07
,2025_10,18-756-00250,34.07
,2025_10,18-756-00251,34.07
,2025_10,18-757-00252,36.33
,2025_10,18-757-00253,36.33
,2025_10,18-757-00254,36.33
,2025_10,18-759-00255,32.26
,2025_10,18-758-00256,35.02
,2025_10,18-758-00257,35.02
,2025_10,18-816-00258,34.82
,2025_10,18-816-00259,34.82
,2025_10,18-816-00261,34.82
,2025_10,18-324-00262,33.92
,2025_10,18-324-00263,33.92
,2025_10,18-303-00264,34.3
,2025_10,18-799-00265,33.93
,2025_10,18-303-00266,34.3
,2025_10,18-322-00267,33.68
,2025_10,18-326-00268,34.39
,2025_10,18-325-00269,34.54
,2025_10,18-325-00270,34.54
,2025_10,18-304-00271,34.21
,2025_10,18-321-00272,33.94
,2025_10,18-321-00273,33.94
,2025_10,18-301-00274,34.51
,2025_10,18-312-00276,33.72
,2025_10,18-312-00277,33.72
,2025_10,18-755-00278,33.55
,2025_10,18-755-00279,33.55
,2025_10,18-760-00280,35.34
,2025_10,18-760-00281,35.34
,2025_10,18-314-00275,32.36
,2025_10,18-300-00101,30.26
,2025_10,18-300-00102,30.26
,2025_10,18-300-00103,30.26
,2025_10,18-300-00104,30.26
,2025_10,18-300-00105,30.26
,2025_10,18-300-00106,30.26
,2025_10,18-300-00107,30.26
,2025_10,18-300-00108,30.26
,2025_10,18-301-00109,30.52
,2025_10,18-301-00110,30.52
,2025_10,18-301-00111,30.52
,2025_10,18-301-00112,30.52
,2025_10,18-301-00113,30.52
,2025_10,18-301-00114,30.52
,2025_10,18-302-00115,30.41
,2025_10,18-302-00116,30.41
,2025_10,18-302-00117,30.41
,2025_10,18-302-00118,30.41
,2025_10,18-302-00119,30.41
,2025_10,18-303-00120,29.08
,2025_10,18-303-00121,29.08
,2025_10,18-303-00122,29.08
,2025_10,18-303-00123,29.08
,2025_10,18-799-00124,30.22
,2025_10,18-799-00125,30.22
,2025_10,18-304-00126,30.18
,2025_10,18-304-00127,30.18
,2025_10,18-304-00128,30.18
,2025_10,18-304-00129,30.18
,2025_10,18-305-00130,31.06
,2025_10,18-305-00131,31.06
,2025_10,18-305-00132,31.06
,2025_10,18-305-00133,31.06
,2025_10,18-305-00134,31.06
,2025_10,18-305-00135,31.06
,2025_10,18-305-00136,31.06
,2025_10,18-306-00137,30.34
,2025_10,18-306-00138,30.34
,2025_10,18-306-00139,30.34
,2025_10,18-306-00140,30.34
,2025_10,18-307-00141,31.08
,2025_10,18-307-00142,31.08
,2025_10,18-307-00143,31.08
,2025_10,18-307-00144,31.08
,2025_10,18-307-00145,31.08
,2025_10,18-307-00146,31.08
,2025_10,18-307-00147,31.08
,2025_10,18-308-00148,31.02
,2025_10,18-308-00149,31.02
,2025_10,18-308-00150,31.02
,2025_10,18-308-00151,31.02
,2025_10,18-308-00152,31.02
,2025_10,18-308-00153,31.02
,2025_10,18-309-00154,32.42
,2025_10,18-309-00155,32.42
,2025_10,18-309-00156,32.42
,2025_10,18-309-00157,32.42
,2025_10,18-310-00158,31.47
,2025_10,18-310-00159,31.47
,2025_10,18-310-00160,31.47
,2025_10,18-310-00161,31.47
,2025_10,18-310-00162,31.47
,2025_10,18-310-00163,31.47
,2025_10,18-310-00164,31.47
,2025_10,18-311-00165,32.08
,2025_10,18-311-00166,32.08
,2025_10,18-311-00167,32.08
,2025_10,18-311-00168,32.08
,2025_10,18-312-00169,32.23
,2025_10,18-312-00170,32.23
,2025_10,18-312-00171,32.23
,2025_10,18-313-00172,31.68
,2025_10,18-313-00173,31.68
,2025_10,18-313-00174,31.68
,2025_10,18-313-00175,31.68
,2025_10,18-313-00176,31.68
,2025_10,18-313-00177,31.68
,2025_10,18-314-00178,30.71
,2025_10,18-314-00179,30.71
,2025_10,18-315-00180,30.74
,2025_10,18-315-00181,30.74
,2025_10,18-315-00182,30.74
,2025_10,18-315-00183,30.74
,2025_10,18-316-00184,30.84
,2025_10,18-316-00185,30.84
,2025_10,18-316-00186,30.84
,2025_10,18-316-00187,30.84
,2025_10,18-316-00188,30.84
,2025_10,18-317-00189,31.79
,2025_10,18-317-00190,31.79
,2025_10,18-317-00191,31.79
,2025_10,18-317-00192,31.79
,2025_10,18-317-00193,31.79
,2025_10,18-318-00194,31.74
,2025_10,18-318-00195,31.74
,2025_10,18-318-00196,31.74
,2025_10,18-318-00197,31.74
,2025_10,18-319-00198,29.95
,2025_10,18-319-00199,29.95
,2025_10,18-319-00200,29.95
,2025_10,18-319-00201,29.95
,2025_10,18-319-00202,29.95
,2025_10,18-320-00203,29.8
,2025_10,18-320-00204,29.8
,2025_10,18-320-00205,29.8
,2025_10,18-320-00206,29.8
,2025_10,18-320-00207,29.8
,2025_10,18-321-00208,30.81
,2025_10,18-321-00209,30.81
,2025_10,18-321-00210,30.81
,2025_10,18-321-00211,30.81
,2025_10,18-321-00212,30.81
,2025_10,18-321-00213,30.81
,2025_10,18-321-00214,30.81
,2025_10,18-321-00215,30.81
,2025_10,18-321-00216,30.81
,2025_10,18-321-00217,30.81
,2025_10,18-321-00218,30.81
,2025_10,18-322-00219,31.56
,2025_10,18-322-00220,31.56
,2025_10,18-322-00221,31.56
,2025_10,18-323-00222,29.41
,2025_10,18-323-00223,29.41
,2025_10,18-323-00224,29.41
,2025_10,18-323-00225,29.41
,2025_10,18-323-00226,29.41
,2025_10,18-323-00227,29.41
,2025_10,18-323-00228,29.41
,2025_10,18-324-00260,30.6
,2025_10,18-323-00230,29.41
,2025_10,18-324-00231,30.6
,2025_10,18-324-00232,30.6
,2025_10,18-324-00233,30.6
,2025_10,18-324-00234,30.6
,2025_10,18-816-00235,30.78
,2025_10,18-816-00236,30.78
,2025_10,18-325-00237,29.66
,2025_10,18-325-00238,29.66
,2025_10,18-325-00239,29.66
,2025_10,18-326-00240,31.03
,2025_10,18-326-00241,31.03
,2025_10,18-326-00242,31.03
,2025_10,18-326-00243,31.03
,2025_10,18-326-00244,31.03
,2025_10,18-326-00245,31.03
,2025_10,18-326-00246,31.03
,2025_10,18-326-00247,31.03
,2025_10,18-755-00248,32.89
,2025_10,18-756-00249,31.3
,2025_10,18-756-00250,31.3
,2025_10,18-756-00251,31.3
,2025_10,18-757-00252,35.5
,2025_10,18-757-00253,35.5
,2025_10,18-757-00254,35.5
,2025_10,18-759-00255,32.45
,2025_10,18-758-00256,29.9
,2025_10,18-758-00257,29.9
,2025_10,18-816-00258,30.78
,2025_10,18-816-00259,30.78
,2025_10,18-816-00261,30.78
,2025_10,18-324-00262,30.6
,2025_10,18-324-00263,30.6
,2025_10,18-303-00264,29.08
,2025_10,18-799-00265,30.22
,2025_10,18-303-00266,29.08
,2025_10,18-322-00267,31.56
,2025_10,18-326-00268,31.03
,2025_10,18-325-00269,29.66
,2025_10,18-325-00270,29.66
,2025_10,18-304-00271,30.18
,2025_10,18-321-00272,30.81
,2025_10,18-321-00273,30.81
,2025_10,18-301-00274,30.52
,2025_10,18-312-00276,32.23
,2025_10,18-312-00277,32.23
,2025_10,18-755-00278,32.89
,2025_10,18-755-00279,32.89
,2025_10,18-760-00280,30.03
,2025_10,18-760-00281,30.03
,2025_10,18-314-00275,30.71
,2025_10,18-300-00101,32.73
,2025_10,18-300-00102,32.73
,2025_10,18-300-00103,32.73
,2025_10,18-300-00104,32.73
,2025_10,18-300-00105,32.73
,2025_10,18-300-00106,32.73
,2025_10,18-300-00107,32.73
,2025_10,18-300-00108,32.73
,2025_10,18-301-00109,31.51
,2025_10,18-301-00110,31.51
,2025_10,18-301-00111,31.51
,2025_10,18-301-00112,31.51
,2025_10,18-301-00113,31.51
,2025_10,18-301-00114,31.51
,2025_10,18-302-00115,32.07
,2025_10,18-302-00116,32.07
,2025_10,18-302-00117,32.07
,2025_10,18-302-00118,32.07
,2025_10,18-302-00119,32.07
,2025_10,18-303-00120,30.95
,2025_10,18-303-00121,30.95
,2025_10,18-303-00122,30.95
,2025_10,18-303-00123,30.95
,2025_10,18-799-00124,33.36
,2025_10,18-799-00125,33.36
,2025_10,18-304-00126,33.41
,2025_10,18-304-00127,33.41
,2025_10,18-304-00128,33.41
,2025_10,18-304-00129,33.41
,2025_10,18-305-00130,34.11
,2025_10,18-305-00131,34.11
,2025_10,18-305-00132,34.11
,2025_10,18-305-00133,34.11
,2025_10,18-305-00134,34.11
,2025_10,18-305-00135,34.11
,2025_10,18-305-00136,34.11
,2025_10,18-306-00137,33.32
,2025_10,18-306-00138,33.32
,2025_10,18-306-00139,33.32
,2025_10,18-306-00140,33.32
,2025_10,18-307-00141,33.89
,2025_10,18-307-00142,33.89
,2025_10,18-307-00143,33.89
,2025_10,18-307-00144,33.89
,2025_10,18-307-00145,33.89
,2025_10,18-307-00146,33.89
,2025_10,18-307-00147,33.89
,2025_10,18-308-00148,34.24
,2025_10,18-308-00149,34.24
,2025_10,18-308-00150,34.24
,2025_10,18-308-00151,34.24
,2025_10,18-308-00152,34.24
,2025_10,18-308-00153,34.24
,2025_10,18-309-00154,33.73
,2025_10,18-309-00155,33.73
,2025_10,18-309-00156,33.73
,2025_10,18-309-00157,33.73
,2025_10,18-310-00158,33.06
,2025_10,18-310-00159,33.06
,2025_10,18-310-00160,33.06
,2025_10,18-310-00161,33.06
,2025_10,18-310-00162,33.06
,2025_10,18-310-00163,33.06
,2025_10,18-310-00164,33.06
,2025_10,18-311-00165,33.92
,2025_10,18-311-00166,33.92
,2025_10,18-311-00167,33.92
,2025_10,18-311-00168,33.92
,2025_10,18-312-00169,34.64
,2025_10,18-312-00170,34.64
,2025_10,18-312-00171,34.64
,2025_10,18-313-00172,34.11
,2025_10,18-313-00173,34.11
,2025_10,18-313-00174,34.11
,2025_10,18-313-00175,34.11
,2025_10,18-313-00176,34.11
,2025_10,18-313-00177,34.11
,2025_10,18-314-00178,32.48
,2025_10,18-314-00179,32.48
,2025_10,18-315-00180,31.52
,2025_10,18-315-00181,31.52
,2025_10,18-315-00182,31.52
,2025_10,18-315-00183,31.52
,2025_10,18-316-00184,31.8
,2025_10,18-316-00185,31.8
,2025_10,18-316-00186,31.8
,2025_10,18-316-00187,31.8
,2025_10,18-316-00188,31.8
,2025_10,18-317-00189,30.66
,2025_10,18-317-00190,30.66
,2025_10,18-317-00191,30.66
,2025_10,18-317-00192,30.66
,2025_10,18-317-00193,30.66
,2025_10,18-318-00194,31.03
,2025_10,18-318-00195,31.03
,2025_10,18-318-00196,31.03
,2025_10,18-318-00197,31.03
,2025_10,18-319-00198,32.36
,2025_10,18-319-00199,32.36
,2025_10,18-319-00200,32.36
,2025_10,18-319-00201,32.36
,2025_10,18-319-00202,32.36
,2025_10,18-320-00203,32.71
,2025_10,18-320-00204,32.71
,2025_10,18-320-00205,32.71
,2025_10,18-320-00206,32.71
,2025_10,18-320-00207,32.71
,2025_10,18-321-00208,31.68
,2025_10,18-321-00209,31.68
,2025_10,18-321-00210,31.68
,2025_10,18-321-00211,31.68
,2025_10,18-321-00212,31.68
,2025_10,18-321-00213,31.68
,2025_10,18-321-00214,31.68
,2025_10,18-321-00215,31.68
,2025_10,18-321-00216,31.68
,2025_10,18-321-00217,31.68
,2025_10,18-321-00218,31.68
,2025_10,18-322-00219,32.87
,2025_10,18-322-00220,32.87
,2025_10,18-322-00221,32.87
,2025_10,18-323-00222,32.32
,2025_10,18-323-00223,32.32
,2025_10,18-323-00224,32.32
,2025_10,18-323-00225,32.32
,2025_10,18-323-00226,32.32
,2025_10,18-323-00227,32.32
,2025_10,18-323-00228,32.32
,2025_10,18-324-00260,33.03
,2025_10,18-323-00230,32.32
,2025_10,18-324-00231,33.03
,2025_10,18-324-00232,33.03
,2025_10,18-324-00233,33.03
,2025_10,18-324-00234,33.03
,2025_10,18-816-00235,33.76
,2025_10,18-816-00236,33.76
,2025_10,18-325-00237,32.66
,2025_10,18-325-00238,32.66
,2025_10,18-325-00239,32.66
,2025_10,18-326-00240,33.73
,2025_10,18-326-00241,33.73
,2025_10,18-326-00242,33.73
,2025_10,18-326-00243,33.73
,2025_10,18-326-00244,33.73
,2025_10,18-326-00245,33.73
,2025_10,18-326-00246,33.73
,2025_10,18-326-00247,33.73
,2025_10,18-755-00248,33.95
,2025_10,18-756-00249,33.86
,2025_10,18-756-00250,33.86
,2025_10,18-756-00251,33.86
,2025_10,18-757-00252,36.85
,2025_10,18-757-00253,36.85
,2025_10,18-757-00254,36.85
,2025_10,18-759-00255,32.82
,2025_10,18-758-00256,29.95
,2025_10,18-758-00257,29.95
,2025_10,18-816-00258,33.76
,2025_10,18-816-00259,33.76
,2025_10,18-816-00261,33.76
,2025_10,18-324-00262,33.03
,2025_10,18-324-00263,33.03
,2025_10,18-303-00264,30.95
,2025_10,18-799-00265,33.36
,2025_10,18-303-00266,30.95
,2025_10,18-322-00267,32.87
,2025_10,18-326-00268,33.73
,2025_10,18-325-00269,32.66
,2025_10,18-325-00270,32.66
,2025_10,18-304-00271,33.41
,2025_10,18-321-00272,31.68
,2025_10,18-321-00273,31.68
,2025_10,18-301-00274,31.51
,2025_10,18-312-00276,34.64
,2025_10,18-312-00277,34.64
,2025_10,18-755-00278,33.95
,2025_10,18-755-00279,33.95
,2025_10,18-760-00280,32.96
,2025_10,18-760-00281,32.96
,2025_10,18-314-00275,32.48
,2025_10,18-300-00101,30.52
,2025_10,18-300-00102,30.52
,2025_10,18-300-00103,30.52
,2025_10,18-300-00104,30.52
,2025_10,18-300-00105,30.52
,2025_10,18-300-00106,30.52
,2025_10,18-300-00107,30.52
,2025_10,18-300-00108,30.52
,2025_10,18-301-00109,27.44
,2025_10,18-301-00110,27.44
,2025_10,18-301-00111,27.44
,2025_10,18-301-00112,27.44
,2025_10,18-301-00113,27.44
,2025_10,18-301-00114,27.44
,2025_10,18-302-00115,25.98
,2025_10,18-302-00116,25.98
,2025_10,18-302-00117,25.98
,2025_10,18-302-00118,25.98
,2025_10,18-302-00119,25.98
,2025_10,18-303-00120,27.95
,2025_10,18-303-00121,27.95
,2025_10,18-303-00122,27.95
,2025_10,18-303-00123,27.95
,2025_10,18-799-00124,30.66
,2025_10,18-799-00125,30.66
,2025_10,18-304-00126,24.66
,2025_10,18-304-00127,24.66
,2025_10,18-304-00128,24.66
,2025_10,18-304-00129,24.66
,2025_10,18-305-00130,24.97
,2025_10,18-305-00131,24.97
,2025_10,18-305-00132,24.97
,2025_10,18-305-00133,24.97
,2025_10,18-305-00134,24.97
,2025_10,18-305-00135,24.97
,2025_10,18-305-00136,24.97
,2025_10,18-306-00137,24.22
,2025_10,18-306-00138,24.22
,2025_10,18-306-00139,24.22
,2025_10,18-306-00140,24.22
,2025_10,18-307-00141,24.09
,2025_10,18-307-00142,24.09
,2025_10,18-307-00143,24.09
,2025_10,18-307-00144,24.09
,2025_10,18-307-00145,24.09
,2025_10,18-307-00146,24.09
,2025_10,18-307-00147,24.09
,2025_10,18-308-00148,24.39
,2025_10,18-308-00149,24.39
,2025_10,18-308-00150,24.39
,2025_10,18-308-00151,24.39
,2025_10,18-308-00152,24.39
,2025_10,18-308-00153,24.39
,2025_10,18-309-00154,26.89
,2025_10,18-309-00155,26.89
,2025_10,18-309-00156,26.89
,2025_10,18-309-00157,26.89
,2025_10,18-310-00158,25.25
,2025_10,18-310-00159,25.25
,2025_10,18-310-00160,25.25
,2025_10,18-310-00161,25.25
,2025_10,18-310-00162,25.25
,2025_10,18-310-00163,25.25
,2025_10,18-310-00164,25.25
,2025_10,18-311-00165,26.51
,2025_10,18-311-00166,26.51
,2025_10,18-311-00167,26.51
,2025_10,18-311-00168,26.51
,2025_10,18-312-00169,26.52
,2025_10,18-312-00170,26.52
,2025_10,18-312-00171,26.52
,2025_10,18-313-00172,21.98
,2025_10,18-313-00173,21.98
,2025_10,18-313-00174,21.98
,2025_10,18-313-00175,21.98
,2025_10,18-313-00176,21.98
,2025_10,18-313-00177,21.98
,2025_10,18-314-00178,30.44
,2025_10,18-314-00179,30.44
,2025_10,18-315-00180,29.82
,2025_10,18-315-00181,29.82
,2025_10,18-315-00182,29.82
,2025_10,18-315-00183,29.82
,2025_10,18-316-00184,28.35
,2025_10,18-316-00185,28.35
,2025_10,18-316-00186,28.35
,2025_10,18-316-00187,28.35
,2025_10,18-316-00188,28.35
,2025_10,18-317-00189,29.6
,2025_10,18-317-00190,29.6
,2025_10,18-317-00191,29.6
,2025_10,18-317-00192,29.6
,2025_10,18-317-00193,29.6
,2025_10,18-318-00194,29.91
,2025_10,18-318-00195,29.91
,2025_10,18-318-00196,29.91
,2025_10,18-318-00197,29.91
,2025_10,18-319-00198,26.2
,2025_10,18-319-00199,26.2
,2025_10,18-319-00200,26.2
,2025_10,18-319-00201,26.2
,2025_10,18-319-00202,26.2
,2025_10,18-320-00203,29.67
,2025_10,18-320-00204,29.67
,2025_10,18-320-00205,29.67
,2025_10,18-320-00206,29.67
,2025_10,18-320-00207,29.67
,2025_10,18-321-00208,28.31
,2025_10,18-321-00209,28.31
,2025_10,18-321-00210,28.31
,2025_10,18-321-00211,28.31
,2025_10,18-321-00212,28.31
,2025_10,18-321-00213,28.31
,2025_10,18-321-00214,28.31
,2025_10,18-321-00215,28.31
,2025_10,18-321-00216,28.31
,2025_10,18-321-00217,28.31
,2025_10,18-321-00218,28.31
,2025_10,18-322-00219,27.72
,2025_10,18-322-00220,27.72
,2025_10,18-322-00221,27.72
,2025_10,18-323-00222,27.13
,2025_10,18-323-00223,27.13
,2025_10,18-323-00224,27.13
,2025_10,18-323-00225,27.13
,2025_10,18-323-00226,27.13
,2025_10,18-323-00227,27.13
,2025_10,18-323-00228,27.13
,2025_10,18-324-00260,
,2025_10,18-323-00230,27.13
,2025_10,18-324-00231,
,2025_10,18-324-00232,
,2025_10,18-324-00233,
,2025_10,18-324-00234,
,2025_10,18-816-00235,
,2025_10,18-816-00236,
,2025_10,18-325-00237,25.75
,2025_10,18-325-00238,25.75
,2025_10,18-325-00239,25.75
,2025_10,18-326-00240,
,2025_10,18-326-00241,
,2025_10,18-326-00242,
,2025_10,18-326-00243,
,2025_10,18-326-00244,
,2025_10,18-326-00245,
,2025_10,18-326-00246,
,2025_10,18-326-00247,
,2025_10,18-755-00248,
,2025_10,18-756-00249,25.77
,2025_10,18-756-00250,25.77
,2025_10,18-756-00251,25.77
,2025_10,18-757-00252,30.91
,2025_10,18-757-00253,30.91
,2025_10,18-757-00254,30.91
,2025_10,18-759-00255,29.27
,2025_10,18-758-00256,25.4
,2025_10,18-758-00257,25.4
,2025_10,18-816-00258,
,2025_10,18-816-00259,
,2025_10,18-816-00261,
,2025_10,18-324-00262,
,2025_10,18-324-00263,
,2025_10,18-303-00264,27.95
,2025_10,18-799-00265,30.66
,2025_10,18-303-00266,27.95
,2025_10,18-322-00267,27.72
,2025_10,18-326-00268,
,2025_10,18-325-00269,25.75
,2025_10,18-325-00270,25.75
,2025_10,18-304-00271,24.66
,2025_10,18-321-00272,28.31
,2025_10,18-321-00273,28.31
,2025_10,18-301-00274,27.44
,2025_10,18-312-00276,26.52
,2025_10,18-312-00277,26.52
,2025_10,18-755-00278,
,2025_10,18-755-00279,
,2025_10,18-760-00280,23.96
,2025_10,18-760-00281,23.96
,2025_10,18-314-00275,30.44
,2025_10,18-300-00101,33.04
,2025_10,18-300-00102,33.04
,2025_10,18-300-00103,33.04
,2025_10,18-300-00104,33.04
,2025_10,18-300-00105,33.04
,2025_10,18-300-00106,33.04
,2025_10,18-300-00107,33.04
,2025_10,18-300-00108,33.04
,2025_10,18-301-00109,29.04
,2025_10,18-301-00110,29.04
,2025_10,18-301-00111,29.04
,2025_10,18-301-00112,29.04
,2025_10,18-301-00113,29.04
,2025_10,18-301-00114,29.04
,2025_10,18-302-00115,27.63
,2025_10,18-302-00116,27.63
,2025_10,18-302-00117,27.63
,2025_10,18-302-00118,27.63
,2025_10,18-302-00119,27.63
,2025_10,18-303-00120,29.08
,2025_10,18-303-00121,29.08
,2025_10,18-303-00122,29.08
,2025_10,18-303-00123,29.08
,2025_10,18-799-00124,31.93
,2025_10,18-799-00125,31.93
,2025_10,18-304-00126,28.32
,2025_10,18-304-00127,28.32
,2025_10,18-304-00128,28.32
,2025_10,18-304-00129,28.32
,2025_10,18-305-00130,32.04
,2025_10,18-305-00131,32.04
,2025_10,18-305-00132,32.04
,2025_10,18-305-00133,32.04
,2025_10,18-305-00134,32.04
,2025_10,18-305-00135,32.04
,2025_10,18-305-00136,32.04
,2025_10,18-306-00137,29.03
,2025_10,18-306-00138,29.03
,2025_10,18-306-00139,29.03
,2025_10,18-306-00140,29.03
,2025_10,18-307-00141,35.99
,2025_10,18-307-00142,35.99
,2025_10,18-307-00143,35.99
,2025_10,18-307-00144,35.99
,2025_10,18-307-00145,35.99
,2025_10,18-307-00146,35.99
,2025_10,18-307-00147,35.99
,2025_10,18-308-00148,34.32
,2025_10,18-308-00149,34.32
,2025_10,18-308-00150,34.32
,2025_10,18-308-00151,34.32
,2025_10,18-308-00152,34.32
,2025_10,18-308-00153,34.32
,2025_10,18-309-00154,31.28
,2025_10,18-309-00155,31.28
,2025_10,18-309-00156,31.28
,2025_10,18-309-00157,31.28
,2025_10,18-310-00158,30.62
,2025_10,18-310-00159,30.62
,2025_10,18-310-00160,30.62
,2025_10,18-310-00161,30.62
,2025_10,18-310-00162,30.62
,2025_10,18-310-00163,30.62
,2025_10,18-310-00164,30.62
,2025_10,18-311-00165,36.32
,2025_10,18-311-00166,36.32
,2025_10,18-311-00167,36.32
,2025_10,18-311-00168,36.32
,2025_10,18-312-00169,36.19
,2025_10,18-312-00170,36.19
,2025_10,18-312-00171,36.19
,2025_10,18-313-00172,33.37
,2025_10,18-313-00173,33.37
,2025_10,18-313-00174,33.37
,2025_10,18-313-00175,33.37
,2025_10,18-313-00176,33.37
,2025_10,18-313-00177,33.37
,2025_10,18-314-00178,32.83
,2025_10,18-314-00179,32.83
,2025_10,18-315-00180,30.23
,2025_10,18-315-00181,30.23
,2025_10,18-315-00182,30.23
,2025_10,18-315-00183,30.23
,2025_10,18-316-00184,32.5
,2025_10,18-316-00185,32.5
,2025_10,18-316-00186,32.5
,2025_10,18-316-00187,32.5
,2025_10,18-316-00188,32.5
,2025_10,18-317-00189,33.81
,2025_10,18-317-00190,33.81
,2025_10,18-317-00191,33.81
,2025_10,18-317-00192,33.81
,2025_10,18-317-00193,33.81
,2025_10,18-318-00194,32.78
,2025_10,18-318-00195,32.78
,2025_10,18-318-00196,32.78
,2025_10,18-318-00197,32.78
,2025_10,18-319-00198,29.26
,2025_10,18-319-00199,29.26
,2025_10,18-319-00200,29.26
,2025_10,18-319-00201,29.26
,2025_10,18-319-00202,29.26
,2025_10,18-320-00203,34.84
,2025_10,18-320-00204,34.84
,2025_10,18-320-00205,34.84
,2025_10,18-320-00206,34.84
,2025_10,18-320-00207,34.84
,2025_10,18-321-00208,30.09
,2025_10,18-321-00209,30.09
,2025_10,18-321-00210,30.09
,2025_10,18-321-00211,30.09
,2025_10,18-321-00212,30.09
,2025_10,18-321-00213,30.09
,2025_10,18-321-00214,30.09
,2025_10,18-321-00215,30.09
,2025_10,18-321-00216,30.09
,2025_10,18-321-00217,30.09
,2025_10,18-321-00218,30.09
,2025_10,18-322-00219,30.23
,2025_10,18-322-00220,30.23
,2025_10,18-322-00221,30.23
,2025_10,18-323-00222,30.48
,2025_10,18-323-00223,30.48
,2025_10,18-323-00224,30.48
,2025_10,18-323-00225,30.48
,2025_10,18-323-00226,30.48
,2025_10,18-323-00227,30.48
,2025_10,18-323-00228,30.48
,2025_10,18-324-00260,35.38
,2025_10,18-323-00230,30.48
,2025_10,18-324-00231,35.38
,2025_10,18-324-00232,35.38
,2025_10,18-324-00233,35.38
,2025_10,18-324-00234,35.38
,2025_10,18-816-00235,36.98
,2025_10,18-816-00236,36.98
,2025_10,18-325-00237,29.4
,2025_10,18-325-00238,29.4
,2025_10,18-325-00239,29.4
,2025_10,18-326-00240,36.87
,2025_10,18-326-00241,36.87
,2025_10,18-326-00242,36.87
,2025_10,18-326-00243,36.87
,2025_10,18-326-00244,36.87
,2025_10,18-326-00245,36.87
,2025_10,18-326-00246,36.87
,2025_10,18-326-00247,36.87
,2025_10,18-755-00248,34.71
,2025_10,18-756-00249,27.68
,2025_10,18-756-00250,27.68
,2025_10,18-756-00251,27.68
,2025_10,18-757-00252,36.06
,2025_10,18-757-00253,36.06
,2025_10,18-757-00254,36.06
,2025_10,18-759-00255,32.9
,2025_10,18-758-00256,28.26
,2025_10,18-758-00257,28.26
,2025_10,18-816-00258,36.98
,2025_10,18-816-00259,36.98
,2025_10,18-816-00261,36.98
,2025_10,18-324-00262,35.38
,2025_10,18-324-00263,35.38
,2025_10,18-303-00264,29.08
,2025_10,18-799-00265,31.93
,2025_10,18-303-00266,29.08
,2025_10,18-322-00267,30.23
,2025_10,18-326-00268,36.87
,2025_10,18-325-00269,29.4
,2025_10,18-325-00270,29.4
,2025_10,18-304-00271,28.32
,2025_10,18-321-00272,30.09
,2025_10,18-321-00273,30.09
,2025_10,18-301-00274,29.04
,2025_10,18-312-00276,36.19
,2025_10,18-312-00277,36.19
,2025_10,18-755-00278,34.71
,2025_10,18-755-00279,34.71
,2025_10,18-760-00280,33.44
,2025_10,18-760-00281,33.44
,2025_10,18-314-00275,32.83
,2025_10,18-300-00101,32.36
,2025_10,18-300-00102,32.36
,2025_10,18-300-00103,32.36
,2025_10,18-300-00104,32.36
,2025_10,18-300-00105,32.36
,2025_10,18-300-00106,32.36
,2025_10,18-300-00107,32.36
,2025_10,18-300-00108,32.36
,2025_10,18-301-00109,29.84
,2025_10,18-301-00110,29.84
,2025_10,18-301-00111,29.84
,2025_10,18-301-00112,29.84
,2025_10,18-301-00113,29.84
,2025_10,18-301-00114,29.84
,2025_10,18-302-00115,29.56
,2025_10,18-302-00116,29.56
,2025_10,18-302-00117,29.56
,2025_10,18-302-00118,29.56
,2025_10,18-302-00119,29.56
,2025_10,18-303-00120,30.51
,2025_10,18-303-00121,30.51
,2025_10,18-303-00122,30.51
,2025_10,18-303-00123,30.51
,2025_10,18-799-00124,34.57
,2025_10,18-799-00125,34.57
,2025_10,18-304-00126,31.34
,2025_10,18-304-00127,31.34
,2025_10,18-304-00128,31.34
,2025_10,18-304-00129,31.34
,2025_10,18-305-00130,30.96
,2025_10,18-305-00131,30.96
,2025_10,18-305-00132,30.96
,2025_10,18-305-00133,30.96
,2025_10,18-305-00134,30.96
,2025_10,18-305-00135,30.96
,2025_10,18-305-00136,30.96
,2025_10,18-306-00137,31.09
,2025_10,18-306-00138,31.09
,2025_10,18-306-00139,31.09
,2025_10,18-306-00140,31.09
,2025_10,18-307-00141,32.61
,2025_10,18-307-00142,32.61
,2025_10,18-307-00143,32.61
,2025_10,18-307-00144,32.61
,2025_10,18-307-00145,32.61
,2025_10,18-307-00146,32.61
,2025_10,18-307-00147,32.61
,2025_10,18-308-00148,31.2
,2025_10,18-308-00149,31.2
,2025_10,18-308-00150,31.2
,2025_10,18-308-00151,31.2
,2025_10,18-308-00152,31.2
,2025_10,18-308-00153,31.2
,2025_10,18-309-00154,32.76
,2025_10,18-309-00155,32.76
,2025_10,18-309-00156,32.76
,2025_10,18-309-00157,32.76
,2025_10,18-310-00158,32.03
,2025_10,18-310-00159,32.03
,2025_10,18-310-00160,32.03
,2025_10,18-310-00161,32.03
,2025_10,18-310-00162,32.03
,2025_10,18-310-00163,32.03
,2025_10,18-310-00164,32.03
,2025_10,18-311-00165,32.33
,2025_10,18-311-00166,32.33
,2025_10,18-311-00167,32.33
,2025_10,18-311-00168,32.33
,2025_10,18-312-00169,31.6
,2025_10,18-312-00170,31.6
,2025_10,18-312-00171,31.6
,2025_10,18-313-00172,30.99
,2025_10,18-313-00173,30.99
,2025_10,18-313-00174,30.99
,2025_10,18-313-00175,30.99
,2025_10,18-313-00176,30.99
,2025_10,18-313-00177,30.99
,2025_10,18-314-00178,30.66
,2025_10,18-314-00179,30.66
,2025_10,18-315-00180,31.01
,2025_10,18-315-00181,31.01
,2025_10,18-315-00182,31.01
,2025_10,18-315-00183,31.01
,2025_10,18-316-00184,31.89
,2025_10,18-316-00185,31.89
,2025_10,18-316-00186,31.89
,2025_10,18-316-00187,31.89
,2025_10,18-316-00188,31.89
,2025_10,18-317-00189,30.12
,2025_10,18-317-00190,30.12
,2025_10,18-317-00191,30.12
,2025_10,18-317-00192,30.12
,2025_10,18-317-00193,30.12
,2025_10,18-318-00194,30.64
,2025_10,18-318-00195,30.64
,2025_10,18-318-00196,30.64
,2025_10,18-318-00197,30.64
,2025_10,18-319-00198,29.68
,2025_10,18-319-00199,29.68
,2025_10,18-319-00200,29.68
,2025_10,18-319-00201,29.68
,2025_10,18-319-00202,29.68
,2025_10,18-320-00203,32.41
,2025_10,18-320-00204,32.41
,2025_10,18-320-00205,32.41
,2025_10,18-320-00206,32.41
,2025_10,18-320-00207,32.41
,2025_10,18-321-00208,32.02
,2025_10,18-321-00209,32.02
,2025_10,18-321-00210,32.02
,2025_10,18-321-00211,32.02
,2025_10,18-321-00212,32.02
,2025_10,18-321-00213,32.02
,2025_10,18-321-00214,32.02
,2025_10,18-321-00215,32.02
,2025_10,18-321-00216,32.02
,2025_10,18-321-00217,32.02
,2025_10,18-321-00218,32.02
,2025_10,18-322-00219,30.13
,2025_10,18-322-00220,30.13
,2025_10,18-322-00221,30.13
,2025_10,18-323-00222,32.94
,2025_10,18-323-00223,32.94
,2025_10,18-323-00224,32.94
,2025_10,18-323-00225,32.94
,2025_10,18-323-00226,32.94
,2025_10,18-323-00227,32.94
,2025_10,18-323-00228,32.94
,2025_10,18-324-00260,33.34
,2025_10,18-323-00230,32.94
,2025_10,18-324-00231,33.34
,2025_10,18-324-00232,33.34
,2025_10,18-324-00233,33.34
,2025_10,18-324-00234,33.34
,2025_10,18-816-00235,31.35
,2025_10,18-816-00236,31.35
,2025_10,18-325-00237,31.65
,2025_10,18-325-00238,31.65
,2025_10,18-325-00239,31.65
,2025_10,18-326-00240,31.31
,2025_10,18-326-00241,31.31
,2025_10,18-326-00242,31.31
,2025_10,18-326-00243,31.31
,2025_10,18-326-00244,31.31
,2025_10,18-326-00245,31.31
,2025_10,18-326-00246,31.31
,2025_10,18-326-00247,31.31
,2025_10,18-755-00248,33.03
,2025_10,18-756-00249,31.61
,2025_10,18-756-00250,31.61
,2025_10,18-756-00251,31.61
,2025_10,18-757-00252,31.6
,2025_10,18-757-00253,31.6
,2025_10,18-757-00254,31.6
,2025_10,18-759-00255,30.81
,2025_10,18-758-00256,29.08
,2025_10,18-758-00257,29.08
,2025_10,18-816-00258,31.35
,2025_10,18-816-00259,31.35
,2025_10,18-816-00261,31.35
,2025_10,18-324-00262,33.34
,2025_10,18-324-00263,33.34
,2025_10,18-303-00264,30.51
,2025_10,18-799-00265,34.57
,2025_10,18-303-00266,30.51
,2025_10,18-322-00267,30.13
,2025_10,18-326-00268,31.31
,2025_10,18-325-00269,31.65
,2025_10,18-325-00270,31.65
,2025_10,18-304-00271,31.34
,2025_10,18-321-00272,32.02
,2025_10,18-321-00273,32.02
,2025_10,18-301-00274,29.84
,2025_10,18-312-00276,31.6
,2025_10,18-312-00277,31.6
,2025_10,18-755-00278,33.03
,2025_10,18-755-00279,33.03
,2025_10,18-760-00280,31.78
,2025_10,18-760-00281,31.78
,2025_10,18-314-00275,30.66
,2025_10,18-300-00101,32.89
,2025_10,18-300-00102,32.89
,2025_10,18-300-00103,32.89
,2025_10,18-300-00104,32.89
,2025_10,18-300-00105,32.89
,2025_10,18-300-00106,32.89
,2025_10,18-300-00107,32.89
,2025_10,18-300-00108,32.89
,2025_10,18-301-00109,29.33
,2025_10,18-301-00110,29.33
,2025_10,18-301-00111,29.33
,2025_10,18-301-00112,29.33
,2025_10,18-301-00113,29.33
,2025_10,18-301-00114,29.33
,2025_10,18-302-00115,29.8
,2025_10,18-302-00116,29.8
,2025_10,18-302-00117,29.8
,2025_10,18-302-00118,29.8
,2025_10,18-302-00119,29.8
,2025_10,18-303-00120,30.96
,2025_10,18-303-00121,30.96
,2025_10,18-303-00122,30.96
,2025_10,18-303-00123,30.96
,2025_10,18-799-00124,33.0
,2025_10,18-799-00125,33.0
,2025_10,18-304-00126,30.71
,2025_10,18-304-00127,30.71
,2025_10,18-304-00128,30.71
,2025_10,18-304-00129,30.71
,2025_10,18-305-00130,32.02
,2025_10,18-305-00131,32.02
,2025_10,18-305-00132,32.02
,2025_10,18-305-00133,32.02
,2025_10,18-305-00134,32.02
,2025_10,18-305-00135,32.02
,2025_10,18-305-00136,32.02
,2025_10,18-306-00137,32.56
,2025_10,18-306-00138,32.56
,2025_10,18-306-00139,32.56
,2025_10,18-306-00140,32.56
,2025_10,18-307-00141,31.36
,2025_10,18-307-00142,31.36
,2025_10,18-307-00143,31.36
,2025_10,18-307-00144,31.36
,2025_10,18-307-00145,31.36
,2025_10,18-307-00146,31.36
,2025_10,18-307-00147,31.36
,2025_10,18-308-00148,30.99
,2025_10,18-308-00149,30.99
,2025_10,18-308-00150,30.99
,2025_10,18-308-00151,30.99
,2025_10,18-308-00152,30.99
,2025_10,18-308-00153,30.99
,2025_10,18-309-00154,31.48
,2025_10,18-309-00155,31.48
,2025_10,18-309-00156,31.48
,2025_10,18-309-00157,31.48
,2025_10,18-310-00158,29.51
,2025_10,18-310-00159,29.51
,2025_10,18-310-00160,29.51
,2025_10,18-310-00161,29.51
,2025_10,18-310-00162,29.51
,2025_10,18-310-00163,29.51
,2025_10,18-310-00164,29.51
,2025_10,18-311-00165,30.46
,2025_10,18-311-00166,30.46
,2025_10,18-311-00167,30.46
,2025_10,18-311-00168,30.46
,2025_10,18-312-00169,30.83
,2025_10,18-312-00170,30.83
,2025_10,18-312-00171,30.83
,2025_10,18-313-00172,30.66
,2025_10,18-313-00173,30.66
,2025_10,18-313-00174,30.66
,2025_10,18-313-00175,30.66
,2025_10,18-313-00176,30.66
,2025_10,18-313-00177,30.66
,2025_10,18-314-00178,30.71
,2025_10,18-314-00179,30.71
,2025_10,18-315-00180,29.85
,2025_10,18-315-00181,29.85
,2025_10,18-315-00182,29.85
,2025_10,18-315-00183,29.85
,2025_10,18-316-00184,32.34
,2025_10,18-316-00185,32.34
,2025_10,18-316-00186,32.34
,2025_10,18-316-00187,32.34
,2025_10,18-316-00188,32.34
,2025_10,18-317-00189,32.54
,2025_10,18-317-00190,32.54
,2025_10,18-317-00191,32.54
,2025_10,18-317-00192,32.54
,2025_10,18-317-00193,32.54
,2025_10,18-318-00194,32.2
,2025_10,18-318-00195,32.2
,2025_10,18-318-00196,32.2
,2025_10,18-318-00197,32.2
,2025_10,18-319-00198,31.71
,2025_10,18-319-00199,31.71
,2025_10,18-319-00200,31.71
,2025_10,18-319-00201,31.71
,2025_10,18-319-00202,31.71
,2025_10,18-320-00203,32.88
,2025_10,18-320-00204,32.88
,2025_10,18-320-00205,32.88
,2025_10,18-320-00206,32.88
,2025_10,18-320-00207,32.88
,2025_10,18-321-00208,31.25
,2025_10,18-321-00209,31.25
,2025_10,18-321-00210,31.25
,2025_10,18-321-00211,31.25
,2025_10,18-321-00212,31.25
,2025_10,18-321-00213,31.25
,2025_10,18-321-00214,31.25
,2025_10,18-321-00215,31.25
,2025_10,18-321-00216,31.25
,2025_10,18-321-00217,31.25
,2025_10,18-321-00218,31.25
,2025_10,18-322-00219,31.04
,2025_10,18-322-00220,31.04
,2025_10,18-322-00221,31.04
,2025_10,18-323-00222,31.78
,2025_10,18-323-00223,31.78
,2025_10,18-323-00224,31.78
,2025_10,18-323-00225,31.78
,2025_10,18-323-00226,31.78
,2025_10,18-323-00227,31.78
,2025_10,18-323-00228,31.78
,2025_10,18-324-00260,32.37
,2025_10,18-323-00230,31.78
,2025_10,18-324-00231,32.37
,2025_10,18-324-00232,32.37
,2025_10,18-324-00233,32.37
,2025_10,18-324-00234,32.37
,2025_10,18-816-00235,32.91
,2025_10,18-816-00236,32.91
,2025_10,18-325-00237,31.36
,2025_10,18-325-00238,31.36
,2025_10,18-325-00239,31.36
,2025_10,18-326-00240,33.59
,2025_10,18-326-00241,33.59
,2025_10,18-326-00242,33.59
,2025_10,18-326-00243,33.59
,2025_10,18-326-00244,33.59
,2025_10,18-326-00245,33.59
,2025_10,18-326-00246,33.59
,2025_10,18-326-00247,33.59
,2025_10,18-755-00248,30.71
,2025_10,18-756-00249,31.72
,2025_10,18-756-00250,31.72
,2025_10,18-756-00251,31.72
,2025_10,18-757-00252,31.33
,2025_10,18-757-00253,31.33
,2025_10,18-757-00254,31.33
,2025_10,18-759-00255,29.71
,2025_10,18-758-00256,27.99
,2025_10,18-758-00257,27.99
,2025_10,18-816-00258,32.91
,2025_10,18-816-00259,32.91
,2025_10,18-816-00261,32.91
,2025_10,18-324-00262,32.37
,2025_10,18-324-00263,32.37
,2025_10,18-303-00264,30.96
,2025_10,18-799-00265,33.0
,2025_10,18-303-00266,30.96
,2025_10,18-322-00267,31.04
,2025_10,18-326-00268,33.59
,2025_10,18-325-00269,31.36
,2025_10,18-325-00270,31.36
,2025_10,18-304-00271,30.71
,2025_10,18-321-00272,31.25
,2025_10,18-321-00273,31.25
,2025_10,18-301-00274,29.33
,2025_10,18-312-00276,30.83
,2025_10,18-312-00277,30.83
,2025_10,18-755-00278,30.71
,2025_10,18-755-00279,30.71
,2025_10,18-760-00280,28.62
,2025_10,18-760-00281,28.62
,2025_10,18-314-00275,30.71
,2025_10,18-300-00101,30.95
,2025_10,18-300-00102,30.95
,2025_10,18-300-00103,30.95
,2025_10,18-300-00104,30.95
,2025_10,18-300-00105,30.95
,2025_10,18-300-00106,30.95
,2025_10,18-300-00107,30.95
,2025_10,18-300-00108,30.95
,2025_10,18-301-00109,30.47
,2025_10,18-301-00110,30.47
,2025_10,18-301-00111,30.47
,2025_10,18-301-00112,30.47
,2025_10,18-301-00113,30.47
,2025_10,18-301-00114,30.47
,2025_10,18-302-00115,29.44
,2025_10,18-302-00116,29.44
,2025_10,18-302-00117,29.44
,2025_10,18-302-00118,29.44
,2025_10,18-302-00119,29.44
,2025_10,18-303-00120,29.78
,2025_10,18-303-00121,29.78
,2025_10,18-303-00122,29.78
,2025_10,18-303-00123,29.78
,2025_10,18-799-00124,30.86
,2025_10,18-799-00125,30.86
,2025_10,18-304-00126,29.91
,2025_10,18-304-00127,29.91
,2025_10,18-304-00128,29.91
,2025_10,18-304-00129,29.91
,2025_10,18-305-00130,30.37
,2025_10,18-305-00131,30.37
,2025_10,18-305-00132,30.37
,2025_10,18-305-00133,30.37
,2025_10,18-305-00134,30.37
,2025_10,18-305-00135,30.37
,2025_10,18-305-00136,30.37
,2025_10,18-306-00137,29.68
,2025_10,18-306-00138,29.68
,2025_10,18-306-00139,29.68
,2025_10,18-306-00140,29.68
,2025_10,18-307-00141,30.13
,2025_10,18-307-00142,30.13
,2025_10,18-307-00143,30.13
,2025_10,18-307-00144,30.13
,2025_10,18-307-00145,30.13
,2025_10,18-307-00146,30.13
,2025_10,18-307-00147,30.13
,2025_10,18-308-00148,29.82
,2025_10,18-308-00149,29.82
,2025_10,18-308-00150,29.82
,2025_10,18-308-00151,29.82
,2025_10,18-308-00152,29.82
,2025_10,18-308-00153,29.82
,2025_10,18-309-00154,29.45
,2025_10,18-309-00155,29.45
,2025_10,18-309-00156,29.45
,2025_10,18-309-00157,29.45
,2025_10,18-310-00158,28.86
,2025_10,18-310-00159,28.86
,2025_10,18-310-00160,28.86
,2025_10,18-310-00161,28.86
,2025_10,18-310-00162,28.86
,2025_10,18-310-00163,28.86
,2025_10,18-310-00164,28.86
,2025_10,18-311-00165,29.67
,2025_10,18-311-00166,29.67
,2025_10,18-311-00167,29.67
,2025_10,18-311-00168,29.67
,2025_10,18-312-00169,29.9
,2025_10,18-312-00170,29.9
,2025_10,18-312-00171,29.9
,2025_10,18-313-00172,29.5
,2025_10,18-313-00173,29.5
,2025_10,18-313-00174,29.5
,2025_10,18-313-00175,29.5
,2025_10,18-313-00176,29.5
,2025_10,18-313-00177,29.5
,2025_10,18-314-00178,28.19
,2025_10,18-314-00179,28.19
,2025_10,18-315-00180,27.02
,2025_10,18-315-00181,27.02
,2025_10,18-315-00182,27.02
,2025_10,18-315-00183,27.02
,2025_10,18-316-00184,30.14
,2025_10,18-316-00185,30.14
,2025_10,18-316-00186,30.14
,2025_10,18-316-00187,30.14
,2025_10,18-316-00188,30.14
,2025_10,18-317-00189,30.76
,2025_10,18-317-00190,30.76
,2025_10,18-317-00191,30.76
,2025_10,18-317-00192,30.76
,2025_10,18-317-00193,30.76
,2025_10,18-318-00194,30.31
,2025_10,18-318-00195,30.31
,2025_10,18-318-00196,30.31
,2025_10,18-318-00197,30.31
,2025_10,18-319-00198,30.34
,2025_10,18-319-00199,30.34
,2025_10,18-319-00200,30.34
,2025_10,18-319-00201,30.34
,2025_10,18-319-00202,30.34
,2025_10,18-320-00203,31.09
,2025_10,18-320-00204,31.09
,2025_10,18-320-00205,31.09
,2025_10,18-320-00206,31.09
,2025_10,18-320-00207,31.09
,2025_10,18-321-00208,29.7
,2025_10,18-321-00209,29.7
,2025_10,18-321-00210,29.7
,2025_10,18-321-00211,29.7
,2025_10,18-321-00212,29.7
,2025_10,18-321-00213,29.7
,2025_10,18-321-00214,29.7
,2025_10,18-321-00215,29.7
,2025_10,18-321-00216,29.7
,2025_10,18-321-00217,29.7
,2025_10,18-321-00218,29.7
,2025_10,18-322-00219,29.89
,2025_10,18-322-00220,29.89
,2025_10,18-322-00221,29.89
,2025_10,18-323-00222,29.93
,2025_10,18-323-00223,29.93
,2025_10,18-323-00224,29.93
,2025_10,18-323-00225,29.93
,2025_10,18-323-00226,29.93
,2025_10,18-323-00227,29.93
,2025_10,18-323-00228,29.93
,2025_10,18-324-00260,30.54
,2025_10,18-323-00230,29.93
,2025_10,18-324-00231,30.54
,2025_10,18-324-00232,30.54
,2025_10,18-324-00233,30.54
,2025_10,18-324-00234,30.54
,2025_10,18-816-00235,31.01
,2025_10,18-816-00236,31.01
,2025_10,18-325-00237,29.67
,2025_10,18-325-00238,29.67
,2025_10,18-325-00239,29.67
,2025_10,18-326-00240,30.67
,2025_10,18-326-00241,30.67
,2025_10,18-326-00242,30.67
,2025_10,18-326-00243,30.67
,2025_10,18-326-00244,30.67
,2025_10,18-326-00245,30.67
,2025_10,18-326-00246,30.67
,2025_10,18-326-00247,30.67
,2025_10,18-755-00248,29.53
,2025_10,18-756-00249,29.71
,2025_10,18-756-00250,29.71
,2025_10,18-756-00251,29.71
,2025_10,18-757-00252,29.19
,2025_10,18-757-00253,29.19
,2025_10,18-757-00254,29.19
,2025_10,18-759-00255,27.71
,2025_10,18-758-00256,29.14
,2025_10,18-758-00257,29.14
,2025_10,18-816-00258,31.01
,2025_10,18-816-00259,31.01
,2025_10,18-816-00261,31.01
,2025_10,18-324-00262,30.54
,2025_10,18-324-00263,30.54
,2025_10,18-303-00264,29.78
,2025_10,18-799-00265,30.86
,2025_10,18-303-00266,29.78
,2025_10,18-322-00267,29.89
,2025_10,18-326-00268,30.67
,2025_10,18-325-00269,29.67
,2025_10,18-325-00270,29.67
,2025_10,18-304-00271,29.91
,2025_10,18-321-00272,29.7
,2025_10,18-321-00273,29.7
,2025_10,18-301-00274,30.47
,2025_10,18-312-00276,29.9
,2025_10,18-312-00277,29.9
,2025_10,18-755-00278,29.53
,2025_10,18-755-00279,29.53
,2025_10,18-760-00280,28.5
,2025_10,18-760-00281,28.5
,2025_10,18-314-00275,28.19
,2025_10,18-300-00101,28.86
,2025_10,18-300-00102,28.86
,2025_10,18-300-00103,28.86
,2025_10,18-300-00104,28.86
,2025_10,18-300-00105,28.86
,2025_10,18-300-00106,28.86
,2025_10,18-300-00107,28.86
,2025_10,18-300-00108,28.86
,2025_10,18-301-00109,29.27
,2025_10,18-301-00110,29.27
,2025_10,18-301-00111,29.27
,2025_10,18-301-00112,29.27
,2025_10,18-301-00113,29.27
,2025_10,18-301-00114,29.27
,2025_10,18-302-00115,28.06
,2025_10,18-302-00116,28.06
,2025_10,18-302-00117,28.06
,2025_10,18-302-00118,28.06
,2025_10,18-302-00119,28.06
,2025_10,18-303-00120,29.03
,2025_10,18-303-00121,29.03
,2025_10,18-303-00122,29.03
,2025_10,18-303-00123,29.03
,2025_10,18-799-00124,28.96
,2025_10,18-799-00125,28.96
,2025_10,18-304-00126,29.39
,2025_10,18-304-00127,29.39
,2025_10,18-304-00128,29.39
,2025_10,18-304-00129,29.39
,2025_10,18-305-00130,28.76
,2025_10,18-305-00131,28.76
,2025_10,18-305-00132,28.76
,2025_10,18-305-00133,28.76
,2025_10,18-305-00134,28.76
,2025_10,18-305-00135,28.76
,2025_10,18-305-00136,28.76
,2025_10,18-306-00137,28.66
,2025_10,18-306-00138,28.66
,2025_10,18-306-00139,28.66
,2025_10,18-306-00140,28.66
,2025_10,18-307-00141,29.31
,2025_10,18-307-00142,29.31
,2025_10,18-307-00143,29.31
,2025_10,18-307-00144,29.31
,2025_10,18-307-00145,29.31
,2025_10,18-307-00146,29.31
,2025_10,18-307-00147,29.31
,2025_10,18-308-00148,28.81
,2025_10,18-308-00149,28.81
,2025_10,18-308-00150,28.81
,2025_10,18-308-00151,28.81
,2025_10,18-308-00152,28.81
,2025_10,18-308-00153,28.81
,2025_10,18-309-00154,27.63
,2025_10,18-309-00155,27.63
,2025_10,18-309-00156,27.63
,2025_10,18-309-00157,27.63
,2025_10,18-310-00158,28.04
,2025_10,18-310-00159,28.04
,2025_10,18-310-00160,28.04
,2025_10,18-310-00161,28.04
,2025_10,18-310-00162,28.04
,2025_10,18-310-00163,28.04
,2025_10,18-310-00164,28.04
,2025_10,18-311-00165,28.1
,2025_10,18-311-00166,28.1
,2025_10,18-311-00167,28.1
,2025_10,18-311-00168,28.1
,2025_10,18-312-00169,27.83
,2025_10,18-312-00170,27.83
,2025_10,18-312-00171,27.83
,2025_10,18-313-00172,28.51
,2025_10,18-313-00173,28.51
,2025_10,18-313-00174,28.51
,2025_10,18-313-00175,28.51
,2025_10,18-313-00176,28.51
,2025_10,18-313-00177,28.51
,2025_10,18-314-00178,25.94
,2025_10,18-314-00179,25.94
,2025_10,18-315-00180,24.8
,2025_10,18-315-00181,24.8
,2025_10,18-315-00182,24.8
,2025_10,18-315-00183,24.8
,2025_10,18-316-00184,28.81
,2025_10,18-316-00185,28.81
,2025_10,18-316-00186,28.81
,2025_10,18-316-00187,28.81
,2025_10,18-316-00188,28.81
,2025_10,18-317-00189,29.42
,2025_10,18-317-00190,29.42
,2025_10,18-317-00191,29.42
,2025_10,18-317-00192,29.42
,2025_10,18-317-00193,29.42
,2025_10,18-318-00194,29.13
,2025_10,18-318-00195,29.13
,2025_10,18-318-00196,29.13
,2025_10,18-318-00197,29.13
,2025_10,18-319-00198,28.75
,2025_10,18-319-00199,28.75
,2025_10,18-319-00200,28.75
,2025_10,18-319-00201,28.75
,2025_10,18-319-00202,28.75
,2025_10,18-320-00203,29.08
,2025_10,18-320-00204,29.08
,2025_10,18-320-00205,29.08
,2025_10,18-320-00206,29.08
,2025_10,18-320-00207,29.08
,2025_10,18-321-00208,28.17
,2025_10,18-321-00209,28.17
,2025_10,18-321-00210,28.17
,2025_10,18-321-00211,28.17
,2025_10,18-321-00212,28.17
,2025_10,18-321-00213,28.17
,2025_10,18-321-00214,28.17
,2025_10,18-321-00215,28.17
,2025_10,18-321-00216,28.17
,2025_10,18-321-00217,28.17
,2025_10,18-321-00218,28.17
,2025_10,18-322-00219,27.95
,2025_10,18-322-00220,27.95
,2025_10,18-322-00221,27.95
,2025_10,18-323-00222,28.7
,2025_10,18-323-00223,28.7
,2025_10,18-323-00224,28.7
,2025_10,18-323-00225,28.7
,2025_10,18-323-00226,28.7
,2025_10,18-323-00227,28.7
,2025_10,18-323-00228,28.7
,2025_10,18-324-00260,28.68
,2025_10,18-323-00230,28.7
,2025_10,18-324-00231,28.68
,2025_10,18-324-00232,28.68
,2025_10,18-324-00233,28.68
,2025_10,18-324-00234,28.68
,2025_10,18-816-00235,29.29
,2025_10,18-816-00236,29.29
,2025_10,18-325-00237,29.06
,2025_10,18-325-00238,29.06
,2025_10,18-325-00239,29.06
,2025_10,18-326-00240,29.0
,2025_10,18-326-00241,29.0
,2025_10,18-326-00242,29.0
,2025_10,18-326-00243,29.0
,2025_10,18-326-00244,29.0
,2025_10,18-326-00245,29.0
,2025_10,18-326-00246,29.0
,2025_10,18-326-00247,29.0
,2025_10,18-755-00248,27.7
,2025_10,18-756-00249,28.64
,2025_10,18-756-00250,28.64
,2025_10,18-756-00251,28.64
,2025_10,18-757-00252,28.31
,2025_10,18-757-00253,28.31
,2025_10,18-757-00254,28.31
,2025_10,18-759-00255,25.71
,2025_10,18-758-00256,28.56
,2025_10,18-758-00257,28.56
,2025_10,18-816-00258,29.29
,2025_10,18-816-00259,29.29
,2025_10,18-816-00261,29.29
,2025_10,18-324-00262,28.68
,2025_10,18-324-00263,28.68
,2025_10,18-303-00264,29.03
,2025_10,18-799-00265,28.96
,2025_10,18-303-00266,29.03
,2025_10,18-322-00267,27.95
,2025_10,18-326-00268,29.0
,2025_10,18-325-00269,29.06
,2025_10,18-325-00270,29.06
,2025_10,18-304-00271,29.39
,2025_10,18-321-00272,28.17
,2025_10,18-321-00273,28.17
,2025_10,18-301-00274,29.27
,2025_10,18-312-00276,27.83
,2025_10,18-312-00277,27.83
,2025_10,18-755-00278,27.7
,2025_10,18-755-00279,27.7
,2025_10,18-760-00280,29.02
,2025_10,18-760-00281,29.02
,2025_10,18-314-00275,25.94
,2025_10,18-300-00101,27.55
,2025_10,18-300-00102,27.55
,2025_10,18-300-00103,27.55
,2025_10,18-300-00104,27.55
,2025_10,18-300-00105,27.55
,2025_10,18-300-00106,27.55
,2025_10,18-300-00107,27.55
,2025_10,18-300-00108,27.55
,2025_10,18-301-00109,27.52
,2025_10,18-301-00110,27.52
,2025_10,18-301-00111,27.52
,2025_10,18-301-00112,27.52
,2025_10,18-301-00113,27.52
,2025_10,18-301-00114,27.52
,2025_10,18-302-00115,26.7
,2025_10,18-302-00116,26.7
,2025_10,18-302-00117,26.7
,2025_10,18-302-00118,26.7
,2025_10,18-302-00119,26.7
,2025_10,18-303-00120,27.69
,2025_10,18-303-00121,27.69
,2025_10,18-303-00122,27.69
,2025_10,18-303-00123,27.69
,2025_10,18-799-00124,27.61
,2025_10,18-799-00125,27.61
,2025_10,18-304-00126,28.22
,2025_10,18-304-00127,28.22
,2025_10,18-304-00128,28.22
,2025_10,18-304-00129,28.22
,2025_10,18-305-00130,27.64
,2025_10,18-305-00131,27.64
,2025_10,18-305-00132,27.64
,2025_10,18-305-00133,27.64
,2025_10,18-305-00134,27.64
,2025_10,18-305-00135,27.64
,2025_10,18-305-00136,27.64
,2025_10,18-306-00137,27.47
,2025_10,18-306-00138,27.47
,2025_10,18-306-00139,27.47
,2025_10,18-306-00140,27.47
,2025_10,18-307-00141,27.75
,2025_10,18-307-00142,27.75
,2025_10,18-307-00143,27.75
,2025_10,18-307-00144,27.75
,2025_10,18-307-00145,27.75
,2025_10,18-307-00146,27.75
,2025_10,18-307-00147,27.75
,2025_10,18-308-00148,27.65
,2025_10,18-308-00149,27.65
,2025_10,18-308-00150,27.65
,2025_10,18-308-00151,27.65
,2025_10,18-308-00152,27.65
,2025_10,18-308-00153,27.65
,2025_10,18-309-00154,26.17
,2025_10,18-309-00155,26.17
,2025_10,18-309-00156,26.17
,2025_10,18-309-00157,26.17
,2025_10,18-310-00158,26.93
,2025_10,18-310-00159,26.93
,2025_10,18-310-00160,26.93
,2025_10,18-310-00161,26.93
,2025_10,18-310-00162,26.93
,2025_10,18-310-00163,26.93
,2025_10,18-310-00164,26.93
,2025_10,18-311-00165,26.77
,2025_10,18-311-00166,26.77
,2025_10,18-311-00167,26.77
,2025_10,18-311-00168,26.77
,2025_10,18-312-00169,26.37
,2025_10,18-312-00170,26.37
,2025_10,18-312-00171,26.37
,2025_10,18-313-00172,27.27
,2025_10,18-313-00173,27.27
,2025_10,18-313-00174,27.27
,2025_10,18-313-00175,27.27
,2025_10,18-313-00176,27.27
,2025_10,18-313-00177,27.27
,2025_10,18-314-00178,24.75
,2025_10,18-314-00179,24.75
,2025_10,18-315-00180,23.21
,2025_10,18-315-00181,23.21
,2025_10,18-315-00182,23.21
,2025_10,18-315-00183,23.21
,2025_10,18-316-00184,26.89
,2025_10,18-316-00185,26.89
,2025_10,18-316-00186,26.89
,2025_10,18-316-00187,26.89
,2025_10,18-316-00188,26.89
,2025_10,18-317-00189,27.71
,2025_10,18-317-00190,27.71
,2025_10,18-317-00191,27.71
,2025_10,18-317-00192,27.71
,2025_10,18-317-00193,27.71
,2025_10,18-318-00194,27.09
,2025_10,18-318-00195,27.09
,2025_10,18-318-00196,27.09
,2025_10,18-318-00197,27.09
,2025_10,18-319-00198,27.25
,2025_10,18-319-00199,27.25
,2025_10,18-319-00200,27.25
,2025_10,18-319-00201,27.25
,2025_10,18-319-00202,27.25
,2025_10,18-320-00203,27.61
,2025_10,18-320-00204,27.61
,2025_10,18-320-00205,27.61
,2025_10,18-320-00206,27.61
,2025_10,18-320-00207,27.61
,2025_10,18-321-00208,26.56
,2025_10,18-321-00209,26.56
,2025_10,18-321-00210,26.56
,2025_10,18-321-00211,26.56
,2025_10,18-321-00212,26.56
,2025_10,18-321-00213,26.56
,2025_10,18-321-00214,26.56
,2025_10,18-321-00215,26.56
,2025_10,18-321-00216,26.56
,2025_10,18-321-00217,26.56
,2025_10,18-321-00218,26.56
,2025_10,18-322-00219,26.55
,2025_10,18-322-00220,26.55
,2025_10,18-322-00221,26.55
,2025_10,18-323-00222,27.18
,2025_10,18-323-00223,27.18
,2025_10,18-323-00224,27.18
,2025_10,18-323-00225,27.18
,2025_10,18-323-00226,27.18
,2025_10,18-323-00227,27.18
,2025_10,18-323-00228,27.18
,2025_10,18-324-00260,27.3
,2025_10,18-323-00230,27.18
,2025_10,18-324-00231,27.3
,2025_10,18-324-00232,27.3
,2025_10,18-324-00233,27.3
,2025_10,18-324-00234,27.3
,2025_10,18-816-00235,28.11
,2025_10,18-816-00236,28.11
,2025_10,18-325-00237,28.05
,2025_10,18-325-00238,28.05
,2025_10,18-325-00239,28.05
,2025_10,18-326-00240,27.95
,2025_10,18-326-00241,27.95
,2025_10,18-326-00242,27.95
,2025_10,18-326-00243,27.95
,2025_10,18-326-00244,27.95
,2025_10,18-326-00245,27.95
,2025_10,18-326-00246,27.95
,2025_10,18-326-00247,27.95
,2025_10,18-755-00248,26.35
,2025_10,18-756-00249,27.3
,2025_10,18-756-00250,27.3
,2025_10,18-756-00251,27.3
,2025_10,18-757-00252,27.4
,2025_10,18-757-00253,27.4
,2025_10,18-757-00254,27.4
,2025_10,18-759-00255,24.33
,2025_10,18-758-00256,27.33
,2025_10,18-758-00257,27.33
,2025_10,18-816-00258,28.11
,2025_10,18-816-00259,28.11
,2025_10,18-816-00261,28.11
,2025_10,18-324-00262,27.3
,2025_10,18-324-00263,27.3
,2025_10,18-303-00264,27.69
,2025_10,18-799-00265,27.61
,2025_10,18-303-00266,27.69
,2025_10,18-322-00267,26.55
,2025_10,18-326-00268,27.95
,2025_10,18-325-00269,28.05
,2025_10,18-325-00270,28.05
,2025_10,18-304-00271,28.22
,2025_10,18-321-00272,26.56
,2025_10,18-321-00273,26.56
,2025_10,18-301-00274,27.52
,2025_10,18-312-00276,26.37
,2025_10,18-312-00277,26.37
,2025_10,18-755-00278,26.35
,2025_10,18-755-00279,26.35
,2025_10,18-760-00280,28.29
,2025_10,18-760-00281,28.29
,2025_10,18-314-00275,24.75
,2025_10,18-300-00101,27.59
,2025_10,18-300-00102,27.59
,2025_10,18-300-00103,27.59
,2025_10,18-300-00104,27.59
,2025_10,18-300-00105,27.59
,2025_10,18-300-00106,27.59
,2025_10,18-300-00107,27.59
,2025_10,18-300-00108,27.59
,2025_10,18-301-00109,27.21
,2025_10,18-301-00110,27.21
,2025_10,18-301-00111,27.21
,2025_10,18-301-00112,27.21
,2025_10,18-301-00113,27.21
,2025_10,18-301-00114,27.21
,2025_10,18-302-00115,26.66
,2025_10,18-302-00116,26.66
,2025_10,18-302-00117,26.66
,2025_10,18-302-00118,26.66
,2025_10,18-302-00119,26.66
,2025_10,18-303-00120,27.05
,2025_10,18-303-00121,27.05
,2025_10,18-303-00122,27.05
,2025_10,18-303-00123,27.05
,2025_10,18-799-00124,27.02
,2025_10,18-799-00125,27.02
,2025_10,18-304-00126,27.41
,2025_10,18-304-00127,27.41
,2025_10,18-304-00128,27.41
,2025_10,18-304-00129,27.41
,2025_10,18-305-00130,26.62
,2025_10,18-305-00131,26.62
,2025_10,18-305-00132,26.62
,2025_10,18-305-00133,26.62
,2025_10,18-305-00134,26.62
,2025_10,18-305-00135,26.62
,2025_10,18-305-00136,26.62
,2025_10,18-306-00137,27.27
,2025_10,18-306-00138,27.27
,2025_10,18-306-00139,27.27
,2025_10,18-306-00140,27.27
,2025_10,18-307-00141,26.87
,2025_10,18-307-00142,26.87
,2025_10,18-307-00143,26.87
,2025_10,18-307-00144,26.87
,2025_10,18-307-00145,26.87
,2025_10,18-307-00146,26.87
,2025_10,18-307-00147,26.87
,2025_10,18-308-00148,26.82
,2025_10,18-308-00149,26.82
,2025_10,18-308-00150,26.82
,2025_10,18-308-00151,26.82
,2025_10,18-308-00152,26.82
,2025_10,18-308-00153,26.82
,2025_10,18-309-00154,26.07
,2025_10,18-309-00155,26.07
,2025_10,18-309-00156,26.07
,2025_10,18-309-00157,26.07
,2025_10,18-310-00158,26.75
,2025_10,18-310-00159,26.75
,2025_10,18-310-00160,26.75
,2025_10,18-310-00161,26.75
,2025_10,18-310-00162,26.75
,2025_10,18-310-00163,26.75
,2025_10,18-310-00164,26.75
,2025_10,18-311-00165,26.67
,2025_10,18-311-00166,26.67
,2025_10,18-311-00167,26.67
,2025_10,18-311-00168,26.67
,2025_10,18-312-00169,26.41
,2025_10,18-312-00170,26.41
,2025_10,18-312-00171,26.41
,2025_10,18-313-00172,27.15
,2025_10,18-313-00173,27.15
,2025_10,18-313-00174,27.15
,2025_10,18-313-00175,27.15
,2025_10,18-313-00176,27.15
,2025_10,18-313-00177,27.15
,2025_10,18-314-00178,24.31
,2025_10,18-314-00179,24.31
,2025_10,18-315-00180,22.99
,2025_10,18-315-00181,22.99
,2025_10,18-315-00182,22.99
,2025_10,18-315-00183,22.99
,2025_10,18-316-00184,26.86
,2025_10,18-316-00185,26.86
,2025_10,18-316-00186,26.86
,2025_10,18-316-00187,26.86
,2025_10,18-316-00188,26.86
,2025_10,18-317-00189,27.51
,2025_10,18-317-00190,27.51
,2025_10,18-317-00191,27.51
,2025_10,18-317-00192,27.51
,2025_10,18-317-00193,27.51
,2025_10,18-318-00194,27.12
,2025_10,18-318-00195,27.12
,2025_10,18-318-00196,27.12
,2025_10,18-318-00197,27.12
,2025_10,18-319-00198,26.96
,2025_10,18-319-00199,26.96
,2025_10,18-319-00200,26.96
,2025_10,18-319-00201,26.96
,2025_10,18-319-00202,26.96
,2025_10,18-320-00203,27.39
,2025_10,18-320-00204,27.39
,2025_10,18-320-00205,27.39
,2025_10,18-320-00206,27.39
,2025_10,18-320-00207,27.39
,2025_10,18-321-00208,26.0
,2025_10,18-321-00209,26.0
,2025_10,18-321-00210,26.0
,2025_10,18-321-00211,26.0
,2025_10,18-321-00212,26.0
,2025_10,18-321-00213,26.0
,2025_10,18-321-00214,26.0
,2025_10,18-321-00215,26.0
,2025_10,18-321-00216,26.0
,2025_10,18-321-00217,26.0
,2025_10,18-321-00218,26.0
,2025_10,18-322-00219,25.92
,2025_10,18-322-00220,25.92
,2025_10,18-322-00221,25.92
,2025_10,18-323-00222,26.6
,2025_10,18-323-00223,26.6
,2025_10,18-323-00224,26.6
,2025_10,18-323-00225,26.6
,2025_10,18-323-00226,26.6
,2025_10,18-323-00227,26.6
,2025_10,18-323-00228,26.6
,2025_10,18-324-00260,26.63
,2025_10,18-323-00230,26.6
,2025_10,18-324-00231,26.63
,2025_10,18-324-00232,26.63
,2025_10,18-324-00233,26.63
,2025_10,18-324-00234,26.63
,2025_10,18-816-00235,27.12
,2025_10,18-816-00236,27.12
,2025_10,18-325-00237,27.14
,2025_10,18-325-00238,27.14
,2025_10,18-325-00239,27.14
,2025_10,18-326-00240,27.33
,2025_10,18-326-00241,27.33
,2025_10,18-326-00242,27.33
,2025_10,18-326-00243,27.33
,2025_10,18-326-00244,27.33
,2025_10,18-326-00245,27.33
,2025_10,18-326-00246,27.33
,2025_10,18-326-00247,27.33
,2025_10,18-755-00248,26.21
,2025_10,18-756-00249,27.19
,2025_10,18-756-00250,27.19
,2025_10,18-756-00251,27.19
,2025_10,18-757-00252,27.16
,2025_10,18-757-00253,27.16
,2025_10,18-757-00254,27.16
,2025_10,18-759-00255,24.1
,2025_10,18-758-00256,26.44
,2025_10,18-758-00257,26.44
,2025_10,18-816-00258,27.12
,2025_10,18-816-00259,27.12
,2025_10,18-816-00261,27.12
,2025_10,18-324-00262,26.63
,2025_10,18-324-00263,26.63
,2025_10,18-303-00264,27.05
,2025_10,18-799-00265,27.02
,2025_10,18-303-00266,27.05
,2025_10,18-322-00267,25.92
,2025_10,18-326-00268,27.33
,2025_10,18-325-00269,27.14
,2025_10,18-325-00270,27.14
,2025_10,18-304-00271,27.41
,2025_10,18-321-00272,26.0
,2025_10,18-321-00273,26.0
,2025_10,18-301-00274,27.21
,2025_10,18-312-00276,26.41
,2025_10,18-312-00277,26.41
,2025_10,18-755-00278,26.21
,2025_10,18-755-00279,26.21
,2025_10,18-760-00280,28.03
,2025_10,18-760-00281,28.03
,2025_10,18-314-00275,24.31
,2025_10,18-300-00101,29.86
,2025_10,18-300-00102,29.86
,2025_10,18-300-00103,29.86
,2025_10,18-300-00104,29.86
,2025_10,18-300-00105,29.86
,2025_10,18-300-00106,29.86
,2025_10,18-300-00107,29.86
,2025_10,18-300-00108,29.86
,2025_10,18-301-00109,30.15
,2025_10,18-301-00110,30.15
,2025_10,18-301-00111,30.15
,2025_10,18-301-00112,30.15
,2025_10,18-301-00113,30.15
,2025_10,18-301-00114,30.15
,2025_10,18-302-00115,30.28
,2025_10,18-302-00116,30.28
,2025_10,18-302-00117,30.28
,2025_10,18-302-00118,30.28
,2025_10,18-302-00119,30.28
,2025_10,18-303-00120,29.75
,2025_10,18-303-00121,29.75
,2025_10,18-303-00122,29.75
,2025_10,18-303-00123,29.75
,2025_10,18-799-00124,29.94
,2025_10,18-799-00125,29.94
,2025_10,18-304-00126,30.45
,2025_10,18-304-00127,30.45
,2025_10,18-304-00128,30.45
,2025_10,18-304-00129,30.45
,2025_10,18-305-00130,30.06
,2025_10,18-305-00131,30.06
,2025_10,18-305-00132,30.06
,2025_10,18-305-00133,30.06
,2025_10,18-305-00134,30.06
,2025_10,18-305-00135,30.06
,2025_10,18-305-00136,30.06
,2025_10,18-306-00137,29.66
,2025_10,18-306-00138,29.66
,2025_10,18-306-00139,29.66
,2025_10,18-306-00140,29.66
,2025_10,18-307-00141,28.92
,2025_10,18-307-00142,28.92
,2025_10,18-307-00143,28.92
,2025_10,18-307-00144,28.92
,2025_10,18-307-00145,28.92
,2025_10,18-307-00146,28.92
,2025_10,18-307-00147,28.92
,2025_10,18-308-00148,28.45
,2025_10,18-308-00149,28.45
,2025_10,18-308-00150,28.45
,2025_10,18-308-00151,28.45
,2025_10,18-308-00152,28.45
,2025_10,18-308-00153,28.45
,2025_10,18-309-00154,27.55
,2025_10,18-309-00155,27.55
,2025_10,18-309-00156,27.55
,2025_10,18-309-00157,27.55
,2025_10,18-310-00158,28.57
,2025_10,18-310-00159,28.57
,2025_10,18-310-00160,28.57
,2025_10,18-310-00161,28.57
,2025_10,18-310-00162,28.57
,2025_10,18-310-00163,28.57
,2025_10,18-310-00164,28.57
,2025_10,18-311-00165,29.47
,2025_10,18-311-00166,29.47
,2025_10,18-311-00167,29.47
,2025_10,18-311-00168,29.47
,2025_10,18-312-00169,29.46
,2025_10,18-312-00170,29.46
,2025_10,18-312-00171,29.46
,2025_10,18-313-00172,30.62
,2025_10,18-313-00173,30.62
,2025_10,18-313-00174,30.62
,2025_10,18-313-00175,30.62
,2025_10,18-313-00176,30.62
,2025_10,18-313-00177,30.62
,2025_10,18-314-00178,27.73
,2025_10,18-314-00179,27.73
,2025_10,18-315-00180,25.69
,2025_10,18-315-00181,25.69
,2025_10,18-315-00182,25.69
,2025_10,18-315-00183,25.69
,2025_10,18-316-00184,29.58
,2025_10,18-316-00185,29.58
,2025_10,18-316-00186,29.58
,2025_10,18-316-00187,29.58
,2025_10,18-316-00188,29.58
,2025_10,18-317-00189,30.73
,2025_10,18-317-00190,30.73
,2025_10,18-317-00191,30.73
,2025_10,18-317-00192,30.73
,2025_10,18-317-00193,30.73
,2025_10,18-318-00194,30.57
,2025_10,18-318-00195,30.57
,2025_10,18-318-00196,30.57
,2025_10,18-318-00197,30.57
,2025_10,18-319-00198,28.97
,2025_10,18-319-00199,28.97
,2025_10,18-319-00200,28.97
,2025_10,18-319-00201,28.97
,2025_10,18-319-00202,28.97
,2025_10,18-320-00203,30.03
,2025_10,18-320-00204,30.03
,2025_10,18-320-00205,30.03
,2025_10,18-320-00206,30.03
,2025_10,18-320-00207,30.03
,2025_10,18-321-00208,29.29
,2025_10,18-321-00209,29.29
,2025_10,18-321-00210,29.29
,2025_10,18-321-00211,29.29
,2025_10,18-321-00212,29.29
,2025_10,18-321-00213,29.29
,2025_10,18-321-00214,29.29
,2025_10,18-321-00215,29.29
,2025_10,18-321-00216,29.29
,2025_10,18-321-00217,29.29
,2025_10,18-321-00218,29.29
,2025_10,18-322-00219,28.97
,2025_10,18-322-00220,28.97
,2025_10,18-322-00221,28.97
,2025_10,18-323-00222,29.32
,2025_10,18-323-00223,29.32
,2025_10,18-323-00224,29.32
,2025_10,18-323-00225,29.32
,2025_10,18-323-00226,29.32
,2025_10,18-323-00227,29.32
,2025_10,18-323-00228,29.32
,2025_10,18-324-00260,29.48
,2025_10,18-323-00230,29.32
,2025_10,18-324-00231,29.48
,2025_10,18-324-00232,29.48
,2025_10,18-324-00233,29.48
,2025_10,18-324-00234,29.48
,2025_10,18-816-00235,29.77
,2025_10,18-816-00236,29.77
,2025_10,18-325-00237,29.61
,2025_10,18-325-00238,29.61
,2025_10,18-325-00239,29.61
,2025_10,18-326-00240,29.85
,2025_10,18-326-00241,29.85
,2025_10,18-326-00242,29.85
,2025_10,18-326-00243,29.85
,2025_10,18-326-00244,29.85
,2025_10,18-326-00245,29.85
,2025_10,18-326-00246,29.85
,2025_10,18-326-00247,29.85
,2025_10,18-755-00248,28.92
,2025_10,18-756-00249,29.71
,2025_10,18-756-00250,29.71
,2025_10,18-756-00251,29.71
,2025_10,18-757-00252,31.78
,2025_10,18-757-00253,31.78
,2025_10,18-757-00254,31.78
,2025_10,18-759-00255,27.28
,2025_10,18-758-00256,30.3
,2025_10,18-758-00257,30.3
,2025_10,18-816-00258,29.77
,2025_10,18-816-00259,29.77
,2025_10,18-816-00261,29.77
,2025_10,18-324-00262,29.48
,2025_10,18-324-00263,29.48
,2025_10,18-303-00264,29.75
,2025_10,18-799-00265,29.94
,2025_10,18-303-00266,29.75
,2025_10,18-322-00267,28.97
,2025_10,18-326-00268,29.85
,2025_10,18-325-00269,29.61
,2025_10,18-325-00270,29.61
,2025_10,18-304-00271,30.45
,2025_10,18-321-00272,29.29
,2025_10,18-321-00273,29.29
,2025_10,18-301-00274,30.15
,2025_10,18-312-00276,29.46
,2025_10,18-312-00277,29.46
,2025_10,18-755-00278,28.92
,2025_10,18-755-00279,28.92
,2025_10,18-760-00280,29.22
,2025_10,18-760-00281,29.22
,2025_10,18-314-00275,27.73
,2025_10,18-300-00101,32.8
,2025_10,18-300-00102,32.8
,2025_10,18-300-00103,32.8
,2025_10,18-300-00104,32.8
,2025_10,18-300-00105,32.8
,2025_10,18-300-00106,32.8
,2025_10,18-300-00107,32.8
,2025_10,18-300-00108,32.8
,2025_10,18-301-00109,32.5
,2025_10,18-301-00110,32.5
,2025_10,18-301-00111,32.5
,2025_10,18-301-00112,32.5
,2025_10,18-301-00113,32.5
,2025_10,18-301-00114,32.5
,2025_10,18-302-00115,32.85
,2025_10,18-302-00116,32.85
,2025_10,18-302-00117,32.85
,2025_10,18-302-00118,32.85
,2025_10,18-302-00119,32.85
,2025_10,18-303-00120,31.58
,2025_10,18-303-00121,31.58
,2025_10,18-303-00122,31.58
,2025_10,18-303-00123,31.58
,2025_10,18-799-00124,31.62
,2025_10,18-799-00125,31.62
,2025_10,18-304-00126,31.79
,2025_10,18-304-00127,31.79
,2025_10,18-304-00128,31.79
,2025_10,18-304-00129,31.79
,2025_10,18-305-00130,31.93
,2025_10,18-305-00131,31.93
,2025_10,18-305-00132,31.93
,2025_10,18-305-00133,31.93
,2025_10,18-305-00134,31.93
,2025_10,18-305-00135,31.93
,2025_10,18-305-00136,31.93
,2025_10,18-306-00137,32.54
,2025_10,18-306-00138,32.54
,2025_10,18-306-00139,32.54
,2025_10,18-306-00140,32.54
,2025_10,18-307-00141,31.06
,2025_10,18-307-00142,31.06
,2025_10,18-307-00143,31.06
,2025_10,18-307-00144,31.06
,2025_10,18-307-00145,31.06
,2025_10,18-307-00146,31.06
,2025_10,18-307-00147,31.06
,2025_10,18-308-00148,31.16
,2025_10,18-308-00149,31.16
,2025_10,18-308-00150,31.16
,2025_10,18-308-00151,31.16
,2025_10,18-308-00152,31.16
,2025_10,18-308-00153,31.16
,2025_10,18-309-00154,30.39
,2025_10,18-309-00155,30.39
,2025_10,18-309-00156,30.39
,2025_10,18-309-00157,30.39
,2025_10,18-310-00158,30.68
,2025_10,18-310-00159,30.68
,2025_10,18-310-00160,30.68
,2025_10,18-310-00161,30.68
,2025_10,18-310-00162,30.68
,2025_10,18-310-00163,30.68
,2025_10,18-310-00164,30.68
,2025_10,18-311-00165,31.84
,2025_10,18-311-00166,31.84
,2025_10,18-311-00167,31.84
,2025_10,18-311-00168,31.84
,2025_10,18-312-00169,31.85
,2025_10,18-312-00170,31.85
,2025_10,18-312-00171,31.85
,2025_10,18-313-00172,32.96
,2025_10,18-313-00173,32.96
,2025_10,18-313-00174,32.96
,2025_10,18-313-00175,32.96
,2025_10,18-313-00176,32.96
,2025_10,18-313-00177,32.96
,2025_10,18-314-00178,30.56
,2025_10,18-314-00179,30.56
,2025_10,18-315-00180,29.24
,2025_10,18-315-00181,29.24
,2025_10,18-315-00182,29.24
,2025_10,18-315-00183,29.24
,2025_10,18-316-00184,32.93
,2025_10,18-316-00185,32.93
,2025_10,18-316-00186,32.93
,2025_10,18-316-00187,32.93
,2025_10,18-316-00188,32.93
,2025_10,18-317-00189,34.12
,2025_10,18-317-00190,34.12
,2025_10,18-317-00191,34.12
,2025_10,18-317-00192,34.12
,2025_10,18-317-00193,34.12
,2025_10,18-318-00194,34.1
,2025_10,18-318-00195,34.1
,2025_10,18-318-00196,34.1
,2025_10,18-318-00197,34.1
,2025_10,18-319-00198,30.97
,2025_10,18-319-00199,30.97
,2025_10,18-319-00200,30.97
,2025_10,18-319-00201,30.97
,2025_10,18-319-00202,30.97
,2025_10,18-320-00203,32.69
,2025_10,18-320-00204,32.69
,2025_10,18-320-00205,32.69
,2025_10,18-320-00206,32.69
,2025_10,18-320-00207,32.69
,2025_10,18-321-00208,31.45
,2025_10,18-321-00209,31.45
,2025_10,18-321-00210,31.45
,2025_10,18-321-00211,31.45
,2025_10,18-321-00212,31.45
,2025_10,18-321-00213,31.45
,2025_10,18-321-00214,31.45
,2025_10,18-321-00215,31.45
,2025_10,18-321-00216,31.45
,2025_10,18-321-00217,31.45
,2025_10,18-321-00218,31.45
,2025_10,18-322-00219,30.98
,2025_10,18-322-00220,30.98
,2025_10,18-322-00221,30.98
,2025_10,18-323-00222,30.94
,2025_10,18-323-00223,30.94
,2025_10,18-323-00224,30.94
,2025_10,18-323-00225,30.94
,2025_10,18-323-00226,30.94
,2025_10,18-323-00227,30.94
,2025_10,18-323-00228,30.94
,2025_10,18-324-00260,31.83
,2025_10,18-323-00230,30.94
,2025_10,18-324-00231,31.83
,2025_10,18-324-00232,31.83
,2025_10,18-324-00233,31.83
,2025_10,18-324-00234,31.83
,2025_10,18-816-00235,31.57
,2025_10,18-816-00236,31.57
,2025_10,18-325-00237,30.84
,2025_10,18-325-00238,30.84
,2025_10,18-325-00239,30.84
,2025_10,18-326-00240,32.24
,2025_10,18-326-00241,32.24
,2025_10,18-326-00242,32.24
,2025_10,18-326-00243,32.24
,2025_10,18-326-00244,32.24
,2025_10,18-326-00245,32.24
,2025_10,18-326-00246,32.24
,2025_10,18-326-00247,32.24
,2025_10,18-755-00248,31.75
,2025_10,18-756-00249,31.81
,2025_10,18-756-00250,31.81
,2025_10,18-756-00251,31.81
,2025_10,18-757-00252,34.62
,2025_10,18-757-00253,34.62
,2025_10,18-757-00254,34.62
,2025_10,18-759-00255,30.52
,2025_10,18-758-00256,33.12
,2025_10,18-758-00257,33.12
,2025_10,18-816-00258,31.57
,2025_10,18-816-00259,31.57
,2025_10,18-816-00261,31.57
,2025_10,18-324-00262,31.83
,2025_10,18-324-00263,31.83
,2025_10,18-303-00264,31.58
,2025_10,18-799-00265,31.62
,2025_10,18-303-00266,31.58
,2025_10,18-322-00267,30.98
,2025_10,18-326-00268,32.24
,2025_10,18-325-00269,30.84
,2025_10,18-325-00270,30.84
,2025_10,18-304-00271,31.79
,2025_10,18-321-00272,31.45
,2025_10,18-321-00273,31.45
,2025_10,18-301-00274,32.5
,2025_10,18-312-00276,31.85
,2025_10,18-312-00277,31.85
,2025_10,18-755-00278,31.75
,2025_10,18-755-00279,31.75
,2025_10,18-760-00280,31.31
,2025_10,18-760-00281,31.31
,2025_10,18-314-00275,30.56
,2025_10,18-300-00101,32.55
,2025_10,18-300-00102,32.55
,2025_10,18-300-00103,32.55
,2025_10,18-300-00104,32.55
,2025_10,18-300-00105,32.55
,2025_10,18-300-00106,32.55
,2025_10,18-300-00107,32.55
,2025_10,18-300-00108,32.55
,2025_10,18-301-00109,33.04
,2025_10,18-301-00110,33.04
,2025_10,18-301-00111,33.04
,2025_10,18-301-00112,33.04
,2025_10,18-301-00113,33.04
,2025_10,18-301-00114,33.04
,2025_10,18-302-00115,33.12
,2025_10,18-302-00116,33.12
,2025_10,18-302-00117,33.12
,2025_10,18-302-00118,33.12
,2025_10,18-302-00119,33.12
,2025_10,18-303-00120,31.77
,2025_10,18-303-00121,31.77
,2025_10,18-303-00122,31.77
,2025_10,18-303-00123,31.77
,2025_10,18-799-00124,31.73
,2025_10,18-799-00125,31.73
,2025_10,18-304-00126,31.61
,2025_10,18-304-00127,31.61
,2025_10,18-304-00128,31.61
,2025_10,18-304-00129,31.61
,2025_10,18-305-00130,32.07
,2025_10,18-305-00131,32.07
,2025_10,18-305-00132,32.07
,2025_10,18-305-00133,32.07
,2025_10,18-305-00134,32.07
,2025_10,18-305-00135,32.07
,2025_10,18-305-00136,32.07
,2025_10,18-306-00137,32.17
,2025_10,18-306-00138,32.17
,2025_10,18-306-00139,32.17
,2025_10,18-306-00140,32.17
,2025_10,18-307-00141,31.56
,2025_10,18-307-00142,31.56
,2025_10,18-307-00143,31.56
,2025_10,18-307-00144,31.56
,2025_10,18-307-00145,31.56
,2025_10,18-307-00146,31.56
,2025_10,18-307-00147,31.56
,2025_10,18-308-00148,31.93
,2025_10,18-308-00149,31.93
,2025_10,18-308-00150,31.93
,2025_10,18-308-00151,31.93
,2025_10,18-308-00152,31.93
,2025_10,18-308-00153,31.93
,2025_10,18-309-00154,31.04
,2025_10,18-309-00155,31.04
,2025_10,18-309-00156,31.04
,2025_10,18-309-00157,31.04
,2025_10,18-310-00158,30.92
,2025_10,18-310-00159,30.92
,2025_10,18-310-00160,30.92
,2025_10,18-310-00161,30.92
,2025_10,18-310-00162,30.92
,2025_10,18-310-00163,30.92
,2025_10,18-310-00164,30.92
,2025_10,18-311-00165,31.35
,2025_10,18-311-00166,31.35
,2025_10,18-311-00167,31.35
,2025_10,18-311-00168,31.35
,2025_10,18-312-00169,31.47
,2025_10,18-312-00170,31.47
,2025_10,18-312-00171,31.47
,2025_10,18-313-00172,32.7
,2025_10,18-313-00173,32.7
,2025_10,18-313-00174,32.7
,2025_10,18-313-00175,32.7
,2025_10,18-313-00176,32.7
,2025_10,18-313-00177,32.7
,2025_10,18-314-00178,32.37
,2025_10,18-314-00179,32.37
,2025_10,18-315-00180,31.77
,2025_10,18-315-00181,31.77
,2025_10,18-315-00182,31.77
,2025_10,18-315-00183,31.77
,2025_10,18-316-00184,32.87
,2025_10,18-316-00185,32.87
,2025_10,18-316-00186,32.87
,2025_10,18-316-00187,32.87
,2025_10,18-316-00188,32.87
,2025_10,18-317-00189,33.57
,2025_10,18-317-00190,33.57
,2025_10,18-317-00191,33.57
,2025_10,18-317-00192,33.57
,2025_10,18-317-00193,33.57
,2025_10,18-318-00194,34.05
,2025_10,18-318-00195,34.05
,2025_10,18-318-00196,34.05
,2025_10,18-318-00197,34.05
,2025_10,18-319-00198,31.99
,2025_10,18-319-00199,31.99
,2025_10,18-319-00200,31.99
,2025_10,18-319-00201,31.99
,2025_10,18-319-00202,31.99
,2025_10,18-320-00203,31.41
,2025_10,18-320-00204,31.41
,2025_10,18-320-00205,31.41
,2025_10,18-320-00206,31.41
,2025_10,18-320-00207,31.41
,2025_10,18-321-00208,31.95
,2025_10,18-321-00209,31.95
,2025_10,18-321-00210,31.95
,2025_10,18-321-00211,31.95
,2025_10,18-321-00212,31.95
,2025_10,18-321-00213,31.95
,2025_10,18-321-00214,31.95
,2025_10,18-321-00215,31.95
,2025_10,18-321-00216,31.95
,2025_10,18-321-00217,31.95
,2025_10,18-321-00218,31.95
,2025_10,18-322-00219,31.96
,2025_10,18-322-00220,31.96
,2025_10,18-322-00221,31.96
,2025_10,18-323-00222,31.52
,2025_10,18-323-00223,31.52
,2025_10,18-323-00224,31.52
,2025_10,18-323-00225,31.52
,2025_10,18-323-00226,31.52
,2025_10,18-323-00227,31.52
,2025_10,18-323-00228,31.52
,2025_10,18-324-00260,31.1
,2025_10,18-323-00230,31.52
,2025_10,18-324-00231,31.1
,2025_10,18-324-00232,31.1
,2025_10,18-324-00233,31.1
,2025_10,18-324-00234,31.1
,2025_10,18-816-00235,31.31
,2025_10,18-816-00236,31.31
,2025_10,18-325-00237,31.09
,2025_10,18-325-00238,31.09
,2025_10,18-325-00239,31.09
,2025_10,18-326-00240,32.16
,2025_10,18-326-00241,32.16
,2025_10,18-326-00242,32.16
,2025_10,18-326-00243,32.16
,2025_10,18-326-00244,32.16
,2025_10,18-326-00245,32.16
,2025_10,18-326-00246,32.16
,2025_10,18-326-00247,32.16
,2025_10,18-755-00248,31.13
,2025_10,18-756-00249,31.58
,2025_10,18-756-00250,31.58
,2025_10,18-756-00251,31.58
,2025_10,18-757-00252,36.69
,2025_10,18-757-00253,36.69
,2025_10,18-757-00254,36.69
,2025_10,18-759-00255,32.74
,2025_10,18-758-00256,34.31
,2025_10,18-758-00257,34.31
,2025_10,18-816-00258,31.31
,2025_10,18-816-00259,31.31
,2025_10,18-816-00261,31.31
,2025_10,18-324-00262,31.1
,2025_10,18-324-00263,31.1
,2025_10,18-303-00264,31.77
,2025_10,18-799-00265,31.73
,2025_10,18-303-00266,31.77
,2025_10,18-322-00267,31.96
,2025_10,18-326-00268,32.16
,2025_10,18-325-00269,31.09
,2025_10,18-325-00270,31.09
,2025_10,18-304-00271,31.61
,2025_10,18-321-00272,31.95
,2025_10,18-321-00273,31.95
,2025_10,18-301-00274,33.04
,2025_10,18-312-00276,31.47
,2025_10,18-312-00277,31.47
,2025_10,18-755-00278,31.13
,2025_10,18-755-00279,31.13
,2025_10,18-760-00280,31.34
,2025_10,18-760-00281,31.34
,2025_10,18-314-00275,32.37
,2025_10,18-300-00101,33.99
,2025_10,18-300-00102,33.99
,2025_10,18-300-00103,33.99
,2025_10,18-300-00104,33.99
,2025_10,18-300-00105,33.99
,2025_10,18-300-00106,33.99
,2025_10,18-300-00107,33.99
,2025_10,18-300-00108,33.99
,2025_10,18-301-00109,34.35
,2025_10,18-301-00110,34.35
,2025_10,18-301-00111,34.35
,2025_10,18-301-00112,34.35
,2025_10,18-301-00113,34.35
,2025_10,18-301-00114,34.35
,2025_10,18-302-00115,34.2
,2025_10,18-302-00116,34.2
,2025_10,18-302-00117,34.2
,2025_10,18-302-00118,34.2
,2025_10,18-302-00119,34.2
,2025_10,18-303-00120,32.22
,2025_10,18-303-00121,32.22
,2025_10,18-303-00122,32.22
,2025_10,18-303-00123,32.22
,2025_10,18-799-00124,33.23
,2025_10,18-799-00125,33.23
,2025_10,18-304-00126,34.14
,2025_10,18-304-00127,34.14
,2025_10,18-304-00128,34.14
,2025_10,18-304-00129,34.14
,2025_10,18-305-00130,34.38
,2025_10,18-305-00131,34.38
,2025_10,18-305-00132,34.38
,2025_10,18-305-00133,34.38
,2025_10,18-305-00134,34.38
,2025_10,18-305-00135,34.38
,2025_10,18-305-00136,34.38
,2025_10,18-306-00137,33.05
,2025_10,18-306-00138,33.05
,2025_10,18-306-00139,33.05
,2025_10,18-306-00140,33.05
,2025_10,18-307-00141,31.79
,2025_10,18-307-00142,31.79
,2025_10,18-307-00143,31.79
,2025_10,18-307-00144,31.79
,2025_10,18-307-00145,31.79
,2025_10,18-307-00146,31.79
,2025_10,18-307-00147,31.79
,2025_10,18-308-00148,31.75
,2025_10,18-308-00149,31.75
,2025_10,18-308-00150,31.75
,2025_10,18-308-00151,31.75
,2025_10,18-308-00152,31.75
,2025_10,18-308-00153,31.75
,2025_10,18-309-00154,32.35
,2025_10,18-309-00155,32.35
,2025_10,18-309-00156,32.35
,2025_10,18-309-00157,32.35
,2025_10,18-310-00158,30.64
,2025_10,18-310-00159,30.64
,2025_10,18-310-00160,30.64
,2025_10,18-310-00161,30.64
,2025_10,18-310-00162,30.64
,2025_10,18-310-00163,30.64
,2025_10,18-310-00164,30.64
,2025_10,18-311-00165,32.65
,2025_10,18-311-00166,32.65
,2025_10,18-311-00167,32.65
,2025_10,18-311-00168,32.65
,2025_10,18-312-00169,33.71
,2025_10,18-312-00170,33.71
,2025_10,18-312-00171,33.71
,2025_10,18-313-00172,34.16
,2025_10,18-313-00173,34.16
,2025_10,18-313-00174,34.16
,2025_10,18-313-00175,34.16
,2025_10,18-313-00176,34.16
,2025_10,18-313-00177,34.16
,2025_10,18-314-00178,32.26
,2025_10,18-314-00179,32.26
,2025_10,18-315-00180,30.22
,2025_10,18-315-00181,30.22
,2025_10,18-315-00182,30.22
,2025_10,18-315-00183,30.22
,2025_10,18-316-00184,32.13
,2025_10,18-316-00185,32.13
,2025_10,18-316-00186,32.13
,2025_10,18-316-00187,32.13
,2025_10,18-316-00188,32.13
,2025_10,18-317-00189,32.88
,2025_10,18-317-00190,32.88
,2025_10,18-317-00191,32.88
,2025_10,18-317-00192,32.88
,2025_10,18-317-00193,32.88
,2025_10,18-318-00194,33.08
,2025_10,18-318-00195,33.08
,2025_10,18-318-00196,33.08
,2025_10,18-318-00197,33.08
,2025_10,18-319-00198,33.24
,2025_10,18-319-00199,33.24
,2025_10,18-319-00200,33.24
,2025_10,18-319-00201,33.24
,2025_10,18-319-00202,33.24
,2025_10,18-320-00203,33.06
,2025_10,18-320-00204,33.06
,2025_10,18-320-00205,33.06
,2025_10,18-320-00206,33.06
,2025_10,18-320-00207,33.06
,2025_10,18-321-00208,32.74
,2025_10,18-321-00209,32.74
,2025_10,18-321-00210,32.74
,2025_10,18-321-00211,32.74
,2025_10,18-321-00212,32.74
,2025_10,18-321-00213,32.74
,2025_10,18-321-00214,32.74
,2025_10,18-321-00215,32.74
,2025_10,18-321-00216,32.74
,2025_10,18-321-00217,32.74
,2025_10,18-321-00218,32.74
,2025_10,18-322-00219,34.47
,2025_10,18-322-00220,34.47
,2025_10,18-322-00221,34.47
,2025_10,18-323-00222,32.52
,2025_10,18-323-00223,32.52
,2025_10,18-323-00224,32.52
,2025_10,18-323-00225,32.52
,2025_10,18-323-00226,32.52
,2025_10,18-323-00227,32.52
,2025_10,18-323-00228,32.52
,2025_10,18-324-00260,32.62
,2025_10,18-323-00230,32.52
,2025_10,18-324-00231,32.62
,2025_10,18-324-00232,32.62
,2025_10,18-324-00233,32.62
,2025_10,18-324-00234,32.62
,2025_10,18-816-00235,32.96
,2025_10,18-816-00236,32.96
,2025_10,18-325-00237,32.46
,2025_10,18-325-00238,32.46
,2025_10,18-325-00239,32.46
,2025_10,18-326-00240,33.57
,2025_10,18-326-00241,33.57
,2025_10,18-326-00242,33.57
,2025_10,18-326-00243,33.57
,2025_10,18-326-00244,33.57
,2025_10,18-326-00245,33.57
,2025_10,18-326-00246,33.57
,2025_10,18-326-00247,33.57
,2025_10,18-755-00248,33.09
,2025_10,18-756-00249,32.38
,2025_10,18-756-00250,32.38
,2025_10,18-756-00251,32.38
,2025_10,18-757-00252,36.43
,2025_10,18-757-00253,36.43
,2025_10,18-757-00254,36.43
,2025_10,18-759-00255,31.88
,2025_10,18-758-00256,34.53
,2025_10,18-758-00257,34.53
,2025_10,18-816-00258,32.96
,2025_10,18-816-00259,32.96
,2025_10,18-816-00261,32.96
,2025_10,18-324-00262,32.62
,2025_10,18-324-00263,32.62
,2025_10,18-303-00264,32.22
,2025_10,18-799-00265,33.23
,2025_10,18-303-00266,32.22
,2025_10,18-322-00267,34.47
,2025_10,18-326-00268,33.57
,2025_10,18-325-00269,32.46
,2025_10,18-325-00270,32.46
,2025_10,18-304-00271,34.14
,2025_10,18-321-00272,32.74
,2025_10,18-321-00273,32.74
,2025_10,18-301-00274,34.35
,2025_10,18-312-00276,33.71
,2025_10,18-312-00277,33.71
,2025_10,18-755-00278,33.09
,2025_10,18-755-00279,33.09
,2025_10,18-760-00280,31.75
,2025_10,18-760-00281,31.75
,2025_10,18-314-00275,32.26
,2025_10,18-300-00101,35.4
,2025_10,18-300-00102,35.4
,2025_10,18-300-00103,35.4
,2025_10,18-300-00104,35.4
,2025_10,18-300-00105,35.4
,2025_10,18-300-00106,35.4
,2025_10,18-300-00107,35.4
,2025_10,18-300-00108,35.4
,2025_10,18-301-00109,35.25
,2025_10,18-301-00110,35.25
,2025_10,18-301-00111,35.25
,2025_10,18-301-00112,35.25
,2025_10,18-301-00113,35.25
,2025_10,18-301-00114,35.25
,2025_10,18-302-00115,34.6
,2025_10,18-302-00116,34.6
,2025_10,18-302-00117,34.6
,2025_10,18-302-00118,34.6
,2025_10,18-302-00119,34.6
,2025_10,18-303-00120,33.17
,2025_10,18-303-00121,33.17
,2025_10,18-303-00122,33.17
,2025_10,18-303-00123,33.17
,2025_10,18-799-00124,35.73
,2025_10,18-799-00125,35.73
,2025_10,18-304-00126,37.72
,2025_10,18-304-00127,37.72
,2025_10,18-304-00128,37.72
,2025_10,18-304-00129,37.72
,2025_10,18-305-00130,35.81
,2025_10,18-305-00131,35.81
,2025_10,18-305-00132,35.81
,2025_10,18-305-00133,35.81
,2025_10,18-305-00134,35.81
,2025_10,18-305-00135,35.81
,2025_10,18-305-00136,35.81
,2025_10,18-306-00137,33.99
,2025_10,18-306-00138,33.99
,2025_10,18-306-00139,33.99
,2025_10,18-306-00140,33.99
,2025_10,18-307-00141,31.94
,2025_10,18-307-00142,31.94
,2025_10,18-307-00143,31.94
,2025_10,18-307-00144,31.94
,2025_10,18-307-00145,31.94
,2025_10,18-307-00146,31.94
,2025_10,18-307-00147,31.94
,2025_10,18-308-00148,30.51
,2025_10,18-308-00149,30.51
,2025_10,18-308-00150,30.51
,2025_10,18-308-00151,30.51
,2025_10,18-308-00152,30.51
,2025_10,18-308-00153,30.51
,2025_10,18-309-00154,32.41
,2025_10,18-309-00155,32.41
,2025_10,18-309-00156,32.41
,2025_10,18-309-00157,32.41
,2025_10,18-310-00158,31.34
,2025_10,18-310-00159,31.34
,2025_10,18-310-00160,31.34
,2025_10,18-310-00161,31.34
,2025_10,18-310-00162,31.34
,2025_10,18-310-00163,31.34
,2025_10,18-310-00164,31.34
,2025_10,18-311-00165,31.91
,2025_10,18-311-00166,31.91
,2025_10,18-311-00167,31.91
,2025_10,18-311-00168,31.91
,2025_10,18-312-00169,29.23
,2025_10,18-312-00170,29.23
,2025_10,18-312-00171,29.23
,2025_10,18-313-00172,27.59
,2025_10,18-313-00173,27.59
,2025_10,18-313-00174,27.59
,2025_10,18-313-00175,27.59
,2025_10,18-313-00176,27.59
,2025_10,18-313-00177,27.59
,2025_10,18-314-00178,32.21
,2025_10,18-314-00179,32.21
,2025_10,18-315-00180,31.08
,2025_10,18-315-00181,31.08
,2025_10,18-315-00182,31.08
,2025_10,18-315-00183,31.08
,2025_10,18-316-00184,31.1
,2025_10,18-316-00185,31.1
,2025_10,18-316-00186,31.1
,2025_10,18-316-00187,31.1
,2025_10,18-316-00188,31.1
,2025_10,18-317-00189,30.87
,2025_10,18-317-00190,30.87
,2025_10,18-317-00191,30.87
,2025_10,18-317-00192,30.87
,2025_10,18-317-00193,30.87
,2025_10,18-318-00194,30.67
,2025_10,18-318-00195,30.67
,2025_10,18-318-00196,30.67
,2025_10,18-318-00197,30.67
,2025_10,18-319-00198,35.64
,2025_10,18-319-00199,35.64
,2025_10,18-319-00200,35.64
,2025_10,18-319-00201,35.64
,2025_10,18-319-00202,35.64
,2025_10,18-320-00203,33.77
,2025_10,18-320-00204,33.77
,2025_10,18-320-00205,33.77
,2025_10,18-320-00206,33.77
,2025_10,18-320-00207,33.77
,2025_10,18-321-00208,35.2
,2025_10,18-321-00209,35.2
,2025_10,18-321-00210,35.2
,2025_10,18-321-00211,35.2
,2025_10,18-321-00212,35.2
,2025_10,18-321-00213,35.2
,2025_10,18-321-00214,35.2
,2025_10,18-321-00215,35.2
,2025_10,18-321-00216,35.2
,2025_10,18-321-00217,35.2
,2025_10,18-321-00218,35.2
,2025_10,18-322-00219,37.72
,2025_10,18-322-00220,37.72
,2025_10,18-322-00221,37.72
,2025_10,18-323-00222,34.89
,2025_10,18-323-00223,34.89
,2025_10,18-323-00224,34.89
,2025_10,18-323-00225,34.89
,2025_10,18-323-00226,34.89
,2025_10,18-323-00227,34.89
,2025_10,18-323-00228,34.89
,2025_10,18-324-00260,34.8
,2025_10,18-323-00230,34.89
,2025_10,18-324-00231,34.8
,2025_10,18-324-00232,34.8
,2025_10,18-324-00233,34.8
,2025_10,18-324-00234,34.8
,2025_10,18-816-00235,35.76
,2025_10,18-816-00236,35.76
,2025_10,18-325-00237,35.22
,2025_10,18-325-00238,35.22
,2025_10,18-325-00239,35.22
,2025_10,18-326-00240,36.59
,2025_10,18-326-00241,36.59
,2025_10,18-326-00242,36.59
,2025_10,18-326-00243,36.59
,2025_10,18-326-00244,36.59
,2025_10,18-326-00245,36.59
,2025_10,18-326-00246,36.59
,2025_10,18-326-00247,36.59
,2025_10,18-755-00248,34.01
,2025_10,18-756-00249,31.13
,2025_10,18-756-00250,31.13
,2025_10,18-756-00251,31.13
,2025_10,18-757-00252,37.99
,2025_10,18-757-00253,37.99
,2025_10,18-757-00254,37.99
,2025_10,18-759-00255,33.0
,2025_10,18-758-00256,34.01
,2025_10,18-758-00257,34.01
,2025_10,18-816-00258,35.76
,2025_10,18-816-00259,35.76
,2025_10,18-816-00261,35.76
,2025_10,18-324-00262,34.8
,2025_10,18-324-00263,34.8
,2025_10,18-303-00264,33.17
,2025_10,18-799-00265,35.73
,2025_10,18-303-00266,33.17
,2025_10,18-322-00267,37.72
,2025_10,18-326-00268,36.59
,2025_10,18-325-00269,35.22
,2025_10,18-325-00270,35.22
,2025_10,18-304-00271,37.72
,2025_10,18-321-00272,35.2
,2025_10,18-321-00273,35.2
,2025_10,18-301-00274,35.25
,2025_10,18-312-00276,29.23
,2025_10,18-312-00277,29.23
,2025_10,18-755-00278,34.01
,2025_10,18-755-00279,34.01
,2025_10,18-760-00280,28.68
,2025_10,18-760-00281,28.68
,2025_10,18-314-00275,32.21
,2025_10,18-300-00101,34.6
,2025_10,18-300-00102,34.6
,2025_10,18-300-00103,34.6
,2025_10,18-300-00104,34.6
,2025_10,18-300-00105,34.6
,2025_10,18-300-00106,34.6
,2025_10,18-300-00107,34.6
,2025_10,18-300-00108,34.6
,2025_10,18-301-00109,32.03
,2025_10,18-301-00110,32.03
,2025_10,18-301-00111,32.03
,2025_10,18-301-00112,32.03
,2025_10,18-301-00113,32.03
,2025_10,18-301-00114,32.03
,2025_10,18-302-00115,27.66
,2025_10,18-302-00116,27.66
,2025_10,18-302-00117,27.66
,2025_10,18-302-00118,27.66
,2025_10,18-302-00119,27.66
,2025_10,18-303-00120,27.98
,2025_10,18-303-00121,27.98
,2025_10,18-303-00122,27.98
,2025_10,18-303-00123,27.98
,2025_10,18-799-00124,36.81
,2025_10,18-799-00125,36.81
,2025_10,18-304-00126,26.11
,2025_10,18-304-00127,26.11
,2025_10,18-304-00128,26.11
,2025_10,18-304-00129,26.11
,2025_10,18-305-00130,29.95
,2025_10,18-305-00131,29.95
,2025_10,18-305-00132,29.95
,2025_10,18-305-00133,29.95
,2025_10,18-305-00134,29.95
,2025_10,18-305-00135,29.95
,2025_10,18-305-00136,29.95
,2025_10,18-306-00137,29.52
,2025_10,18-306-00138,29.52
,2025_10,18-306-00139,29.52
,2025_10,18-306-00140,29.52
,2025_10,18-307-00141,28.57
,2025_10,18-307-00142,28.57
,2025_10,18-307-00143,28.57
,2025_10,18-307-00144,28.57
,2025_10,18-307-00145,28.57
,2025_10,18-307-00146,28.57
,2025_10,18-307-00147,28.57
,2025_10,18-308-00148,32.08
,2025_10,18-308-00149,32.08
,2025_10,18-308-00150,32.08
,2025_10,18-308-00151,32.08
,2025_10,18-308-00152,32.08
,2025_10,18-308-00153,32.08
,2025_10,18-309-00154,32.58
,2025_10,18-309-00155,32.58
,2025_10,18-309-00156,32.58
,2025_10,18-309-00157,32.58
,2025_10,18-310-00158,29.85
,2025_10,18-310-00159,29.85
,2025_10,18-310-00160,29.85
,2025_10,18-310-00161,29.85
,2025_10,18-310-00162,29.85
,2025_10,18-310-00163,29.85
,2025_10,18-310-00164,29.85
,2025_10,18-311-00165,30.09
,2025_10,18-311-00166,30.09
,2025_10,18-311-00167,30.09
,2025_10,18-311-00168,30.09
,2025_10,18-312-00169,28.69
,2025_10,18-312-00170,28.69
,2025_10,18-312-00171,28.69
,2025_10,18-313-00172,31.65
,2025_10,18-313-00173,31.65
,2025_10,18-313-00174,31.65
,2025_10,18-313-00175,31.65
,2025_10,18-313-00176,31.65
,2025_10,18-313-00177,31.65
,2025_10,18-314-00178,33.74
,2025_10,18-314-00179,33.74
,2025_10,18-315-00180,31.08
,2025_10,18-315-00181,31.08
,2025_10,18-315-00182,31.08
,2025_10,18-315-00183,31.08
,2025_10,18-316-00184,31.2
,2025_10,18-316-00185,31.2
,2025_10,18-316-00186,31.2
,2025_10,18-316-00187,31.2
,2025_10,18-316-00188,31.2
,2025_10,18-317-00189,33.55
,2025_10,18-317-00190,33.55
,2025_10,18-317-00191,33.55
,2025_10,18-317-00192,33.55
,2025_10,18-317-00193,33.55
,2025_10,18-318-00194,30.36
,2025_10,18-318-00195,30.36
,2025_10,18-318-00196,30.36
,2025_10,18-318-00197,30.36
,2025_10,18-319-00198,28.39
,2025_10,18-319-00199,28.39
,2025_10,18-319-00200,28.39
,2025_10,18-319-00201,28.39
,2025_10,18-319-00202,28.39
,2025_10,18-320-00203,35.49
,2025_10,18-320-00204,35.49
,2025_10,18-320-00205,35.49
,2025_10,18-320-00206,35.49
,2025_10,18-320-00207,35.49
,2025_10,18-321-00208,32.05
,2025_10,18-321-00209,32.05
,2025_10,18-321-00210,32.05
,2025_10,18-321-00211,32.05
,2025_10,18-321-00212,32.05
,2025_10,18-321-00213,32.05
,2025_10,18-321-00214,32.05
,2025_10,18-321-00215,32.05
,2025_10,18-321-00216,32.05
,2025_10,18-321-00217,32.05
,2025_10,18-321-00218,32.05
,2025_10,18-322-00219,31.19
,2025_10,18-322-00220,31.19
,2025_10,18-322-00221,31.19
,2025_10,18-323-00222,30.68
,2025_10,18-323-00223,30.68
,2025_10,18-323-00224,30.68
,2025_10,18-323-00225,30.68
,2025_10,18-323-00226,30.68
,2025_10,18-323-00227,30.68
,2025_10,18-323-00228,30.68
,2025_10,18-324-00260,37.38
,2025_10,18-323-00230,30.68
,2025_10,18-324-00231,37.38
,2025_10,18-324-00232,37.38
,2025_10,18-324-00233,37.38
,2025_10,18-324-00234,37.38
,2025_10,18-816-00235,37.64
,2025_10,18-816-00236,37.64
,2025_10,18-325-00237,33.49
,2025_10,18-325-00238,33.49
,2025_10,18-325-00239,33.49
,2025_10,18-326-00240,36.98
,2025_10,18-326-00241,36.98
,2025_10,18-326-00242,36.98
,2025_10,18-326-00243,36.98
,2025_10,18-326-00244,36.98
,2025_10,18-326-00245,36.98
,2025_10,18-326-00246,36.98
,2025_10,18-326-00247,36.98
,2025_10,18-755-00248,33.59
,2025_10,18-756-00249,31.98
,2025_10,18-756-00250,31.98
,2025_10,18-756-00251,31.98
,2025_10,18-757-00252,32.86
,2025_10,18-757-00253,32.86
,2025_10,18-757-00254,32.86
,2025_10,18-759-00255,30.53
,2025_10,18-758-00256,27.97
,2025_10,18-758-00257,27.97
,2025_10,18-816-00258,37.64
,2025_10,18-816-00259,37.64
,2025_10,18-816-00261,37.64
,2025_10,18-324-00262,37.38
,2025_10,18-324-00263,37.38
,2025_10,18-303-00264,27.98
,2025_10,18-799-00265,36.81
,2025_10,18-303-00266,27.98
,2025_10,18-322-00267,31.19
,2025_10,18-326-00268,36.98
,2025_10,18-325-00269,33.49
,2025_10,18-325-00270,33.49
,2025_10,18-304-00271,26.11
,2025_10,18-321-00272,32.05
,2025_10,18-321-00273,32.05
,2025_10,18-301-00274,32.03
,2025_10,18-312-00276,28.69
,2025_10,18-312-00277,28.69
,2025_10,18-755-00278,33.59
,2025_10,18-755-00279,33.59
,2025_10,18-760-00280,26.11
,2025_10,18-760-00281,26.11
,2025_10,18-314-00275,33.74
,2025_10,18-300-00101,31.86
,2025_10,18-300-00102,31.86
,2025_10,18-300-00103,31.86
,2025_10,18-300-00104,31.86
,2025_10,18-300-00105,31.86
,2025_10,18-300-00106,31.86
,2025_10,18-300-00107,31.86
,2025_10,18-300-00108,31.86
,2025_10,18-301-00109,30.43
,2025_10,18-301-00110,30.43
,2025_10,18-301-00111,30.43
,2025_10,18-301-00112,30.43
,2025_10,18-301-00113,30.43
,2025_10,18-301-00114,30.43
,2025_10,18-302-00115,31.0
,2025_10,18-302-00116,31.0
,2025_10,18-302-00117,31.0
,2025_10,18-302-00118,31.0
,2025_10,18-302-00119,31.0
,2025_10,18-303-00120,30.05
,2025_10,18-303-00121,30.05
,2025_10,18-303-00122,30.05
,2025_10,18-303-00123,30.05
,2025_10,18-799-00124,32.51
,2025_10,18-799-00125,32.51
,2025_10,18-304-00126,32.3
,2025_10,18-304-00127,32.3
,2025_10,18-304-00128,32.3
,2025_10,18-304-00129,32.3
,2025_10,18-305-00130,32.93
,2025_10,18-305-00131,32.93
,2025_10,18-305-00132,32.93
,2025_10,18-305-00133,32.93
,2025_10,18-305-00134,32.93
,2025_10,18-305-00135,32.93
,2025_10,18-305-00136,32.93
,2025_10,18-306-00137,30.91
,2025_10,18-306-00138,30.91
,2025_10,18-306-00139,30.91
,2025_10,18-306-00140,30.91
,2025_10,18-307-00141,31.41
,2025_10,18-307-00142,31.41
,2025_10,18-307-00143,31.41
,2025_10,18-307-00144,31.41
,2025_10,18-307-00145,31.41
,2025_10,18-307-00146,31.41
,2025_10,18-307-00147,31.41
,2025_10,18-308-00148,31.41
,2025_10,18-308-00149,31.41
,2025_10,18-308-00150,31.41
,2025_10,18-308-00151,31.41
,2025_10,18-308-00152,31.41
,2025_10,18-308-00153,31.41
,2025_10,18-309-00154,31.43
,2025_10,18-309-00155,31.43
,2025_10,18-309-00156,31.43
,2025_10,18-309-00157,31.43
,2025_10,18-310-00158,28.55
,2025_10,18-310-00159,28.55
,2025_10,18-310-00160,28.55
,2025_10,18-310-00161,28.55
,2025_10,18-310-00162,28.55
,2025_10,18-310-00163,28.55
,2025_10,18-310-00164,28.55
,2025_10,18-311-00165,30.59
,2025_10,18-311-00166,30.59
,2025_10,18-311-00167,30.59
,2025_10,18-311-00168,30.59
,2025_10,18-312-00169,32.7
,2025_10,18-312-00170,32.7
,2025_10,18-312-00171,32.7
,2025_10,18-313-00172,31.15
,2025_10,18-313-00173,31.15
,2025_10,18-313-00174,31.15
,2025_10,18-313-00175,31.15
,2025_10,18-313-00176,31.15
,2025_10,18-313-00177,31.15
,2025_10,18-314-00178,31.86
,2025_10,18-314-00179,31.86
,2025_10,18-315-00180,30.15
,2025_10,18-315-00181,30.15
,2025_10,18-315-00182,30.15
,2025_10,18-315-00183,30.15
,2025_10,18-316-00184,33.79
,2025_10,18-316-00185,33.79
,2025_10,18-316-00186,33.79
,2025_10,18-316-00187,33.79
,2025_10,18-316-00188,33.79
,2025_10,18-317-00189,34.25
,2025_10,18-317-00190,34.25
,2025_10,18-317-00191,34.25
,2025_10,18-317-00192,34.25
,2025_10,18-317-00193,34.25
,2025_10,18-318-00194,34.23
,2025_10,18-318-00195,34.23
,2025_10,18-318-00196,34.23
,2025_10,18-318-00197,34.23
,2025_10,18-319-00198,30.35
,2025_10,18-319-00199,30.35
,2025_10,18-319-00200,30.35
,2025_10,18-319-00201,30.35
,2025_10,18-319-00202,30.35
,2025_10,18-320-00203,31.61
,2025_10,18-320-00204,31.61
,2025_10,18-320-00205,31.61
,2025_10,18-320-00206,31.61
,2025_10,18-320-00207,31.61
,2025_10,18-321-00208,32.3
,2025_10,18-321-00209,32.3
,2025_10,18-321-00210,32.3
,2025_10,18-321-00211,32.3
,2025_10,18-321-00212,32.3
,2025_10,18-321-00213,32.3
,2025_10,18-321-00214,32.3
,2025_10,18-321-00215,32.3
,2025_10,18-321-00216,32.3
,2025_10,18-321-00217,32.3
,2025_10,18-321-00218,32.3
,2025_10,18-322-00219,32.41
,2025_10,18-322-00220,32.41
,2025_10,18-322-00221,32.41
,2025_10,18-323-00222,32.0
,2025_10,18-323-00223,32.0
,2025_10,18-323-00224,32.0
,2025_10,18-323-00225,32.0
,2025_10,18-323-00226,32.0
,2025_10,18-323-00227,32.0
,2025_10,18-323-00228,32.0
,2025_10,18-324-00260,32.17
,2025_10,18-323-00230,32.0
,2025_10,18-324-00231,32.17
,2025_10,18-324-00232,32.17
,2025_10,18-324-00233,32.17
,2025_10,18-324-00234,32.17
,2025_10,18-816-00235,32.54
,2025_10,18-816-00236,32.54
,2025_10,18-325-00237,30.88
,2025_10,18-325-00238,30.88
,2025_10,18-325-00239,30.88
,2025_10,18-326-00240,32.83
,2025_10,18-326-00241,32.83
,2025_10,18-326-00242,32.83
,2025_10,18-326-00243,32.83
,2025_10,18-326-00244,32.83
,2025_10,18-326-00245,32.83
,2025_10,18-326-00246,32.83
,2025_10,18-326-00247,32.83
,2025_10,18-755-00248,33.27
,2025_10,18-756-00249,30.98
,2025_10,18-756-00250,30.98
,2025_10,18-756-00251,30.98
,2025_10,18-757-00252,33.32
,2025_10,18-757-00253,33.32
,2025_10,18-757-00254,33.32
,2025_10,18-759-00255,31.24
,2025_10,18-758-00256,29.17
,2025_10,18-758-00257,29.17
,2025_10,18-816-00258,32.54
,2025_10,18-816-00259,32.54
,2025_10,18-816-00261,32.54
,2025_10,18-324-00262,32.17
,2025_10,18-324-00263,32.17
,2025_10,18-303-00264,30.05
,2025_10,18-799-00265,32.51
,2025_10,18-303-00266,30.05
,2025_10,18-322-00267,32.41
,2025_10,18-326-00268,32.83
,2025_10,18-325-00269,30.88
,2025_10,18-325-00270,30.88
,2025_10,18-304-00271,32.3
,2025_10,18-321-00272,32.3
,2025_10,18-321-00273,32.3
,2025_10,18-301-00274,30.43
,2025_10,18-312-00276,32.7
,2025_10,18-312-00277,32.7
,2025_10,18-755-00278,33.27
,2025_10,18-755-00279,33.27
,2025_10,18-760-00280,28.07
,2025_10,18-760-00281,28.07
,2025_10,18-314-00275,31.86
,2025_10,18-300-00101,32.79
,2025_10,18-300-00102,32.79
,2025_10,18-300-00103,32.79
,2025_10,18-300-00104,32.79
,2025_10,18-300-00105,32.79
,2025_10,18-300-00106,32.79
,2025_10,18-300-00107,32.79
,2025_10,18-300-00108,32.79
,2025_10,18-301-00109,30.84
,2025_10,18-301-00110,30.84
,2025_10,18-301-00111,30.84
,2025_10,18-301-00112,30.84
,2025_10,18-301-00113,30.84
,2025_10,18-301-00114,30.84
,2025_10,18-302-00115,30.49
,2025_10,18-302-00116,30.49
,2025_10,18-302-00117,30.49
,2025_10,18-302-00118,30.49
,2025_10,18-302-00119,30.49
,2025_10,18-303-00120,31.7
,2025_10,18-303-00121,31.7
,2025_10,18-303-00122,31.7
,2025_10,18-303-00123,31.7
,2025_10,18-799-00124,33.63
,2025_10,18-799-00125,33.63
,2025_10,18-304-00126,32.62
,2025_10,18-304-00127,32.62
,2025_10,18-304-00128,32.62
,2025_10,18-304-00129,32.62
,2025_10,18-305-00130,32.94
,2025_10,18-305-00131,32.94
,2025_10,18-305-00132,32.94
,2025_10,18-305-00133,32.94
,2025_10,18-305-00134,32.94
,2025_10,18-305-00135,32.94
,2025_10,18-305-00136,32.94
,2025_10,18-306-00137,33.12
,2025_10,18-306-00138,33.12
,2025_10,18-306-00139,33.12
,2025_10,18-306-00140,33.12
,2025_10,18-307-00141,33.32
,2025_10,18-307-00142,33.32
,2025_10,18-307-00143,33.32
,2025_10,18-307-00144,33.32
,2025_10,18-307-00145,33.32
,2025_10,18-307-00146,33.32
,2025_10,18-307-00147,33.32
,2025_10,18-308-00148,33.62
,2025_10,18-308-00149,33.62
,2025_10,18-308-00150,33.62
,2025_10,18-308-00151,33.62
,2025_10,18-308-00152,33.62
,2025_10,18-308-00153,33.62
,2025_10,18-309-00154,33.67
,2025_10,18-309-00155,33.67
,2025_10,18-309-00156,33.67
,2025_10,18-309-00157,33.67
,2025_10,18-310-00158,32.72
,2025_10,18-310-00159,32.72
,2025_10,18-310-00160,32.72
,2025_10,18-310-00161,32.72
,2025_10,18-310-00162,32.72
,2025_10,18-310-00163,32.72
,2025_10,18-310-00164,32.72
,2025_10,18-311-00165,33.4
,2025_10,18-311-00166,33.4
,2025_10,18-311-00167,33.4
,2025_10,18-311-00168,33.4
,2025_10,18-312-00169,33.23
,2025_10,18-312-00170,33.23
,2025_10,18-312-00171,33.23
,2025_10,18-313-00172,32.48
,2025_10,18-313-00173,32.48
,2025_10,18-313-00174,32.48
,2025_10,18-313-00175,32.48
,2025_10,18-313-00176,32.48
,2025_10,18-313-00177,32.48
,2025_10,18-314-00178,31.04
,2025_10,18-314-00179,31.04
,2025_10,18-315-00180,30.54
,2025_10,18-315-00181,30.54
,2025_10,18-315-00182,30.54
,2025_10,18-315-00183,30.54
,2025_10,18-316-00184,32.36
,2025_10,18-316-00185,32.36
,2025_10,18-316-00186,32.36
,2025_10,18-316-00187,32.36
,2025_10,18-316-00188,32.36
,2025_10,18-317-00189,33.04
,2025_10,18-317-00190,33.04
,2025_10,18-317-00191,33.04
,2025_10,18-317-00192,33.04
,2025_10,18-317-00193,33.04
,2025_10,18-318-00194,32.46
,2025_10,18-318-00195,32.46
,2025_10,18-318-00196,32.46
,2025_10,18-318-00197,32.46
,2025_10,18-319-00198,32.16
,2025_10,18-319-00199,32.16
,2025_10,18-319-00200,32.16
,2025_10,18-319-00201,32.16
,2025_10,18-319-00202,32.16
,2025_10,18-320-00203,33.14
,2025_10,18-320-00204,33.14
,2025_10,18-320-00205,33.14
,2025_10,18-320-00206,33.14
,2025_10,18-320-00207,33.14
,2025_10,18-321-00208,32.01
,2025_10,18-321-00209,32.01
,2025_10,18-321-00210,32.01
,2025_10,18-321-00211,32.01
,2025_10,18-321-00212,32.01
,2025_10,18-321-00213,32.01
,2025_10,18-321-00214,32.01
,2025_10,18-321-00215,32.01
,2025_10,18-321-00216,32.01
,2025_10,18-321-00217,32.01
,2025_10,18-321-00218,32.01
,2025_10,18-322-00219,33.35
,2025_10,18-322-00220,33.35
,2025_10,18-322-00221,33.35
,2025_10,18-323-00222,32.2
,2025_10,18-323-00223,32.2
,2025_10,18-323-00224,32.2
,2025_10,18-323-00225,32.2
,2025_10,18-323-00226,32.2
,2025_10,18-323-00227,32.2
,2025_10,18-323-00228,32.2
,2025_10,18-324-00260,32.31
,2025_10,18-323-00230,32.2
,2025_10,18-324-00231,32.31
,2025_10,18-324-00232,32.31
,2025_10,18-324-00233,32.31
,2025_10,18-324-00234,32.31
,2025_10,18-816-00235,33.61
,2025_10,18-816-00236,33.61
,2025_10,18-325-00237,33.0
,2025_10,18-325-00238,33.0
,2025_10,18-325-00239,33.0
,2025_10,18-326-00240,33.88
,2025_10,18-326-00241,33.88
,2025_10,18-326-00242,33.88
,2025_10,18-326-00243,33.88
,2025_10,18-326-00244,33.88
,2025_10,18-326-00245,33.88
,2025_10,18-326-00246,33.88
,2025_10,18-326-00247,33.88
,2025_10,18-755-00248,33.45
,2025_10,18-756-00249,33.02
,2025_10,18-756-00250,33.02
,2025_10,18-756-00251,33.02
,2025_10,18-757-00252,33.06
,2025_10,18-757-00253,33.06
,2025_10,18-757-00254,33.06
,2025_10,18-759-00255,31.65
,2025_10,18-758-00256,30.0
,2025_10,18-758-00257,30.0
,2025_10,18-816-00258,33.61
,2025_10,18-816-00259,33.61
,2025_10,18-816-00261,33.61
,2025_10,18-324-00262,32.31
,2025_10,18-324-00263,32.31
,2025_10,18-303-00264,31.7
,2025_10,18-799-00265,33.63
,2025_10,18-303-00266,31.7
,2025_10,18-322-00267,33.35
,2025_10,18-326-00268,33.88
,2025_10,18-325-00269,33.0
,2025_10,18-325-00270,33.0
,2025_10,18-304-00271,32.62
,2025_10,18-321-00272,32.01
,2025_10,18-321-00273,32.01
,2025_10,18-301-00274,30.84
,2025_10,18-312-00276,33.23
,2025_10,18-312-00277,33.23
,2025_10,18-755-00278,33.45
,2025_10,18-755-00279,33.45
,2025_10,18-760-00280,31.59
,2025_10,18-760-00281,31.59
,2025_10,18-314-00275,31.04
,2025_10,18-300-00101,30.68
,2025_10,18-300-00102,30.68
,2025_10,18-300-00103,30.68
,2025_10,18-300-00104,30.68
,2025_10,18-300-00105,30.68
,2025_10,18-300-00106,30.68
,2025_10,18-300-00107,30.68
,2025_10,18-300-00108,30.68
,2025_10,18-301-00109,30.92
,2025_10,18-301-00110,30.92
,2025_10,18-301-00111,30.92
,2025_10,18-301-00112,30.92
,2025_10,18-301-00113,30.92
,2025_10,18-301-00114,30.92
,2025_10,18-302-00115,30.06
,2025_10,18-302-00116,30.06
,2025_10,18-302-00117,30.06
,2025_10,18-302-00118,30.06
,2025_10,18-302-00119,30.06
,2025_10,18-303-00120,30.57
,2025_10,18-303-00121,30.57
,2025_10,18-303-00122,30.57
,2025_10,18-303-00123,30.57
,2025_10,18-799-00124,30.5
,2025_10,18-799-00125,30.5
,2025_10,18-304-00126,30.56
,2025_10,18-304-00127,30.56
,2025_10,18-304-00128,30.56
,2025_10,18-304-00129,30.56
,2025_10,18-305-00130,30.37
,2025_10,18-305-00131,30.37
,2025_10,18-305-00132,30.37
,2025_10,18-305-00133,30.37
,2025_10,18-305-00134,30.37
,2025_10,18-305-00135,30.37
,2025_10,18-305-00136,30.37
,2025_10,18-306-00137,29.99
,2025_10,18-306-00138,29.99
,2025_10,18-306-00139,29.99
,2025_10,18-306-00140,29.99
,2025_10,18-307-00141,30.35
,2025_10,18-307-00142,30.35
,2025_10,18-307-00143,30.35
,2025_10,18-307-00144,30.35
,2025_10,18-307-00145,30.35
,2025_10,18-307-00146,30.35
,2025_10,18-307-00147,30.35
,2025_10,18-308-00148,30.4
,2025_10,18-308-00149,30.4
,2025_10,18-308-00150,30.4
,2025_10,18-308-00151,30.4
,2025_10,18-308-00152,30.4
,2025_10,18-308-00153,30.4
,2025_10,18-309-00154,29.46
,2025_10,18-309-00155,29.46
,2025_10,18-309-00156,29.46
,2025_10,18-309-00157,29.46
,2025_10,18-310-00158,29.43
,2025_10,18-310-00159,29.43
,2025_10,18-310-00160,29.43
,2025_10,18-310-00161,29.43
,2025_10,18-310-00162,29.43
,2025_10,18-310-00163,29.43
,2025_10,18-310-00164,29.43
,2025_10,18-311-00165,29.57
,2025_10,18-311-00166,29.57
,2025_10,18-311-00167,29.57
,2025_10,18-311-00168,29.57
,2025_10,18-312-00169,29.6
,2025_10,18-312-00170,29.6
,2025_10,18-312-00171,29.6
,2025_10,18-313-00172,29.8
,2025_10,18-313-00173,29.8
,2025_10,18-313-00174,29.8
,2025_10,18-313-00175,29.8
,2025_10,18-313-00176,29.8
,2025_10,18-313-00177,29.8
,2025_10,18-314-00178,28.22
,2025_10,18-314-00179,28.22
,2025_10,18-315-00180,28.04
,2025_10,18-315-00181,28.04
,2025_10,18-315-00182,28.04
,2025_10,18-315-00183,28.04
,2025_10,18-316-00184,30.68
,2025_10,18-316-00185,30.68
,2025_10,18-316-00186,30.68
,2025_10,18-316-00187,30.68
,2025_10,18-316-00188,30.68
,2025_10,18-317-00189,30.6
,2025_10,18-317-00190,30.6
,2025_10,18-317-00191,30.6
,2025_10,18-317-00192,30.6
,2025_10,18-317-00193,30.6
,2025_10,18-318-00194,30.5
,2025_10,18-318-00195,30.5
,2025_10,18-318-00196,30.5
,2025_10,18-318-00197,30.5
,2025_10,18-319-00198,30.3
,2025_10,18-319-00199,30.3
,2025_10,18-319-00200,30.3
,2025_10,18-319-00201,30.3
,2025_10,18-319-00202,30.3
,2025_10,18-320-00203,30.41
,2025_10,18-320-00204,30.41
,2025_10,18-320-00205,30.41
,2025_10,18-320-00206,30.41
,2025_10,18-320-00207,30.41
,2025_10,18-321-00208,29.77
,2025_10,18-321-00209,29.77
,2025_10,18-321-00210,29.77
,2025_10,18-321-00211,29.77
,2025_10,18-321-00212,29.77
,2025_10,18-321-00213,29.77
,2025_10,18-321-00214,29.77
,2025_10,18-321-00215,29.77
,2025_10,18-321-00216,29.77
,2025_10,18-321-00217,29.77
,2025_10,18-321-00218,29.77
,2025_10,18-322-00219,30.37
,2025_10,18-322-00220,30.37
,2025_10,18-322-00221,30.37
,2025_10,18-323-00222,29.99
,2025_10,18-323-00223,29.99
,2025_10,18-323-00224,29.99
,2025_10,18-323-00225,29.99
,2025_10,18-323-00226,29.99
,2025_10,18-323-00227,29.99
,2025_10,18-323-00228,29.99
,2025_10,18-324-00260,30.04
,2025_10,18-323-00230,29.99
,2025_10,18-324-00231,30.04
,2025_10,18-324-00232,30.04
,2025_10,18-324-00233,30.04
,2025_10,18-324-00234,30.04
,2025_10,18-816-00235,30.7
,2025_10,18-816-00236,30.7
,2025_10,18-325-00237,30.26
,2025_10,18-325-00238,30.26
,2025_10,18-325-00239,30.26
,2025_10,18-326-00240,30.36
,2025_10,18-326-00241,30.36
,2025_10,18-326-00242,30.36
,2025_10,18-326-00243,30.36
,2025_10,18-326-00244,30.36
,2025_10,18-326-00245,30.36
,2025_10,18-326-00246,30.36
,2025_10,18-326-00247,30.36
,2025_10,18-755-00248,29.13
,2025_10,18-756-00249,30.06
,2025_10,18-756-00250,30.06
,2025_10,18-756-00251,30.06
,2025_10,18-757-00252,29.7
,2025_10,18-757-00253,29.7
,2025_10,18-757-00254,29.7
,2025_10,18-759-00255,28.25
,2025_10,18-758-00256,30.1
,2025_10,18-758-00257,30.1
,2025_10,18-816-00258,30.7
,2025_10,18-816-00259,30.7
,2025_10,18-816-00261,30.7
,2025_10,18-324-00262,30.04
,2025_10,18-324-00263,30.04
,2025_10,18-303-00264,30.57
,2025_10,18-799-00265,30.5
,2025_10,18-303-00266,30.57
,2025_10,18-322-00267,30.37
,2025_10,18-326-00268,30.36
,2025_10,18-325-00269,30.26
,2025_10,18-325-00270,30.26
,2025_10,18-304-00271,30.56
,2025_10,18-321-00272,29.77
,2025_10,18-321-00273,29.77
,2025_10,18-301-00274,30.92
,2025_10,18-312-00276,29.6
,2025_10,18-312-00277,29.6
,2025_10,18-755-00278,29.13
,2025_10,18-755-00279,29.13
,2025_10,18-760-00280,29.81
,2025_10,18-760-00281,29.81
,2025_10,18-314-00275,28.22
,2025_10,18-300-00101,29.41
,2025_10,18-300-00102,29.41
,2025_10,18-300-00103,29.41
,2025_10,18-300-00104,29.41
,2025_10,18-300-00105,29.41
,2025_10,18-300-00106,29.41
,2025_10,18-300-00107,29.41
,2025_10,18-300-00108,29.41
,2025_10,18-301-00109,30.1
,2025_10,18-301-00110,30.1
,2025_10,18-301-00111,30.1
,2025_10,18-301-00112,30.1
,2025_10,18-301-00113,30.1
,2025_10,18-301-00114,30.1
,2025_10,18-302-00115,29.17
,2025_10,18-302-00116,29.17
,2025_10,18-302-00117,29.17
,2025_10,18-302-00118,29.17
,2025_10,18-302-00119,29.17
,2025_10,18-303-00120,30.3
,2025_10,18-303-00121,30.3
,2025_10,18-303-00122,30.3
,2025_10,18-303-00123,30.3
,2025_10,18-799-00124,29.89
,2025_10,18-799-00125,29.89
,2025_10,18-304-00126,30.16
,2025_10,18-304-00127,30.16
,2025_10,18-304-00128,30.16
,2025_10,18-304-00129,30.16
,2025_10,18-305-00130,29.35
,2025_10,18-305-00131,29.35
,2025_10,18-305-00132,29.35
,2025_10,18-305-00133,29.35
,2025_10,18-305-00134,29.35
,2025_10,18-305-00135,29.35
,2025_10,18-305-00136,29.35
,2025_10,18-306-00137,29.4
,2025_10,18-306-00138,29.4
,2025_10,18-306-00139,29.4
,2025_10,18-306-00140,29.4
,2025_10,18-307-00141,29.58
,2025_10,18-307-00142,29.58
,2025_10,18-307-00143,29.58
,2025_10,18-307-00144,29.58
,2025_10,18-307-00145,29.58
,2025_10,18-307-00146,29.58
,2025_10,18-307-00147,29.58
,2025_10,18-308-00148,29.67
,2025_10,18-308-00149,29.67
,2025_10,18-308-00150,29.67
,2025_10,18-308-00151,29.67
,2025_10,18-308-00152,29.67
,2025_10,18-308-00153,29.67
,2025_10,18-309-00154,28.12
,2025_10,18-309-00155,28.12
,2025_10,18-309-00156,28.12
,2025_10,18-309-00157,28.12
,2025_10,18-310-00158,28.75
,2025_10,18-310-00159,28.75
,2025_10,18-310-00160,28.75
,2025_10,18-310-00161,28.75
,2025_10,18-310-00162,28.75
,2025_10,18-310-00163,28.75
,2025_10,18-310-00164,28.75
,2025_10,18-311-00165,28.58
,2025_10,18-311-00166,28.58
,2025_10,18-311-00167,28.58
,2025_10,18-311-00168,28.58
,2025_10,18-312-00169,28.34
,2025_10,18-312-00170,28.34
,2025_10,18-312-00171,28.34
,2025_10,18-313-00172,28.91
,2025_10,18-313-00173,28.91
,2025_10,18-313-00174,28.91
,2025_10,18-313-00175,28.91
,2025_10,18-313-00176,28.91
,2025_10,18-313-00177,28.91
,2025_10,18-314-00178,26.47
,2025_10,18-314-00179,26.47
,2025_10,18-315-00180,25.57
,2025_10,18-315-00181,25.57
,2025_10,18-315-00182,25.57
,2025_10,18-315-00183,25.57
,2025_10,18-316-00184,28.94
,2025_10,18-316-00185,28.94
,2025_10,18-316-00186,28.94
,2025_10,18-316-00187,28.94
,2025_10,18-316-00188,28.94
,2025_10,18-317-00189,29.27
,2025_10,18-317-00190,29.27
,2025_10,18-317-00191,29.27
,2025_10,18-317-00192,29.27
,2025_10,18-317-00193,29.27
,2025_10,18-318-00194,28.92
,2025_10,18-318-00195,28.92
,2025_10,18-318-00196,28.92
,2025_10,18-318-00197,28.92
,2025_10,18-319-00198,29.86
,2025_10,18-319-00199,29.86
,2025_10,18-319-00200,29.86
,2025_10,18-319-00201,29.86
,2025_10,18-319-00202,29.86
,2025_10,18-320-00203,29.47
,2025_10,18-320-00204,29.47
,2025_10,18-320-00205,29.47
,2025_10,18-320-00206,29.47
,2025_10,18-320-00207,29.47
,2025_10,18-321-00208,29.06
,2025_10,18-321-00209,29.06
,2025_10,18-321-00210,29.06
,2025_10,18-321-00211,29.06
,2025_10,18-321-00212,29.06
,2025_10,18-321-00213,29.06
,2025_10,18-321-00214,29.06
,2025_10,18-321-00215,29.06
,2025_10,18-321-00216,29.06
,2025_10,18-321-00217,29.06
,2025_10,18-321-00218,29.06
,2025_10,18-322-00219,28.88
,2025_10,18-322-00220,28.88
,2025_10,18-322-00221,28.88
,2025_10,18-323-00222,29.68
,2025_10,18-323-00223,29.68
,2025_10,18-323-00224,29.68
,2025_10,18-323-00225,29.68
,2025_10,18-323-00226,29.68
,2025_10,18-323-00227,29.68
,2025_10,18-323-00228,29.68
,2025_10,18-324-00260,29.42
,2025_10,18-323-00230,29.68
,2025_10,18-324-00231,29.42
,2025_10,18-324-00232,29.42
,2025_10,18-324-00233,29.42
,2025_10,18-324-00234,29.42
,2025_10,18-816-00235,30.04
,2025_10,18-816-00236,30.04
,2025_10,18-325-00237,30.1
,2025_10,18-325-00238,30.1
,2025_10,18-325-00239,30.1
,2025_10,18-326-00240,29.63
,2025_10,18-326-00241,29.63
,2025_10,18-326-00242,29.63
,2025_10,18-326-00243,29.63
,2025_10,18-326-00244,29.63
,2025_10,18-326-00245,29.63
,2025_10,18-326-00246,29.63
,2025_10,18-326-00247,29.63
,2025_10,18-755-00248,28.09
,2025_10,18-756-00249,29.19
,2025_10,18-756-00250,29.19
,2025_10,18-756-00251,29.19
,2025_10,18-757-00252,28.87
,2025_10,18-757-00253,28.87
,2025_10,18-757-00254,28.87
,2025_10,18-759-00255,26.18
,2025_10,18-758-00256,29.51
,2025_10,18-758-00257,29.51
,2025_10,18-816-00258,30.04
,2025_10,18-816-00259,30.04
,2025_10,18-816-00261,30.04
,2025_10,18-324-00262,29.42
,2025_10,18-324-00263,29.42
,2025_10,18-303-00264,30.3
,2025_10,18-799-00265,29.89
,2025_10,18-303-00266,30.3
,2025_10,18-322-00267,28.88
,2025_10,18-326-00268,29.63
,2025_10,18-325-00269,30.1
,2025_10,18-325-00270,30.1
,2025_10,18-304-00271,30.16
,2025_10,18-321-00272,29.06
,2025_10,18-321-00273,29.06
,2025_10,18-301-00274,30.1
,2025_10,18-312-00276,28.34
,2025_10,18-312-00277,28.34
,2025_10,18-755-00278,28.09
,2025_10,18-755-00279,28.09
,2025_10,18-760-00280,29.89
,2025_10,18-760-00281,29.89
,2025_10,18-314-00275,26.47
,2025_10,18-300-00101,26.76
,2025_10,18-300-00102,26.76
,2025_10,18-300-00103,26.76
,2025_10,18-300-00104,26.76
,2025_10,18-300-00105,26.76
,2025_10,18-300-00106,26.76
,2025_10,18-300-00107,26.76
,2025_10,18-300-00108,26.76
,2025_10,18-301-00109,27.14
,2025_10,18-301-00110,27.14
,2025_10,18-301-00111,27.14
,2025_10,18-301-00112,27.14
,2025_10,18-301-00113,27.14
,2025_10,18-301-00114,27.14
,2025_10,18-302-00115,26.24
,2025_10,18-302-00116,26.24
,2025_10,18-302-00117,26.24
,2025_10,18-302-00118,26.24
,2025_10,18-302-00119,26.24
,2025_10,18-303-00120,26.94
,2025_10,18-303-00121,26.94
,2025_10,18-303-00122,26.94
,2025_10,18-303-00123,26.94
,2025_10,18-799-00124,27.22
,2025_10,18-799-00125,27.22
,2025_10,18-304-00126,26.93
,2025_10,18-304-00127,26.93
,2025_10,18-304-00128,26.93
,2025_10,18-304-00129,26.93
,2025_10,18-305-00130,26.36
,2025_10,18-305-00131,26.36
,2025_10,18-305-00132,26.36
,2025_10,18-305-00133,26.36
,2025_10,18-305-00134,26.36
,2025_10,18-305-00135,26.36
,2025_10,18-305-00136,26.36
,2025_10,18-306-00137,26.95
,2025_10,18-306-00138,26.95
,2025_10,18-306-00139,26.95
,2025_10,18-306-00140,26.95
,2025_10,18-307-00141,26.4
,2025_10,18-307-00142,26.4
,2025_10,18-307-00143,26.4
,2025_10,18-307-00144,26.4
,2025_10,18-307-00145,26.4
,2025_10,18-307-00146,26.4
,2025_10,18-307-00147,26.4
,2025_10,18-308-00148,26.85
,2025_10,18-308-00149,26.85
,2025_10,18-308-00150,26.85
,2025_10,18-308-00151,26.85
,2025_10,18-308-00152,26.85
,2025_10,18-308-00153,26.85
,2025_10,18-309-00154,25.4
,2025_10,18-309-00155,25.4
,2025_10,18-309-00156,25.4
,2025_10,18-309-00157,25.4
,2025_10,18-310-00158,26.07
,2025_10,18-310-00159,26.07
,2025_10,18-310-00160,26.07
,2025_10,18-310-00161,26.07
,2025_10,18-310-00162,26.07
,2025_10,18-310-00163,26.07
,2025_10,18-310-00164,26.07
,2025_10,18-311-00165,25.72
,2025_10,18-311-00166,25.72
,2025_10,18-311-00167,25.72
,2025_10,18-311-00168,25.72
,2025_10,18-312-00169,25.36
,2025_10,18-312-00170,25.36
,2025_10,18-312-00171,25.36
,2025_10,18-313-00172,25.61
,2025_10,18-313-00173,25.61
,2025_10,18-313-00174,25.61
,2025_10,18-313-00175,25.61
,2025_10,18-313-00176,25.61
,2025_10,18-313-00177,25.61
,2025_10,18-314-00178,23.07
,2025_10,18-314-00179,23.07
,2025_10,18-315-00180,21.7
,2025_10,18-315-00181,21.7
,2025_10,18-315-00182,21.7
,2025_10,18-315-00183,21.7
,2025_10,18-316-00184,25.21
,2025_10,18-316-00185,25.21
,2025_10,18-316-00186,25.21
,2025_10,18-316-00187,25.21
,2025_10,18-316-00188,25.21
,2025_10,18-317-00189,25.62
,2025_10,18-317-00190,25.62
,2025_10,18-317-00191,25.62
,2025_10,18-317-00192,25.62
,2025_10,18-317-00193,25.62
,2025_10,18-318-00194,25.15
,2025_10,18-318-00195,25.15
,2025_10,18-318-00196,25.15
,2025_10,18-318-00197,25.15
,2025_10,18-319-00198,26.42
,2025_10,18-319-00199,26.42
,2025_10,18-319-00200,26.42
,2025_10,18-319-00201,26.42
,2025_10,18-319-00202,26.42
,2025_10,18-320-00203,26.97
,2025_10,18-320-00204,26.97
,2025_10,18-320-00205,26.97
,2025_10,18-320-00206,26.97
,2025_10,18-320-00207,26.97
,2025_10,18-321-00208,25.68
,2025_10,18-321-00209,25.68
,2025_10,18-321-00210,25.68
,2025_10,18-321-00211,25.68
,2025_10,18-321-00212,25.68
,2025_10,18-321-00213,25.68
,2025_10,18-321-00214,25.68
,2025_10,18-321-00215,25.68
,2025_10,18-321-00216,25.68
,2025_10,18-321-00217,25.68
,2025_10,18-321-00218,25.68
,2025_10,18-322-00219,25.42
,2025_10,18-322-00220,25.42
,2025_10,18-322-00221,25.42
,2025_10,18-323-00222,26.62
,2025_10,18-323-00223,26.62
,2025_10,18-323-00224,26.62
,2025_10,18-323-00225,26.62
,2025_10,18-323-00226,26.62
,2025_10,18-323-00227,26.62
,2025_10,18-323-00228,26.62
,2025_10,18-324-00260,26.99
,2025_10,18-323-00230,26.62
,2025_10,18-324-00231,26.99
,2025_10,18-324-00232,26.99
,2025_10,18-324-00233,26.99
,2025_10,18-324-00234,26.99
,2025_10,18-816-00235,27.69
,2025_10,18-816-00236,27.69
,2025_10,18-325-00237,26.88
,2025_10,18-325-00238,26.88
,2025_10,18-325-00239,26.88
,2025_10,18-326-00240,27.03
,2025_10,18-326-00241,27.03
,2025_10,18-326-00242,27.03
,2025_10,18-326-00243,27.03
,2025_10,18-326-00244,27.03
,2025_10,18-326-00245,27.03
,2025_10,18-326-00246,27.03
,2025_10,18-326-00247,27.03
,2025_10,18-755-00248,25.33
,2025_10,18-756-00249,26.41
,2025_10,18-756-00250,26.41
,2025_10,18-756-00251,26.41
,2025_10,18-757-00252,25.71
,2025_10,18-757-00253,25.71
,2025_10,18-757-00254,25.71
,2025_10,18-759-00255,22.83
,2025_10,18-758-00256,26.54
,2025_10,18-758-00257,26.54
,2025_10,18-816-00258,27.69
,2025_10,18-816-00259,27.69
,2025_10,18-816-00261,27.69
,2025_10,18-324-00262,26.99
,2025_10,18-324-00263,26.99
,2025_10,18-303-00264,26.94
,2025_10,18-799-00265,27.22
,2025_10,18-303-00266,26.94
,2025_10,18-322-00267,25.42
,2025_10,18-326-00268,27.03
,2025_10,18-325-00269,26.88
,2025_10,18-325-00270,26.88
,2025_10,18-304-00271,26.93
,2025_10,18-321-00272,25.68
,2025_10,18-321-00273,25.68
,2025_10,18-301-00274,27.14
,2025_10,18-312-00276,25.36
,2025_10,18-312-00277,25.36
,2025_10,18-755-00278,25.33
,2025_10,18-755-00279,25.33
,2025_10,18-760-00280,26.73
,2025_10,18-760-00281,26.73
,2025_10,18-314-00275,23.07
,2025_10,18-300-00101,25.99
,2025_10,18-300-00102,25.99
,2025_10,18-300-00103,25.99
,2025_10,18-300-00104,25.99
,2025_10,18-300-00105,25.99
,2025_10,18-300-00106,25.99
,2025_10,18-300-00107,25.99
,2025_10,18-300-00108,25.99
,2025_10,18-301-00109,26.52
,2025_10,18-301-00110,26.52
,2025_10,18-301-00111,26.52
,2025_10,18-301-00112,26.52
,2025_10,18-301-00113,26.52
,2025_10,18-301-00114,26.52
,2025_10,18-302-00115,26.24
,2025_10,18-302-00116,26.24
,2025_10,18-302-00117,26.24
,2025_10,18-302-00118,26.24
,2025_10,18-302-00119,26.24
,2025_10,18-303-00120,26.27
,2025_10,18-303-00121,26.27
,2025_10,18-303-00122,26.27
,2025_10,18-303-00123,26.27
,2025_10,18-799-00124,26.24
,2025_10,18-799-00125,26.24
,2025_10,18-304-00126,26.69
,2025_10,18-304-00127,26.69
,2025_10,18-304-00128,26.69
,2025_10,18-304-00129,26.69
,2025_10,18-305-00130,26.09
,2025_10,18-305-00131,26.09
,2025_10,18-305-00132,26.09
,2025_10,18-305-00133,26.09
,2025_10,18-305-00134,26.09
,2025_10,18-305-00135,26.09
,2025_10,18-305-00136,26.09
,2025_10,18-306-00137,26.41
,2025_10,18-306-00138,26.41
,2025_10,18-306-00139,26.41
,2025_10,18-306-00140,26.41
,2025_10,18-307-00141,26.08
,2025_10,18-307-00142,26.08
,2025_10,18-307-00143,26.08
,2025_10,18-307-00144,26.08
,2025_10,18-307-00145,26.08
,2025_10,18-307-00146,26.08
,2025_10,18-307-00147,26.08
,2025_10,18-308-00148,26.33
,2025_10,18-308-00149,26.33
,2025_10,18-308-00150,26.33
,2025_10,18-308-00151,26.33
,2025_10,18-308-00152,26.33
,2025_10,18-308-00153,26.33
,2025_10,18-309-00154,24.91
,2025_10,18-309-00155,24.91
,2025_10,18-309-00156,24.91
,2025_10,18-309-00157,24.91
,2025_10,18-310-00158,25.93
,2025_10,18-310-00159,25.93
,2025_10,18-310-00160,25.93
,2025_10,18-310-00161,25.93
,2025_10,18-310-00162,25.93
,2025_10,18-310-00163,25.93
,2025_10,18-310-00164,25.93
,2025_10,18-311-00165,25.37
,2025_10,18-311-00166,25.37
,2025_10,18-311-00167,25.37
,2025_10,18-311-00168,25.37
,2025_10,18-312-00169,24.96
,2025_10,18-312-00170,24.96
,2025_10,18-312-00171,24.96
,2025_10,18-313-00172,25.44
,2025_10,18-313-00173,25.44
,2025_10,18-313-00174,25.44
,2025_10,18-313-00175,25.44
,2025_10,18-313-00176,25.44
,2025_10,18-313-00177,25.44
,2025_10,18-314-00178,22.74
,2025_10,18-314-00179,22.74
,2025_10,18-315-00180,21.32
,2025_10,18-315-00181,21.32
,2025_10,18-315-00182,21.32
,2025_10,18-315-00183,21.32
,2025_10,18-316-00184,24.76
,2025_10,18-316-00185,24.76
,2025_10,18-316-00186,24.76
,2025_10,18-316-00187,24.76
,2025_10,18-316-00188,24.76
,2025_10,18-317-00189,25.25
,2025_10,18-317-00190,25.25
,2025_10,18-317-00191,25.25
,2025_10,18-317-00192,25.25
,2025_10,18-317-00193,25.25
,2025_10,18-318-00194,25.03
,2025_10,18-318-00195,25.03
,2025_10,18-318-00196,25.03
,2025_10,18-318-00197,25.03
,2025_10,18-319-00198,25.57
,2025_10,18-319-00199,25.57
,2025_10,18-319-00200,25.57
,2025_10,18-319-00201,25.57
,2025_10,18-319-00202,25.57
,2025_10,18-320-00203,26.05
,2025_10,18-320-00204,26.05
,2025_10,18-320-00205,26.05
,2025_10,18-320-00206,26.05
,2025_10,18-320-00207,26.05
,2025_10,18-321-00208,25.32
,2025_10,18-321-00209,25.32
,2025_10,18-321-00210,25.32
,2025_10,18-321-00211,25.32
,2025_10,18-321-00212,25.32
,2025_10,18-321-00213,25.32
,2025_10,18-321-00214,25.32
,2025_10,18-321-00215,25.32
,2025_10,18-321-00216,25.32
,2025_10,18-321-00217,25.32
,2025_10,18-321-00218,25.32
,2025_10,18-322-00219,25.13
,2025_10,18-322-00220,25.13
,2025_10,18-322-00221,25.13
,2025_10,18-323-00222,25.9
,2025_10,18-323-00223,25.9
,2025_10,18-323-00224,25.9
,2025_10,18-323-00225,25.9
,2025_10,18-323-00226,25.9
,2025_10,18-323-00227,25.9
,2025_10,18-323-00228,25.9
,2025_10,18-324-00260,25.86
,2025_10,18-323-00230,25.9
,2025_10,18-324-00231,25.86
,2025_10,18-324-00232,25.86
,2025_10,18-324-00233,25.86
,2025_10,18-324-00234,25.86
,2025_10,18-816-00235,26.67
,2025_10,18-816-00236,26.67
,2025_10,18-325-00237,26.49
,2025_10,18-325-00238,26.49
,2025_10,18-325-00239,26.49
,2025_10,18-326-00240,26.44
,2025_10,18-326-00241,26.44
,2025_10,18-326-00242,26.44
,2025_10,18-326-00243,26.44
,2025_10,18-326-00244,26.44
,2025_10,18-326-00245,26.44
,2025_10,18-326-00246,26.44
,2025_10,18-326-00247,26.44
,2025_10,18-755-00248,24.81
,2025_10,18-756-00249,26.08
,2025_10,18-756-00250,26.08
,2025_10,18-756-00251,26.08
,2025_10,18-757-00252,25.92
,2025_10,18-757-00253,25.92
,2025_10,18-757-00254,25.92
,2025_10,18-759-00255,22.55
,2025_10,18-758-00256,26.54
,2025_10,18-758-00257,26.54
,2025_10,18-816-00258,26.67
,2025_10,18-816-00259,26.67
,2025_10,18-816-00261,26.67
,2025_10,18-324-00262,25.86
,2025_10,18-324-00263,25.86
,2025_10,18-303-00264,26.27
,2025_10,18-799-00265,26.24
,2025_10,18-303-00266,26.27
,2025_10,18-322-00267,25.13
,2025_10,18-326-00268,26.44
,2025_10,18-325-00269,26.49
,2025_10,18-325-00270,26.49
,2025_10,18-304-00271,26.69
,2025_10,18-321-00272,25.32
,2025_10,18-321-00273,25.32
,2025_10,18-301-00274,26.52
,2025_10,18-312-00276,24.96
,2025_10,18-312-00277,24.96
,2025_10,18-755-00278,24.81
,2025_10,18-755-00279,24.81
,2025_10,18-760-00280,27.29
,2025_10,18-760-00281,27.29
,2025_10,18-314-00275,22.74
,2025_10,18-300-00101,30.4
,2025_10,18-300-00102,30.4
,2025_10,18-300-00103,30.4
,2025_10,18-300-00104,30.4
,2025_10,18-300-00105,30.4
,2025_10,18-300-00106,30.4
,2025_10,18-300-00107,30.4
,2025_10,18-300-00108,30.4
,2025_10,18-301-00109,30.43
,2025_10,18-301-00110,30.43
,2025_10,18-301-00111,30.43
,2025_10,18-301-00112,30.43
,2025_10,18-301-00113,30.43
,2025_10,18-301-00114,30.43
,2025_10,18-302-00115,30.64
,2025_10,18-302-00116,30.64
,2025_10,18-302-00117,30.64
,2025_10,18-302-00118,30.64
,2025_10,18-302-00119,30.64
,2025_10,18-303-00120,29.31
,2025_10,18-303-00121,29.31
,2025_10,18-303-00122,29.31
,2025_10,18-303-00123,29.31
,2025_10,18-799-00124,29.46
,2025_10,18-799-00125,29.46
,2025_10,18-304-00126,29.63
,2025_10,18-304-00127,29.63
,2025_10,18-304-00128,29.63
,2025_10,18-304-00129,29.63
,2025_10,18-305-00130,29.76
,2025_10,18-305-00131,29.76
,2025_10,18-305-00132,29.76
,2025_10,18-305-00133,29.76
,2025_10,18-305-00134,29.76
,2025_10,18-305-00135,29.76
,2025_10,18-305-00136,29.76
,2025_10,18-306-00137,30.09
,2025_10,18-306-00138,30.09
,2025_10,18-306-00139,30.09
,2025_10,18-306-00140,30.09
,2025_10,18-307-00141,29.27
,2025_10,18-307-00142,29.27
,2025_10,18-307-00143,29.27
,2025_10,18-307-00144,29.27
,2025_10,18-307-00145,29.27
,2025_10,18-307-00146,29.27
,2025_10,18-307-00147,29.27
,2025_10,18-308-00148,28.33
,2025_10,18-308-00149,28.33
,2025_10,18-308-00150,28.33
,2025_10,18-308-00151,28.33
,2025_10,18-308-00152,28.33
,2025_10,18-308-00153,28.33
,2025_10,18-309-00154,27.5
,2025_10,18-309-00155,27.5
,2025_10,18-309-00156,27.5
,2025_10,18-309-00157,27.5
,2025_10,18-310-00158,28.52
,2025_10,18-310-00159,28.52
,2025_10,18-310-00160,28.52
,2025_10,18-310-00161,28.52
,2025_10,18-310-00162,28.52
,2025_10,18-310-00163,28.52
,2025_10,18-310-00164,28.52
,2025_10,18-311-00165,28.67
,2025_10,18-311-00166,28.67
,2025_10,18-311-00167,28.67
,2025_10,18-311-00168,28.67
,2025_10,18-312-00169,28.66
,2025_10,18-312-00170,28.66
,2025_10,18-312-00171,28.66
,2025_10,18-313-00172,29.24
,2025_10,18-313-00173,29.24
,2025_10,18-313-00174,29.24
,2025_10,18-313-00175,29.24
,2025_10,18-313-00176,29.24
,2025_10,18-313-00177,29.24
,2025_10,18-314-00178,25.91
,2025_10,18-314-00179,25.91
,2025_10,18-315-00180,24.35
,2025_10,18-315-00181,24.35
,2025_10,18-315-00182,24.35
,2025_10,18-315-00183,24.35
,2025_10,18-316-00184,27.72
,2025_10,18-316-00185,27.72
,2025_10,18-316-00186,27.72
,2025_10,18-316-00187,27.72
,2025_10,18-316-00188,27.72
,2025_10,18-317-00189,29.05
,2025_10,18-317-00190,29.05
,2025_10,18-317-00191,29.05
,2025_10,18-317-00192,29.05
,2025_10,18-317-00193,29.05
,2025_10,18-318-00194,28.61
,2025_10,18-318-00195,28.61
,2025_10,18-318-00196,28.61
,2025_10,18-318-00197,28.61
,2025_10,18-319-00198,28.8
,2025_10,18-319-00199,28.8
,2025_10,18-319-00200,28.8
,2025_10,18-319-00201,28.8
,2025_10,18-319-00202,28.8
,2025_10,18-320-00203,30.08
,2025_10,18-320-00204,30.08
,2025_10,18-320-00205,30.08
,2025_10,18-320-00206,30.08
,2025_10,18-320-00207,30.08
,2025_10,18-321-00208,28.7
,2025_10,18-321-00209,28.7
,2025_10,18-321-00210,28.7
,2025_10,18-321-00211,28.7
,2025_10,18-321-00212,28.7
,2025_10,18-321-00213,28.7
,2025_10,18-321-00214,28.7
,2025_10,18-321-00215,28.7
,2025_10,18-321-00216,28.7
,2025_10,18-321-00217,28.7
,2025_10,18-321-00218,28.7
,2025_10,18-322-00219,28.31
,2025_10,18-322-00220,28.31
,2025_10,18-322-00221,28.31
,2025_10,18-323-00222,28.71
,2025_10,18-323-00223,28.71
,2025_10,18-323-00224,28.71
,2025_10,18-323-00225,28.71
,2025_10,18-323-00226,28.71
,2025_10,18-323-00227,28.71
,2025_10,18-323-00228,28.71
,2025_10,18-324-00260,29.65
,2025_10,18-323-00230,28.71
,2025_10,18-324-00231,29.65
,2025_10,18-324-00232,29.65
,2025_10,18-324-00233,29.65
,2025_10,18-324-00234,29.65
,2025_10,18-816-00235,29.63
,2025_10,18-816-00236,29.63
,2025_10,18-325-00237,29.34
,2025_10,18-325-00238,29.34
,2025_10,18-325-00239,29.34
,2025_10,18-326-00240,29.61
,2025_10,18-326-00241,29.61
,2025_10,18-326-00242,29.61
,2025_10,18-326-00243,29.61
,2025_10,18-326-00244,29.61
,2025_10,18-326-00245,29.61
,2025_10,18-326-00246,29.61
,2025_10,18-326-00247,29.61
,2025_10,18-755-00248,28.07
,2025_10,18-756-00249,30.27
,2025_10,18-756-00250,30.27
,2025_10,18-756-00251,30.27
,2025_10,18-757-00252,30.3
,2025_10,18-757-00253,30.3
,2025_10,18-757-00254,30.3
,2025_10,18-759-00255,25.68
,2025_10,18-758-00256,30.11
,2025_10,18-758-00257,30.11
,2025_10,18-816-00258,29.63
,2025_10,18-816-00259,29.63
,2025_10,18-816-00261,29.63
,2025_10,18-324-00262,29.65
,2025_10,18-324-00263,29.65
,2025_10,18-303-00264,29.31
,2025_10,18-799-00265,29.46
,2025_10,18-303-00266,29.31
,2025_10,18-322-00267,28.31
,2025_10,18-326-00268,29.61
,2025_10,18-325-00269,29.34
,2025_10,18-325-00270,29.34
,2025_10,18-304-00271,29.63
,2025_10,18-321-00272,28.7
,2025_10,18-321-00273,28.7
,2025_10,18-301-00274,30.43
,2025_10,18-312-00276,28.66
,2025_10,18-312-00277,28.66
,2025_10,18-755-00278,28.07
,2025_10,18-755-00279,28.07
,2025_10,18-760-00280,30.79
,2025_10,18-760-00281,30.79
,2025_10,18-314-00275,25.91
,2025_10,18-300-00101,33.85
,2025_10,18-300-00102,33.85
,2025_10,18-300-00103,33.85
,2025_10,18-300-00104,33.85
,2025_10,18-300-00105,33.85
,2025_10,18-300-00106,33.85
,2025_10,18-300-00107,33.85
,2025_10,18-300-00108,33.85
,2025_10,18-301-00109,32.71
,2025_10,18-301-00110,32.71
,2025_10,18-301-00111,32.71
,2025_10,18-301-00112,32.71
,2025_10,18-301-00113,32.71
,2025_10,18-301-00114,32.71
,2025_10,18-302-00115,33.93
,2025_10,18-302-00116,33.93
,2025_10,18-302-00117,33.93
,2025_10,18-302-00118,33.93
,2025_10,18-302-00119,33.93
,2025_10,18-303-00120,32.87
,2025_10,18-303-00121,32.87
,2025_10,18-303-00122,32.87
,2025_10,18-303-00123,32.87
,2025_10,18-799-00124,32.73
,2025_10,18-799-00125,32.73
,2025_10,18-304-00126,32.07
,2025_10,18-304-00127,32.07
,2025_10,18-304-00128,32.07
,2025_10,18-304-00129,32.07
,2025_10,18-305-00130,32.65
,2025_10,18-305-00131,32.65
,2025_10,18-305-00132,32.65
,2025_10,18-305-00133,32.65
,2025_10,18-305-00134,32.65
,2025_10,18-305-00135,32.65
,2025_10,18-305-00136,32.65
,2025_10,18-306-00137,33.27
,2025_10,18-306-00138,33.27
,2025_10,18-306-00139,33.27
,2025_10,18-306-00140,33.27
,2025_10,18-307-00141,31.68
,2025_10,18-307-00142,31.68
,2025_10,18-307-00143,31.68
,2025_10,18-307-00144,31.68
,2025_10,18-307-00145,31.68
,2025_10,18-307-00146,31.68
,2025_10,18-307-00147,31.68
,2025_10,18-308-00148,30.75
,2025_10,18-308-00149,30.75
,2025_10,18-308-00150,30.75
,2025_10,18-308-00151,30.75
,2025_10,18-308-00152,30.75
,2025_10,18-308-00153,30.75
,2025_10,18-309-00154,30.15
,2025_10,18-309-00155,30.15
,2025_10,18-309-00156,30.15
,2025_10,18-309-00157,30.15
,2025_10,18-310-00158,31.22
,2025_10,18-310-00159,31.22
,2025_10,18-310-00160,31.22
,2025_10,18-310-00161,31.22
,2025_10,18-310-00162,31.22
,2025_10,18-310-00163,31.22
,2025_10,18-310-00164,31.22
,2025_10,18-311-00165,32.14
,2025_10,18-311-00166,32.14
,2025_10,18-311-00167,32.14
,2025_10,18-311-00168,32.14
,2025_10,18-312-00169,32.24
,2025_10,18-312-00170,32.24
,2025_10,18-312-00171,32.24
,2025_10,18-313-00172,33.55
,2025_10,18-313-00173,33.55
,2025_10,18-313-00174,33.55
,2025_10,18-313-00175,33.55
,2025_10,18-313-00176,33.55
,2025_10,18-313-00177,33.55
,2025_10,18-314-00178,30.38
,2025_10,18-314-00179,30.38
,2025_10,18-315-00180,28.24
,2025_10,18-315-00181,28.24
,2025_10,18-315-00182,28.24
,2025_10,18-315-00183,28.24
,2025_10,18-316-00184,30.51
,2025_10,18-316-00185,30.51
,2025_10,18-316-00186,30.51
,2025_10,18-316-00187,30.51
,2025_10,18-316-00188,30.51
,2025_10,18-317-00189,31.94
,2025_10,18-317-00190,31.94
,2025_10,18-317-00191,31.94
,2025_10,18-317-00192,31.94
,2025_10,18-317-00193,31.94
,2025_10,18-318-00194,31.6
,2025_10,18-318-00195,31.6
,2025_10,18-318-00196,31.6
,2025_10,18-318-00197,31.6
,2025_10,18-319-00198,32.31
,2025_10,18-319-00199,32.31
,2025_10,18-319-00200,32.31
,2025_10,18-319-00201,32.31
,2025_10,18-319-00202,32.31
,2025_10,18-320-00203,34.07
,2025_10,18-320-00204,34.07
,2025_10,18-320-00205,34.07
,2025_10,18-320-00206,34.07
,2025_10,18-320-00207,34.07
,2025_10,18-321-00208,32.7
,2025_10,18-321-00209,32.7
,2025_10,18-321-00210,32.7
,2025_10,18-321-00211,32.7
,2025_10,18-321-00212,32.7
,2025_10,18-321-00213,32.7
,2025_10,18-321-00214,32.7
,2025_10,18-321-00215,32.7
,2025_10,18-321-00216,32.7
,2025_10,18-321-00217,32.7
,2025_10,18-321-00218,32.7
,2025_10,18-322-00219,31.93
,2025_10,18-322-00220,31.93
,2025_10,18-322-00221,31.93
,2025_10,18-323-00222,32.45
,2025_10,18-323-00223,32.45
,2025_10,18-323-00224,32.45
,2025_10,18-323-00225,32.45
,2025_10,18-323-00226,32.45
,2025_10,18-323-00227,32.45
,2025_10,18-323-00228,32.45
,2025_10,18-324-00260,33.39
,2025_10,18-323-00230,32.45
,2025_10,18-324-00231,33.39
,2025_10,18-324-00232,33.39
,2025_10,18-324-00233,33.39
,2025_10,18-324-00234,33.39
,2025_10,18-816-00235,33.25
,2025_10,18-816-00236,33.25
,2025_10,18-325-00237,32.24
,2025_10,18-325-00238,32.24
,2025_10,18-325-00239,32.24
,2025_10,18-326-00240,32.78
,2025_10,18-326-00241,32.78
,2025_10,18-326-00242,32.78
,2025_10,18-326-00243,32.78
,2025_10,18-326-00244,32.78
,2025_10,18-326-00245,32.78
,2025_10,18-326-00246,32.78
,2025_10,18-326-00247,32.78
,2025_10,18-755-00248,31.07
,2025_10,18-756-00249,33.96
,2025_10,18-756-00250,33.96
,2025_10,18-756-00251,33.96
,2025_10,18-757-00252,34.32
,2025_10,18-757-00253,34.32
,2025_10,18-757-00254,34.32
,2025_10,18-759-00255,30.1
,2025_10,18-758-00256,33.13
,2025_10,18-758-00257,33.13
,2025_10,18-816-00258,33.25
,2025_10,18-816-00259,33.25
,2025_10,18-816-00261,33.25
,2025_10,18-324-00262,33.39
,2025_10,18-324-00263,33.39
,2025_10,18-303-00264,32.87
,2025_10,18-799-00265,32.73
,2025_10,18-303-00266,32.87
,2025_10,18-322-00267,31.93
,2025_10,18-326-00268,32.78
,2025_10,18-325-00269,32.24
,2025_10,18-325-00270,32.24
,2025_10,18-304-00271,32.07
,2025_10,18-321-00272,32.7
,2025_10,18-321-00273,32.7
,2025_10,18-301-00274,32.71
,2025_10,18-312-00276,32.24
,2025_10,18-312-00277,32.24
,2025_10,18-755-00278,31.07
,2025_10,18-755-00279,31.07
,2025_10,18-760-00280,34.22
,2025_10,18-760-00281,34.22
,2025_10,18-314-00275,30.38
,2025_10,18-300-00101,34.12
,2025_10,18-300-00102,34.12
,2025_10,18-300-00103,34.12
,2025_10,18-300-00104,34.12
,2025_10,18-300-00105,34.12
,2025_10,18-300-00106,34.12
,2025_10,18-300-00107,34.12
,2025_10,18-300-00108,34.12
,2025_10,18-301-00109,34.52
,2025_10,18-301-00110,34.52
,2025_10,18-301-00111,34.52
,2025_10,18-301-00112,34.52
,2025_10,18-301-00113,34.52
,2025_10,18-301-00114,34.52
,2025_10,18-302-00115,35.02
,2025_10,18-302-00116,35.02
,2025_10,18-302-00117,35.02
,2025_10,18-302-00118,35.02
,2025_10,18-302-00119,35.02
,2025_10,18-303-00120,32.36
,2025_10,18-303-00121,32.36
,2025_10,18-303-00122,32.36
,2025_10,18-303-00123,32.36
,2025_10,18-799-00124,32.42
,2025_10,18-799-00125,32.42
,2025_10,18-304-00126,32.51
,2025_10,18-304-00127,32.51
,2025_10,18-304-00128,32.51
,2025_10,18-304-00129,32.51
,2025_10,18-305-00130,32.73
,2025_10,18-305-00131,32.73
,2025_10,18-305-00132,32.73
,2025_10,18-305-00133,32.73
,2025_10,18-305-00134,32.73
,2025_10,18-305-00135,32.73
,2025_10,18-305-00136,32.73
,2025_10,18-306-00137,32.79
,2025_10,18-306-00138,32.79
,2025_10,18-306-00139,32.79
,2025_10,18-306-00140,32.79
,2025_10,18-307-00141,30.47
,2025_10,18-307-00142,30.47
,2025_10,18-307-00143,30.47
,2025_10,18-307-00144,30.47
,2025_10,18-307-00145,30.47
,2025_10,18-307-00146,30.47
,2025_10,18-307-00147,30.47
,2025_10,18-308-00148,30.24
,2025_10,18-308-00149,30.24
,2025_10,18-308-00150,30.24
,2025_10,18-308-00151,30.24
,2025_10,18-308-00152,30.24
,2025_10,18-308-00153,30.24
,2025_10,18-309-00154,30.21
,2025_10,18-309-00155,30.21
,2025_10,18-309-00156,30.21
,2025_10,18-309-00157,30.21
,2025_10,18-310-00158,30.09
,2025_10,18-310-00159,30.09
,2025_10,18-310-00160,30.09
,2025_10,18-310-00161,30.09
,2025_10,18-310-00162,30.09
,2025_10,18-310-00163,30.09
,2025_10,18-310-00164,30.09
,2025_10,18-311-00165,31.02
,2025_10,18-311-00166,31.02
,2025_10,18-311-00167,31.02
,2025_10,18-311-00168,31.02
,2025_10,18-312-00169,31.06
,2025_10,18-312-00170,31.06
,2025_10,18-312-00171,31.06
,2025_10,18-313-00172,31.2
,2025_10,18-313-00173,31.2
,2025_10,18-313-00174,31.2
,2025_10,18-313-00175,31.2
,2025_10,18-313-00176,31.2
,2025_10,18-313-00177,31.2
,2025_10,18-314-00178,32.09
,2025_10,18-314-00179,32.09
,2025_10,18-315-00180,32.33
,2025_10,18-315-00181,32.33
,2025_10,18-315-00182,32.33
,2025_10,18-315-00183,32.33
,2025_10,18-316-00184,31.22
,2025_10,18-316-00185,31.22
,2025_10,18-316-00186,31.22
,2025_10,18-316-00187,31.22
,2025_10,18-316-00188,31.22
,2025_10,18-317-00189,32.41
,2025_10,18-317-00190,32.41
,2025_10,18-317-00191,32.41
,2025_10,18-317-00192,32.41
,2025_10,18-317-00193,32.41
,2025_10,18-318-00194,32.43
,2025_10,18-318-00195,32.43
,2025_10,18-318-00196,32.43
,2025_10,18-318-00197,32.43
,2025_10,18-319-00198,32.58
,2025_10,18-319-00199,32.58
,2025_10,18-319-00200,32.58
,2025_10,18-319-00201,32.58
,2025_10,18-319-00202,32.58
,2025_10,18-320-00203,32.77
,2025_10,18-320-00204,32.77
,2025_10,18-320-00205,32.77
,2025_10,18-320-00206,32.77
,2025_10,18-320-00207,32.77
,2025_10,18-321-00208,33.15
,2025_10,18-321-00209,33.15
,2025_10,18-321-00210,33.15
,2025_10,18-321-00211,33.15
,2025_10,18-321-00212,33.15
,2025_10,18-321-00213,33.15
,2025_10,18-321-00214,33.15
,2025_10,18-321-00215,33.15
,2025_10,18-321-00216,33.15
,2025_10,18-321-00217,33.15
,2025_10,18-321-00218,33.15
,2025_10,18-322-00219,33.22
,2025_10,18-322-00220,33.22
,2025_10,18-322-00221,33.22
,2025_10,18-323-00222,32.55
,2025_10,18-323-00223,32.55
,2025_10,18-323-00224,32.55
,2025_10,18-323-00225,32.55
,2025_10,18-323-00226,32.55
,2025_10,18-323-00227,32.55
,2025_10,18-323-00228,32.55
,2025_10,18-324-00260,32.86
,2025_10,18-323-00230,32.55
,2025_10,18-324-00231,32.86
,2025_10,18-324-00232,32.86
,2025_10,18-324-00233,32.86
,2025_10,18-324-00234,32.86
,2025_10,18-816-00235,32.64
,2025_10,18-816-00236,32.64
,2025_10,18-325-00237,31.68
,2025_10,18-325-00238,31.68
,2025_10,18-325-00239,31.68
,2025_10,18-326-00240,32.8
,2025_10,18-326-00241,32.8
,2025_10,18-326-00242,32.8
,2025_10,18-326-00243,32.8
,2025_10,18-326-00244,32.8
,2025_10,18-326-00245,32.8
,2025_10,18-326-00246,32.8
,2025_10,18-326-00247,32.8
,2025_10,18-755-00248,30.48
,2025_10,18-756-00249,31.78
,2025_10,18-756-00250,31.78
,2025_10,18-756-00251,31.78
,2025_10,18-757-00252,36.9
,2025_10,18-757-00253,36.9
,2025_10,18-757-00254,36.9
,2025_10,18-759-00255,33.96
,2025_10,18-758-00256,35.08
,2025_10,18-758-00257,35.08
,2025_10,18-816-00258,32.64
,2025_10,18-816-00259,32.64
,2025_10,18-816-00261,32.64
,2025_10,18-324-00262,32.86
,2025_10,18-324-00263,32.86
,2025_10,18-303-00264,32.36
,2025_10,18-799-00265,32.42
,2025_10,18-303-00266,32.36
,2025_10,18-322-00267,33.22
,2025_10,18-326-00268,32.8
,2025_10,18-325-00269,31.68
,2025_10,18-325-00270,31.68
,2025_10,18-304-00271,32.51
,2025_10,18-321-00272,33.15
,2025_10,18-321-00273,33.15
,2025_10,18-301-00274,34.52
,2025_10,18-312-00276,31.06
,2025_10,18-312-00277,31.06
,2025_10,18-755-00278,30.48
,2025_10,18-755-00279,30.48
,2025_10,18-760-00280,29.82
,2025_10,18-760-00281,29.82
,2025_10,18-314-00275,32.09
,2025_10,18-300-00101,36.08
,2025_10,18-300-00102,36.08
,2025_10,18-300-00103,36.08
,2025_10,18-300-00104,36.08
,2025_10,18-300-00105,36.08
,2025_10,18-300-00106,36.08
,2025_10,18-300-00107,36.08
,2025_10,18-300-00108,36.08
,2025_10,18-301-00109,36.96
,2025_10,18-301-00110,36.96
,2025_10,18-301-00111,36.96
,2025_10,18-301-00112,36.96
,2025_10,18-301-00113,36.96
,2025_10,18-301-00114,36.96
,2025_10,18-302-00115,37.48
,2025_10,18-302-00116,37.48
,2025_10,18-302-00117,37.48
,2025_10,18-302-00118,37.48
,2025_10,18-302-00119,37.48
,2025_10,18-303-00120,35.82
,2025_10,18-303-00121,35.82
,2025_10,18-303-00122,35.82
,2025_10,18-303-00123,35.82
,2025_10,18-799-00124,36.34
,2025_10,18-799-00125,36.34
,2025_10,18-304-00126,36.38
,2025_10,18-304-00127,36.38
,2025_10,18-304-00128,36.38
,2025_10,18-304-00129,36.38
,2025_10,18-305-00130,35.9
,2025_10,18-305-00131,35.9
,2025_10,18-305-00132,35.9
,2025_10,18-305-00133,35.9
,2025_10,18-305-00134,35.9
,2025_10,18-305-00135,35.9
,2025_10,18-305-00136,35.9
,2025_10,18-306-00137,35.08
,2025_10,18-306-00138,35.08
,2025_10,18-306-00139,35.08
,2025_10,18-306-00140,35.08
,2025_10,18-307-00141,34.83
,2025_10,18-307-00142,34.83
,2025_10,18-307-00143,34.83
,2025_10,18-307-00144,34.83
,2025_10,18-307-00145,34.83
,2025_10,18-307-00146,34.83
,2025_10,18-307-00147,34.83
,2025_10,18-308-00148,34.49
,2025_10,18-308-00149,34.49
,2025_10,18-308-00150,34.49
,2025_10,18-308-00151,34.49
,2025_10,18-308-00152,34.49
,2025_10,18-308-00153,34.49
,2025_10,18-309-00154,33.29
,2025_10,18-309-00155,33.29
,2025_10,18-309-00156,33.29
,2025_10,18-309-00157,33.29
,2025_10,18-310-00158,33.08
,2025_10,18-310-00159,33.08
,2025_10,18-310-00160,33.08
,2025_10,18-310-00161,33.08
,2025_10,18-310-00162,33.08
,2025_10,18-310-00163,33.08
,2025_10,18-310-00164,33.08
,2025_10,18-311-00165,33.49
,2025_10,18-311-00166,33.49
,2025_10,18-311-00167,33.49
,2025_10,18-311-00168,33.49
,2025_10,18-312-00169,33.65
,2025_10,18-312-00170,33.65
,2025_10,18-312-00171,33.65
,2025_10,18-313-00172,33.74
,2025_10,18-313-00173,33.74
,2025_10,18-313-00174,33.74
,2025_10,18-313-00175,33.74
,2025_10,18-313-00176,33.74
,2025_10,18-313-00177,33.74
,2025_10,18-314-00178,33.7
,2025_10,18-314-00179,33.7
,2025_10,18-315-00180,33.4
,2025_10,18-315-00181,33.4
,2025_10,18-315-00182,33.4
,2025_10,18-315-00183,33.4
,2025_10,18-316-00184,31.65
,2025_10,18-316-00185,31.65
,2025_10,18-316-00186,31.65
,2025_10,18-316-00187,31.65
,2025_10,18-316-00188,31.65
,2025_10,18-317-00189,31.92
,2025_10,18-317-00190,31.92
,2025_10,18-317-00191,31.92
,2025_10,18-317-00192,31.92
,2025_10,18-317-00193,31.92
,2025_10,18-318-00194,31.79
,2025_10,18-318-00195,31.79
,2025_10,18-318-00196,31.79
,2025_10,18-318-00197,31.79
,2025_10,18-319-00198,36.68
,2025_10,18-319-00199,36.68
,2025_10,18-319-00200,36.68
,2025_10,18-319-00201,36.68
,2025_10,18-319-00202,36.68
,2025_10,18-320-00203,35.53
,2025_10,18-320-00204,35.53
,2025_10,18-320-00205,35.53
,2025_10,18-320-00206,35.53
,2025_10,18-320-00207,35.53
,2025_10,18-321-00208,36.04
,2025_10,18-321-00209,36.04
,2025_10,18-321-00210,36.04
,2025_10,18-321-00211,36.04
,2025_10,18-321-00212,36.04
,2025_10,18-321-00213,36.04
,2025_10,18-321-00214,36.04
,2025_10,18-321-00215,36.04
,2025_10,18-321-00216,36.04
,2025_10,18-321-00217,36.04
,2025_10,18-321-00218,36.04
,2025_10,18-322-00219,36.32
,2025_10,18-322-00220,36.32
,2025_10,18-322-00221,36.32
,2025_10,18-323-00222,35.88
,2025_10,18-323-00223,35.88
,2025_10,18-323-00224,35.88
,2025_10,18-323-00225,35.88
,2025_10,18-323-00226,35.88
,2025_10,18-323-00227,35.88
,2025_10,18-323-00228,35.88
,2025_10,18-324-00260,35.51
,2025_10,18-323-00230,35.88
,2025_10,18-324-00231,35.51
,2025_10,18-324-00232,35.51
,2025_10,18-324-00233,35.51
,2025_10,18-324-00234,35.51
,2025_10,18-816-00235,36.31
,2025_10,18-816-00236,36.31
,2025_10,18-325-00237,35.27
,2025_10,18-325-00238,35.27
,2025_10,18-325-00239,35.27
,2025_10,18-326-00240,36.63
,2025_10,18-326-00241,36.63
,2025_10,18-326-00242,36.63
,2025_10,18-326-00243,36.63
,2025_10,18-326-00244,36.63
,2025_10,18-326-00245,36.63
,2025_10,18-326-00246,36.63
,2025_10,18-326-00247,36.63
,2025_10,18-755-00248,33.38
,2025_10,18-756-00249,34.34
,2025_10,18-756-00250,34.34
,2025_10,18-756-00251,34.34
,2025_10,18-757-00252,39.25
,2025_10,18-757-00253,39.25
,2025_10,18-757-00254,39.25
,2025_10,18-759-00255,35.45
,2025_10,18-758-00256,36.53
,2025_10,18-758-00257,36.53
,2025_10,18-816-00258,36.31
,2025_10,18-816-00259,36.31
,2025_10,18-816-00261,36.31
,2025_10,18-324-00262,35.51
,2025_10,18-324-00263,35.51
,2025_10,18-303-00264,35.82
,2025_10,18-799-00265,36.34
,2025_10,18-303-00266,35.82
,2025_10,18-322-00267,36.32
,2025_10,18-326-00268,36.63
,2025_10,18-325-00269,35.27
,2025_10,18-325-00270,35.27
,2025_10,18-304-00271,36.38
,2025_10,18-321-00272,36.04
,2025_10,18-321-00273,36.04
,2025_10,18-301-00274,36.96
,2025_10,18-312-00276,33.65
,2025_10,18-312-00277,33.65
,2025_10,18-755-00278,33.38
,2025_10,18-755-00279,33.38
,2025_10,18-760-00280,32.82
,2025_10,18-760-00281,32.82
,2025_10,18-314-00275,33.7
,2025_10,18-300-00101,31.5
,2025_10,18-300-00102,31.5
,2025_10,18-300-00103,31.5
,2025_10,18-300-00104,31.5
,2025_10,18-300-00105,31.5
,2025_10,18-300-00106,31.5
,2025_10,18-300-00107,31.5
,2025_10,18-300-00108,31.5
,2025_10,18-301-00109,30.61
,2025_10,18-301-00110,30.61
,2025_10,18-301-00111,30.61
,2025_10,18-301-00112,30.61
,2025_10,18-301-00113,30.61
,2025_10,18-301-00114,30.61
,2025_10,18-302-00115,29.73
,2025_10,18-302-00116,29.73
,2025_10,18-302-00117,29.73
,2025_10,18-302-00118,29.73
,2025_10,18-302-00119,29.73
,2025_10,18-303-00120,28.62
,2025_10,18-303-00121,28.62
,2025_10,18-303-00122,28.62
,2025_10,18-303-00123,28.62
,2025_10,18-799-00124,28.53
,2025_10,18-799-00125,28.53
,2025_10,18-304-00126,28.28
,2025_10,18-304-00127,28.28
,2025_10,18-304-00128,28.28
,2025_10,18-304-00129,28.28
,2025_10,18-305-00130,32.05
,2025_10,18-305-00131,32.05
,2025_10,18-305-00132,32.05
,2025_10,18-305-00133,32.05
,2025_10,18-305-00134,32.05
,2025_10,18-305-00135,32.05
,2025_10,18-305-00136,32.05
,2025_10,18-306-00137,28.65
,2025_10,18-306-00138,28.65
,2025_10,18-306-00139,28.65
,2025_10,18-306-00140,28.65
,2025_10,18-307-00141,29.55
,2025_10,18-307-00142,29.55
,2025_10,18-307-00143,29.55
,2025_10,18-307-00144,29.55
,2025_10,18-307-00145,29.55
,2025_10,18-307-00146,29.55
,2025_10,18-307-00147,29.55
,2025_10,18-308-00148,30.45
,2025_10,18-308-00149,30.45
,2025_10,18-308-00150,30.45
,2025_10,18-308-00151,30.45
,2025_10,18-308-00152,30.45
,2025_10,18-308-00153,30.45
,2025_10,18-309-00154,28.77
,2025_10,18-309-00155,28.77
,2025_10,18-309-00156,28.77
,2025_10,18-309-00157,28.77
,2025_10,18-310-00158,28.17
,2025_10,18-310-00159,28.17
,2025_10,18-310-00160,28.17
,2025_10,18-310-00161,28.17
,2025_10,18-310-00162,28.17
,2025_10,18-310-00163,28.17
,2025_10,18-310-00164,28.17
,2025_10,18-311-00165,31.6
,2025_10,18-311-00166,31.6
,2025_10,18-311-00167,31.6
,2025_10,18-311-00168,31.6
,2025_10,18-312-00169,33.46
,2025_10,18-312-00170,33.46
,2025_10,18-312-00171,33.46
,2025_10,18-313-00172,31.37
,2025_10,18-313-00173,31.37
,2025_10,18-313-00174,31.37
,2025_10,18-313-00175,31.37
,2025_10,18-313-00176,31.37
,2025_10,18-313-00177,31.37
,2025_10,18-314-00178,31.16
,2025_10,18-314-00179,31.16
,2025_10,18-315-00180,30.04
,2025_10,18-315-00181,30.04
,2025_10,18-315-00182,30.04
,2025_10,18-315-00183,30.04
,2025_10,18-316-00184,31.36
,2025_10,18-316-00185,31.36
,2025_10,18-316-00186,31.36
,2025_10,18-316-00187,31.36
,2025_10,18-316-00188,31.36
,2025_10,18-317-00189,31.31
,2025_10,18-317-00190,31.31
,2025_10,18-317-00191,31.31
,2025_10,18-317-00192,31.31
,2025_10,18-317-00193,31.31
,2025_10,18-318-00194,30.37
,2025_10,18-318-00195,30.37
,2025_10,18-318-00196,30.37
,2025_10,18-318-00197,30.37
,2025_10,18-319-00198,30.63
,2025_10,18-319-00199,30.63
,2025_10,18-319-00200,30.63
,2025_10,18-319-00201,30.63
,2025_10,18-319-00202,30.63
,2025_10,18-320-00203,32.11
,2025_10,18-320-00204,32.11
,2025_10,18-320-00205,32.11
,2025_10,18-320-00206,32.11
,2025_10,18-320-00207,32.11
,2025_10,18-321-00208,28.19
,2025_10,18-321-00209,28.19
,2025_10,18-321-00210,28.19
,2025_10,18-321-00211,28.19
,2025_10,18-321-00212,28.19
,2025_10,18-321-00213,28.19
,2025_10,18-321-00214,28.19
,2025_10,18-321-00215,28.19
,2025_10,18-321-00216,28.19
,2025_10,18-321-00217,28.19
,2025_10,18-321-00218,28.19
,2025_10,18-322-00219,30.6
,2025_10,18-322-00220,30.6
,2025_10,18-322-00221,30.6
,2025_10,18-323-00222,30.24
,2025_10,18-323-00223,30.24
,2025_10,18-323-00224,30.24
,2025_10,18-323-00225,30.24
,2025_10,18-323-00226,30.24
,2025_10,18-323-00227,30.24
,2025_10,18-323-00228,30.24
,2025_10,18-324-00260,30.83
,2025_10,18-323-00230,30.24
,2025_10,18-324-00231,30.83
,2025_10,18-324-00232,30.83
,2025_10,18-324-00233,30.83
,2025_10,18-324-00234,30.83
,2025_10,18-816-00235,32.94
,2025_10,18-816-00236,32.94
,2025_10,18-325-00237,28.78
,2025_10,18-325-00238,28.78
,2025_10,18-325-00239,28.78
,2025_10,18-326-00240,
,2025_10,18-326-00241,
,2025_10,18-326-00242,
,2025_10,18-326-00243,
,2025_10,18-326-00244,
,2025_10,18-326-00245,
,2025_10,18-326-00246,
,2025_10,18-326-00247,
,2025_10,18-755-00248,34.38
,2025_10,18-756-00249,29.53
,2025_10,18-756-00250,29.53
,2025_10,18-756-00251,29.53
,2025_10,18-757-00252,31.35
,2025_10,18-757-00253,31.35
,2025_10,18-757-00254,31.35
,2025_10,18-759-00255,28.42
,2025_10,18-758-00256,28.53
,2025_10,18-758-00257,28.53
,2025_10,18-816-00258,32.94
,2025_10,18-816-00259,32.94
,2025_10,18-816-00261,32.94
,2025_10,18-324-00262,30.83
,2025_10,18-324-00263,30.83
,2025_10,18-303-00264,28.62
,2025_10,18-799-00265,28.53
,2025_10,18-303-00266,28.62
,2025_10,18-322-00267,30.6
,2025_10,18-326-00268,
,2025_10,18-325-00269,28.78
,2025_10,18-325-00270,28.78
,2025_10,18-304-00271,28.28
,2025_10,18-321-00272,28.19
,2025_10,18-321-00273,28.19
,2025_10,18-301-00274,30.61
,2025_10,18-312-00276,33.46
,2025_10,18-312-00277,33.46
,2025_10,18-755-00278,34.38
,2025_10,18-755-00279,34.38
,2025_10,18-760-00280,27.71
,2025_10,18-760-00281,27.71
,2025_10,18-314-00275,31.16
,2025_10,18-300-00101,35.2
,2025_10,18-300-00102,35.2
,2025_10,18-300-00103,35.2
,2025_10,18-300-00104,35.2
,2025_10,18-300-00105,35.2
,2025_10,18-300-00106,35.2
,2025_10,18-300-00107,35.2
,2025_10,18-300-00108,35.2
,2025_10,18-301-00109,27.9
,2025_10,18-301-00110,27.9
,2025_10,18-301-00111,27.9
,2025_10,18-301-00112,27.9
,2025_10,18-301-00113,27.9
,2025_10,18-301-00114,27.9
,2025_10,18-302-00115,26.53
,2025_10,18-302-00116,26.53
,2025_10,18-302-00117,26.53
,2025_10,18-302-00118,26.53
,2025_10,18-302-00119,26.53
,2025_10,18-303-00120,26.59
,2025_10,18-303-00121,26.59
,2025_10,18-303-00122,26.59
,2025_10,18-303-00123,26.59
,2025_10,18-799-00124,
,2025_10,18-799-00125,
,2025_10,18-304-00126,25.5
,2025_10,18-304-00127,25.5
,2025_10,18-304-00128,25.5
,2025_10,18-304-00129,25.5
,2025_10,18-305-00130,26.52
,2025_10,18-305-00131,26.52
,2025_10,18-305-00132,26.52
,2025_10,18-305-00133,26.52
,2025_10,18-305-00134,26.52
,2025_10,18-305-00135,26.52
,2025_10,18-305-00136,26.52
,2025_10,18-306-00137,25.17
,2025_10,18-306-00138,25.17
,2025_10,18-306-00139,25.17
,2025_10,18-306-00140,25.17
,2025_10,18-307-00141,33.18
,2025_10,18-307-00142,33.18
,2025_10,18-307-00143,33.18
,2025_10,18-307-00144,33.18
,2025_10,18-307-00145,33.18
,2025_10,18-307-00146,33.18
,2025_10,18-307-00147,33.18
,2025_10,18-308-00148,32.41
,2025_10,18-308-00149,32.41
,2025_10,18-308-00150,32.41
,2025_10,18-308-00151,32.41
,2025_10,18-308-00152,32.41
,2025_10,18-308-00153,32.41
,2025_10,18-309-00154,34.0
,2025_10,18-309-00155,34.0
,2025_10,18-309-00156,34.0
,2025_10,18-309-00157,34.0
,2025_10,18-310-00158,29.14
,2025_10,18-310-00159,29.14
,2025_10,18-310-00160,29.14
,2025_10,18-310-00161,29.14
,2025_10,18-310-00162,29.14
,2025_10,18-310-00163,29.14
,2025_10,18-310-00164,29.14
,2025_10,18-311-00165,33.51
,2025_10,18-311-00166,33.51
,2025_10,18-311-00167,33.51
,2025_10,18-311-00168,33.51
,2025_10,18-312-00169,31.86
,2025_10,18-312-00170,31.86
,2025_10,18-312-00171,31.86
,2025_10,18-313-00172,25.62
,2025_10,18-313-00173,25.62
,2025_10,18-313-00174,25.62
,2025_10,18-313-00175,25.62
,2025_10,18-313-00176,25.62
,2025_10,18-313-00177,25.62
,2025_10,18-314-00178,30.72
,2025_10,18-314-00179,30.72
,2025_10,18-315-00180,30.56
,2025_10,18-315-00181,30.56
,2025_10,18-315-00182,30.56
,2025_10,18-315-00183,30.56
,2025_10,18-316-00184,31.22
,2025_10,18-316-00185,31.22
,2025_10,18-316-00186,31.22
,2025_10,18-316-00187,31.22
,2025_10,18-316-00188,31.22
,2025_10,18-317-00189,
,2025_10,18-317-00190,
,2025_10,18-317-00191,
,2025_10,18-317-00192,
,2025_10,18-317-00193,
,2025_10,18-318-00194,
,2025_10,18-318-00195,
,2025_10,18-318-00196,
,2025_10,18-318-00197,
,2025_10,18-319-00198,25.66
,2025_10,18-319-00199,25.66
,2025_10,18-319-00200,25.66
,2025_10,18-319-00201,25.66
,2025_10,18-319-00202,25.66
,2025_10,18-320-00203,35.98
,2025_10,18-320-00204,35.98
,2025_10,18-320-00205,35.98
,2025_10,18-320-00206,35.98
,2025_10,18-320-00207,35.98
,2025_10,18-321-00208,27.71
,2025_10,18-321-00209,27.71
,2025_10,18-321-00210,27.71
,2025_10,18-321-00211,27.71
,2025_10,18-321-00212,27.71
,2025_10,18-321-00213,27.71
,2025_10,18-321-00214,27.71
,2025_10,18-321-00215,27.71
,2025_10,18-321-00216,27.71
,2025_10,18-321-00217,27.71
,2025_10,18-321-00218,27.71
,2025_10,18-322-00219,26.81
,2025_10,18-322-00220,26.81
,2025_10,18-322-00221,26.81
,2025_10,18-323-00222,27.38
,2025_10,18-323-00223,27.38
,2025_10,18-323-00224,27.38
,2025_10,18-323-00225,27.38
,2025_10,18-323-00226,27.38
,2025_10,18-323-00227,27.38
,2025_10,18-323-00228,27.38
,2025_10,18-324-00260,34.8
,2025_10,18-323-00230,27.38
,2025_10,18-324-00231,34.8
,2025_10,18-324-00232,34.8
,2025_10,18-324-00233,34.8
,2025_10,18-324-00234,34.8
,2025_10,18-816-00235,
,2025_10,18-816-00236,
,2025_10,18-325-00237,27.49
,2025_10,18-325-00238,27.49
,2025_10,18-325-00239,27.49
,2025_10,18-326-00240,31.23
,2025_10,18-326-00241,31.23
,2025_10,18-326-00242,31.23
,2025_10,18-326-00243,31.23
,2025_10,18-326-00244,31.23
,2025_10,18-326-00245,31.23
,2025_10,18-326-00246,31.23
,2025_10,18-326-00247,31.23
,2025_10,18-755-00248,32.25
,2025_10,18-756-00249,25.81
,2025_10,18-756-00250,25.81
,2025_10,18-756-00251,25.81
,2025_10,18-757-00252,33.03
,2025_10,18-757-00253,33.03
,2025_10,18-757-00254,33.03
,2025_10,18-759-00255,29.34
,2025_10,18-758-00256,27.54
,2025_10,18-758-00257,27.54
,2025_10,18-816-00258,
,2025_10,18-816-00259,
,2025_10,18-816-00261,
,2025_10,18-324-00262,34.8
,2025_10,18-324-00263,34.8
,2025_10,18-303-00264,26.59
,2025_10,18-799-00265,
,2025_10,18-303-00266,26.59
,2025_10,18-322-00267,26.81
,2025_10,18-326-00268,31.23
,2025_10,18-325-00269,27.49
,2025_10,18-325-00270,27.49
,2025_10,18-304-00271,25.5
,2025_10,18-321-00272,27.71
,2025_10,18-321-00273,27.71
,2025_10,18-301-00274,27.9
,2025_10,18-312-00276,31.86
,2025_10,18-312-00277,31.86
,2025_10,18-755-00278,32.25
,2025_10,18-755-00279,32.25
,2025_10,18-760-00280,28.18
,2025_10,18-760-00281,28.18
,2025_10,18-314-00275,30.72
,2025_10,18-300-00101,31.74
,2025_10,18-300-00102,31.74
,2025_10,18-300-00103,31.74
,2025_10,18-300-00104,31.74
,2025_10,18-300-00105,31.74
,2025_10,18-300-00106,31.74
,2025_10,18-300-00107,31.74
,2025_10,18-300-00108,31.74
,2025_10,18-301-00109,30.96
,2025_10,18-301-00110,30.96
,2025_10,18-301-00111,30.96
,2025_10,18-301-00112,30.96
,2025_10,18-301-00113,30.96
,2025_10,18-301-00114,30.96
,2025_10,18-302-00115,30.22
,2025_10,18-302-00116,30.22
,2025_10,18-302-00117,30.22
,2025_10,18-302-00118,30.22
,2025_10,18-302-00119,30.22
,2025_10,18-303-00120,29.87
,2025_10,18-303-00121,29.87
,2025_10,18-303-00122,29.87
,2025_10,18-303-00123,29.87
,2025_10,18-799-00124,32.47
,2025_10,18-799-00125,32.47
,2025_10,18-304-00126,31.24
,2025_10,18-304-00127,31.24
,2025_10,18-304-00128,31.24
,2025_10,18-304-00129,31.24
,2025_10,18-305-00130,30.73
,2025_10,18-305-00131,30.73
,2025_10,18-305-00132,30.73
,2025_10,18-305-00133,30.73
,2025_10,18-305-00134,30.73
,2025_10,18-305-00135,30.73
,2025_10,18-305-00136,30.73
,2025_10,18-306-00137,30.88
,2025_10,18-306-00138,30.88
,2025_10,18-306-00139,30.88
,2025_10,18-306-00140,30.88
,2025_10,18-307-00141,32.48
,2025_10,18-307-00142,32.48
,2025_10,18-307-00143,32.48
,2025_10,18-307-00144,32.48
,2025_10,18-307-00145,32.48
,2025_10,18-307-00146,32.48
,2025_10,18-307-00147,32.48
,2025_10,18-308-00148,32.54
,2025_10,18-308-00149,32.54
,2025_10,18-308-00150,32.54
,2025_10,18-308-00151,32.54
,2025_10,18-308-00152,32.54
,2025_10,18-308-00153,32.54
,2025_10,18-309-00154,32.6
,2025_10,18-309-00155,32.6
,2025_10,18-309-00156,32.6
,2025_10,18-309-00157,32.6
,2025_10,18-310-00158,32.27
,2025_10,18-310-00159,32.27
,2025_10,18-310-00160,32.27
,2025_10,18-310-00161,32.27
,2025_10,18-310-00162,32.27
,2025_10,18-310-00163,32.27
,2025_10,18-310-00164,32.27
,2025_10,18-311-00165,32.76
,2025_10,18-311-00166,32.76
,2025_10,18-311-00167,32.76
,2025_10,18-311-00168,32.76
,2025_10,18-312-00169,31.86
,2025_10,18-312-00170,31.86
,2025_10,18-312-00171,31.86
,2025_10,18-313-00172,31.3
,2025_10,18-313-00173,31.3
,2025_10,18-313-00174,31.3
,2025_10,18-313-00175,31.3
,2025_10,18-313-00176,31.3
,2025_10,18-313-00177,31.3
,2025_10,18-314-00178,29.96
,2025_10,18-314-00179,29.96
,2025_10,18-315-00180,29.84
,2025_10,18-315-00181,29.84
,2025_10,18-315-00182,29.84
,2025_10,18-315-00183,29.84
,2025_10,18-316-00184,32.38
,2025_10,18-316-00185,32.38
,2025_10,18-316-00186,32.38
,2025_10,18-316-00187,32.38
,2025_10,18-316-00188,32.38
,2025_10,18-317-00189,30.46
,2025_10,18-317-00190,30.46
,2025_10,18-317-00191,30.46
,2025_10,18-317-00192,30.46
,2025_10,18-317-00193,30.46
,2025_10,18-318-00194,30.91
,2025_10,18-318-00195,30.91
,2025_10,18-318-00196,30.91
,2025_10,18-318-00197,30.91
,2025_10,18-319-00198,29.27
,2025_10,18-319-00199,29.27
,2025_10,18-319-00200,29.27
,2025_10,18-319-00201,29.27
,2025_10,18-319-00202,29.27
,2025_10,18-320-00203,32.87
,2025_10,18-320-00204,32.87
,2025_10,18-320-00205,32.87
,2025_10,18-320-00206,32.87
,2025_10,18-320-00207,32.87
,2025_10,18-321-00208,30.12
,2025_10,18-321-00209,30.12
,2025_10,18-321-00210,30.12
,2025_10,18-321-00211,30.12
,2025_10,18-321-00212,30.12
,2025_10,18-321-00213,30.12
,2025_10,18-321-00214,30.12
,2025_10,18-321-00215,30.12
,2025_10,18-321-00216,30.12
,2025_10,18-321-00217,30.12
,2025_10,18-321-00218,30.12
,2025_10,18-322-00219,31.57
,2025_10,18-322-00220,31.57
,2025_10,18-322-00221,31.57
,2025_10,18-323-00222,31.47
,2025_10,18-323-00223,31.47
,2025_10,18-323-00224,31.47
,2025_10,18-323-00225,31.47
,2025_10,18-323-00226,31.47
,2025_10,18-323-00227,31.47
,2025_10,18-323-00228,31.47
,2025_10,18-324-00260,32.48
,2025_10,18-323-00230,31.47
,2025_10,18-324-00231,32.48
,2025_10,18-324-00232,32.48
,2025_10,18-324-00233,32.48
,2025_10,18-324-00234,32.48
,2025_10,18-816-00235,32.26
,2025_10,18-816-00236,32.26
,2025_10,18-325-00237,31.84
,2025_10,18-325-00238,31.84
,2025_10,18-325-00239,31.84
,2025_10,18-326-00240,33.22
,2025_10,18-326-00241,33.22
,2025_10,18-326-00242,33.22
,2025_10,18-326-00243,33.22
,2025_10,18-326-00244,33.22
,2025_10,18-326-00245,33.22
,2025_10,18-326-00246,33.22
,2025_10,18-326-00247,33.22
,2025_10,18-755-00248,32.85
,2025_10,18-756-00249,31.98
,2025_10,18-756-00250,31.98
,2025_10,18-756-00251,31.98
,2025_10,18-757-00252,30.76
,2025_10,18-757-00253,30.76
,2025_10,18-757-00254,30.76
,2025_10,18-759-00255,30.06
,2025_10,18-758-00256,29.85
,2025_10,18-758-00257,29.85
,2025_10,18-816-00258,32.26
,2025_10,18-816-00259,32.26
,2025_10,18-816-00261,32.26
,2025_10,18-324-00262,32.48
,2025_10,18-324-00263,32.48
,2025_10,18-303-00264,29.87
,2025_10,18-799-00265,32.47
,2025_10,18-303-00266,29.87
,2025_10,18-322-00267,31.57
,2025_10,18-326-00268,33.22
,2025_10,18-325-00269,31.84
,2025_10,18-325-00270,31.84
,2025_10,18-304-00271,31.24
,2025_10,18-321-00272,30.12
,2025_10,18-321-00273,30.12
,2025_10,18-301-00274,30.96
,2025_10,18-312-00276,31.86
,2025_10,18-312-00277,31.86
,2025_10,18-755-00278,32.85
,2025_10,18-755-00279,32.85
,2025_10,18-760-00280,31.02
,2025_10,18-760-00281,31.02
,2025_10,18-314-00275,29.96
,2025_10,18-300-00101,33.54
,2025_10,18-300-00102,33.54
,2025_10,18-300-00103,33.54
,2025_10,18-300-00104,33.54
,2025_10,18-300-00105,33.54
,2025_10,18-300-00106,33.54
,2025_10,18-300-00107,33.54
,2025_10,18-300-00108,33.54
,2025_10,18-301-00109,33.02
,2025_10,18-301-00110,33.02
,2025_10,18-301-00111,33.02
,2025_10,18-301-00112,33.02
,2025_10,18-301-00113,33.02
,2025_10,18-301-00114,33.02
,2025_10,18-302-00115,32.87
,2025_10,18-302-00116,32.87
,2025_10,18-302-00117,32.87
,2025_10,18-302-00118,32.87
,2025_10,18-302-00119,32.87
,2025_10,18-303-00120,33.19
,2025_10,18-303-00121,33.19
,2025_10,18-303-00122,33.19
,2025_10,18-303-00123,33.19
,2025_10,18-799-00124,33.65
,2025_10,18-799-00125,33.65
,2025_10,18-304-00126,34.23
,2025_10,18-304-00127,34.23
,2025_10,18-304-00128,34.23
,2025_10,18-304-00129,34.23
,2025_10,18-305-00130,33.75
,2025_10,18-305-00131,33.75
,2025_10,18-305-00132,33.75
,2025_10,18-305-00133,33.75
,2025_10,18-305-00134,33.75
,2025_10,18-305-00135,33.75
,2025_10,18-305-00136,33.75
,2025_10,18-306-00137,33.89
,2025_10,18-306-00138,33.89
,2025_10,18-306-00139,33.89
,2025_10,18-306-00140,33.89
,2025_10,18-307-00141,34.0
,2025_10,18-307-00142,34.0
,2025_10,18-307-00143,34.0
,2025_10,18-307-00144,34.0
,2025_10,18-307-00145,34.0
,2025_10,18-307-00146,34.0
,2025_10,18-307-00147,34.0
,2025_10,18-308-00148,33.55
,2025_10,18-308-00149,33.55
,2025_10,18-308-00150,33.55
,2025_10,18-308-00151,33.55
,2025_10,18-308-00152,33.55
,2025_10,18-308-00153,33.55
,2025_10,18-309-00154,34.14
,2025_10,18-309-00155,34.14
,2025_10,18-309-00156,34.14
,2025_10,18-309-00157,34.14
,2025_10,18-310-00158,33.11
,2025_10,18-310-00159,33.11
,2025_10,18-310-00160,33.11
,2025_10,18-310-00161,33.11
,2025_10,18-310-00162,33.11
,2025_10,18-310-00163,33.11
,2025_10,18-310-00164,33.11
,2025_10,18-311-00165,33.55
,2025_10,18-311-00166,33.55
,2025_10,18-311-00167,33.55
,2025_10,18-311-00168,33.55
,2025_10,18-312-00169,33.73
,2025_10,18-312-00170,33.73
,2025_10,18-312-00171,33.73
,2025_10,18-313-00172,33.43
,2025_10,18-313-00173,33.43
,2025_10,18-313-00174,33.43
,2025_10,18-313-00175,33.43
,2025_10,18-313-00176,33.43
,2025_10,18-313-00177,33.43
,2025_10,18-314-00178,31.06
,2025_10,18-314-00179,31.06
,2025_10,18-315-00180,29.78
,2025_10,18-315-00181,29.78
,2025_10,18-315-00182,29.78
,2025_10,18-315-00183,29.78
,2025_10,18-316-00184,32.27
,2025_10,18-316-00185,32.27
,2025_10,18-316-00186,32.27
,2025_10,18-316-00187,32.27
,2025_10,18-316-00188,32.27
,2025_10,18-317-00189,33.05
,2025_10,18-317-00190,33.05
,2025_10,18-317-00191,33.05
,2025_10,18-317-00192,33.05
,2025_10,18-317-00193,33.05
,2025_10,18-318-00194,32.88
,2025_10,18-318-00195,32.88
,2025_10,18-318-00196,32.88
,2025_10,18-318-00197,32.88
,2025_10,18-319-00198,33.41
,2025_10,18-319-00199,33.41
,2025_10,18-319-00200,33.41
,2025_10,18-319-00201,33.41
,2025_10,18-319-00202,33.41
,2025_10,18-320-00203,34.25
,2025_10,18-320-00204,34.25
,2025_10,18-320-00205,34.25
,2025_10,18-320-00206,34.25
,2025_10,18-320-00207,34.25
,2025_10,18-321-00208,33.47
,2025_10,18-321-00209,33.47
,2025_10,18-321-00210,33.47
,2025_10,18-321-00211,33.47
,2025_10,18-321-00212,33.47
,2025_10,18-321-00213,33.47
,2025_10,18-321-00214,33.47
,2025_10,18-321-00215,33.47
,2025_10,18-321-00216,33.47
,2025_10,18-321-00217,33.47
,2025_10,18-321-00218,33.47
,2025_10,18-322-00219,33.55
,2025_10,18-322-00220,33.55
,2025_10,18-322-00221,33.55
,2025_10,18-323-00222,33.83
,2025_10,18-323-00223,33.83
,2025_10,18-323-00224,33.83
,2025_10,18-323-00225,33.83
,2025_10,18-323-00226,33.83
,2025_10,18-323-00227,33.83
,2025_10,18-323-00228,33.83
,2025_10,18-324-00260,33.8
,2025_10,18-323-00230,33.83
,2025_10,18-324-00231,33.8
,2025_10,18-324-00232,33.8
,2025_10,18-324-00233,33.8
,2025_10,18-324-00234,33.8
,2025_10,18-816-00235,34.65
,2025_10,18-816-00236,34.65
,2025_10,18-325-00237,34.25
,2025_10,18-325-00238,34.25
,2025_10,18-325-00239,34.25
,2025_10,18-326-00240,34.11
,2025_10,18-326-00241,34.11
,2025_10,18-326-00242,34.11
,2025_10,18-326-00243,34.11
,2025_10,18-326-00244,34.11
,2025_10,18-326-00245,34.11
,2025_10,18-326-00246,34.11
,2025_10,18-326-00247,34.11
,2025_10,18-755-00248,33.49
,2025_10,18-756-00249,34.02
,2025_10,18-756-00250,34.02
,2025_10,18-756-00251,34.02
,2025_10,18-757-00252,32.28
,2025_10,18-757-00253,32.28
,2025_10,18-757-00254,32.28
,2025_10,18-759-00255,30.84
,2025_10,18-758-00256,33.32
,2025_10,18-758-00257,33.32
,2025_10,18-816-00258,34.65
,2025_10,18-816-00259,34.65
,2025_10,18-816-00261,34.65
,2025_10,18-324-00262,33.8
,2025_10,18-324-00263,33.8
,2025_10,18-303-00264,33.19
,2025_10,18-799-00265,33.65
,2025_10,18-303-00266,33.19
,2025_10,18-322-00267,33.55
,2025_10,18-326-00268,34.11
,2025_10,18-325-00269,34.25
,2025_10,18-325-00270,34.25
,2025_10,18-304-00271,34.23
,2025_10,18-321-00272,33.47
,2025_10,18-321-00273,33.47
,2025_10,18-301-00274,33.02
,2025_10,18-312-00276,33.73
,2025_10,18-312-00277,33.73
,2025_10,18-755-00278,33.49
,2025_10,18-755-00279,33.49
,2025_10,18-760-00280,32.92
,2025_10,18-760-00281,32.92
,2025_10,18-314-00275,31.06
,2025_10,18-300-00101,29.93
,2025_10,18-300-00102,29.93
,2025_10,18-300-00103,29.93
,2025_10,18-300-00104,29.93
,2025_10,18-300-00105,29.93
,2025_10,18-300-00106,29.93
,2025_10,18-300-00107,29.93
,2025_10,18-300-00108,29.93
,2025_10,18-301-00109,29.59
,2025_10,18-301-00110,29.59
,2025_10,18-301-00111,29.59
,2025_10,18-301-00112,29.59
,2025_10,18-301-00113,29.59
,2025_10,18-301-00114,29.59
,2025_10,18-302-00115,28.79
,2025_10,18-302-00116,28.79
,2025_10,18-302-00117,28.79
,2025_10,18-302-00118,28.79
,2025_10,18-302-00119,28.79
,2025_10,18-303-00120,29.21
,2025_10,18-303-00121,29.21
,2025_10,18-303-00122,29.21
,2025_10,18-303-00123,29.21
,2025_10,18-799-00124,29.77
,2025_10,18-799-00125,29.77
,2025_10,18-304-00126,29.63
,2025_10,18-304-00127,29.63
,2025_10,18-304-00128,29.63
,2025_10,18-304-00129,29.63
,2025_10,18-305-00130,29.66
,2025_10,18-305-00131,29.66
,2025_10,18-305-00132,29.66
,2025_10,18-305-00133,29.66
,2025_10,18-305-00134,29.66
,2025_10,18-305-00135,29.66
,2025_10,18-305-00136,29.66
,2025_10,18-306-00137,29.06
,2025_10,18-306-00138,29.06
,2025_10,18-306-00139,29.06
,2025_10,18-306-00140,29.06
,2025_10,18-307-00141,29.81
,2025_10,18-307-00142,29.81
,2025_10,18-307-00143,29.81
,2025_10,18-307-00144,29.81
,2025_10,18-307-00145,29.81
,2025_10,18-307-00146,29.81
,2025_10,18-307-00147,29.81
,2025_10,18-308-00148,28.78
,2025_10,18-308-00149,28.78
,2025_10,18-308-00150,28.78
,2025_10,18-308-00151,28.78
,2025_10,18-308-00152,28.78
,2025_10,18-308-00153,28.78
,2025_10,18-309-00154,28.1
,2025_10,18-309-00155,28.1
,2025_10,18-309-00156,28.1
,2025_10,18-309-00157,28.1
,2025_10,18-310-00158,28.6
,2025_10,18-310-00159,28.6
,2025_10,18-310-00160,28.6
,2025_10,18-310-00161,28.6
,2025_10,18-310-00162,28.6
,2025_10,18-310-00163,28.6
,2025_10,18-310-00164,28.6
,2025_10,18-311-00165,29.85
,2025_10,18-311-00166,29.85
,2025_10,18-311-00167,29.85
,2025_10,18-311-00168,29.85
,2025_10,18-312-00169,29.58
,2025_10,18-312-00170,29.58
,2025_10,18-312-00171,29.58
,2025_10,18-313-00172,29.01
,2025_10,18-313-00173,29.01
,2025_10,18-313-00174,29.01
,2025_10,18-313-00175,29.01
,2025_10,18-313-00176,29.01
,2025_10,18-313-00177,29.01
,2025_10,18-314-00178,27.48
,2025_10,18-314-00179,27.48
,2025_10,18-315-00180,26.84
,2025_10,18-315-00181,26.84
,2025_10,18-315-00182,26.84
,2025_10,18-315-00183,26.84
,2025_10,18-316-00184,30.09
,2025_10,18-316-00185,30.09
,2025_10,18-316-00186,30.09
,2025_10,18-316-00187,30.09
,2025_10,18-316-00188,30.09
,2025_10,18-317-00189,30.51
,2025_10,18-317-00190,30.51
,2025_10,18-317-00191,30.51
,2025_10,18-317-00192,30.51
,2025_10,18-317-00193,30.51
,2025_10,18-318-00194,30.03
,2025_10,18-318-00195,30.03
,2025_10,18-318-00196,30.03
,2025_10,18-318-00197,30.03
,2025_10,18-319-00198,29.45
,2025_10,18-319-00199,29.45
,2025_10,18-319-00200,29.45
,2025_10,18-319-00201,29.45
,2025_10,18-319-00202,29.45
,2025_10,18-320-00203,29.86
,2025_10,18-320-00204,29.86
,2025_10,18-320-00205,29.86
,2025_10,18-320-00206,29.86
,2025_10,18-320-00207,29.86
,2025_10,18-321-00208,29.35
,2025_10,18-321-00209,29.35
,2025_10,18-321-00210,29.35
,2025_10,18-321-00211,29.35
,2025_10,18-321-00212,29.35
,2025_10,18-321-00213,29.35
,2025_10,18-321-00214,29.35
,2025_10,18-321-00215,29.35
,2025_10,18-321-00216,29.35
,2025_10,18-321-00217,29.35
,2025_10,18-321-00218,29.35
,2025_10,18-322-00219,29.49
,2025_10,18-322-00220,29.49
,2025_10,18-322-00221,29.49
,2025_10,18-323-00222,29.49
,2025_10,18-323-00223,29.49
,2025_10,18-323-00224,29.49
,2025_10,18-323-00225,29.49
,2025_10,18-323-00226,29.49
,2025_10,18-323-00227,29.49
,2025_10,18-323-00228,29.49
,2025_10,18-324-00260,29.36
,2025_10,18-323-00230,29.49
,2025_10,18-324-00231,29.36
,2025_10,18-324-00232,29.36
,2025_10,18-324-00233,29.36
,2025_10,18-324-00234,29.36
,2025_10,18-816-00235,29.6
,2025_10,18-816-00236,29.6
,2025_10,18-325-00237,29.02
,2025_10,18-325-00238,29.02
,2025_10,18-325-00239,29.02
,2025_10,18-326-00240,29.43
,2025_10,18-326-00241,29.43
,2025_10,18-326-00242,29.43
,2025_10,18-326-00243,29.43
,2025_10,18-326-00244,29.43
,2025_10,18-326-00245,29.43
,2025_10,18-326-00246,29.43
,2025_10,18-326-00247,29.43
,2025_10,18-755-00248,29.53
,2025_10,18-756-00249,29.19
,2025_10,18-756-00250,29.19
,2025_10,18-756-00251,29.19
,2025_10,18-757-00252,29.06
,2025_10,18-757-00253,29.06
,2025_10,18-757-00254,29.06
,2025_10,18-759-00255,27.25
,2025_10,18-758-00256,28.57
,2025_10,18-758-00257,28.57
,2025_10,18-816-00258,29.6
,2025_10,18-816-00259,29.6
,2025_10,18-816-00261,29.6
,2025_10,18-324-00262,29.36
,2025_10,18-324-00263,29.36
,2025_10,18-303-00264,29.21
,2025_10,18-799-00265,29.77
,2025_10,18-303-00266,29.21
,2025_10,18-322-00267,29.49
,2025_10,18-326-00268,29.43
,2025_10,18-325-00269,29.02
,2025_10,18-325-00270,29.02
,2025_10,18-304-00271,29.63
,2025_10,18-321-00272,29.35
,2025_10,18-321-00273,29.35
,2025_10,18-301-00274,29.59
,2025_10,18-312-00276,29.58
,2025_10,18-312-00277,29.58
,2025_10,18-755-00278,29.53
,2025_10,18-755-00279,29.53
,2025_10,18-760-00280,28.55
,2025_10,18-760-00281,28.55
,2025_10,18-314-00275,27.48
,2025_10,18-300-00101,28.36
,2025_10,18-300-00102,28.36
,2025_10,18-300-00103,28.36
,2025_10,18-300-00104,28.36
,2025_10,18-300-00105,28.36
,2025_10,18-300-00106,28.36
,2025_10,18-300-00107,28.36
,2025_10,18-300-00108,28.36
,2025_10,18-301-00109,28.96
,2025_10,18-301-00110,28.96
,2025_10,18-301-00111,28.96
,2025_10,18-301-00112,28.96
,2025_10,18-301-00113,28.96
,2025_10,18-301-00114,28.96
,2025_10,18-302-00115,27.93
,2025_10,18-302-00116,27.93
,2025_10,18-302-00117,27.93
,2025_10,18-302-00118,27.93
,2025_10,18-302-00119,27.93
,2025_10,18-303-00120,28.74
,2025_10,18-303-00121,28.74
,2025_10,18-303-00122,28.74
,2025_10,18-303-00123,28.74
,2025_10,18-799-00124,28.65
,2025_10,18-799-00125,28.65
,2025_10,18-304-00126,28.53
,2025_10,18-304-00127,28.53
,2025_10,18-304-00128,28.53
,2025_10,18-304-00129,28.53
,2025_10,18-305-00130,27.81
,2025_10,18-305-00131,27.81
,2025_10,18-305-00132,27.81
,2025_10,18-305-00133,27.81
,2025_10,18-305-00134,27.81
,2025_10,18-305-00135,27.81
,2025_10,18-305-00136,27.81
,2025_10,18-306-00137,28.04
,2025_10,18-306-00138,28.04
,2025_10,18-306-00139,28.04
,2025_10,18-306-00140,28.04
,2025_10,18-307-00141,28.58
,2025_10,18-307-00142,28.58
,2025_10,18-307-00143,28.58
,2025_10,18-307-00144,28.58
,2025_10,18-307-00145,28.58
,2025_10,18-307-00146,28.58
,2025_10,18-307-00147,28.58
,2025_10,18-308-00148,28.4
,2025_10,18-308-00149,28.4
,2025_10,18-308-00150,28.4
,2025_10,18-308-00151,28.4
,2025_10,18-308-00152,28.4
,2025_10,18-308-00153,28.4
,2025_10,18-309-00154,27.46
,2025_10,18-309-00155,27.46
,2025_10,18-309-00156,27.46
,2025_10,18-309-00157,27.46
,2025_10,18-310-00158,27.78
,2025_10,18-310-00159,27.78
,2025_10,18-310-00160,27.78
,2025_10,18-310-00161,27.78
,2025_10,18-310-00162,27.78
,2025_10,18-310-00163,27.78
,2025_10,18-310-00164,27.78
,2025_10,18-311-00165,27.67
,2025_10,18-311-00166,27.67
,2025_10,18-311-00167,27.67
,2025_10,18-311-00168,27.67
,2025_10,18-312-00169,27.43
,2025_10,18-312-00170,27.43
,2025_10,18-312-00171,27.43
,2025_10,18-313-00172,27.86
,2025_10,18-313-00173,27.86
,2025_10,18-313-00174,27.86
,2025_10,18-313-00175,27.86
,2025_10,18-313-00176,27.86
,2025_10,18-313-00177,27.86
,2025_10,18-314-00178,25.51
,2025_10,18-314-00179,25.51
,2025_10,18-315-00180,24.63
,2025_10,18-315-00181,24.63
,2025_10,18-315-00182,24.63
,2025_10,18-315-00183,24.63
,2025_10,18-316-00184,28.15
,2025_10,18-316-00185,28.15
,2025_10,18-316-00186,28.15
,2025_10,18-316-00187,28.15
,2025_10,18-316-00188,28.15
,2025_10,18-317-00189,28.73
,2025_10,18-317-00190,28.73
,2025_10,18-317-00191,28.73
,2025_10,18-317-00192,28.73
,2025_10,18-317-00193,28.73
,2025_10,18-318-00194,28.24
,2025_10,18-318-00195,28.24
,2025_10,18-318-00196,28.24
,2025_10,18-318-00197,28.24
,2025_10,18-319-00198,28.47
,2025_10,18-319-00199,28.47
,2025_10,18-319-00200,28.47
,2025_10,18-319-00201,28.47
,2025_10,18-319-00202,28.47
,2025_10,18-320-00203,28.33
,2025_10,18-320-00204,28.33
,2025_10,18-320-00205,28.33
,2025_10,18-320-00206,28.33
,2025_10,18-320-00207,28.33
,2025_10,18-321-00208,27.89
,2025_10,18-321-00209,27.89
,2025_10,18-321-00210,27.89
,2025_10,18-321-00211,27.89
,2025_10,18-321-00212,27.89
,2025_10,18-321-00213,27.89
,2025_10,18-321-00214,27.89
,2025_10,18-321-00215,27.89
,2025_10,18-321-00216,27.89
,2025_10,18-321-00217,27.89
,2025_10,18-321-00218,27.89
,2025_10,18-322-00219,27.69
,2025_10,18-322-00220,27.69
,2025_10,18-322-00221,27.69
,2025_10,18-323-00222,28.28
,2025_10,18-323-00223,28.28
,2025_10,18-323-00224,28.28
,2025_10,18-323-00225,28.28
,2025_10,18-323-00226,28.28
,2025_10,18-323-00227,28.28
,2025_10,18-323-00228,28.28
,2025_10,18-324-00260,28.19
,2025_10,18-323-00230,28.28
,2025_10,18-324-00231,28.19
,2025_10,18-324-00232,28.19
,2025_10,18-324-00233,28.19
,2025_10,18-324-00234,28.19
,2025_10,18-816-00235,28.7
,2025_10,18-816-00236,28.7
,2025_10,18-325-00237,28.45
,2025_10,18-325-00238,28.45
,2025_10,18-325-00239,28.45
,2025_10,18-326-00240,28.32
,2025_10,18-326-00241,28.32
,2025_10,18-326-00242,28.32
,2025_10,18-326-00243,28.32
,2025_10,18-326-00244,28.32
,2025_10,18-326-00245,28.32
,2025_10,18-326-00246,28.32
,2025_10,18-326-00247,28.32
,2025_10,18-755-00248,27.17
,2025_10,18-756-00249,27.99
,2025_10,18-756-00250,27.99
,2025_10,18-756-00251,27.99
,2025_10,18-757-00252,27.91
,2025_10,18-757-00253,27.91
,2025_10,18-757-00254,27.91
,2025_10,18-759-00255,25.47
,2025_10,18-758-00256,28.66
,2025_10,18-758-00257,28.66
,2025_10,18-816-00258,28.7
,2025_10,18-816-00259,28.7
,2025_10,18-816-00261,28.7
,2025_10,18-324-00262,28.19
,2025_10,18-324-00263,28.19
,2025_10,18-303-00264,28.74
,2025_10,18-799-00265,28.65
,2025_10,18-303-00266,28.74
,2025_10,18-322-00267,27.69
,2025_10,18-326-00268,28.32
,2025_10,18-325-00269,28.45
,2025_10,18-325-00270,28.45
,2025_10,18-304-00271,28.53
,2025_10,18-321-00272,27.89
,2025_10,18-321-00273,27.89
,2025_10,18-301-00274,28.96
,2025_10,18-312-00276,27.43
,2025_10,18-312-00277,27.43
,2025_10,18-755-00278,27.17
,2025_10,18-755-00279,27.17
,2025_10,18-760-00280,28.65
,2025_10,18-760-00281,28.65
,2025_10,18-314-00275,25.51
,2025_10,18-300-00101,25.99
,2025_10,18-300-00102,25.99
,2025_10,18-300-00103,25.99
,2025_10,18-300-00104,25.99
,2025_10,18-300-00105,25.99
,2025_10,18-300-00106,25.99
,2025_10,18-300-00107,25.99
,2025_10,18-300-00108,25.99
,2025_10,18-301-00109,26.29
,2025_10,18-301-00110,26.29
,2025_10,18-301-00111,26.29
,2025_10,18-301-00112,26.29
,2025_10,18-301-00113,26.29
,2025_10,18-301-00114,26.29
,2025_10,18-302-00115,25.22
,2025_10,18-302-00116,25.22
,2025_10,18-302-00117,25.22
,2025_10,18-302-00118,25.22
,2025_10,18-302-00119,25.22
,2025_10,18-303-00120,26.13
,2025_10,18-303-00121,26.13
,2025_10,18-303-00122,26.13
,2025_10,18-303-00123,26.13
,2025_10,18-799-00124,26.27
,2025_10,18-799-00125,26.27
,2025_10,18-304-00126,26.13
,2025_10,18-304-00127,26.13
,2025_10,18-304-00128,26.13
,2025_10,18-304-00129,26.13
,2025_10,18-305-00130,25.65
,2025_10,18-305-00131,25.65
,2025_10,18-305-00132,25.65
,2025_10,18-305-00133,25.65
,2025_10,18-305-00134,25.65
,2025_10,18-305-00135,25.65
,2025_10,18-305-00136,25.65
,2025_10,18-306-00137,25.64
,2025_10,18-306-00138,25.64
,2025_10,18-306-00139,25.64
,2025_10,18-306-00140,25.64
,2025_10,18-307-00141,25.86
,2025_10,18-307-00142,25.86
,2025_10,18-307-00143,25.86
,2025_10,18-307-00144,25.86
,2025_10,18-307-00145,25.86
,2025_10,18-307-00146,25.86
,2025_10,18-307-00147,25.86
,2025_10,18-308-00148,26.09
,2025_10,18-308-00149,26.09
,2025_10,18-308-00150,26.09
,2025_10,18-308-00151,26.09
,2025_10,18-308-00152,26.09
,2025_10,18-308-00153,26.09
,2025_10,18-309-00154,24.84
,2025_10,18-309-00155,24.84
,2025_10,18-309-00156,24.84
,2025_10,18-309-00157,24.84
,2025_10,18-310-00158,25.52
,2025_10,18-310-00159,25.52
,2025_10,18-310-00160,25.52
,2025_10,18-310-00161,25.52
,2025_10,18-310-00162,25.52
,2025_10,18-310-00163,25.52
,2025_10,18-310-00164,25.52
,2025_10,18-311-00165,25.13
,2025_10,18-311-00166,25.13
,2025_10,18-311-00167,25.13
,2025_10,18-311-00168,25.13
,2025_10,18-312-00169,24.87
,2025_10,18-312-00170,24.87
,2025_10,18-312-00171,24.87
,2025_10,18-313-00172,25.45
,2025_10,18-313-00173,25.45
,2025_10,18-313-00174,25.45
,2025_10,18-313-00175,25.45
,2025_10,18-313-00176,25.45
,2025_10,18-313-00177,25.45
,2025_10,18-314-00178,23.02
,2025_10,18-314-00179,23.02
,2025_10,18-315-00180,22.06
,2025_10,18-315-00181,22.06
,2025_10,18-315-00182,22.06
,2025_10,18-315-00183,22.06
,2025_10,18-316-00184,26.21
,2025_10,18-316-00185,26.21
,2025_10,18-316-00186,26.21
,2025_10,18-316-00187,26.21
,2025_10,18-316-00188,26.21
,2025_10,18-317-00189,26.91
,2025_10,18-317-00190,26.91
,2025_10,18-317-00191,26.91
,2025_10,18-317-00192,26.91
,2025_10,18-317-00193,26.91
,2025_10,18-318-00194,26.5
,2025_10,18-318-00195,26.5
,2025_10,18-318-00196,26.5
,2025_10,18-318-00197,26.5
,2025_10,18-319-00198,25.92
,2025_10,18-319-00199,25.92
,2025_10,18-319-00200,25.92
,2025_10,18-319-00201,25.92
,2025_10,18-319-00202,25.92
,2025_10,18-320-00203,26.21
,2025_10,18-320-00204,26.21
,2025_10,18-320-00205,26.21
,2025_10,18-320-00206,26.21
,2025_10,18-320-00207,26.21
,2025_10,18-321-00208,24.98
,2025_10,18-321-00209,24.98
,2025_10,18-321-00210,24.98
,2025_10,18-321-00211,24.98
,2025_10,18-321-00212,24.98
,2025_10,18-321-00213,24.98
,2025_10,18-321-00214,24.98
,2025_10,18-321-00215,24.98
,2025_10,18-321-00216,24.98
,2025_10,18-321-00217,24.98
,2025_10,18-321-00218,24.98
,2025_10,18-322-00219,24.77
,2025_10,18-322-00220,24.77
,2025_10,18-322-00221,24.77
,2025_10,18-323-00222,25.72
,2025_10,18-323-00223,25.72
,2025_10,18-323-00224,25.72
,2025_10,18-323-00225,25.72
,2025_10,18-323-00226,25.72
,2025_10,18-323-00227,25.72
,2025_10,18-323-00228,25.72
,2025_10,18-324-00260,25.96
,2025_10,18-323-00230,25.72
,2025_10,18-324-00231,25.96
,2025_10,18-324-00232,25.96
,2025_10,18-324-00233,25.96
,2025_10,18-324-00234,25.96
,2025_10,18-816-00235,26.44
,2025_10,18-816-00236,26.44
,2025_10,18-325-00237,25.78
,2025_10,18-325-00238,25.78
,2025_10,18-325-00239,25.78
,2025_10,18-326-00240,26.16
,2025_10,18-326-00241,26.16
,2025_10,18-326-00242,26.16
,2025_10,18-326-00243,26.16
,2025_10,18-326-00244,26.16
,2025_10,18-326-00245,26.16
,2025_10,18-326-00246,26.16
,2025_10,18-326-00247,26.16
,2025_10,18-755-00248,24.77
,2025_10,18-756-00249,25.54
,2025_10,18-756-00250,25.54
,2025_10,18-756-00251,25.54
,2025_10,18-757-00252,25.85
,2025_10,18-757-00253,25.85
,2025_10,18-757-00254,25.85
,2025_10,18-759-00255,22.77
,2025_10,18-758-00256,26.24
,2025_10,18-758-00257,26.24
,2025_10,18-816-00258,26.44
,2025_10,18-816-00259,26.44
,2025_10,18-816-00261,26.44
,2025_10,18-324-00262,25.96
,2025_10,18-324-00263,25.96
,2025_10,18-303-00264,26.13
,2025_10,18-799-00265,26.27
,2025_10,18-303-00266,26.13
,2025_10,18-322-00267,24.77
,2025_10,18-326-00268,26.16
,2025_10,18-325-00269,25.78
,2025_10,18-325-00270,25.78
,2025_10,18-304-00271,26.13
,2025_10,18-321-00272,24.98
,2025_10,18-321-00273,24.98
,2025_10,18-301-00274,26.29
,2025_10,18-312-00276,24.87
,2025_10,18-312-00277,24.87
,2025_10,18-755-00278,24.77
,2025_10,18-755-00279,24.77
,2025_10,18-760-00280,26.14
,2025_10,18-760-00281,26.14
,2025_10,18-314-00275,23.02
,2025_10,18-300-00101,26.12
,2025_10,18-300-00102,26.12
,2025_10,18-300-00103,26.12
,2025_10,18-300-00104,26.12
,2025_10,18-300-00105,26.12
,2025_10,18-300-00106,26.12
,2025_10,18-300-00107,26.12
,2025_10,18-300-00108,26.12
,2025_10,18-301-00109,26.54
,2025_10,18-301-00110,26.54
,2025_10,18-301-00111,26.54
,2025_10,18-301-00112,26.54
,2025_10,18-301-00113,26.54
,2025_10,18-301-00114,26.54
,2025_10,18-302-00115,25.77
,2025_10,18-302-00116,25.77
,2025_10,18-302-00117,25.77
,2025_10,18-302-00118,25.77
,2025_10,18-302-00119,25.77
,2025_10,18-303-00120,26.42
,2025_10,18-303-00121,26.42
,2025_10,18-303-00122,26.42
,2025_10,18-303-00123,26.42
,2025_10,18-799-00124,26.58
,2025_10,18-799-00125,26.58
,2025_10,18-304-00126,26.97
,2025_10,18-304-00127,26.97
,2025_10,18-304-00128,26.97
,2025_10,18-304-00129,26.97
,2025_10,18-305-00130,26.22
,2025_10,18-305-00131,26.22
,2025_10,18-305-00132,26.22
,2025_10,18-305-00133,26.22
,2025_10,18-305-00134,26.22
,2025_10,18-305-00135,26.22
,2025_10,18-305-00136,26.22
,2025_10,18-306-00137,26.26
,2025_10,18-306-00138,26.26
,2025_10,18-306-00139,26.26
,2025_10,18-306-00140,26.26
,2025_10,18-307-00141,25.98
,2025_10,18-307-00142,25.98
,2025_10,18-307-00143,25.98
,2025_10,18-307-00144,25.98
,2025_10,18-307-00145,25.98
,2025_10,18-307-00146,25.98
,2025_10,18-307-00147,25.98
,2025_10,18-308-00148,26.11
,2025_10,18-308-00149,26.11
,2025_10,18-308-00150,26.11
,2025_10,18-308-00151,26.11
,2025_10,18-308-00152,26.11
,2025_10,18-308-00153,26.11
,2025_10,18-309-00154,25.14
,2025_10,18-309-00155,25.14
,2025_10,18-309-00156,25.14
,2025_10,18-309-00157,25.14
,2025_10,18-310-00158,25.72
,2025_10,18-310-00159,25.72
,2025_10,18-310-00160,25.72
,2025_10,18-310-00161,25.72
,2025_10,18-310-00162,25.72
,2025_10,18-310-00163,25.72
,2025_10,18-310-00164,25.72
,2025_10,18-311-00165,25.58
,2025_10,18-311-00166,25.58
,2025_10,18-311-00167,25.58
,2025_10,18-311-00168,25.58
,2025_10,18-312-00169,25.53
,2025_10,18-312-00170,25.53
,2025_10,18-312-00171,25.53
,2025_10,18-313-00172,26.2
,2025_10,18-313-00173,26.2
,2025_10,18-313-00174,26.2
,2025_10,18-313-00175,26.2
,2025_10,18-313-00176,26.2
,2025_10,18-313-00177,26.2
,2025_10,18-314-00178,23.47
,2025_10,18-314-00179,23.47
,2025_10,18-315-00180,22.35
,2025_10,18-315-00181,22.35
,2025_10,18-315-00182,22.35
,2025_10,18-315-00183,22.35
,2025_10,18-316-00184,26.47
,2025_10,18-316-00185,26.47
,2025_10,18-316-00186,26.47
,2025_10,18-316-00187,26.47
,2025_10,18-316-00188,26.47
,2025_10,18-317-00189,27.21
,2025_10,18-317-00190,27.21
,2025_10,18-317-00191,27.21
,2025_10,18-317-00192,27.21
,2025_10,18-317-00193,27.21
,2025_10,18-318-00194,26.84
,2025_10,18-318-00195,26.84
,2025_10,18-318-00196,26.84
,2025_10,18-318-00197,26.84
,2025_10,18-319-00198,26.05
,2025_10,18-319-00199,26.05
,2025_10,18-319-00200,26.05
,2025_10,18-319-00201,26.05
,2025_10,18-319-00202,26.05
,2025_10,18-320-00203,26.47
,2025_10,18-320-00204,26.47
,2025_10,18-320-00205,26.47
,2025_10,18-320-00206,26.47
,2025_10,18-320-00207,26.47
,2025_10,18-321-00208,25.44
,2025_10,18-321-00209,25.44
,2025_10,18-321-00210,25.44
,2025_10,18-321-00211,25.44
,2025_10,18-321-00212,25.44
,2025_10,18-321-00213,25.44
,2025_10,18-321-00214,25.44
,2025_10,18-321-00215,25.44
,2025_10,18-321-00216,25.44
,2025_10,18-321-00217,25.44
,2025_10,18-321-00218,25.44
,2025_10,18-322-00219,25.25
,2025_10,18-322-00220,25.25
,2025_10,18-322-00221,25.25
,2025_10,18-323-00222,25.93
,2025_10,18-323-00223,25.93
,2025_10,18-323-00224,25.93
,2025_10,18-323-00225,25.93
,2025_10,18-323-00226,25.93
,2025_10,18-323-00227,25.93
,2025_10,18-323-00228,25.93
,2025_10,18-324-00260,26.22
,2025_10,18-323-00230,25.93
,2025_10,18-324-00231,26.22
,2025_10,18-324-00232,26.22
,2025_10,18-324-00233,26.22
,2025_10,18-324-00234,26.22
,2025_10,18-816-00235,26.63
,2025_10,18-816-00236,26.63
,2025_10,18-325-00237,26.2
,2025_10,18-325-00238,26.2
,2025_10,18-325-00239,26.2
,2025_10,18-326-00240,26.62
,2025_10,18-326-00241,26.62
,2025_10,18-326-00242,26.62
,2025_10,18-326-00243,26.62
,2025_10,18-326-00244,26.62
,2025_10,18-326-00245,26.62
,2025_10,18-326-00246,26.62
,2025_10,18-326-00247,26.62
,2025_10,18-755-00248,25.04
,2025_10,18-756-00249,26.0
,2025_10,18-756-00250,26.0
,2025_10,18-756-00251,26.0
,2025_10,18-757-00252,26.78
,2025_10,18-757-00253,26.78
,2025_10,18-757-00254,26.78
,2025_10,18-759-00255,23.62
,2025_10,18-758-00256,26.87
,2025_10,18-758-00257,26.87
,2025_10,18-816-00258,26.63
,2025_10,18-816-00259,26.63
,2025_10,18-816-00261,26.63
,2025_10,18-324-00262,26.22
,2025_10,18-324-00263,26.22
,2025_10,18-303-00264,26.42
,2025_10,18-799-00265,26.58
,2025_10,18-303-00266,26.42
,2025_10,18-322-00267,25.25
,2025_10,18-326-00268,26.62
,2025_10,18-325-00269,26.2
,2025_10,18-325-00270,26.2
,2025_10,18-304-00271,26.97
,2025_10,18-321-00272,25.44
,2025_10,18-321-00273,25.44
,2025_10,18-301-00274,26.54
,2025_10,18-312-00276,25.53
,2025_10,18-312-00277,25.53
,2025_10,18-755-00278,25.04
,2025_10,18-755-00279,25.04
,2025_10,18-760-00280,26.34
,2025_10,18-760-00281,26.34
,2025_10,18-314-00275,23.47
,2025_10,18-300-00101,29.08
,2025_10,18-300-00102,29.08
,2025_10,18-300-00103,29.08
,2025_10,18-300-00104,29.08
,2025_10,18-300-00105,29.08
,2025_10,18-300-00106,29.08
,2025_10,18-300-00107,29.08
,2025_10,18-300-00108,29.08
,2025_10,18-301-00109,29.2
,2025_10,18-301-00110,29.2
,2025_10,18-301-00111,29.2
,2025_10,18-301-00112,29.2
,2025_10,18-301-00113,29.2
,2025_10,18-301-00114,29.2
,2025_10,18-302-00115,29.58
,2025_10,18-302-00116,29.58
,2025_10,18-302-00117,29.58
,2025_10,18-302-00118,29.58
,2025_10,18-302-00119,29.58
,2025_10,18-303-00120,29.27
,2025_10,18-303-00121,29.27
,2025_10,18-303-00122,29.27
,2025_10,18-303-00123,29.27
,2025_10,18-799-00124,29.42
,2025_10,18-799-00125,29.42
,2025_10,18-304-00126,29.61
,2025_10,18-304-00127,29.61
,2025_10,18-304-00128,29.61
,2025_10,18-304-00129,29.61
,2025_10,18-305-00130,29.61
,2025_10,18-305-00131,29.61
,2025_10,18-305-00132,29.61
,2025_10,18-305-00133,29.61
,2025_10,18-305-00134,29.61
,2025_10,18-305-00135,29.61
,2025_10,18-305-00136,29.61
,2025_10,18-306-00137,29.71
,2025_10,18-306-00138,29.71
,2025_10,18-306-00139,29.71
,2025_10,18-306-00140,29.71
,2025_10,18-307-00141,28.61
,2025_10,18-307-00142,28.61
,2025_10,18-307-00143,28.61
,2025_10,18-307-00144,28.61
,2025_10,18-307-00145,28.61
,2025_10,18-307-00146,28.61
,2025_10,18-307-00147,28.61
,2025_10,18-308-00148,28.41
,2025_10,18-308-00149,28.41
,2025_10,18-308-00150,28.41
,2025_10,18-308-00151,28.41
,2025_10,18-308-00152,28.41
,2025_10,18-308-00153,28.41
,2025_10,18-309-00154,27.94
,2025_10,18-309-00155,27.94
,2025_10,18-309-00156,27.94
,2025_10,18-309-00157,27.94
,2025_10,18-310-00158,28.52
,2025_10,18-310-00159,28.52
,2025_10,18-310-00160,28.52
,2025_10,18-310-00161,28.52
,2025_10,18-310-00162,28.52
,2025_10,18-310-00163,28.52
,2025_10,18-310-00164,28.52
,2025_10,18-311-00165,28.12
,2025_10,18-311-00166,28.12
,2025_10,18-311-00167,28.12
,2025_10,18-311-00168,28.12
,2025_10,18-312-00169,28.71
,2025_10,18-312-00170,28.71
,2025_10,18-312-00171,28.71
,2025_10,18-313-00172,29.86
,2025_10,18-313-00173,29.86
,2025_10,18-313-00174,29.86
,2025_10,18-313-00175,29.86
,2025_10,18-313-00176,29.86
,2025_10,18-313-00177,29.86
,2025_10,18-314-00178,27.04
,2025_10,18-314-00179,27.04
,2025_10,18-315-00180,25.39
,2025_10,18-315-00181,25.39
,2025_10,18-315-00182,25.39
,2025_10,18-315-00183,25.39
,2025_10,18-316-00184,29.48
,2025_10,18-316-00185,29.48
,2025_10,18-316-00186,29.48
,2025_10,18-316-00187,29.48
,2025_10,18-316-00188,29.48
,2025_10,18-317-00189,30.51
,2025_10,18-317-00190,30.51
,2025_10,18-317-00191,30.51
,2025_10,18-317-00192,30.51
,2025_10,18-317-00193,30.51
,2025_10,18-318-00194,30.06
,2025_10,18-318-00195,30.06
,2025_10,18-318-00196,30.06
,2025_10,18-318-00197,30.06
,2025_10,18-319-00198,28.67
,2025_10,18-319-00199,28.67
,2025_10,18-319-00200,28.67
,2025_10,18-319-00201,28.67
,2025_10,18-319-00202,28.67
,2025_10,18-320-00203,29.12
,2025_10,18-320-00204,29.12
,2025_10,18-320-00205,29.12
,2025_10,18-320-00206,29.12
,2025_10,18-320-00207,29.12
,2025_10,18-321-00208,28.91
,2025_10,18-321-00209,28.91
,2025_10,18-321-00210,28.91
,2025_10,18-321-00211,28.91
,2025_10,18-321-00212,28.91
,2025_10,18-321-00213,28.91
,2025_10,18-321-00214,28.91
,2025_10,18-321-00215,28.91
,2025_10,18-321-00216,28.91
,2025_10,18-321-00217,28.91
,2025_10,18-321-00218,28.91
,2025_10,18-322-00219,28.5
,2025_10,18-322-00220,28.5
,2025_10,18-322-00221,28.5
,2025_10,18-323-00222,29.03
,2025_10,18-323-00223,29.03
,2025_10,18-323-00224,29.03
,2025_10,18-323-00225,29.03
,2025_10,18-323-00226,29.03
,2025_10,18-323-00227,29.03
,2025_10,18-323-00228,29.03
,2025_10,18-324-00260,29.0
,2025_10,18-323-00230,29.03
,2025_10,18-324-00231,29.0
,2025_10,18-324-00232,29.0
,2025_10,18-324-00233,29.0
,2025_10,18-324-00234,29.0
,2025_10,18-816-00235,29.64
,2025_10,18-816-00236,29.64
,2025_10,18-325-00237,28.77
,2025_10,18-325-00238,28.77
,2025_10,18-325-00239,28.77
,2025_10,18-326-00240,29.98
,2025_10,18-326-00241,29.98
,2025_10,18-326-00242,29.98
,2025_10,18-326-00243,29.98
,2025_10,18-326-00244,29.98
,2025_10,18-326-00245,29.98
,2025_10,18-326-00246,29.98
,2025_10,18-326-00247,29.98
,2025_10,18-755-00248,27.92
,2025_10,18-756-00249,29.51
,2025_10,18-756-00250,29.51
,2025_10,18-756-00251,29.51
,2025_10,18-757-00252,31.4
,2025_10,18-757-00253,31.4
,2025_10,18-757-00254,31.4
,2025_10,18-759-00255,26.39
,2025_10,18-758-00256,29.62
,2025_10,18-758-00257,29.62
,2025_10,18-816-00258,29.64
,2025_10,18-816-00259,29.64
,2025_10,18-816-00261,29.64
,2025_10,18-324-00262,29.0
,2025_10,18-324-00263,29.0
,2025_10,18-303-00264,29.27
,2025_10,18-799-00265,29.42
,2025_10,18-303-00266,29.27
,2025_10,18-322-00267,28.5
,2025_10,18-326-00268,29.98
,2025_10,18-325-00269,28.77
,2025_10,18-325-00270,28.77
,2025_10,18-304-00271,29.61
,2025_10,18-321-00272,28.91
,2025_10,18-321-00273,28.91
,2025_10,18-301-00274,29.2
,2025_10,18-312-00276,28.71
,2025_10,18-312-00277,28.71
,2025_10,18-755-00278,27.92
,2025_10,18-755-00279,27.92
,2025_10,18-760-00280,28.86
,2025_10,18-760-00281,28.86
,2025_10,18-314-00275,27.04
,2025_10,18-300-00101,32.95
,2025_10,18-300-00102,32.95
,2025_10,18-300-00103,32.95
,2025_10,18-300-00104,32.95
,2025_10,18-300-00105,32.95
,2025_10,18-300-00106,32.95
,2025_10,18-300-00107,32.95
,2025_10,18-300-00108,32.95
,2025_10,18-301-00109,32.04
,2025_10,18-301-00110,32.04
,2025_10,18-301-00111,32.04
,2025_10,18-301-00112,32.04
,2025_10,18-301-00113,32.04
,2025_10,18-301-00114,32.04
,2025_10,18-302-00115,33.39
,2025_10,18-302-00116,33.39
,2025_10,18-302-00117,33.39
,2025_10,18-302-00118,33.39
,2025_10,18-302-00119,33.39
,2025_10,18-303-00120,32.2
,2025_10,18-303-00121,32.2
,2025_10,18-303-00122,32.2
,2025_10,18-303-00123,32.2
,2025_10,18-799-00124,32.36
,2025_10,18-799-00125,32.36
,2025_10,18-304-00126,31.36
,2025_10,18-304-00127,31.36
,2025_10,18-304-00128,31.36
,2025_10,18-304-00129,31.36
,2025_10,18-305-00130,31.73
,2025_10,18-305-00131,31.73
,2025_10,18-305-00132,31.73
,2025_10,18-305-00133,31.73
,2025_10,18-305-00134,31.73
,2025_10,18-305-00135,31.73
,2025_10,18-305-00136,31.73
,2025_10,18-306-00137,32.92
,2025_10,18-306-00138,32.92
,2025_10,18-306-00139,32.92
,2025_10,18-306-00140,32.92
,2025_10,18-307-00141,30.08
,2025_10,18-307-00142,30.08
,2025_10,18-307-00143,30.08
,2025_10,18-307-00144,30.08
,2025_10,18-307-00145,30.08
,2025_10,18-307-00146,30.08
,2025_10,18-307-00147,30.08
,2025_10,18-308-00148,30.54
,2025_10,18-308-00149,30.54
,2025_10,18-308-00150,30.54
,2025_10,18-308-00151,30.54
,2025_10,18-308-00152,30.54
,2025_10,18-308-00153,30.54
,2025_10,18-309-00154,29.79
,2025_10,18-309-00155,29.79
,2025_10,18-309-00156,29.79
,2025_10,18-309-00157,29.79
,2025_10,18-310-00158,29.43
,2025_10,18-310-00159,29.43
,2025_10,18-310-00160,29.43
,2025_10,18-310-00161,29.43
,2025_10,18-310-00162,29.43
,2025_10,18-310-00163,29.43
,2025_10,18-310-00164,29.43
,2025_10,18-311-00165,30.2
,2025_10,18-311-00166,30.2
,2025_10,18-311-00167,30.2
,2025_10,18-311-00168,30.2
,2025_10,18-312-00169,30.45
,2025_10,18-312-00170,30.45
,2025_10,18-312-00171,30.45
,2025_10,18-313-00172,32.25
,2025_10,18-313-00173,32.25
,2025_10,18-313-00174,32.25
,2025_10,18-313-00175,32.25
,2025_10,18-313-00176,32.25
,2025_10,18-313-00177,32.25
,2025_10,18-314-00178,30.75
,2025_10,18-314-00179,30.75
,2025_10,18-315-00180,30.51
,2025_10,18-315-00181,30.51
,2025_10,18-315-00182,30.51
,2025_10,18-315-00183,30.51
,2025_10,18-316-00184,31.95
,2025_10,18-316-00185,31.95
,2025_10,18-316-00186,31.95
,2025_10,18-316-00187,31.95
,2025_10,18-316-00188,31.95
,2025_10,18-317-00189,32.87
,2025_10,18-317-00190,32.87
,2025_10,18-317-00191,32.87
,2025_10,18-317-00192,32.87
,2025_10,18-317-00193,32.87
,2025_10,18-318-00194,32.76
,2025_10,18-318-00195,32.76
,2025_10,18-318-00196,32.76
,2025_10,18-318-00197,32.76
,2025_10,18-319-00198,31.8
,2025_10,18-319-00199,31.8
,2025_10,18-319-00200,31.8
,2025_10,18-319-00201,31.8
,2025_10,18-319-00202,31.8
,2025_10,18-320-00203,32.85
,2025_10,18-320-00204,32.85
,2025_10,18-320-00205,32.85
,2025_10,18-320-00206,32.85
,2025_10,18-320-00207,32.85
,2025_10,18-321-00208,32.31
,2025_10,18-321-00209,32.31
,2025_10,18-321-00210,32.31
,2025_10,18-321-00211,32.31
,2025_10,18-321-00212,32.31
,2025_10,18-321-00213,32.31
,2025_10,18-321-00214,32.31
,2025_10,18-321-00215,32.31
,2025_10,18-321-00216,32.31
,2025_10,18-321-00217,32.31
,2025_10,18-321-00218,32.31
,2025_10,18-322-00219,31.63
,2025_10,18-322-00220,31.63
,2025_10,18-322-00221,31.63
,2025_10,18-323-00222,32.1
,2025_10,18-323-00223,32.1
,2025_10,18-323-00224,32.1
,2025_10,18-323-00225,32.1
,2025_10,18-323-00226,32.1
,2025_10,18-323-00227,32.1
,2025_10,18-323-00228,32.1
,2025_10,18-324-00260,32.64
,2025_10,18-323-00230,32.1
,2025_10,18-324-00231,32.64
,2025_10,18-324-00232,32.64
,2025_10,18-324-00233,32.64
,2025_10,18-324-00234,32.64
,2025_10,18-816-00235,32.86
,2025_10,18-816-00236,32.86
,2025_10,18-325-00237,31.49
,2025_10,18-325-00238,31.49
,2025_10,18-325-00239,31.49
,2025_10,18-326-00240,32.91
,2025_10,18-326-00241,32.91
,2025_10,18-326-00242,32.91
,2025_10,18-326-00243,32.91
,2025_10,18-326-00244,32.91
,2025_10,18-326-00245,32.91
,2025_10,18-326-00246,32.91
,2025_10,18-326-00247,32.91
,2025_10,18-755-00248,29.69
,2025_10,18-756-00249,31.7
,2025_10,18-756-00250,31.7
,2025_10,18-756-00251,31.7
,2025_10,18-757-00252,34.91
,2025_10,18-757-00253,34.91
,2025_10,18-757-00254,34.91
,2025_10,18-759-00255,31.06
,2025_10,18-758-00256,32.78
,2025_10,18-758-00257,32.78
,2025_10,18-816-00258,32.86
,2025_10,18-816-00259,32.86
,2025_10,18-816-00261,32.86
,2025_10,18-324-00262,32.64
,2025_10,18-324-00263,32.64
,2025_10,18-303-00264,32.2
,2025_10,18-799-00265,32.36
,2025_10,18-303-00266,32.2
,2025_10,18-322-00267,31.63
,2025_10,18-326-00268,32.91
,2025_10,18-325-00269,31.49
,2025_10,18-325-00270,31.49
,2025_10,18-304-00271,31.36
,2025_10,18-321-00272,32.31
,2025_10,18-321-00273,32.31
,2025_10,18-301-00274,32.04
,2025_10,18-312-00276,30.45
,2025_10,18-312-00277,30.45
,2025_10,18-755-00278,29.69
,2025_10,18-755-00279,29.69
,2025_10,18-760-00280,29.67
,2025_10,18-760-00281,29.67
,2025_10,18-314-00275,30.75
,2025_10,18-300-00101,33.46
,2025_10,18-300-00102,33.46
,2025_10,18-300-00103,33.46
,2025_10,18-300-00104,33.46
,2025_10,18-300-00105,33.46
,2025_10,18-300-00106,33.46
,2025_10,18-300-00107,33.46
,2025_10,18-300-00108,33.46
,2025_10,18-301-00109,31.85
,2025_10,18-301-00110,31.85
,2025_10,18-301-00111,31.85
,2025_10,18-301-00112,31.85
,2025_10,18-301-00113,31.85
,2025_10,18-301-00114,31.85
,2025_10,18-302-00115,33.84
,2025_10,18-302-00116,33.84
,2025_10,18-302-00117,33.84
,2025_10,18-302-00118,33.84
,2025_10,18-302-00119,33.84
,2025_10,18-303-00120,32.51
,2025_10,18-303-00121,32.51
,2025_10,18-303-00122,32.51
,2025_10,18-303-00123,32.51
,2025_10,18-799-00124,33.12
,2025_10,18-799-00125,33.12
,2025_10,18-304-00126,32.33
,2025_10,18-304-00127,32.33
,2025_10,18-304-00128,32.33
,2025_10,18-304-00129,32.33
,2025_10,18-305-00130,32.56
,2025_10,18-305-00131,32.56
,2025_10,18-305-00132,32.56
,2025_10,18-305-00133,32.56
,2025_10,18-305-00134,32.56
,2025_10,18-305-00135,32.56
,2025_10,18-305-00136,32.56
,2025_10,18-306-00137,33.13
,2025_10,18-306-00138,33.13
,2025_10,18-306-00139,33.13
,2025_10,18-306-00140,33.13
,2025_10,18-307-00141,30.76
,2025_10,18-307-00142,30.76
,2025_10,18-307-00143,30.76
,2025_10,18-307-00144,30.76
,2025_10,18-307-00145,30.76
,2025_10,18-307-00146,30.76
,2025_10,18-307-00147,30.76
,2025_10,18-308-00148,31.37
,2025_10,18-308-00149,31.37
,2025_10,18-308-00150,31.37
,2025_10,18-308-00151,31.37
,2025_10,18-308-00152,31.37
,2025_10,18-308-00153,31.37
,2025_10,18-309-00154,29.11
,2025_10,18-309-00155,29.11
,2025_10,18-309-00156,29.11
,2025_10,18-309-00157,29.11
,2025_10,18-310-00158,29.89
,2025_10,18-310-00159,29.89
,2025_10,18-310-00160,29.89
,2025_10,18-310-00161,29.89
,2025_10,18-310-00162,29.89
,2025_10,18-310-00163,29.89
,2025_10,18-310-00164,29.89
,2025_10,18-311-00165,31.02
,2025_10,18-311-00166,31.02
,2025_10,18-311-00167,31.02
,2025_10,18-311-00168,31.02
,2025_10,18-312-00169,31.87
,2025_10,18-312-00170,31.87
,2025_10,18-312-00171,31.87
,2025_10,18-313-00172,33.19
,2025_10,18-313-00173,33.19
,2025_10,18-313-00174,33.19
,2025_10,18-313-00175,33.19
,2025_10,18-313-00176,33.19
,2025_10,18-313-00177,33.19
,2025_10,18-314-00178,32.9
,2025_10,18-314-00179,32.9
,2025_10,18-315-00180,31.57
,2025_10,18-315-00181,31.57
,2025_10,18-315-00182,31.57
,2025_10,18-315-00183,31.57
,2025_10,18-316-00184,32.12
,2025_10,18-316-00185,32.12
,2025_10,18-316-00186,32.12
,2025_10,18-316-00187,32.12
,2025_10,18-316-00188,32.12
,2025_10,18-317-00189,32.15
,2025_10,18-317-00190,32.15
,2025_10,18-317-00191,32.15
,2025_10,18-317-00192,32.15
,2025_10,18-317-00193,32.15
,2025_10,18-318-00194,32.75
,2025_10,18-318-00195,32.75
,2025_10,18-318-00196,32.75
,2025_10,18-318-00197,32.75
,2025_10,18-319-00198,32.16
,2025_10,18-319-00199,32.16
,2025_10,18-319-00200,32.16
,2025_10,18-319-00201,32.16
,2025_10,18-319-00202,32.16
,2025_10,18-320-00203,32.34
,2025_10,18-320-00204,32.34
,2025_10,18-320-00205,32.34
,2025_10,18-320-00206,32.34
,2025_10,18-320-00207,32.34
,2025_10,18-321-00208,33.05
,2025_10,18-321-00209,33.05
,2025_10,18-321-00210,33.05
,2025_10,18-321-00211,33.05
,2025_10,18-321-00212,33.05
,2025_10,18-321-00213,33.05
,2025_10,18-321-00214,33.05
,2025_10,18-321-00215,33.05
,2025_10,18-321-00216,33.05
,2025_10,18-321-00217,33.05
,2025_10,18-321-00218,33.05
,2025_10,18-322-00219,33.21
,2025_10,18-322-00220,33.21
,2025_10,18-322-00221,33.21
,2025_10,18-323-00222,33.01
,2025_10,18-323-00223,33.01
,2025_10,18-323-00224,33.01
,2025_10,18-323-00225,33.01
,2025_10,18-323-00226,33.01
,2025_10,18-323-00227,33.01
,2025_10,18-323-00228,33.01
,2025_10,18-324-00260,33.2
,2025_10,18-323-00230,33.01
,2025_10,18-324-00231,33.2
,2025_10,18-324-00232,33.2
,2025_10,18-324-00233,33.2
,2025_10,18-324-00234,33.2
,2025_10,18-816-00235,33.27
,2025_10,18-816-00236,33.27
,2025_10,18-325-00237,32.1
,2025_10,18-325-00238,32.1
,2025_10,18-325-00239,32.1
,2025_10,18-326-00240,33.2
,2025_10,18-326-00241,33.2
,2025_10,18-326-00242,33.2
,2025_10,18-326-00243,33.2
,2025_10,18-326-00244,33.2
,2025_10,18-326-00245,33.2
,2025_10,18-326-00246,33.2
,2025_10,18-326-00247,33.2
,2025_10,18-755-00248,31.19
,2025_10,18-756-00249,32.31
,2025_10,18-756-00250,32.31
,2025_10,18-756-00251,32.31
,2025_10,18-757-00252,36.16
,2025_10,18-757-00253,36.16
,2025_10,18-757-00254,36.16
,2025_10,18-759-00255,32.31
,2025_10,18-758-00256,32.99
,2025_10,18-758-00257,32.99
,2025_10,18-816-00258,33.27
,2025_10,18-816-00259,33.27
,2025_10,18-816-00261,33.27
,2025_10,18-324-00262,33.2
,2025_10,18-324-00263,33.2
,2025_10,18-303-00264,32.51
,2025_10,18-799-00265,33.12
,2025_10,18-303-00266,32.51
,2025_10,18-322-00267,33.21
,2025_10,18-326-00268,33.2
,2025_10,18-325-00269,32.1
,2025_10,18-325-00270,32.1
,2025_10,18-304-00271,32.33
,2025_10,18-321-00272,33.05
,2025_10,18-321-00273,33.05
,2025_10,18-301-00274,31.85
,2025_10,18-312-00276,31.87
,2025_10,18-312-00277,31.87
,2025_10,18-755-00278,31.19
,2025_10,18-755-00279,31.19
,2025_10,18-760-00280,30.22
,2025_10,18-760-00281,30.22
,2025_10,18-314-00275,32.9
,2025_10,18-300-00101,32.59
,2025_10,18-300-00102,32.59
,2025_10,18-300-00103,32.59
,2025_10,18-300-00104,32.59
,2025_10,18-300-00105,32.59
,2025_10,18-300-00106,32.59
,2025_10,18-300-00107,32.59
,2025_10,18-300-00108,32.59
,2025_10,18-301-00109,32.02
,2025_10,18-301-00110,32.02
,2025_10,18-301-00111,32.02
,2025_10,18-301-00112,32.02
,2025_10,18-301-00113,32.02
,2025_10,18-301-00114,32.02
,2025_10,18-302-00115,31.09
,2025_10,18-302-00116,31.09
,2025_10,18-302-00117,31.09
,2025_10,18-302-00118,31.09
,2025_10,18-302-00119,31.09
,2025_10,18-303-00120,30.8
,2025_10,18-303-00121,30.8
,2025_10,18-303-00122,30.8
,2025_10,18-303-00123,30.8
,2025_10,18-799-00124,33.4
,2025_10,18-799-00125,33.4
,2025_10,18-304-00126,32.37
,2025_10,18-304-00127,32.37
,2025_10,18-304-00128,32.37
,2025_10,18-304-00129,32.37
,2025_10,18-305-00130,33.19
,2025_10,18-305-00131,33.19
,2025_10,18-305-00132,33.19
,2025_10,18-305-00133,33.19
,2025_10,18-305-00134,33.19
,2025_10,18-305-00135,33.19
,2025_10,18-305-00136,33.19
,2025_10,18-306-00137,33.35
,2025_10,18-306-00138,33.35
,2025_10,18-306-00139,33.35
,2025_10,18-306-00140,33.35
,2025_10,18-307-00141,32.33
,2025_10,18-307-00142,32.33
,2025_10,18-307-00143,32.33
,2025_10,18-307-00144,32.33
,2025_10,18-307-00145,32.33
,2025_10,18-307-00146,32.33
,2025_10,18-307-00147,32.33
,2025_10,18-308-00148,32.63
,2025_10,18-308-00149,32.63
,2025_10,18-308-00150,32.63
,2025_10,18-308-00151,32.63
,2025_10,18-308-00152,32.63
,2025_10,18-308-00153,32.63
,2025_10,18-309-00154,31.96
,2025_10,18-309-00155,31.96
,2025_10,18-309-00156,31.96
,2025_10,18-309-00157,31.96
,2025_10,18-310-00158,30.54
,2025_10,18-310-00159,30.54
,2025_10,18-310-00160,30.54
,2025_10,18-310-00161,30.54
,2025_10,18-310-00162,30.54
,2025_10,18-310-00163,30.54
,2025_10,18-310-00164,30.54
,2025_10,18-311-00165,32.03
,2025_10,18-311-00166,32.03
,2025_10,18-311-00167,32.03
,2025_10,18-311-00168,32.03
,2025_10,18-312-00169,32.31
,2025_10,18-312-00170,32.31
,2025_10,18-312-00171,32.31
,2025_10,18-313-00172,31.89
,2025_10,18-313-00173,31.89
,2025_10,18-313-00174,31.89
,2025_10,18-313-00175,31.89
,2025_10,18-313-00176,31.89
,2025_10,18-313-00177,31.89
,2025_10,18-314-00178,31.7
,2025_10,18-314-00179,31.7
,2025_10,18-315-00180,28.64
,2025_10,18-315-00181,28.64
,2025_10,18-315-00182,28.64
,2025_10,18-315-00183,28.64
,2025_10,18-316-00184,31.88
,2025_10,18-316-00185,31.88
,2025_10,18-316-00186,31.88
,2025_10,18-316-00187,31.88
,2025_10,18-316-00188,31.88
,2025_10,18-317-00189,31.6
,2025_10,18-317-00190,31.6
,2025_10,18-317-00191,31.6
,2025_10,18-317-00192,31.6
,2025_10,18-317-00193,31.6
,2025_10,18-318-00194,31.51
,2025_10,18-318-00195,31.51
,2025_10,18-318-00196,31.51
,2025_10,18-318-00197,31.51
,2025_10,18-319-00198,32.15
,2025_10,18-319-00199,32.15
,2025_10,18-319-00200,32.15
,2025_10,18-319-00201,32.15
,2025_10,18-319-00202,32.15
,2025_10,18-320-00203,33.36
,2025_10,18-320-00204,33.36
,2025_10,18-320-00205,33.36
,2025_10,18-320-00206,33.36
,2025_10,18-320-00207,33.36
,2025_10,18-321-00208,30.85
,2025_10,18-321-00209,30.85
,2025_10,18-321-00210,30.85
,2025_10,18-321-00211,30.85
,2025_10,18-321-00212,30.85
,2025_10,18-321-00213,30.85
,2025_10,18-321-00214,30.85
,2025_10,18-321-00215,30.85
,2025_10,18-321-00216,30.85
,2025_10,18-321-00217,30.85
,2025_10,18-321-00218,30.85
,2025_10,18-322-00219,32.21
,2025_10,18-322-00220,32.21
,2025_10,18-322-00221,32.21
,2025_10,18-323-00222,31.22
,2025_10,18-323-00223,31.22
,2025_10,18-323-00224,31.22
,2025_10,18-323-00225,31.22
,2025_10,18-323-00226,31.22
,2025_10,18-323-00227,31.22
,2025_10,18-323-00228,31.22
,2025_10,18-324-00260,33.59
,2025_10,18-323-00230,31.22
,2025_10,18-324-00231,33.59
,2025_10,18-324-00232,33.59
,2025_10,18-324-00233,33.59
,2025_10,18-324-00234,33.59
,2025_10,18-816-00235,33.09
,2025_10,18-816-00236,33.09
,2025_10,18-325-00237,31.53
,2025_10,18-325-00238,31.53
,2025_10,18-325-00239,31.53
,2025_10,18-326-00240,32.77
,2025_10,18-326-00241,32.77
,2025_10,18-326-00242,32.77
,2025_10,18-326-00243,32.77
,2025_10,18-326-00244,32.77
,2025_10,18-326-00245,32.77
,2025_10,18-326-00246,32.77
,2025_10,18-326-00247,32.77
,2025_10,18-755-00248,32.14
,2025_10,18-756-00249,32.92
,2025_10,18-756-00250,32.92
,2025_10,18-756-00251,32.92
,2025_10,18-757-00252,32.94
,2025_10,18-757-00253,32.94
,2025_10,18-757-00254,32.94
,2025_10,18-759-00255,31.82
,2025_10,18-758-00256,31.25
,2025_10,18-758-00257,31.25
,2025_10,18-816-00258,33.09
,2025_10,18-816-00259,33.09
,2025_10,18-816-00261,33.09
,2025_10,18-324-00262,33.59
,2025_10,18-324-00263,33.59
,2025_10,18-303-00264,30.8
,2025_10,18-799-00265,33.4
,2025_10,18-303-00266,30.8
,2025_10,18-322-00267,32.21
,2025_10,18-326-00268,32.77
,2025_10,18-325-00269,31.53
,2025_10,18-325-00270,31.53
,2025_10,18-304-00271,32.37
,2025_10,18-321-00272,30.85
,2025_10,18-321-00273,30.85
,2025_10,18-301-00274,32.02
,2025_10,18-312-00276,32.31
,2025_10,18-312-00277,32.31
,2025_10,18-755-00278,32.14
,2025_10,18-755-00279,32.14
,2025_10,18-760-00280,29.19
,2025_10,18-760-00281,29.19
,2025_10,18-314-00275,31.7
,2025_10,18-300-00101,32.29
,2025_10,18-300-00102,32.29
,2025_10,18-300-00103,32.29
,2025_10,18-300-00104,32.29
,2025_10,18-300-00105,32.29
,2025_10,18-300-00106,32.29
,2025_10,18-300-00107,32.29
,2025_10,18-300-00108,32.29
,2025_10,18-301-00109,31.22
,2025_10,18-301-00110,31.22
,2025_10,18-301-00111,31.22
,2025_10,18-301-00112,31.22
,2025_10,18-301-00113,31.22
,2025_10,18-301-00114,31.22
,2025_10,18-302-00115,31.04
,2025_10,18-302-00116,31.04
,2025_10,18-302-00117,31.04
,2025_10,18-302-00118,31.04
,2025_10,18-302-00119,31.04
,2025_10,18-303-00120,31.99
,2025_10,18-303-00121,31.99
,2025_10,18-303-00122,31.99
,2025_10,18-303-00123,31.99
,2025_10,18-799-00124,34.18
,2025_10,18-799-00125,34.18
,2025_10,18-304-00126,34.24
,2025_10,18-304-00127,34.24
,2025_10,18-304-00128,34.24
,2025_10,18-304-00129,34.24
,2025_10,18-305-00130,34.69
,2025_10,18-305-00131,34.69
,2025_10,18-305-00132,34.69
,2025_10,18-305-00133,34.69
,2025_10,18-305-00134,34.69
,2025_10,18-305-00135,34.69
,2025_10,18-305-00136,34.69
,2025_10,18-306-00137,33.68
,2025_10,18-306-00138,33.68
,2025_10,18-306-00139,33.68
,2025_10,18-306-00140,33.68
,2025_10,18-307-00141,34.12
,2025_10,18-307-00142,34.12
,2025_10,18-307-00143,34.12
,2025_10,18-307-00144,34.12
,2025_10,18-307-00145,34.12
,2025_10,18-307-00146,34.12
,2025_10,18-307-00147,34.12
,2025_10,18-308-00148,33.89
,2025_10,18-308-00149,33.89
,2025_10,18-308-00150,33.89
,2025_10,18-308-00151,33.89
,2025_10,18-308-00152,33.89
,2025_10,18-308-00153,33.89
,2025_10,18-309-00154,34.63
,2025_10,18-309-00155,34.63
,2025_10,18-309-00156,34.63
,2025_10,18-309-00157,34.63
,2025_10,18-310-00158,33.64
,2025_10,18-310-00159,33.64
,2025_10,18-310-00160,33.64
,2025_10,18-310-00161,33.64
,2025_10,18-310-00162,33.64
,2025_10,18-310-00163,33.64
,2025_10,18-310-00164,33.64
,2025_10,18-311-00165,34.89
,2025_10,18-311-00166,34.89
,2025_10,18-311-00167,34.89
,2025_10,18-311-00168,34.89
,2025_10,18-312-00169,35.22
,2025_10,18-312-00170,35.22
,2025_10,18-312-00171,35.22
,2025_10,18-313-00172,34.04
,2025_10,18-313-00173,34.04
,2025_10,18-313-00174,34.04
,2025_10,18-313-00175,34.04
,2025_10,18-313-00176,34.04
,2025_10,18-313-00177,34.04
,2025_10,18-314-00178,32.49
,2025_10,18-314-00179,32.49
,2025_10,18-315-00180,31.0
,2025_10,18-315-00181,31.0
,2025_10,18-315-00182,31.0
,2025_10,18-315-00183,31.0
,2025_10,18-316-00184,32.54
,2025_10,18-316-00185,32.54
,2025_10,18-316-00186,32.54
,2025_10,18-316-00187,32.54
,2025_10,18-316-00188,32.54
,2025_10,18-317-00189,32.5
,2025_10,18-317-00190,32.5
,2025_10,18-317-00191,32.5
,2025_10,18-317-00192,32.5
,2025_10,18-317-00193,32.5
,2025_10,18-318-00194,32.32
,2025_10,18-318-00195,32.32
,2025_10,18-318-00196,32.32
,2025_10,18-318-00197,32.32
,2025_10,18-319-00198,32.2
,2025_10,18-319-00199,32.2
,2025_10,18-319-00200,32.2
,2025_10,18-319-00201,32.2
,2025_10,18-319-00202,32.2
,2025_10,18-320-00203,32.91
,2025_10,18-320-00204,32.91
,2025_10,18-320-00205,32.91
,2025_10,18-320-00206,32.91
,2025_10,18-320-00207,32.91
,2025_10,18-321-00208,32.4
,2025_10,18-321-00209,32.4
,2025_10,18-321-00210,32.4
,2025_10,18-321-00211,32.4
,2025_10,18-321-00212,32.4
,2025_10,18-321-00213,32.4
,2025_10,18-321-00214,32.4
,2025_10,18-321-00215,32.4
,2025_10,18-321-00216,32.4
,2025_10,18-321-00217,32.4
,2025_10,18-321-00218,32.4
,2025_10,18-322-00219,33.69
,2025_10,18-322-00220,33.69
,2025_10,18-322-00221,33.69
,2025_10,18-323-00222,32.79
,2025_10,18-323-00223,32.79
,2025_10,18-323-00224,32.79
,2025_10,18-323-00225,32.79
,2025_10,18-323-00226,32.79
,2025_10,18-323-00227,32.79
,2025_10,18-323-00228,32.79
,2025_10,18-324-00260,33.22
,2025_10,18-323-00230,32.79
,2025_10,18-324-00231,33.22
,2025_10,18-324-00232,33.22
,2025_10,18-324-00233,33.22
,2025_10,18-324-00234,33.22
,2025_10,18-816-00235,34.02
,2025_10,18-816-00236,34.02
,2025_10,18-325-00237,34.09
,2025_10,18-325-00238,34.09
,2025_10,18-325-00239,34.09
,2025_10,18-326-00240,35.68
,2025_10,18-326-00241,35.68
,2025_10,18-326-00242,35.68
,2025_10,18-326-00243,35.68
,2025_10,18-326-00244,35.68
,2025_10,18-326-00245,35.68
,2025_10,18-326-00246,35.68
,2025_10,18-326-00247,35.68
,2025_10,18-755-00248,35.4
,2025_10,18-756-00249,33.77
,2025_10,18-756-00250,33.77
,2025_10,18-756-00251,33.77
,2025_10,18-757-00252,35.15
,2025_10,18-757-00253,35.15
,2025_10,18-757-00254,35.15
,2025_10,18-759-00255,32.25
,2025_10,18-758-00256,28.55
,2025_10,18-758-00257,28.55
,2025_10,18-816-00258,34.02
,2025_10,18-816-00259,34.02
,2025_10,18-816-00261,34.02
,2025_10,18-324-00262,33.22
,2025_10,18-324-00263,33.22
,2025_10,18-303-00264,31.99
,2025_10,18-799-00265,34.18
,2025_10,18-303-00266,31.99
,2025_10,18-322-00267,33.69
,2025_10,18-326-00268,35.68
,2025_10,18-325-00269,34.09
,2025_10,18-325-00270,34.09
,2025_10,18-304-00271,34.24
,2025_10,18-321-00272,32.4
,2025_10,18-321-00273,32.4
,2025_10,18-301-00274,31.22
,2025_10,18-312-00276,35.22
,2025_10,18-312-00277,35.22
,2025_10,18-755-00278,35.4
,2025_10,18-755-00279,35.4
,2025_10,18-760-00280,31.37
,2025_10,18-760-00281,31.37
,2025_10,18-314-00275,32.49
,2025_10,18-300-00101,34.81
,2025_10,18-300-00102,34.81
,2025_10,18-300-00103,34.81
,2025_10,18-300-00104,34.81
,2025_10,18-300-00105,34.81
,2025_10,18-300-00106,34.81
,2025_10,18-300-00107,34.81
,2025_10,18-300-00108,34.81
,2025_10,18-301-00109,31.12
,2025_10,18-301-00110,31.12
,2025_10,18-301-00111,31.12
,2025_10,18-301-00112,31.12
,2025_10,18-301-00113,31.12
,2025_10,18-301-00114,31.12
,2025_10,18-302-00115,30.45
,2025_10,18-302-00116,30.45
,2025_10,18-302-00117,30.45
,2025_10,18-302-00118,30.45
,2025_10,18-302-00119,30.45
,2025_10,18-303-00120,29.34
,2025_10,18-303-00121,29.34
,2025_10,18-303-00122,29.34
,2025_10,18-303-00123,29.34
,2025_10,18-799-00124,35.68
,2025_10,18-799-00125,35.68
,2025_10,18-304-00126,33.15
,2025_10,18-304-00127,33.15
,2025_10,18-304-00128,33.15
,2025_10,18-304-00129,33.15
,2025_10,18-305-00130,32.27
,2025_10,18-305-00131,32.27
,2025_10,18-305-00132,32.27
,2025_10,18-305-00133,32.27
,2025_10,18-305-00134,32.27
,2025_10,18-305-00135,32.27
,2025_10,18-305-00136,32.27
,2025_10,18-306-00137,34.8
,2025_10,18-306-00138,34.8
,2025_10,18-306-00139,34.8
,2025_10,18-306-00140,34.8
,2025_10,18-307-00141,31.3
,2025_10,18-307-00142,31.3
,2025_10,18-307-00143,31.3
,2025_10,18-307-00144,31.3
,2025_10,18-307-00145,31.3
,2025_10,18-307-00146,31.3
,2025_10,18-307-00147,31.3
,2025_10,18-308-00148,31.26
,2025_10,18-308-00149,31.26
,2025_10,18-308-00150,31.26
,2025_10,18-308-00151,31.26
,2025_10,18-308-00152,31.26
,2025_10,18-308-00153,31.26
,2025_10,18-309-00154,32.52
,2025_10,18-309-00155,32.52
,2025_10,18-309-00156,32.52
,2025_10,18-309-00157,32.52
,2025_10,18-310-00158,30.23
,2025_10,18-310-00159,30.23
,2025_10,18-310-00160,30.23
,2025_10,18-310-00161,30.23
,2025_10,18-310-00162,30.23
,2025_10,18-310-00163,30.23
,2025_10,18-310-00164,30.23
,2025_10,18-311-00165,32.63
,2025_10,18-311-00166,32.63
,2025_10,18-311-00167,32.63
,2025_10,18-311-00168,32.63
,2025_10,18-312-00169,33.33
,2025_10,18-312-00170,33.33
,2025_10,18-312-00171,33.33
,2025_10,18-313-00172,30.26
,2025_10,18-313-00173,30.26
,2025_10,18-313-00174,30.26
,2025_10,18-313-00175,30.26
,2025_10,18-313-00176,30.26
,2025_10,18-313-00177,30.26
,2025_10,18-314-00178,30.7
,2025_10,18-314-00179,30.7
,2025_10,18-315-00180,29.52
,2025_10,18-315-00181,29.52
,2025_10,18-315-00182,29.52
,2025_10,18-315-00183,29.52
,2025_10,18-316-00184,30.57
,2025_10,18-316-00185,30.57
,2025_10,18-316-00186,30.57
,2025_10,18-316-00187,30.57
,2025_10,18-316-00188,30.57
,2025_10,18-317-00189,29.87
,2025_10,18-317-00190,29.87
,2025_10,18-317-00191,29.87
,2025_10,18-317-00192,29.87
,2025_10,18-317-00193,29.87
,2025_10,18-318-00194,26.94
,2025_10,18-318-00195,26.94
,2025_10,18-318-00196,26.94
,2025_10,18-318-00197,26.94
,2025_10,18-319-00198,31.63
,2025_10,18-319-00199,31.63
,2025_10,18-319-00200,31.63
,2025_10,18-319-00201,31.63
,2025_10,18-319-00202,31.63
,2025_10,18-320-00203,35.05
,2025_10,18-320-00204,35.05
,2025_10,18-320-00205,35.05
,2025_10,18-320-00206,35.05
,2025_10,18-320-00207,35.05
,2025_10,18-321-00208,34.81
,2025_10,18-321-00209,34.81
,2025_10,18-321-00210,34.81
,2025_10,18-321-00211,34.81
,2025_10,18-321-00212,34.81
,2025_10,18-321-00213,34.81
,2025_10,18-321-00214,34.81
,2025_10,18-321-00215,34.81
,2025_10,18-321-00216,34.81
,2025_10,18-321-00217,34.81
,2025_10,18-321-00218,34.81
,2025_10,18-322-00219,35.16
,2025_10,18-322-00220,35.16
,2025_10,18-322-00221,35.16
,2025_10,18-323-00222,33.88
,2025_10,18-323-00223,33.88
,2025_10,18-323-00224,33.88
,2025_10,18-323-00225,33.88
,2025_10,18-323-00226,33.88
,2025_10,18-323-00227,33.88
,2025_10,18-323-00228,33.88
,2025_10,18-324-00260,33.96
,2025_10,18-323-00230,33.88
,2025_10,18-324-00231,33.96
,2025_10,18-324-00232,33.96
,2025_10,18-324-00233,33.96
,2025_10,18-324-00234,33.96
,2025_10,18-816-00235,37.43
,2025_10,18-816-00236,37.43
,2025_10,18-325-00237,35.03
,2025_10,18-325-00238,35.03
,2025_10,18-325-00239,35.03
,2025_10,18-326-00240,37.29
,2025_10,18-326-00241,37.29
,2025_10,18-326-00242,37.29
,2025_10,18-326-00243,37.29
,2025_10,18-326-00244,37.29
,2025_10,18-326-00245,37.29
,2025_10,18-326-00246,37.29
,2025_10,18-326-00247,37.29
,2025_10,18-755-00248,33.05
,2025_10,18-756-00249,32.91
,2025_10,18-756-00250,32.91
,2025_10,18-756-00251,32.91
,2025_10,18-757-00252,29.97
,2025_10,18-757-00253,29.97
,2025_10,18-757-00254,29.97
,2025_10,18-759-00255,30.53
,2025_10,18-758-00256,29.68
,2025_10,18-758-00257,29.68
,2025_10,18-816-00258,37.43
,2025_10,18-816-00259,37.43
,2025_10,18-816-00261,37.43
,2025_10,18-324-00262,33.96
,2025_10,18-324-00263,33.96
,2025_10,18-303-00264,29.34
,2025_10,18-799-00265,35.68
,2025_10,18-303-00266,29.34
,2025_10,18-322-00267,35.16
,2025_10,18-326-00268,37.29
,2025_10,18-325-00269,35.03
,2025_10,18-325-00270,35.03
,2025_10,18-304-00271,33.15
,2025_10,18-321-00272,34.81
,2025_10,18-321-00273,34.81
,2025_10,18-301-00274,31.12
,2025_10,18-312-00276,33.33
,2025_10,18-312-00277,33.33
,2025_10,18-755-00278,33.05
,2025_10,18-755-00279,33.05
,2025_10,18-760-00280,30.23
,2025_10,18-760-00281,30.23
,2025_10,18-314-00275,30.7
,2025_10,18-300-00101,31.46
,2025_10,18-300-00102,31.46
,2025_10,18-300-00103,31.46
,2025_10,18-300-00104,31.46
,2025_10,18-300-00105,31.46
,2025_10,18-300-00106,31.46
,2025_10,18-300-00107,31.46
,2025_10,18-300-00108,31.46
,2025_10,18-301-00109,28.74
,2025_10,18-301-00110,28.74
,2025_10,18-301-00111,28.74
,2025_10,18-301-00112,28.74
,2025_10,18-301-00113,28.74
,2025_10,18-301-00114,28.74
,2025_10,18-302-00115,27.56
,2025_10,18-302-00116,27.56
,2025_10,18-302-00117,27.56
,2025_10,18-302-00118,27.56
,2025_10,18-302-00119,27.56
,2025_10,18-303-00120,28.41
,2025_10,18-303-00121,28.41
,2025_10,18-303-00122,28.41
,2025_10,18-303-00123,28.41
,2025_10,18-799-00124,33.32
,2025_10,18-799-00125,33.32
,2025_10,18-304-00126,31.94
,2025_10,18-304-00127,31.94
,2025_10,18-304-00128,31.94
,2025_10,18-304-00129,31.94
,2025_10,18-305-00130,30.6
,2025_10,18-305-00131,30.6
,2025_10,18-305-00132,30.6
,2025_10,18-305-00133,30.6
,2025_10,18-305-00134,30.6
,2025_10,18-305-00135,30.6
,2025_10,18-305-00136,30.6
,2025_10,18-306-00137,29.86
,2025_10,18-306-00138,29.86
,2025_10,18-306-00139,29.86
,2025_10,18-306-00140,29.86
,2025_10,18-307-00141,30.55
,2025_10,18-307-00142,30.55
,2025_10,18-307-00143,30.55
,2025_10,18-307-00144,30.55
,2025_10,18-307-00145,30.55
,2025_10,18-307-00146,30.55
,2025_10,18-307-00147,30.55
,2025_10,18-308-00148,31.69
,2025_10,18-308-00149,31.69
,2025_10,18-308-00150,31.69
,2025_10,18-308-00151,31.69
,2025_10,18-308-00152,31.69
,2025_10,18-308-00153,31.69
,2025_10,18-309-00154,32.84
,2025_10,18-309-00155,32.84
,2025_10,18-309-00156,32.84
,2025_10,18-309-00157,32.84
,2025_10,18-310-00158,31.83
,2025_10,18-310-00159,31.83
,2025_10,18-310-00160,31.83
,2025_10,18-310-00161,31.83
,2025_10,18-310-00162,31.83
,2025_10,18-310-00163,31.83
,2025_10,18-310-00164,31.83
,2025_10,18-311-00165,32.6
,2025_10,18-311-00166,32.6
,2025_10,18-311-00167,32.6
,2025_10,18-311-00168,32.6
,2025_10,18-312-00169,32.03
,2025_10,18-312-00170,32.03
,2025_10,18-312-00171,32.03
,2025_10,18-313-00172,31.03
,2025_10,18-313-00173,31.03
,2025_10,18-313-00174,31.03
,2025_10,18-313-00175,31.03
,2025_10,18-313-00176,31.03
,2025_10,18-313-00177,31.03
,2025_10,18-314-00178,29.93
,2025_10,18-314-00179,29.93
,2025_10,18-315-00180,30.06
,2025_10,18-315-00181,30.06
,2025_10,18-315-00182,30.06
,2025_10,18-315-00183,30.06
,2025_10,18-316-00184,31.04
,2025_10,18-316-00185,31.04
,2025_10,18-316-00186,31.04
,2025_10,18-316-00187,31.04
,2025_10,18-316-00188,31.04
,2025_10,18-317-00189,32.32
,2025_10,18-317-00190,32.32
,2025_10,18-317-00191,32.32
,2025_10,18-317-00192,32.32
,2025_10,18-317-00193,32.32
,2025_10,18-318-00194,30.53
,2025_10,18-318-00195,30.53
,2025_10,18-318-00196,30.53
,2025_10,18-318-00197,30.53
,2025_10,18-319-00198,28.6
,2025_10,18-319-00199,28.6
,2025_10,18-319-00200,28.6
,2025_10,18-319-00201,28.6
,2025_10,18-319-00202,28.6
,2025_10,18-320-00203,31.54
,2025_10,18-320-00204,31.54
,2025_10,18-320-00205,31.54
,2025_10,18-320-00206,31.54
,2025_10,18-320-00207,31.54
,2025_10,18-321-00208,30.05
,2025_10,18-321-00209,30.05
,2025_10,18-321-00210,30.05
,2025_10,18-321-00211,30.05
,2025_10,18-321-00212,30.05
,2025_10,18-321-00213,30.05
,2025_10,18-321-00214,30.05
,2025_10,18-321-00215,30.05
,2025_10,18-321-00216,30.05
,2025_10,18-321-00217,30.05
,2025_10,18-321-00218,30.05
,2025_10,18-322-00219,31.17
,2025_10,18-322-00220,31.17
,2025_10,18-322-00221,31.17
,2025_10,18-323-00222,30.97
,2025_10,18-323-00223,30.97
,2025_10,18-323-00224,30.97
,2025_10,18-323-00225,30.97
,2025_10,18-323-00226,30.97
,2025_10,18-323-00227,30.97
,2025_10,18-323-00228,30.97
,2025_10,18-324-00260,32.38
,2025_10,18-323-00230,30.97
,2025_10,18-324-00231,32.38
,2025_10,18-324-00232,32.38
,2025_10,18-324-00233,32.38
,2025_10,18-324-00234,32.38
,2025_10,18-816-00235,32.7
,2025_10,18-816-00236,32.7
,2025_10,18-325-00237,31.36
,2025_10,18-325-00238,31.36
,2025_10,18-325-00239,31.36
,2025_10,18-326-00240,32.77
,2025_10,18-326-00241,32.77
,2025_10,18-326-00242,32.77
,2025_10,18-326-00243,32.77
,2025_10,18-326-00244,32.77
,2025_10,18-326-00245,32.77
,2025_10,18-326-00246,32.77
,2025_10,18-326-00247,32.77
,2025_10,18-755-00248,32.7
,2025_10,18-756-00249,30.2
,2025_10,18-756-00250,30.2
,2025_10,18-756-00251,30.2
,2025_10,18-757-00252,30.35
,2025_10,18-757-00253,30.35
,2025_10,18-757-00254,30.35
,2025_10,18-759-00255,30.05
,2025_10,18-758-00256,28.36
,2025_10,18-758-00257,28.36
,2025_10,18-816-00258,32.7
,2025_10,18-816-00259,32.7
,2025_10,18-816-00261,32.7
,2025_10,18-324-00262,32.38
,2025_10,18-324-00263,32.38
,2025_10,18-303-00264,28.41
,2025_10,18-799-00265,33.32
,2025_10,18-303-00266,28.41
,2025_10,18-322-00267,31.17
,2025_10,18-326-00268,32.77
,2025_10,18-325-00269,31.36
,2025_10,18-325-00270,31.36
,2025_10,18-304-00271,31.94
,2025_10,18-321-00272,30.05
,2025_10,18-321-00273,30.05
,2025_10,18-301-00274,28.74
,2025_10,18-312-00276,32.03
,2025_10,18-312-00277,32.03
,2025_10,18-755-00278,32.7
,2025_10,18-755-00279,32.7
,2025_10,18-760-00280,29.77
,2025_10,18-760-00281,29.77
,2025_10,18-314-00275,29.93
,2025_10,18-300-00101,32.39
,2025_10,18-300-00102,32.39
,2025_10,18-300-00103,32.39
,2025_10,18-300-00104,32.39
,2025_10,18-300-00105,32.39
,2025_10,18-300-00106,32.39
,2025_10,18-300-00107,32.39
,2025_10,18-300-00108,32.39
,2025_10,18-301-00109,31.53
,2025_10,18-301-00110,31.53
,2025_10,18-301-00111,31.53
,2025_10,18-301-00112,31.53
,2025_10,18-301-00113,31.53
,2025_10,18-301-00114,31.53
,2025_10,18-302-00115,30.14
,2025_10,18-302-00116,30.14
,2025_10,18-302-00117,30.14
,2025_10,18-302-00118,30.14
,2025_10,18-302-00119,30.14
,2025_10,18-303-00120,31.42
,2025_10,18-303-00121,31.42
,2025_10,18-303-00122,31.42
,2025_10,18-303-00123,31.42
,2025_10,18-799-00124,33.04
,2025_10,18-799-00125,33.04
,2025_10,18-304-00126,31.93
,2025_10,18-304-00127,31.93
,2025_10,18-304-00128,31.93
,2025_10,18-304-00129,31.93
,2025_10,18-305-00130,31.19
,2025_10,18-305-00131,31.19
,2025_10,18-305-00132,31.19
,2025_10,18-305-00133,31.19
,2025_10,18-305-00134,31.19
,2025_10,18-305-00135,31.19
,2025_10,18-305-00136,31.19
,2025_10,18-306-00137,32.03
,2025_10,18-306-00138,32.03
,2025_10,18-306-00139,32.03
,2025_10,18-306-00140,32.03
,2025_10,18-307-00141,31.9
,2025_10,18-307-00142,31.9
,2025_10,18-307-00143,31.9
,2025_10,18-307-00144,31.9
,2025_10,18-307-00145,31.9
,2025_10,18-307-00146,31.9
,2025_10,18-307-00147,31.9
,2025_10,18-308-00148,31.73
,2025_10,18-308-00149,31.73
,2025_10,18-308-00150,31.73
,2025_10,18-308-00151,31.73
,2025_10,18-308-00152,31.73
,2025_10,18-308-00153,31.73
,2025_10,18-309-00154,32.31
,2025_10,18-309-00155,32.31
,2025_10,18-309-00156,32.31
,2025_10,18-309-00157,32.31
,2025_10,18-310-00158,31.57
,2025_10,18-310-00159,31.57
,2025_10,18-310-00160,31.57
,2025_10,18-310-00161,31.57
,2025_10,18-310-00162,31.57
,2025_10,18-310-00163,31.57
,2025_10,18-310-00164,31.57
,2025_10,18-311-00165,32.22
,2025_10,18-311-00166,32.22
,2025_10,18-311-00167,32.22
,2025_10,18-311-00168,32.22
,2025_10,18-312-00169,31.77
,2025_10,18-312-00170,31.77
,2025_10,18-312-00171,31.77
,2025_10,18-313-00172,31.29
,2025_10,18-313-00173,31.29
,2025_10,18-313-00174,31.29
,2025_10,18-313-00175,31.29
,2025_10,18-313-00176,31.29
,2025_10,18-313-00177,31.29
,2025_10,18-314-00178,29.59
,2025_10,18-314-00179,29.59
,2025_10,18-315-00180,28.67
,2025_10,18-315-00181,28.67
,2025_10,18-315-00182,28.67
,2025_10,18-315-00183,28.67
,2025_10,18-316-00184,31.1
,2025_10,18-316-00185,31.1
,2025_10,18-316-00186,31.1
,2025_10,18-316-00187,31.1
,2025_10,18-316-00188,31.1
,2025_10,18-317-00189,30.87
,2025_10,18-317-00190,30.87
,2025_10,18-317-00191,30.87
,2025_10,18-317-00192,30.87
,2025_10,18-317-00193,30.87
,2025_10,18-318-00194,30.68
,2025_10,18-318-00195,30.68
,2025_10,18-318-00196,30.68
,2025_10,18-318-00197,30.68
,2025_10,18-319-00198,31.7
,2025_10,18-319-00199,31.7
,2025_10,18-319-00200,31.7
,2025_10,18-319-00201,31.7
,2025_10,18-319-00202,31.7
,2025_10,18-320-00203,32.84
,2025_10,18-320-00204,32.84
,2025_10,18-320-00205,32.84
,2025_10,18-320-00206,32.84
,2025_10,18-320-00207,32.84
,2025_10,18-321-00208,31.28
,2025_10,18-321-00209,31.28
,2025_10,18-321-00210,31.28
,2025_10,18-321-00211,31.28
,2025_10,18-321-00212,31.28
,2025_10,18-321-00213,31.28
,2025_10,18-321-00214,31.28
,2025_10,18-321-00215,31.28
,2025_10,18-321-00216,31.28
,2025_10,18-321-00217,31.28
,2025_10,18-321-00218,31.28
,2025_10,18-322-00219,31.07
,2025_10,18-322-00220,31.07
,2025_10,18-322-00221,31.07
,2025_10,18-323-00222,31.94
,2025_10,18-323-00223,31.94
,2025_10,18-323-00224,31.94
,2025_10,18-323-00225,31.94
,2025_10,18-323-00226,31.94
,2025_10,18-323-00227,31.94
,2025_10,18-323-00228,31.94
,2025_10,18-324-00260,32.48
,2025_10,18-323-00230,31.94
,2025_10,18-324-00231,32.48
,2025_10,18-324-00232,32.48
,2025_10,18-324-00233,32.48
,2025_10,18-324-00234,32.48
,2025_10,18-816-00235,33.07
,2025_10,18-816-00236,33.07
,2025_10,18-325-00237,32.21
,2025_10,18-325-00238,32.21
,2025_10,18-325-00239,32.21
,2025_10,18-326-00240,32.77
,2025_10,18-326-00241,32.77
,2025_10,18-326-00242,32.77
,2025_10,18-326-00243,32.77
,2025_10,18-326-00244,32.77
,2025_10,18-326-00245,32.77
,2025_10,18-326-00246,32.77
,2025_10,18-326-00247,32.77
,2025_10,18-755-00248,32.02
,2025_10,18-756-00249,31.56
,2025_10,18-756-00250,31.56
,2025_10,18-756-00251,31.56
,2025_10,18-757-00252,31.12
,2025_10,18-757-00253,31.12
,2025_10,18-757-00254,31.12
,2025_10,18-759-00255,29.34
,2025_10,18-758-00256,29.92
,2025_10,18-758-00257,29.92
,2025_10,18-816-00258,33.07
,2025_10,18-816-00259,33.07
,2025_10,18-816-00261,33.07
,2025_10,18-324-00262,32.48
,2025_10,18-324-00263,32.48
,2025_10,18-303-00264,31.42
,2025_10,18-799-00265,33.04
,2025_10,18-303-00266,31.42
,2025_10,18-322-00267,31.07
,2025_10,18-326-00268,32.77
,2025_10,18-325-00269,32.21
,2025_10,18-325-00270,32.21
,2025_10,18-304-00271,31.93
,2025_10,18-321-00272,31.28
,2025_10,18-321-00273,31.28
,2025_10,18-301-00274,31.53
,2025_10,18-312-00276,31.77
,2025_10,18-312-00277,31.77
,2025_10,18-755-00278,32.02
,2025_10,18-755-00279,32.02
,2025_10,18-760-00280,30.48
,2025_10,18-760-00281,30.48
,2025_10,18-314-00275,29.59
,2025_10,18-300-00101,30.33
,2025_10,18-300-00102,30.33
,2025_10,18-300-00103,30.33
,2025_10,18-300-00104,30.33
,2025_10,18-300-00105,30.33
,2025_10,18-300-00106,30.33
,2025_10,18-300-00107,30.33
,2025_10,18-300-00108,30.33
,2025_10,18-301-00109,30.9
,2025_10,18-301-00110,30.9
,2025_10,18-301-00111,30.9
,2025_10,18-301-00112,30.9
,2025_10,18-301-00113,30.9
,2025_10,18-301-00114,30.9
,2025_10,18-302-00115,30.53
,2025_10,18-302-00116,30.53
,2025_10,18-302-00117,30.53
,2025_10,18-302-00118,30.53
,2025_10,18-302-00119,30.53
,2025_10,18-303-00120,30.65
,2025_10,18-303-00121,30.65
,2025_10,18-303-00122,30.65
,2025_10,18-303-00123,30.65
,2025_10,18-799-00124,30.38
,2025_10,18-799-00125,30.38
,2025_10,18-304-00126,30.98
,2025_10,18-304-00127,30.98
,2025_10,18-304-00128,30.98
,2025_10,18-304-00129,30.98
,2025_10,18-305-00130,30.5
,2025_10,18-305-00131,30.5
,2025_10,18-305-00132,30.5
,2025_10,18-305-00133,30.5
,2025_10,18-305-00134,30.5
,2025_10,18-305-00135,30.5
,2025_10,18-305-00136,30.5
,2025_10,18-306-00137,30.1
,2025_10,18-306-00138,30.1
,2025_10,18-306-00139,30.1
,2025_10,18-306-00140,30.1
,2025_10,18-307-00141,30.43
,2025_10,18-307-00142,30.43
,2025_10,18-307-00143,30.43
,2025_10,18-307-00144,30.43
,2025_10,18-307-00145,30.43
,2025_10,18-307-00146,30.43
,2025_10,18-307-00147,30.43
,2025_10,18-308-00148,29.96
,2025_10,18-308-00149,29.96
,2025_10,18-308-00150,29.96
,2025_10,18-308-00151,29.96
,2025_10,18-308-00152,29.96
,2025_10,18-308-00153,29.96
,2025_10,18-309-00154,29.61
,2025_10,18-309-00155,29.61
,2025_10,18-309-00156,29.61
,2025_10,18-309-00157,29.61
,2025_10,18-310-00158,29.64
,2025_10,18-310-00159,29.64
,2025_10,18-310-00160,29.64
,2025_10,18-310-00161,29.64
,2025_10,18-310-00162,29.64
,2025_10,18-310-00163,29.64
,2025_10,18-310-00164,29.64
,2025_10,18-311-00165,29.76
,2025_10,18-311-00166,29.76
,2025_10,18-311-00167,29.76
,2025_10,18-311-00168,29.76
,2025_10,18-312-00169,30.09
,2025_10,18-312-00170,30.09
,2025_10,18-312-00171,30.09
,2025_10,18-313-00172,30.21
,2025_10,18-313-00173,30.21
,2025_10,18-313-00174,30.21
,2025_10,18-313-00175,30.21
,2025_10,18-313-00176,30.21
,2025_10,18-313-00177,30.21
,2025_10,18-314-00178,27.86
,2025_10,18-314-00179,27.86
,2025_10,18-315-00180,27.7
,2025_10,18-315-00181,27.7
,2025_10,18-315-00182,27.7
,2025_10,18-315-00183,27.7
,2025_10,18-316-00184,29.97
,2025_10,18-316-00185,29.97
,2025_10,18-316-00186,29.97
,2025_10,18-316-00187,29.97
,2025_10,18-316-00188,29.97
,2025_10,18-317-00189,30.45
,2025_10,18-317-00190,30.45
,2025_10,18-317-00191,30.45
,2025_10,18-317-00192,30.45
,2025_10,18-317-00193,30.45
,2025_10,18-318-00194,30.09
,2025_10,18-318-00195,30.09
,2025_10,18-318-00196,30.09
,2025_10,18-318-00197,30.09
,2025_10,18-319-00198,30.25
,2025_10,18-319-00199,30.25
,2025_10,18-319-00200,30.25
,2025_10,18-319-00201,30.25
,2025_10,18-319-00202,30.25
,2025_10,18-320-00203,30.17
,2025_10,18-320-00204,30.17
,2025_10,18-320-00205,30.17
,2025_10,18-320-00206,30.17
,2025_10,18-320-00207,30.17
,2025_10,18-321-00208,30.46
,2025_10,18-321-00209,30.46
,2025_10,18-321-00210,30.46
,2025_10,18-321-00211,30.46
,2025_10,18-321-00212,30.46
,2025_10,18-321-00213,30.46
,2025_10,18-321-00214,30.46
,2025_10,18-321-00215,30.46
,2025_10,18-321-00216,30.46
,2025_10,18-321-00217,30.46
,2025_10,18-321-00218,30.46
,2025_10,18-322-00219,30.52
,2025_10,18-322-00220,30.52
,2025_10,18-322-00221,30.52
,2025_10,18-323-00222,30.42
,2025_10,18-323-00223,30.42
,2025_10,18-323-00224,30.42
,2025_10,18-323-00225,30.42
,2025_10,18-323-00226,30.42
,2025_10,18-323-00227,30.42
,2025_10,18-323-00228,30.42
,2025_10,18-324-00260,29.95
,2025_10,18-323-00230,30.42
,2025_10,18-324-00231,29.95
,2025_10,18-324-00232,29.95
,2025_10,18-324-00233,29.95
,2025_10,18-324-00234,29.95
,2025_10,18-816-00235,30.72
,2025_10,18-816-00236,30.72
,2025_10,18-325-00237,30.76
,2025_10,18-325-00238,30.76
,2025_10,18-325-00239,30.76
,2025_10,18-326-00240,30.28
,2025_10,18-326-00241,30.28
,2025_10,18-326-00242,30.28
,2025_10,18-326-00243,30.28
,2025_10,18-326-00244,30.28
,2025_10,18-326-00245,30.28
,2025_10,18-326-00246,30.28
,2025_10,18-326-00247,30.28
,2025_10,18-755-00248,29.61
,2025_10,18-756-00249,30.25
,2025_10,18-756-00250,30.25
,2025_10,18-756-00251,30.25
,2025_10,18-757-00252,29.81
,2025_10,18-757-00253,29.81
,2025_10,18-757-00254,29.81
,2025_10,18-759-00255,28.34
,2025_10,18-758-00256,30.37
,2025_10,18-758-00257,30.37
,2025_10,18-816-00258,30.72
,2025_10,18-816-00259,30.72
,2025_10,18-816-00261,30.72
,2025_10,18-324-00262,29.95
,2025_10,18-324-00263,29.95
,2025_10,18-303-00264,30.65
,2025_10,18-799-00265,30.38
,2025_10,18-303-00266,30.65
,2025_10,18-322-00267,30.52
,2025_10,18-326-00268,30.28
,2025_10,18-325-00269,30.76
,2025_10,18-325-00270,30.76
,2025_10,18-304-00271,30.98
,2025_10,18-321-00272,30.46
,2025_10,18-321-00273,30.46
,2025_10,18-301-00274,30.9
,2025_10,18-312-00276,30.09
,2025_10,18-312-00277,30.09
,2025_10,18-755-00278,29.61
,2025_10,18-755-00279,29.61
,2025_10,18-760-00280,29.72
,2025_10,18-760-00281,29.72
,2025_10,18-314-00275,27.86
,2025_10,18-300-00101,27.46
,2025_10,18-300-00102,27.46
,2025_10,18-300-00103,27.46
,2025_10,18-300-00104,27.46
,2025_10,18-300-00105,27.46
,2025_10,18-300-00106,27.46
,2025_10,18-300-00107,27.46
,2025_10,18-300-00108,27.46
,2025_10,18-301-00109,28.05
,2025_10,18-301-00110,28.05
,2025_10,18-301-00111,28.05
,2025_10,18-301-00112,28.05
,2025_10,18-301-00113,28.05
,2025_10,18-301-00114,28.05
,2025_10,18-302-00115,27.34
,2025_10,18-302-00116,27.34
,2025_10,18-302-00117,27.34
,2025_10,18-302-00118,27.34
,2025_10,18-302-00119,27.34
,2025_10,18-303-00120,27.88
,2025_10,18-303-00121,27.88
,2025_10,18-303-00122,27.88
,2025_10,18-303-00123,27.88
,2025_10,18-799-00124,27.85
,2025_10,18-799-00125,27.85
,2025_10,18-304-00126,28.07
,2025_10,18-304-00127,28.07
,2025_10,18-304-00128,28.07
,2025_10,18-304-00129,28.07
,2025_10,18-305-00130,27.6
,2025_10,18-305-00131,27.6
,2025_10,18-305-00132,27.6
,2025_10,18-305-00133,27.6
,2025_10,18-305-00134,27.6
,2025_10,18-305-00135,27.6
,2025_10,18-305-00136,27.6
,2025_10,18-306-00137,27.45
,2025_10,18-306-00138,27.45
,2025_10,18-306-00139,27.45
,2025_10,18-306-00140,27.45
,2025_10,18-307-00141,27.96
,2025_10,18-307-00142,27.96
,2025_10,18-307-00143,27.96
,2025_10,18-307-00144,27.96
,2025_10,18-307-00145,27.96
,2025_10,18-307-00146,27.96
,2025_10,18-307-00147,27.96
,2025_10,18-308-00148,27.77
,2025_10,18-308-00149,27.77
,2025_10,18-308-00150,27.77
,2025_10,18-308-00151,27.77
,2025_10,18-308-00152,27.77
,2025_10,18-308-00153,27.77
,2025_10,18-309-00154,26.8
,2025_10,18-309-00155,26.8
,2025_10,18-309-00156,26.8
,2025_10,18-309-00157,26.8
,2025_10,18-310-00158,27.43
,2025_10,18-310-00159,27.43
,2025_10,18-310-00160,27.43
,2025_10,18-310-00161,27.43
,2025_10,18-310-00162,27.43
,2025_10,18-310-00163,27.43
,2025_10,18-310-00164,27.43
,2025_10,18-311-00165,27.15
,2025_10,18-311-00166,27.15
,2025_10,18-311-00167,27.15
,2025_10,18-311-00168,27.15
,2025_10,18-312-00169,26.77
,2025_10,18-312-00170,26.77
,2025_10,18-312-00171,26.77
,2025_10,18-313-00172,27.34
,2025_10,18-313-00173,27.34
,2025_10,18-313-00174,27.34
,2025_10,18-313-00175,27.34
,2025_10,18-313-00176,27.34
,2025_10,18-313-00177,27.34
,2025_10,18-314-00178,24.92
,2025_10,18-314-00179,24.92
,2025_10,18-315-00180,23.69
,2025_10,18-315-00181,23.69
,2025_10,18-315-00182,23.69
,2025_10,18-315-00183,23.69
,2025_10,18-316-00184,27.12
,2025_10,18-316-00185,27.12
,2025_10,18-316-00186,27.12
,2025_10,18-316-00187,27.12
,2025_10,18-316-00188,27.12
,2025_10,18-317-00189,27.69
,2025_10,18-317-00190,27.69
,2025_10,18-317-00191,27.69
,2025_10,18-317-00192,27.69
,2025_10,18-317-00193,27.69
,2025_10,18-318-00194,27.44
,2025_10,18-318-00195,27.44
,2025_10,18-318-00196,27.44
,2025_10,18-318-00197,27.44
,2025_10,18-319-00198,27.81
,2025_10,18-319-00199,27.81
,2025_10,18-319-00200,27.81
,2025_10,18-319-00201,27.81
,2025_10,18-319-00202,27.81
,2025_10,18-320-00203,27.48
,2025_10,18-320-00204,27.48
,2025_10,18-320-00205,27.48
,2025_10,18-320-00206,27.48
,2025_10,18-320-00207,27.48
,2025_10,18-321-00208,26.99
,2025_10,18-321-00209,26.99
,2025_10,18-321-00210,26.99
,2025_10,18-321-00211,26.99
,2025_10,18-321-00212,26.99
,2025_10,18-321-00213,26.99
,2025_10,18-321-00214,26.99
,2025_10,18-321-00215,26.99
,2025_10,18-321-00216,26.99
,2025_10,18-321-00217,26.99
,2025_10,18-321-00218,26.99
,2025_10,18-322-00219,27.07
,2025_10,18-322-00220,27.07
,2025_10,18-322-00221,27.07
,2025_10,18-323-00222,27.7
,2025_10,18-323-00223,27.7
,2025_10,18-323-00224,27.7
,2025_10,18-323-00225,27.7
,2025_10,18-323-00226,27.7
,2025_10,18-323-00227,27.7
,2025_10,18-323-00228,27.7
,2025_10,18-324-00260,27.41
,2025_10,18-323-00230,27.7
,2025_10,18-324-00231,27.41
,2025_10,18-324-00232,27.41
,2025_10,18-324-00233,27.41
,2025_10,18-324-00234,27.41
,2025_10,18-816-00235,28.06
,2025_10,18-816-00236,28.06
,2025_10,18-325-00237,27.88
,2025_10,18-325-00238,27.88
,2025_10,18-325-00239,27.88
,2025_10,18-326-00240,27.9
,2025_10,18-326-00241,27.9
,2025_10,18-326-00242,27.9
,2025_10,18-326-00243,27.9
,2025_10,18-326-00244,27.9
,2025_10,18-326-00245,27.9
,2025_10,18-326-00246,27.9
,2025_10,18-326-00247,27.9
,2025_10,18-755-00248,26.83
,2025_10,18-756-00249,27.37
,2025_10,18-756-00250,27.37
,2025_10,18-756-00251,27.37
,2025_10,18-757-00252,27.77
,2025_10,18-757-00253,27.77
,2025_10,18-757-00254,27.77
,2025_10,18-759-00255,24.71
,2025_10,18-758-00256,27.87
,2025_10,18-758-00257,27.87
,2025_10,18-816-00258,28.06
,2025_10,18-816-00259,28.06
,2025_10,18-816-00261,28.06
,2025_10,18-324-00262,27.41
,2025_10,18-324-00263,27.41
,2025_10,18-303-00264,27.88
,2025_10,18-799-00265,27.85
,2025_10,18-303-00266,27.88
,2025_10,18-322-00267,27.07
,2025_10,18-326-00268,27.9
,2025_10,18-325-00269,27.88
,2025_10,18-325-00270,27.88
,2025_10,18-304-00271,28.07
,2025_10,18-321-00272,26.99
,2025_10,18-321-00273,26.99
,2025_10,18-301-00274,28.05
,2025_10,18-312-00276,26.77
,2025_10,18-312-00277,26.77
,2025_10,18-755-00278,26.83
,2025_10,18-755-00279,26.83
,2025_10,18-760-00280,27.66
,2025_10,18-760-00281,27.66
,2025_10,18-314-00275,24.92
,2025_10,18-300-00101,25.31
,2025_10,18-300-00102,25.31
,2025_10,18-300-00103,25.31
,2025_10,18-300-00104,25.31
,2025_10,18-300-00105,25.31
,2025_10,18-300-00106,25.31
,2025_10,18-300-00107,25.31
,2025_10,18-300-00108,25.31
,2025_10,18-301-00109,25.68
,2025_10,18-301-00110,25.68
,2025_10,18-301-00111,25.68
,2025_10,18-301-00112,25.68
,2025_10,18-301-00113,25.68
,2025_10,18-301-00114,25.68
,2025_10,18-302-00115,25.04
,2025_10,18-302-00116,25.04
,2025_10,18-302-00117,25.04
,2025_10,18-302-00118,25.04
,2025_10,18-302-00119,25.04
,2025_10,18-303-00120,25.64
,2025_10,18-303-00121,25.64
,2025_10,18-303-00122,25.64
,2025_10,18-303-00123,25.64
,2025_10,18-799-00124,25.78
,2025_10,18-799-00125,25.78
,2025_10,18-304-00126,25.92
,2025_10,18-304-00127,25.92
,2025_10,18-304-00128,25.92
,2025_10,18-304-00129,25.92
,2025_10,18-305-00130,25.57
,2025_10,18-305-00131,25.57
,2025_10,18-305-00132,25.57
,2025_10,18-305-00133,25.57
,2025_10,18-305-00134,25.57
,2025_10,18-305-00135,25.57
,2025_10,18-305-00136,25.57
,2025_10,18-306-00137,25.46
,2025_10,18-306-00138,25.46
,2025_10,18-306-00139,25.46
,2025_10,18-306-00140,25.46
,2025_10,18-307-00141,25.58
,2025_10,18-307-00142,25.58
,2025_10,18-307-00143,25.58
,2025_10,18-307-00144,25.58
,2025_10,18-307-00145,25.58
,2025_10,18-307-00146,25.58
,2025_10,18-307-00147,25.58
,2025_10,18-308-00148,25.48
,2025_10,18-308-00149,25.48
,2025_10,18-308-00150,25.48
,2025_10,18-308-00151,25.48
,2025_10,18-308-00152,25.48
,2025_10,18-308-00153,25.48
,2025_10,18-309-00154,24.54
,2025_10,18-309-00155,24.54
,2025_10,18-309-00156,24.54
,2025_10,18-309-00157,24.54
,2025_10,18-310-00158,25.16
,2025_10,18-310-00159,25.16
,2025_10,18-310-00160,25.16
,2025_10,18-310-00161,25.16
,2025_10,18-310-00162,25.16
,2025_10,18-310-00163,25.16
,2025_10,18-310-00164,25.16
,2025_10,18-311-00165,25.06
,2025_10,18-311-00166,25.06
,2025_10,18-311-00167,25.06
,2025_10,18-311-00168,25.06
,2025_10,18-312-00169,24.83
,2025_10,18-312-00170,24.83
,2025_10,18-312-00171,24.83
,2025_10,18-313-00172,25.41
,2025_10,18-313-00173,25.41
,2025_10,18-313-00174,25.41
,2025_10,18-313-00175,25.41
,2025_10,18-313-00176,25.41
,2025_10,18-313-00177,25.41
,2025_10,18-314-00178,23.13
,2025_10,18-314-00179,23.13
,2025_10,18-315-00180,21.58
,2025_10,18-315-00181,21.58
,2025_10,18-315-00182,21.58
,2025_10,18-315-00183,21.58
,2025_10,18-316-00184,25.28
,2025_10,18-316-00185,25.28
,2025_10,18-316-00186,25.28
,2025_10,18-316-00187,25.28
,2025_10,18-316-00188,25.28
,2025_10,18-317-00189,26.12
,2025_10,18-317-00190,26.12
,2025_10,18-317-00191,26.12
,2025_10,18-317-00192,26.12
,2025_10,18-317-00193,26.12
,2025_10,18-318-00194,25.85
,2025_10,18-318-00195,25.85
,2025_10,18-318-00196,25.85
,2025_10,18-318-00197,25.85
,2025_10,18-319-00198,25.46
,2025_10,18-319-00199,25.46
,2025_10,18-319-00200,25.46
,2025_10,18-319-00201,25.46
,2025_10,18-319-00202,25.46
,2025_10,18-320-00203,25.3
,2025_10,18-320-00204,25.3
,2025_10,18-320-00205,25.3
,2025_10,18-320-00206,25.3
,2025_10,18-320-00207,25.3
,2025_10,18-321-00208,24.71
,2025_10,18-321-00209,24.71
,2025_10,18-321-00210,24.71
,2025_10,18-321-00211,24.71
,2025_10,18-321-00212,24.71
,2025_10,18-321-00213,24.71
,2025_10,18-321-00214,24.71
,2025_10,18-321-00215,24.71
,2025_10,18-321-00216,24.71
,2025_10,18-321-00217,24.71
,2025_10,18-321-00218,24.71
,2025_10,18-322-00219,24.62
,2025_10,18-322-00220,24.62
,2025_10,18-322-00221,24.62
,2025_10,18-323-00222,25.57
,2025_10,18-323-00223,25.57
,2025_10,18-323-00224,25.57
,2025_10,18-323-00225,25.57
,2025_10,18-323-00226,25.57
,2025_10,18-323-00227,25.57
,2025_10,18-323-00228,25.57
,2025_10,18-324-00260,25.35
,2025_10,18-323-00230,25.57
,2025_10,18-324-00231,25.35
,2025_10,18-324-00232,25.35
,2025_10,18-324-00233,25.35
,2025_10,18-324-00234,25.35
,2025_10,18-816-00235,26.08
,2025_10,18-816-00236,26.08
,2025_10,18-325-00237,25.66
,2025_10,18-325-00238,25.66
,2025_10,18-325-00239,25.66
,2025_10,18-326-00240,25.96
,2025_10,18-326-00241,25.96
,2025_10,18-326-00242,25.96
,2025_10,18-326-00243,25.96
,2025_10,18-326-00244,25.96
,2025_10,18-326-00245,25.96
,2025_10,18-326-00246,25.96
,2025_10,18-326-00247,25.96
,2025_10,18-755-00248,24.61
,2025_10,18-756-00249,25.31
,2025_10,18-756-00250,25.31
,2025_10,18-756-00251,25.31
,2025_10,18-757-00252,26.13
,2025_10,18-757-00253,26.13
,2025_10,18-757-00254,26.13
,2025_10,18-759-00255,22.81
,2025_10,18-758-00256,25.93
,2025_10,18-758-00257,25.93
,2025_10,18-816-00258,26.08
,2025_10,18-816-00259,26.08
,2025_10,18-816-00261,26.08
,2025_10,18-324-00262,25.35
,2025_10,18-324-00263,25.35
,2025_10,18-303-00264,25.64
,2025_10,18-799-00265,25.78
,2025_10,18-303-00266,25.64
,2025_10,18-322-00267,24.62
,2025_10,18-326-00268,25.96
,2025_10,18-325-00269,25.66
,2025_10,18-325-00270,25.66
,2025_10,18-304-00271,25.92
,2025_10,18-321-00272,24.71
,2025_10,18-321-00273,24.71
,2025_10,18-301-00274,25.68
,2025_10,18-312-00276,24.83
,2025_10,18-312-00277,24.83
,2025_10,18-755-00278,24.61
,2025_10,18-755-00279,24.61
,2025_10,18-760-00280,25.75
,2025_10,18-760-00281,25.75
,2025_10,18-314-00275,23.13
,2025_10,18-300-00101,25.38
,2025_10,18-300-00102,25.38
,2025_10,18-300-00103,25.38
,2025_10,18-300-00104,25.38
,2025_10,18-300-00105,25.38
,2025_10,18-300-00106,25.38
,2025_10,18-300-00107,25.38
,2025_10,18-300-00108,25.38
,2025_10,18-301-00109,25.9
,2025_10,18-301-00110,25.9
,2025_10,18-301-00111,25.9
,2025_10,18-301-00112,25.9
,2025_10,18-301-00113,25.9
,2025_10,18-301-00114,25.9
,2025_10,18-302-00115,25.48
,2025_10,18-302-00116,25.48
,2025_10,18-302-00117,25.48
,2025_10,18-302-00118,25.48
,2025_10,18-302-00119,25.48
,2025_10,18-303-00120,25.85
,2025_10,18-303-00121,25.85
,2025_10,18-303-00122,25.85
,2025_10,18-303-00123,25.85
,2025_10,18-799-00124,25.87
,2025_10,18-799-00125,25.87
,2025_10,18-304-00126,26.17
,2025_10,18-304-00127,26.17
,2025_10,18-304-00128,26.17
,2025_10,18-304-00129,26.17
,2025_10,18-305-00130,25.94
,2025_10,18-305-00131,25.94
,2025_10,18-305-00132,25.94
,2025_10,18-305-00133,25.94
,2025_10,18-305-00134,25.94
,2025_10,18-305-00135,25.94
,2025_10,18-305-00136,25.94
,2025_10,18-306-00137,26.06
,2025_10,18-306-00138,26.06
,2025_10,18-306-00139,26.06
,2025_10,18-306-00140,26.06
,2025_10,18-307-00141,25.9
,2025_10,18-307-00142,25.9
,2025_10,18-307-00143,25.9
,2025_10,18-307-00144,25.9
,2025_10,18-307-00145,25.9
,2025_10,18-307-00146,25.9
,2025_10,18-307-00147,25.9
,2025_10,18-308-00148,25.54
,2025_10,18-308-00149,25.54
,2025_10,18-308-00150,25.54
,2025_10,18-308-00151,25.54
,2025_10,18-308-00152,25.54
,2025_10,18-308-00153,25.54
,2025_10,18-309-00154,24.41
,2025_10,18-309-00155,24.41
,2025_10,18-309-00156,24.41
,2025_10,18-309-00157,24.41
,2025_10,18-310-00158,25.81
,2025_10,18-310-00159,25.81
,2025_10,18-310-00160,25.81
,2025_10,18-310-00161,25.81
,2025_10,18-310-00162,25.81
,2025_10,18-310-00163,25.81
,2025_10,18-310-00164,25.81
,2025_10,18-311-00165,25.61
,2025_10,18-311-00166,25.61
,2025_10,18-311-00167,25.61
,2025_10,18-311-00168,25.61
,2025_10,18-312-00169,25.35
,2025_10,18-312-00170,25.35
,2025_10,18-312-00171,25.35
,2025_10,18-313-00172,25.99
,2025_10,18-313-00173,25.99
,2025_10,18-313-00174,25.99
,2025_10,18-313-00175,25.99
,2025_10,18-313-00176,25.99
,2025_10,18-313-00177,25.99
,2025_10,18-314-00178,23.55
,2025_10,18-314-00179,23.55
,2025_10,18-315-00180,22.23
,2025_10,18-315-00181,22.23
,2025_10,18-315-00182,22.23
,2025_10,18-315-00183,22.23
,2025_10,18-316-00184,26.14
,2025_10,18-316-00185,26.14
,2025_10,18-316-00186,26.14
,2025_10,18-316-00187,26.14
,2025_10,18-316-00188,26.14
,2025_10,18-317-00189,26.69
,2025_10,18-317-00190,26.69
,2025_10,18-317-00191,26.69
,2025_10,18-317-00192,26.69
,2025_10,18-317-00193,26.69
,2025_10,18-318-00194,26.25
,2025_10,18-318-00195,26.25
,2025_10,18-318-00196,26.25
,2025_10,18-318-00197,26.25
,2025_10,18-319-00198,25.48
,2025_10,18-319-00199,25.48
,2025_10,18-319-00200,25.48
,2025_10,18-319-00201,25.48
,2025_10,18-319-00202,25.48
,2025_10,18-320-00203,25.45
,2025_10,18-320-00204,25.45
,2025_10,18-320-00205,25.45
,2025_10,18-320-00206,25.45
,2025_10,18-320-00207,25.45
,2025_10,18-321-00208,24.94
,2025_10,18-321-00209,24.94
,2025_10,18-321-00210,24.94
,2025_10,18-321-00211,24.94
,2025_10,18-321-00212,24.94
,2025_10,18-321-00213,24.94
,2025_10,18-321-00214,24.94
,2025_10,18-321-00215,24.94
,2025_10,18-321-00216,24.94
,2025_10,18-321-00217,24.94
,2025_10,18-321-00218,24.94
,2025_10,18-322-00219,24.68
,2025_10,18-322-00220,24.68
,2025_10,18-322-00221,24.68
,2025_10,18-323-00222,25.71
,2025_10,18-323-00223,25.71
,2025_10,18-323-00224,25.71
,2025_10,18-323-00225,25.71
,2025_10,18-323-00226,25.71
,2025_10,18-323-00227,25.71
,2025_10,18-323-00228,25.71
,2025_10,18-324-00260,25.5
,2025_10,18-323-00230,25.71
,2025_10,18-324-00231,25.5
,2025_10,18-324-00232,25.5
,2025_10,18-324-00233,25.5
,2025_10,18-324-00234,25.5
,2025_10,18-816-00235,26.28
,2025_10,18-816-00236,26.28
,2025_10,18-325-00237,26.09
,2025_10,18-325-00238,26.09
,2025_10,18-325-00239,26.09
,2025_10,18-326-00240,26.35
,2025_10,18-326-00241,26.35
,2025_10,18-326-00242,26.35
,2025_10,18-326-00243,26.35
,2025_10,18-326-00244,26.35
,2025_10,18-326-00245,26.35
,2025_10,18-326-00246,26.35
,2025_10,18-326-00247,26.35
,2025_10,18-755-00248,25.38
,2025_10,18-756-00249,25.89
,2025_10,18-756-00250,25.89
,2025_10,18-756-00251,25.89
,2025_10,18-757-00252,26.74
,2025_10,18-757-00253,26.74
,2025_10,18-757-00254,26.74
,2025_10,18-759-00255,23.02
,2025_10,18-758-00256,25.8
,2025_10,18-758-00257,25.8
,2025_10,18-816-00258,26.28
,2025_10,18-816-00259,26.28
,2025_10,18-816-00261,26.28
,2025_10,18-324-00262,25.5
,2025_10,18-324-00263,25.5
,2025_10,18-303-00264,25.85
,2025_10,18-799-00265,25.87
,2025_10,18-303-00266,25.85
,2025_10,18-322-00267,24.68
,2025_10,18-326-00268,26.35
,2025_10,18-325-00269,26.09
,2025_10,18-325-00270,26.09
,2025_10,18-304-00271,26.17
,2025_10,18-321-00272,24.94
,2025_10,18-321-00273,24.94
,2025_10,18-301-00274,25.9
,2025_10,18-312-00276,25.35
,2025_10,18-312-00277,25.35
,2025_10,18-755-00278,25.38
,2025_10,18-755-00279,25.38
,2025_10,18-760-00280,26.8
,2025_10,18-760-00281,26.8
,2025_10,18-314-00275,23.55
,2025_10,18-300-00101,29.91
,2025_10,18-300-00102,29.91
,2025_10,18-300-00103,29.91
,2025_10,18-300-00104,29.91
,2025_10,18-300-00105,29.91
,2025_10,18-300-00106,29.91
,2025_10,18-300-00107,29.91
,2025_10,18-300-00108,29.91
,2025_10,18-301-00109,29.7
,2025_10,18-301-00110,29.7
,2025_10,18-301-00111,29.7
,2025_10,18-301-00112,29.7
,2025_10,18-301-00113,29.7
,2025_10,18-301-00114,29.7
,2025_10,18-302-00115,30.34
,2025_10,18-302-00116,30.34
,2025_10,18-302-00117,30.34
,2025_10,18-302-00118,30.34
,2025_10,18-302-00119,30.34
,2025_10,18-303-00120,29.53
,2025_10,18-303-00121,29.53
,2025_10,18-303-00122,29.53
,2025_10,18-303-00123,29.53
,2025_10,18-799-00124,29.9
,2025_10,18-799-00125,29.9
,2025_10,18-304-00126,29.77
,2025_10,18-304-00127,29.77
,2025_10,18-304-00128,29.77
,2025_10,18-304-00129,29.77
,2025_10,18-305-00130,30.39
,2025_10,18-305-00131,30.39
,2025_10,18-305-00132,30.39
,2025_10,18-305-00133,30.39
,2025_10,18-305-00134,30.39
,2025_10,18-305-00135,30.39
,2025_10,18-305-00136,30.39
,2025_10,18-306-00137,30.54
,2025_10,18-306-00138,30.54
,2025_10,18-306-00139,30.54
,2025_10,18-306-00140,30.54
,2025_10,18-307-00141,31.14
,2025_10,18-307-00142,31.14
,2025_10,18-307-00143,31.14
,2025_10,18-307-00144,31.14
,2025_10,18-307-00145,31.14
,2025_10,18-307-00146,31.14
,2025_10,18-307-00147,31.14
,2025_10,18-308-00148,30.69
,2025_10,18-308-00149,30.69
,2025_10,18-308-00150,30.69
,2025_10,18-308-00151,30.69
,2025_10,18-308-00152,30.69
,2025_10,18-308-00153,30.69
,2025_10,18-309-00154,29.11
,2025_10,18-309-00155,29.11
,2025_10,18-309-00156,29.11
,2025_10,18-309-00157,29.11
,2025_10,18-310-00158,30.7
,2025_10,18-310-00159,30.7
,2025_10,18-310-00160,30.7
,2025_10,18-310-00161,30.7
,2025_10,18-310-00162,30.7
,2025_10,18-310-00163,30.7
,2025_10,18-310-00164,30.7
,2025_10,18-311-00165,30.68
,2025_10,18-311-00166,30.68
,2025_10,18-311-00167,30.68
,2025_10,18-311-00168,30.68
,2025_10,18-312-00169,30.39
,2025_10,18-312-00170,30.39
,2025_10,18-312-00171,30.39
,2025_10,18-313-00172,31.18
,2025_10,18-313-00173,31.18
,2025_10,18-313-00174,31.18
,2025_10,18-313-00175,31.18
,2025_10,18-313-00176,31.18
,2025_10,18-313-00177,31.18
,2025_10,18-314-00178,28.39
,2025_10,18-314-00179,28.39
,2025_10,18-315-00180,26.22
,2025_10,18-315-00181,26.22
,2025_10,18-315-00182,26.22
,2025_10,18-315-00183,26.22
,2025_10,18-316-00184,29.91
,2025_10,18-316-00185,29.91
,2025_10,18-316-00186,29.91
,2025_10,18-316-00187,29.91
,2025_10,18-316-00188,29.91
,2025_10,18-317-00189,30.66
,2025_10,18-317-00190,30.66
,2025_10,18-317-00191,30.66
,2025_10,18-317-00192,30.66
,2025_10,18-317-00193,30.66
,2025_10,18-318-00194,30.44
,2025_10,18-318-00195,30.44
,2025_10,18-318-00196,30.44
,2025_10,18-318-00197,30.44
,2025_10,18-319-00198,29.16
,2025_10,18-319-00199,29.16
,2025_10,18-319-00200,29.16
,2025_10,18-319-00201,29.16
,2025_10,18-319-00202,29.16
,2025_10,18-320-00203,29.77
,2025_10,18-320-00204,29.77
,2025_10,18-320-00205,29.77
,2025_10,18-320-00206,29.77
,2025_10,18-320-00207,29.77
,2025_10,18-321-00208,29.17
,2025_10,18-321-00209,29.17
,2025_10,18-321-00210,29.17
,2025_10,18-321-00211,29.17
,2025_10,18-321-00212,29.17
,2025_10,18-321-00213,29.17
,2025_10,18-321-00214,29.17
,2025_10,18-321-00215,29.17
,2025_10,18-321-00216,29.17
,2025_10,18-321-00217,29.17
,2025_10,18-321-00218,29.17
,2025_10,18-322-00219,28.82
,2025_10,18-322-00220,28.82
,2025_10,18-322-00221,28.82
,2025_10,18-323-00222,29.53
,2025_10,18-323-00223,29.53
,2025_10,18-323-00224,29.53
,2025_10,18-323-00225,29.53
,2025_10,18-323-00226,29.53
,2025_10,18-323-00227,29.53
,2025_10,18-323-00228,29.53
,2025_10,18-324-00260,29.88
,2025_10,18-323-00230,29.53
,2025_10,18-324-00231,29.88
,2025_10,18-324-00232,29.88
,2025_10,18-324-00233,29.88
,2025_10,18-324-00234,29.88
,2025_10,18-816-00235,30.62
,2025_10,18-816-00236,30.62
,2025_10,18-325-00237,29.4
,2025_10,18-325-00238,29.4
,2025_10,18-325-00239,29.4
,2025_10,18-326-00240,30.44
,2025_10,18-326-00241,30.44
,2025_10,18-326-00242,30.44
,2025_10,18-326-00243,30.44
,2025_10,18-326-00244,30.44
,2025_10,18-326-00245,30.44
,2025_10,18-326-00246,30.44
,2025_10,18-326-00247,30.44
,2025_10,18-755-00248,30.27
,2025_10,18-756-00249,30.79
,2025_10,18-756-00250,30.79
,2025_10,18-756-00251,30.79
,2025_10,18-757-00252,32.03
,2025_10,18-757-00253,32.03
,2025_10,18-757-00254,32.03
,2025_10,18-759-00255,27.48
,2025_10,18-758-00256,29.85
,2025_10,18-758-00257,29.85
,2025_10,18-816-00258,30.62
,2025_10,18-816-00259,30.62
,2025_10,18-816-00261,30.62
,2025_10,18-324-00262,29.88
,2025_10,18-324-00263,29.88
,2025_10,18-303-00264,29.53
,2025_10,18-799-00265,29.9
,2025_10,18-303-00266,29.53
,2025_10,18-322-00267,28.82
,2025_10,18-326-00268,30.44
,2025_10,18-325-00269,29.4
,2025_10,18-325-00270,29.4
,2025_10,18-304-00271,29.77
,2025_10,18-321-00272,29.17
,2025_10,18-321-00273,29.17
,2025_10,18-301-00274,29.7
,2025_10,18-312-00276,30.39
,2025_10,18-312-00277,30.39
,2025_10,18-755-00278,30.27
,2025_10,18-755-00279,30.27
,2025_10,18-760-00280,31.25
,2025_10,18-760-00281,31.25
,2025_10,18-314-00275,28.39
,2025_10,18-300-00101,30.5
,2025_10,18-300-00102,30.5
,2025_10,18-300-00103,30.5
,2025_10,18-300-00104,30.5
,2025_10,18-300-00105,30.5
,2025_10,18-300-00106,30.5
,2025_10,18-300-00107,30.5
,2025_10,18-300-00108,30.5
,2025_10,18-301-00109,29.51
,2025_10,18-301-00110,29.51
,2025_10,18-301-00111,29.51
,2025_10,18-301-00112,29.51
,2025_10,18-301-00113,29.51
,2025_10,18-301-00114,29.51
,2025_10,18-302-00115,29.96
,2025_10,18-302-00116,29.96
,2025_10,18-302-00117,29.96
,2025_10,18-302-00118,29.96
,2025_10,18-302-00119,29.96
,2025_10,18-303-00120,29.64
,2025_10,18-303-00121,29.64
,2025_10,18-303-00122,29.64
,2025_10,18-303-00123,29.64
,2025_10,18-799-00124,30.46
,2025_10,18-799-00125,30.46
,2025_10,18-304-00126,28.24
,2025_10,18-304-00127,28.24
,2025_10,18-304-00128,28.24
,2025_10,18-304-00129,28.24
,2025_10,18-305-00130,29.21
,2025_10,18-305-00131,29.21
,2025_10,18-305-00132,29.21
,2025_10,18-305-00133,29.21
,2025_10,18-305-00134,29.21
,2025_10,18-305-00135,29.21
,2025_10,18-305-00136,29.21
,2025_10,18-306-00137,30.44
,2025_10,18-306-00138,30.44
,2025_10,18-306-00139,30.44
,2025_10,18-306-00140,30.44
,2025_10,18-307-00141,31.24
,2025_10,18-307-00142,31.24
,2025_10,18-307-00143,31.24
,2025_10,18-307-00144,31.24
,2025_10,18-307-00145,31.24
,2025_10,18-307-00146,31.24
,2025_10,18-307-00147,31.24
,2025_10,18-308-00148,32.79
,2025_10,18-308-00149,32.79
,2025_10,18-308-00150,32.79
,2025_10,18-308-00151,32.79
,2025_10,18-308-00152,32.79
,2025_10,18-308-00153,32.79
,2025_10,18-309-00154,32.12
,2025_10,18-309-00155,32.12
,2025_10,18-309-00156,32.12
,2025_10,18-309-00157,32.12
,2025_10,18-310-00158,32.61
,2025_10,18-310-00159,32.61
,2025_10,18-310-00160,32.61
,2025_10,18-310-00161,32.61
,2025_10,18-310-00162,32.61
,2025_10,18-310-00163,32.61
,2025_10,18-310-00164,32.61
,2025_10,18-311-00165,30.77
,2025_10,18-311-00166,30.77
,2025_10,18-311-00167,30.77
,2025_10,18-311-00168,30.77
,2025_10,18-312-00169,30.88
,2025_10,18-312-00170,30.88
,2025_10,18-312-00171,30.88
,2025_10,18-313-00172,31.16
,2025_10,18-313-00173,31.16
,2025_10,18-313-00174,31.16
,2025_10,18-313-00175,31.16
,2025_10,18-313-00176,31.16
,2025_10,18-313-00177,31.16
,2025_10,18-314-00178,28.7
,2025_10,18-314-00179,28.7
,2025_10,18-315-00180,26.33
,2025_10,18-315-00181,26.33
,2025_10,18-315-00182,26.33
,2025_10,18-315-00183,26.33
,2025_10,18-316-00184,29.15
,2025_10,18-316-00185,29.15
,2025_10,18-316-00186,29.15
,2025_10,18-316-00187,29.15
,2025_10,18-316-00188,29.15
,2025_10,18-317-00189,30.71
,2025_10,18-317-00190,30.71
,2025_10,18-317-00191,30.71
,2025_10,18-317-00192,30.71
,2025_10,18-317-00193,30.71
,2025_10,18-318-00194,30.34
,2025_10,18-318-00195,30.34
,2025_10,18-318-00196,30.34
,2025_10,18-318-00197,30.34
,2025_10,18-319-00198,29.34
,2025_10,18-319-00199,29.34
,2025_10,18-319-00200,29.34
,2025_10,18-319-00201,29.34
,2025_10,18-319-00202,29.34
,2025_10,18-320-00203,31.37
,2025_10,18-320-00204,31.37
,2025_10,18-320-00205,31.37
,2025_10,18-320-00206,31.37
,2025_10,18-320-00207,31.37
,2025_10,18-321-00208,28.49
,2025_10,18-321-00209,28.49
,2025_10,18-321-00210,28.49
,2025_10,18-321-00211,28.49
,2025_10,18-321-00212,28.49
,2025_10,18-321-00213,28.49
,2025_10,18-321-00214,28.49
,2025_10,18-321-00215,28.49
,2025_10,18-321-00216,28.49
,2025_10,18-321-00217,28.49
,2025_10,18-321-00218,28.49
,2025_10,18-322-00219,27.63
,2025_10,18-322-00220,27.63
,2025_10,18-322-00221,27.63
,2025_10,18-323-00222,29.64
,2025_10,18-323-00223,29.64
,2025_10,18-323-00224,29.64
,2025_10,18-323-00225,29.64
,2025_10,18-323-00226,29.64
,2025_10,18-323-00227,29.64
,2025_10,18-323-00228,29.64
,2025_10,18-324-00260,30.78
,2025_10,18-323-00230,29.64
,2025_10,18-324-00231,30.78
,2025_10,18-324-00232,30.78
,2025_10,18-324-00233,30.78
,2025_10,18-324-00234,30.78
,2025_10,18-816-00235,30.95
,2025_10,18-816-00236,30.95
,2025_10,18-325-00237,28.66
,2025_10,18-325-00238,28.66
,2025_10,18-325-00239,28.66
,2025_10,18-326-00240,31.22
,2025_10,18-326-00241,31.22
,2025_10,18-326-00242,31.22
,2025_10,18-326-00243,31.22
,2025_10,18-326-00244,31.22
,2025_10,18-326-00245,31.22
,2025_10,18-326-00246,31.22
,2025_10,18-326-00247,31.22
,2025_10,18-755-00248,31.24
,2025_10,18-756-00249,30.3
,2025_10,18-756-00250,30.3
,2025_10,18-756-00251,30.3
,2025_10,18-757-00252,32.09
,2025_10,18-757-00253,32.09
,2025_10,18-757-00254,32.09
,2025_10,18-759-00255,27.41
,2025_10,18-758-00256,30.32
,2025_10,18-758-00257,30.32
,2025_10,18-816-00258,30.95
,2025_10,18-816-00259,30.95
,2025_10,18-816-00261,30.95
,2025_10,18-324-00262,30.78
,2025_10,18-324-00263,30.78
,2025_10,18-303-00264,29.64
,2025_10,18-799-00265,30.46
,2025_10,18-303-00266,29.64
,2025_10,18-322-00267,27.63
,2025_10,18-326-00268,31.22
,2025_10,18-325-00269,28.66
,2025_10,18-325-00270,28.66
,2025_10,18-304-00271,28.24
,2025_10,18-321-00272,28.49
,2025_10,18-321-00273,28.49
,2025_10,18-301-00274,29.51
,2025_10,18-312-00276,30.88
,2025_10,18-312-00277,30.88
,2025_10,18-755-00278,31.24
,2025_10,18-755-00279,31.24
,2025_10,18-760-00280,30.37
,2025_10,18-760-00281,30.37
,2025_10,18-314-00275,28.7
,2025_10,18-300-00101,29.05
,2025_10,18-300-00102,29.05
,2025_10,18-300-00103,29.05
,2025_10,18-300-00104,29.05
,2025_10,18-300-00105,29.05
,2025_10,18-300-00106,29.05
,2025_10,18-300-00107,29.05
,2025_10,18-300-00108,29.05
,2025_10,18-301-00109,28.87
,2025_10,18-301-00110,28.87
,2025_10,18-301-00111,28.87
,2025_10,18-301-00112,28.87
,2025_10,18-301-00113,28.87
,2025_10,18-301-00114,28.87
,2025_10,18-302-00115,29.85
,2025_10,18-302-00116,29.85
,2025_10,18-302-00117,29.85
,2025_10,18-302-00118,29.85
,2025_10,18-302-00119,29.85
,2025_10,18-303-00120,28.36
,2025_10,18-303-00121,28.36
,2025_10,18-303-00122,28.36
,2025_10,18-303-00123,28.36
,2025_10,18-799-00124,28.61
,2025_10,18-799-00125,28.61
,2025_10,18-304-00126,29.52
,2025_10,18-304-00127,29.52
,2025_10,18-304-00128,29.52
,2025_10,18-304-00129,29.52
,2025_10,18-305-00130,29.0
,2025_10,18-305-00131,29.0
,2025_10,18-305-00132,29.0
,2025_10,18-305-00133,29.0
,2025_10,18-305-00134,29.0
,2025_10,18-305-00135,29.0
,2025_10,18-305-00136,29.0
,2025_10,18-306-00137,29.36
,2025_10,18-306-00138,29.36
,2025_10,18-306-00139,29.36
,2025_10,18-306-00140,29.36
,2025_10,18-307-00141,31.11
,2025_10,18-307-00142,31.11
,2025_10,18-307-00143,31.11
,2025_10,18-307-00144,31.11
,2025_10,18-307-00145,31.11
,2025_10,18-307-00146,31.11
,2025_10,18-307-00147,31.11
,2025_10,18-308-00148,31.74
,2025_10,18-308-00149,31.74
,2025_10,18-308-00150,31.74
,2025_10,18-308-00151,31.74
,2025_10,18-308-00152,31.74
,2025_10,18-308-00153,31.74
,2025_10,18-309-00154,30.72
,2025_10,18-309-00155,30.72
,2025_10,18-309-00156,30.72
,2025_10,18-309-00157,30.72
,2025_10,18-310-00158,31.0
,2025_10,18-310-00159,31.0
,2025_10,18-310-00160,31.0
,2025_10,18-310-00161,31.0
,2025_10,18-310-00162,31.0
,2025_10,18-310-00163,31.0
,2025_10,18-310-00164,31.0
,2025_10,18-311-00165,31.14
,2025_10,18-311-00166,31.14
,2025_10,18-311-00167,31.14
,2025_10,18-311-00168,31.14
,2025_10,18-312-00169,30.24
,2025_10,18-312-00170,30.24
,2025_10,18-312-00171,30.24
,2025_10,18-313-00172,29.38
,2025_10,18-313-00173,29.38
,2025_10,18-313-00174,29.38
,2025_10,18-313-00175,29.38
,2025_10,18-313-00176,29.38
,2025_10,18-313-00177,29.38
,2025_10,18-314-00178,28.42
,2025_10,18-314-00179,28.42
,2025_10,18-315-00180,28.32
,2025_10,18-315-00181,28.32
,2025_10,18-315-00182,28.32
,2025_10,18-315-00183,28.32
,2025_10,18-316-00184,28.34
,2025_10,18-316-00185,28.34
,2025_10,18-316-00186,28.34
,2025_10,18-316-00187,28.34
,2025_10,18-316-00188,28.34
,2025_10,18-317-00189,28.79
,2025_10,18-317-00190,28.79
,2025_10,18-317-00191,28.79
,2025_10,18-317-00192,28.79
,2025_10,18-317-00193,28.79
,2025_10,18-318-00194,28.6
,2025_10,18-318-00195,28.6
,2025_10,18-318-00196,28.6
,2025_10,18-318-00197,28.6
,2025_10,18-319-00198,29.02
,2025_10,18-319-00199,29.02
,2025_10,18-319-00200,29.02
,2025_10,18-319-00201,29.02
,2025_10,18-319-00202,29.02
,2025_10,18-320-00203,28.51
,2025_10,18-320-00204,28.51
,2025_10,18-320-00205,28.51
,2025_10,18-320-00206,28.51
,2025_10,18-320-00207,28.51
,2025_10,18-321-00208,30.02
,2025_10,18-321-00209,30.02
,2025_10,18-321-00210,30.02
,2025_10,18-321-00211,30.02
,2025_10,18-321-00212,30.02
,2025_10,18-321-00213,30.02
,2025_10,18-321-00214,30.02
,2025_10,18-321-00215,30.02
,2025_10,18-321-00216,30.02
,2025_10,18-321-00217,30.02
,2025_10,18-321-00218,30.02
,2025_10,18-322-00219,30.1
,2025_10,18-322-00220,30.1
,2025_10,18-322-00221,30.1
,2025_10,18-323-00222,29.47
,2025_10,18-323-00223,29.47
,2025_10,18-323-00224,29.47
,2025_10,18-323-00225,29.47
,2025_10,18-323-00226,29.47
,2025_10,18-323-00227,29.47
,2025_10,18-323-00228,29.47
,2025_10,18-324-00260,29.08
,2025_10,18-323-00230,29.47
,2025_10,18-324-00231,29.08
,2025_10,18-324-00232,29.08
,2025_10,18-324-00233,29.08
,2025_10,18-324-00234,29.08
,2025_10,18-816-00235,29.68
,2025_10,18-816-00236,29.68
,2025_10,18-325-00237,28.94
,2025_10,18-325-00238,28.94
,2025_10,18-325-00239,28.94
,2025_10,18-326-00240,29.53
,2025_10,18-326-00241,29.53
,2025_10,18-326-00242,29.53
,2025_10,18-326-00243,29.53
,2025_10,18-326-00244,29.53
,2025_10,18-326-00245,29.53
,2025_10,18-326-00246,29.53
,2025_10,18-326-00247,29.53
,2025_10,18-755-00248,31.75
,2025_10,18-756-00249,30.49
,2025_10,18-756-00250,30.49
,2025_10,18-756-00251,30.49
,2025_10,18-757-00252,32.17
,2025_10,18-757-00253,32.17
,2025_10,18-757-00254,32.17
,2025_10,18-759-00255,29.75
,2025_10,18-758-00256,29.66
,2025_10,18-758-00257,29.66
,2025_10,18-816-00258,29.68
,2025_10,18-816-00259,29.68
,2025_10,18-816-00261,29.68
,2025_10,18-324-00262,29.08
,2025_10,18-324-00263,29.08
,2025_10,18-303-00264,28.36
,2025_10,18-799-00265,28.61
,2025_10,18-303-00266,28.36
,2025_10,18-322-00267,30.1
,2025_10,18-326-00268,29.53
,2025_10,18-325-00269,28.94
,2025_10,18-325-00270,28.94
,2025_10,18-304-00271,29.52
,2025_10,18-321-00272,30.02
,2025_10,18-321-00273,30.02
,2025_10,18-301-00274,28.87
,2025_10,18-312-00276,30.24
,2025_10,18-312-00277,30.24
,2025_10,18-755-00278,31.75
,2025_10,18-755-00279,31.75
,2025_10,18-760-00280,29.03
,2025_10,18-760-00281,29.03
,2025_10,18-314-00275,28.42
,2025_10,18-300-00101,31.13
,2025_10,18-300-00102,31.13
,2025_10,18-300-00103,31.13
,2025_10,18-300-00104,31.13
,2025_10,18-300-00105,31.13
,2025_10,18-300-00106,31.13
,2025_10,18-300-00107,31.13
,2025_10,18-300-00108,31.13
,2025_10,18-301-00109,30.25
,2025_10,18-301-00110,30.25
,2025_10,18-301-00111,30.25
,2025_10,18-301-00112,30.25
,2025_10,18-301-00113,30.25
,2025_10,18-301-00114,30.25
,2025_10,18-302-00115,30.53
,2025_10,18-302-00116,30.53
,2025_10,18-302-00117,30.53
,2025_10,18-302-00118,30.53
,2025_10,18-302-00119,30.53
,2025_10,18-303-00120,30.96
,2025_10,18-303-00121,30.96
,2025_10,18-303-00122,30.96
,2025_10,18-303-00123,30.96
,2025_10,18-799-00124,32.44
,2025_10,18-799-00125,32.44
,2025_10,18-304-00126,31.29
,2025_10,18-304-00127,31.29
,2025_10,18-304-00128,31.29
,2025_10,18-304-00129,31.29
,2025_10,18-305-00130,31.74
,2025_10,18-305-00131,31.74
,2025_10,18-305-00132,31.74
,2025_10,18-305-00133,31.74
,2025_10,18-305-00134,31.74
,2025_10,18-305-00135,31.74
,2025_10,18-305-00136,31.74
,2025_10,18-306-00137,31.9
,2025_10,18-306-00138,31.9
,2025_10,18-306-00139,31.9
,2025_10,18-306-00140,31.9
,2025_10,18-307-00141,31.77
,2025_10,18-307-00142,31.77
,2025_10,18-307-00143,31.77
,2025_10,18-307-00144,31.77
,2025_10,18-307-00145,31.77
,2025_10,18-307-00146,31.77
,2025_10,18-307-00147,31.77
,2025_10,18-308-00148,31.61
,2025_10,18-308-00149,31.61
,2025_10,18-308-00150,31.61
,2025_10,18-308-00151,31.61
,2025_10,18-308-00152,31.61
,2025_10,18-308-00153,31.61
,2025_10,18-309-00154,31.28
,2025_10,18-309-00155,31.28
,2025_10,18-309-00156,31.28
,2025_10,18-309-00157,31.28
,2025_10,18-310-00158,31.13
,2025_10,18-310-00159,31.13
,2025_10,18-310-00160,31.13
,2025_10,18-310-00161,31.13
,2025_10,18-310-00162,31.13
,2025_10,18-310-00163,31.13
,2025_10,18-310-00164,31.13
,2025_10,18-311-00165,31.32
,2025_10,18-311-00166,31.32
,2025_10,18-311-00167,31.32
,2025_10,18-311-00168,31.32
,2025_10,18-312-00169,31.45
,2025_10,18-312-00170,31.45
,2025_10,18-312-00171,31.45
,2025_10,18-313-00172,31.27
,2025_10,18-313-00173,31.27
,2025_10,18-313-00174,31.27
,2025_10,18-313-00175,31.27
,2025_10,18-313-00176,31.27
,2025_10,18-313-00177,31.27
,2025_10,18-314-00178,29.16
,2025_10,18-314-00179,29.16
,2025_10,18-315-00180,27.78
,2025_10,18-315-00181,27.78
,2025_10,18-315-00182,27.78
,2025_10,18-315-00183,27.78
,2025_10,18-316-00184,30.73
,2025_10,18-316-00185,30.73
,2025_10,18-316-00186,30.73
,2025_10,18-316-00187,30.73
,2025_10,18-316-00188,30.73
,2025_10,18-317-00189,31.55
,2025_10,18-317-00190,31.55
,2025_10,18-317-00191,31.55
,2025_10,18-317-00192,31.55
,2025_10,18-317-00193,31.55
,2025_10,18-318-00194,31.55
,2025_10,18-318-00195,31.55
,2025_10,18-318-00196,31.55
,2025_10,18-318-00197,31.55
,2025_10,18-319-00198,31.53
,2025_10,18-319-00199,31.53
,2025_10,18-319-00200,31.53
,2025_10,18-319-00201,31.53
,2025_10,18-319-00202,31.53
,2025_10,18-320-00203,31.79
,2025_10,18-320-00204,31.79
,2025_10,18-320-00205,31.79
,2025_10,18-320-00206,31.79
,2025_10,18-320-00207,31.79
,2025_10,18-321-00208,31.19
,2025_10,18-321-00209,31.19
,2025_10,18-321-00210,31.19
,2025_10,18-321-00211,31.19
,2025_10,18-321-00212,31.19
,2025_10,18-321-00213,31.19
,2025_10,18-321-00214,31.19
,2025_10,18-321-00215,31.19
,2025_10,18-321-00216,31.19
,2025_10,18-321-00217,31.19
,2025_10,18-321-00218,31.19
,2025_10,18-322-00219,31.24
,2025_10,18-322-00220,31.24
,2025_10,18-322-00221,31.24
,2025_10,18-323-00222,31.91
,2025_10,18-323-00223,31.91
,2025_10,18-323-00224,31.91
,2025_10,18-323-00225,31.91
,2025_10,18-323-00226,31.91
,2025_10,18-323-00227,31.91
,2025_10,18-323-00228,31.91
,2025_10,18-324-00260,32.11
,2025_10,18-323-00230,31.91
,2025_10,18-324-00231,32.11
,2025_10,18-324-00232,32.11
,2025_10,18-324-00233,32.11
,2025_10,18-324-00234,32.11
,2025_10,18-816-00235,32.95
,2025_10,18-816-00236,32.95
,2025_10,18-325-00237,31.58
,2025_10,18-325-00238,31.58
,2025_10,18-325-00239,31.58
,2025_10,18-326-00240,32.7
,2025_10,18-326-00241,32.7
,2025_10,18-326-00242,32.7
,2025_10,18-326-00243,32.7
,2025_10,18-326-00244,32.7
,2025_10,18-326-00245,32.7
,2025_10,18-326-00246,32.7
,2025_10,18-326-00247,32.7
,2025_10,18-755-00248,31.92
,2025_10,18-756-00249,31.55
,2025_10,18-756-00250,31.55
,2025_10,18-756-00251,31.55
,2025_10,18-757-00252,33.04
,2025_10,18-757-00253,33.04
,2025_10,18-757-00254,33.04
,2025_10,18-759-00255,30.01
,2025_10,18-758-00256,29.67
,2025_10,18-758-00257,29.67
,2025_10,18-816-00258,32.95
,2025_10,18-816-00259,32.95
,2025_10,18-816-00261,32.95
,2025_10,18-324-00262,32.11
,2025_10,18-324-00263,32.11
,2025_10,18-303-00264,30.96
,2025_10,18-799-00265,32.44
,2025_10,18-303-00266,30.96
,2025_10,18-322-00267,31.24
,2025_10,18-326-00268,32.7
,2025_10,18-325-00269,31.58
,2025_10,18-325-00270,31.58
,2025_10,18-304-00271,31.29
,2025_10,18-321-00272,31.19
,2025_10,18-321-00273,31.19
,2025_10,18-301-00274,30.25
,2025_10,18-312-00276,31.45
,2025_10,18-312-00277,31.45
,2025_10,18-755-00278,31.92
,2025_10,18-755-00279,31.92
,2025_10,18-760-00280,29.54
,2025_10,18-760-00281,29.54
,2025_10,18-314-00275,29.16
