district,timeperiod,dtname,health-centres-count,total-tender-awarded-value,heat-days-score,sum-aged-population,sum-young-population,sum-population,avg-electricity,piped-hhds-pct,nosanitation-hhds-pct,total-hhd,workers-affected-pct,women-sugar,men-sugar,women-bp,men-bp,pct-ncd,land-surface-temperature-raster,heat-hazard,exposure,vulnerability,government-response,topsis-score,heat-risk-score,land-surface-temperature,object-id
Anugul,2021_01,Anugul,209,0.0,0.0,9880,11298,175838,9.85,15.8,13.66,35161.25,86.1,6.48,9.05,3.65,4.58,5.94,LST_ODISHA_2021_01.tif,3.0,4.0,1.0,3.0,0.27,2.0,2,21-384
Anugul,2021_02,Anugul,209,0.0,0.02,9880,11298,175838,9.85,15.8,13.66,35161.25,86.1,6.48,9.05,3.65,4.58,5.94,LST_ODISHA_2021_02.tif,2.0,4.0,1.0,3.0,0.14,1.0,3,21-384
Anugul,2021_03,Anugul,209,0.0,31.03,9880,11298,175838,9.85,15.8,13.66,35161.25,86.1,6.48,9.05,3.65,4.58,5.94,LST_ODISHA_2021_03.tif,3.0,4.0,1.0,3.0,0.51,3.0,3,21-384
Anugul,2021_04,Anugul,209,0.0,0.0,9880,11298,175838,9.85,15.8,13.66,35161.25,86.1,6.48,9.05,3.65,4.58,5.94,LST_ODISHA_2021_04.tif,3.0,4.0,1.0,3.0,0.32,2.0,3,21-384
Anugul,2021_05,Anugul,209,0.0,4.86,9880,11298,175838,9.85,15.8,13.66,35161.25,86.1,6.48,9.05,3.65,4.58,5.94,LST_ODISHA_2021_05.tif,5.0,4.0,1.0,4.0,0.69,4.0,2,21-384
Anugul,2021_06,Anugul,209,0.0,0.39,9880,11298,175838,9.85,15.8,13.66,35161.25,86.1,6.48,9.05,3.65,4.58,5.94,LST_ODISHA_2021_06.tif,2.0,4.0,1.0,4.0,0.32,2.0,3,21-384
Anugul,2021_07,Anugul,209,0.0,18.39,9880,11298,175838,9.85,15.8,13.66,35161.25,86.1,6.48,9.05,3.65,4.58,5.94,LST_ODISHA_2021_07.tif,3.0,4.0,1.0,4.0,0.51,3.0,3,21-384
Anugul,2021_08,Anugul,209,0.0,20.76,9880,11298,175838,9.85,15.8,13.66,35161.25,86.1,6.48,9.05,3.65,4.58,5.94,LST_ODISHA_2021_08.tif,3.0,4.0,1.0,3.0,0.51,3.0,2,21-384
Anugul,2021_09,Anugul,209,0.0,3.26,9880,11298,175838,9.85,15.8,13.66,35161.25,86.1,6.48,9.05,3.65,4.58,5.94,LST_ODISHA_2021_09.tif,3.0,4.0,1.0,3.0,0.51,3.0,3,21-384
Anugul,2021_10,Anugul,209,0.0,55.95,9880,11298,175838,9.85,15.8,13.66,35161.25,86.1,6.48,9.05,3.65,4.58,5.94,LST_ODISHA_2021_10.tif,4.0,4.0,1.0,3.0,0.62,4.0,4,21-384
Anugul,2021_11,Anugul,209,0.0,0.8,9880,11298,175838,9.85,15.8,13.66,35161.25,86.1,6.48,9.05,3.65,4.58,5.94,LST_ODISHA_2021_11.tif,2.0,4.0,1.0,3.0,0.32,2.0,3,21-384
Anugul,2021_12,Anugul,209,0.0,0.0,9880,11298,175838,9.85,15.8,13.66,35161.25,86.1,6.48,9.05,3.65,4.58,5.94,LST_ODISHA_2021_12.tif,3.0,4.0,1.0,3.0,0.32,2.0,2,21-384
Anugul,2022_01,Anugul,209,0.0,0.0,10237,11332,177699,9.85,15.8,13.66,35161.25,86.1,6.48,9.05,3.65,4.58,5.94,LST_ODISHA_2022_01.tif,3.0,4.0,1.0,3.0,0.52,3.0,2,21-384
Anugul,2022_02,Anugul,209,0.0,0.0,10237,11332,177699,9.85,15.8,13.66,35161.25,86.1,6.48,9.05,3.65,4.58,5.94,LST_ODISHA_2022_02.tif,3.0,4.0,1.0,3.0,0.52,3.0,3,21-384
Anugul,2022_03,Anugul,209,0.0,34.48,10237,11332,177699,9.85,15.8,13.66,35161.25,86.1,6.48,9.05,3.65,4.58,5.94,LST_ODISHA_2022_03.tif,2.0,4.0,1.0,3.0,0.4,2.0,3,21-384
Anugul,2022_04,Anugul,209,0.0,1.13,10237,11332,177699,9.85,15.8,13.66,35161.25,86.1,6.48,9.05,3.65,4.58,5.94,LST_ODISHA_2022_04.tif,2.0,4.0,1.0,3.0,0.32,2.0,4,21-384
Anugul,2022_05,Anugul,209,0.0,13.42,10237,11332,177699,9.85,15.8,13.66,35161.25,86.1,6.48,9.05,3.65,4.58,5.94,LST_ODISHA_2022_05.tif,4.0,4.0,1.0,3.0,0.62,4.0,3,21-384
Anugul,2022_06,Anugul,209,0.0,24.55,10237,11332,177699,9.85,15.8,13.66,35161.25,86.1,6.48,9.05,3.65,4.58,5.94,LST_ODISHA_2022_06.tif,4.0,4.0,1.0,3.0,0.62,4.0,2,21-384
Anugul,2022_07,Anugul,209,0.0,13.8,10237,11332,177699,9.85,15.8,13.66,35161.25,86.1,6.48,9.05,3.65,4.58,5.94,LST_ODISHA_2022_07.tif,5.0,4.0,1.0,3.0,0.69,4.0,3,21-384
Anugul,2022_08,Anugul,209,0.0,19.25,10237,11332,177699,9.85,15.8,13.66,35161.25,86.1,6.48,9.05,3.65,4.58,5.94,LST_ODISHA_2022_08.tif,3.0,4.0,1.0,3.0,0.51,3.0,4,21-384
Anugul,2022_09,Anugul,209,0.0,8.63,10237,11332,177699,9.85,15.8,13.66,35161.25,86.1,6.48,9.05,3.65,4.58,5.94,LST_ODISHA_2022_09.tif,3.0,4.0,1.0,3.0,0.43,3.0,2,21-384
Anugul,2022_10,Anugul,209,0.0,31.46,10237,11332,177699,9.85,15.8,13.66,35161.25,86.1,6.48,9.05,3.65,4.58,5.94,LST_ODISHA_2022_10.tif,3.0,4.0,1.0,3.0,0.51,3.0,4,21-384
Anugul,2022_11,Anugul,209,0.0,0.0,10237,11332,177699,9.85,15.8,13.66,35161.25,86.1,6.48,9.05,3.65,4.58,5.94,LST_ODISHA_2022_11.tif,3.0,4.0,1.0,3.0,0.32,2.0,3,21-384
Anugul,2022_12,Anugul,209,0.0,0.0,10237,11332,177699,9.85,15.8,13.66,35161.25,86.1,6.48,9.05,3.65,4.58,5.94,LST_ODISHA_2022_12.tif,3.0,4.0,1.0,3.0,0.32,2.0,3,21-384
Anugul,2023_01,Anugul,209,0.0,0.0,10594,11366,179559,9.85,15.8,13.66,35161.25,86.1,6.48,9.05,3.65,4.58,5.94,LST_ODISHA_2023_01.tif,3.0,4.0,1.0,3.0,0.52,3.0,2,21-384
Anugul,2023_02,Anugul,209,0.0,0.0,10594,11366,179559,9.85,15.8,13.66,35161.25,86.1,6.48,9.05,3.65,4.58,5.94,LST_ODISHA_2023_02.tif,3.0,4.0,1.0,3.0,0.32,2.0,3,21-384
Anugul,2023_03,Anugul,209,0.0,11.56,10594,11366,179559,9.85,15.8,13.66,35161.25,86.1,6.48,9.05,3.65,4.58,5.94,LST_ODISHA_2023_03.tif,3.0,4.0,1.0,3.0,0.59,3.0,4,21-384
Anugul,2023_04,Anugul,209,0.0,0.0,10594,11366,179559,9.85,15.8,13.66,35161.25,86.1,6.48,9.05,3.65,4.58,5.94,LST_ODISHA_2023_04.tif,3.0,4.0,1.0,3.0,0.14,1.0,3,21-384
Anugul,2023_05,Anugul,209,0.0,5.31,10594,11366,179559,9.85,15.8,13.66,35161.25,86.1,6.48,9.05,3.65,4.58,5.94,LST_ODISHA_2023_05.tif,3.0,4.0,1.0,3.0,0.31,2.0,4,21-384
Anugul,2023_06,Anugul,209,0.0,26.84,10594,11366,179559,9.85,15.8,13.66,35161.25,86.1,6.48,9.05,3.65,4.58,5.94,LST_ODISHA_2023_06.tif,4.0,4.0,1.0,3.0,0.53,3.0,3,21-384
Anugul,2023_07,Anugul,209,0.0,38.3,10594,11366,179559,9.85,15.8,13.66,35161.25,86.1,6.48,9.05,3.65,4.58,5.94,LST_ODISHA_2023_07.tif,4.0,4.0,1.0,3.0,0.58,3.0,2,21-384
Anugul,2023_08,Anugul,209,0.0,23.29,10594,11366,179559,9.85,15.8,13.66,35161.25,86.1,6.48,9.05,3.65,4.58,5.94,LST_ODISHA_2023_08.tif,4.0,4.0,1.0,3.0,0.58,3.0,2,21-384
Anugul,2023_09,Anugul,209,0.0,37.12,10594,11366,179559,9.85,15.8,13.66,35161.25,86.1,6.48,9.05,3.65,4.58,5.94,LST_ODISHA_2023_09.tif,5.0,4.0,1.0,3.0,0.67,4.0,3,21-384
Anugul,2023_10,Anugul,209,0.0,43.12,10594,11366,179559,9.85,15.8,13.66,35161.25,86.1,6.48,9.05,3.65,4.58,5.94,LST_ODISHA_2023_10.tif,3.0,4.0,1.0,3.0,0.43,3.0,4,21-384
Anugul,2023_11,Anugul,209,0.0,4.38,10594,11366,179559,9.85,15.8,13.66,35161.25,86.1,6.48,9.05,3.65,4.58,5.94,LST_ODISHA_2023_11.tif,3.0,4.0,1.0,3.0,0.31,2.0,3,21-384
Anugul,2023_12,Anugul,209,0.0,0.0,10594,11366,179559,9.85,15.8,13.66,35161.25,86.1,6.48,9.05,3.65,4.58,5.94,LST_ODISHA_2023_12.tif,3.0,4.0,1.0,3.0,0.14,1.0,2,21-384
Anugul,2024_01,Anugul,209,0.0,0.0,10950,11401,181420,9.85,15.8,13.66,35161.25,86.1,6.48,9.05,3.65,4.58,5.94,LST_ODISHA_2024_01.tif,3.0,3.0,1.0,3.0,0.2,1.0,2,21-384
Anugul,2024_02,Anugul,209,0.0,0.03,10950,11401,181420,9.85,15.8,13.66,35161.25,86.1,6.48,9.05,3.65,4.58,5.94,LST_ODISHA_2024_02.tif,2.0,3.0,1.0,3.0,0.31,2.0,3,21-384
Anugul,2024_03,Anugul,209,0.0,40.11,10950,11401,181420,9.85,15.8,13.66,35161.25,86.1,6.48,9.05,3.65,4.58,5.94,LST_ODISHA_2024_03.tif,4.0,3.0,1.0,3.0,0.61,4.0,3,21-384
Anugul,2024_04,Anugul,209,0.0,3.09,10950,11401,181420,9.85,15.8,13.66,35161.25,86.1,6.48,9.05,3.65,4.58,5.94,LST_ODISHA_2024_04.tif,2.0,3.0,1.0,3.0,0.31,2.0,3,21-384
Anugul,2024_05,Anugul,209,0.0,29.56,10950,11401,181420,9.85,15.8,13.66,35161.25,86.1,6.48,9.05,3.65,4.58,5.94,LST_ODISHA_2024_05.tif,3.0,3.0,1.0,4.0,0.5,3.0,3,21-384
Anugul,2024_06,Anugul,209,0.0,46.02,10950,11401,181420,9.85,15.8,13.66,35161.25,86.1,6.48,9.05,3.65,4.58,5.94,LST_ODISHA_2024_06.tif,4.0,3.0,1.0,4.0,0.61,4.0,3,21-384
Anugul,2024_07,Anugul,209,0.0,20.05,10950,11401,181420,9.85,15.8,13.66,35161.25,86.1,6.48,9.05,3.65,4.58,5.94,LST_ODISHA_2024_07.tif,3.0,3.0,1.0,4.0,0.58,3.0,5,21-384
Anugul,2024_08,Anugul,209,0.0,2.9,10950,11401,181420,9.85,15.8,13.66,35161.25,86.1,6.48,9.05,3.65,4.58,5.94,LST_ODISHA_2024_08.tif,2.0,3.0,1.0,4.0,0.31,2.0,3,21-384
Anugul,2024_09,Anugul,209,0.0,24.37,10950,11401,181420,9.85,15.8,13.66,35161.25,86.1,6.48,9.05,3.65,4.58,5.94,LST_ODISHA_2024_09.tif,4.0,3.0,1.0,4.0,0.61,4.0,4,21-384
Anugul,2024_10,Anugul,209,0.0,73.59,10950,11401,181420,9.85,15.8,13.66,35161.25,86.1,6.48,9.05,3.65,4.58,5.94,LST_ODISHA_2024_10.tif,3.0,3.0,1.0,4.0,0.5,3.0,5,21-384
Anugul,2024_11,Anugul,209,0.0,2.25,10950,11401,181420,9.85,15.8,13.66,35161.25,86.1,6.48,9.05,3.65,4.58,5.94,LST_ODISHA_2024_11.tif,3.0,3.0,1.0,4.0,0.42,3.0,3,21-384
Anugul,2024_12,Anugul,209,0.0,0.0,10950,11401,181420,9.85,15.8,13.66,35161.25,86.1,6.48,9.05,3.65,4.58,5.94,LST_ODISHA_2024_12.tif,3.0,3.0,1.0,4.0,0.31,2.0,3,21-384
Anugul,2025_01,Anugul,209,0.0,0.0,11307,11435,183280,9.85,15.8,13.66,35161.25,86.1,6.48,9.05,3.65,4.58,5.94,LST_ODISHA_2025_01.tif,3.0,3.0,2.0,4.0,0.6,4.0,3,21-384
Anugul,2025_02,Anugul,209,0.0,0.0,11307,11435,183280,9.85,15.8,13.66,35161.25,86.1,6.48,9.05,3.65,4.58,5.94,LST_ODISHA_2025_02.tif,3.0,3.0,2.0,4.0,0.34,2.0,3,21-384
Anugul,2025_03,Anugul,209,0.0,42.07,11307,11435,183280,9.85,15.8,13.66,35161.25,86.1,6.48,9.05,3.65,4.58,5.94,LST_ODISHA_2025_03.tif,3.0,3.0,2.0,4.0,0.55,3.0,3,21-384
Anugul,2025_04,Anugul,209,0.0,0.76,11307,11435,183280,9.85,15.8,13.66,35161.25,86.1,6.48,9.05,3.65,4.58,5.94,LST_ODISHA_2025_04.tif,2.0,3.0,2.0,3.0,0.34,2.0,3,21-384
Anugul,2025_05,Anugul,209,0.0,7.54,11307,11435,183280,9.85,15.8,13.66,35161.25,86.1,6.48,9.05,3.65,4.58,5.94,LST_ODISHA_2025_05.tif,3.0,3.0,2.0,3.0,0.46,3.0,2,21-384
Anugul,2025_06,Anugul,209,0.0,1.55,11307,11435,183280,9.85,15.8,13.66,35161.25,86.1,6.48,9.05,3.65,4.58,5.94,LST_ODISHA_2025_06.tif,3.0,3.0,2.0,3.0,0.46,3.0,4,21-384
Anugul,2025_07,Anugul,209,0.0,19.69,11307,11435,183280,9.85,15.8,13.66,35161.25,86.1,6.48,9.05,3.65,4.58,5.94,LST_ODISHA_2025_07.tif,3.0,3.0,2.0,3.0,0.55,3.0,5,21-384
Anugul,2025_08,Anugul,209,0.0,22.52,11307,11435,183280,9.85,15.8,13.66,35161.25,86.1,6.48,9.05,3.65,4.58,5.94,LST_ODISHA_2025_08.tif,3.0,3.0,2.0,3.0,0.55,3.0,3,21-384
Anugul,2025_09,Anugul,209,0.0,17.92,11307,11435,183280,9.85,15.8,13.66,35161.25,86.1,6.48,9.05,3.65,4.58,5.94,LST_ODISHA_2025_09.tif,4.0,3.0,2.0,4.0,0.64,4.0,4,21-384
Anugul,2025_10,Anugul,209,0.0,43.56,11307,11435,183280,9.85,15.8,13.66,35161.25,86.1,6.48,9.05,3.65,4.58,5.94,LST_ODISHA_2025_10.tif,4.0,3.0,2.0,3.0,0.68,4.0,5,21-384
Anugul,2025_11,Anugul,209,0.0,1.58,11307,11435,183280,9.85,15.8,13.66,35161.25,86.1,6.48,9.05,3.65,4.58,5.94,LST_ODISHA_2025_11.tif,2.0,3.0,2.0,3.0,0.42,3.0,4,21-384
Anugul,2025_12,Anugul,209,0.0,0.0,11307,11435,183280,9.85,15.8,13.66,35161.25,86.1,6.48,9.05,3.65,4.58,5.94,LST_ODISHA_2025_12.tif,3.0,3.0,2.0,3.0,0.6,4.0,3,21-384
Anugul,2026_01,Anugul,209,0.0,0.0,11664,11470,185141,9.85,15.8,13.66,35161.25,86.1,6.48,9.05,3.65,4.58,5.94,LST_ODISHA_2026_01.tif,3.0,3.0,2.0,3.0,0.6,4.0,3,21-384
Anugul,2026_02,Anugul,209,0.0,0.0,11664,11470,185141,9.85,15.8,13.66,35161.25,86.1,6.48,9.05,3.65,4.58,5.94,LST_ODISHA_2026_02.tif,3.0,3.0,2.0,3.0,0.6,4.0,3,21-384
Anugul,2026_03,Anugul,209,0.0,28.25,11664,11470,185141,9.85,15.8,13.66,35161.25,86.1,6.48,9.05,3.65,4.58,5.94,LST_ODISHA_2026_03.tif,3.0,3.0,2.0,3.0,0.55,3.0,4,21-384
Balangir,2021_01,Balangir,278,0.0,0.0,11903,12559,147833,10.14,10.97,13.47,31374.79,87.7,4.65,6.58,2.7,3.45,4.34,LST_ODISHA_2021_01.tif,3.0,3.0,1.0,3.0,0.2,1.0,5,21-393
Balangir,2021_02,Balangir,278,0.0,0.0,11903,12559,147833,10.14,10.97,13.47,31374.79,87.7,4.65,6.58,2.7,3.45,4.34,LST_ODISHA_2021_02.tif,2.0,3.0,1.0,3.0,0.1,1.0,5,21-393
Balangir,2021_03,Balangir,278,7180385.21,24.27,11903,12559,147833,10.14,10.97,13.47,31374.79,87.7,4.65,6.58,2.7,3.45,4.34,LST_ODISHA_2021_03.tif,2.0,3.0,1.0,1.0,0.21,2.0,5,21-393
Balangir,2021_04,Balangir,278,193755.86,0.0,11903,12559,147833,10.14,10.97,13.47,31374.79,87.7,4.65,6.58,2.7,3.45,4.34,LST_ODISHA_2021_04.tif,3.0,3.0,1.0,3.0,0.31,2.0,5,21-393
Balangir,2021_05,Balangir,278,6670210.0,0.26,11903,12559,147833,10.14,10.97,13.47,31374.79,87.7,4.65,6.58,2.7,3.45,4.34,LST_ODISHA_2021_05.tif,2.0,3.0,1.0,2.0,0.15,1.0,5,21-393
Balangir,2021_06,Balangir,278,5775250.64,3.53,11903,12559,147833,10.14,10.97,13.47,31374.79,87.7,4.65,6.58,2.7,3.45,4.34,LST_ODISHA_2021_06.tif,4.0,3.0,1.0,2.0,0.5,3.0,5,21-393
Balangir,2021_07,Balangir,278,7576621.79,15.05,11903,12559,147833,10.14,10.97,13.47,31374.79,87.7,4.65,6.58,2.7,3.45,4.34,LST_ODISHA_2021_07.tif,2.0,3.0,1.0,2.0,0.25,2.0,4,21-393
Balangir,2021_08,Balangir,278,4700368.29,22.06,11903,12559,147833,10.14,10.97,13.47,31374.79,87.7,4.65,6.58,2.7,3.45,4.34,LST_ODISHA_2021_08.tif,3.0,3.0,1.0,3.0,0.5,3.0,2,21-393
Balangir,2021_09,Balangir,278,4338375.14,6.28,11903,12559,147833,10.14,10.97,13.47,31374.79,87.7,4.65,6.58,2.7,3.45,4.34,LST_ODISHA_2021_09.tif,5.0,3.0,1.0,3.0,0.69,4.0,5,21-393
Balangir,2021_10,Balangir,278,4563083.0,53.48,11903,12559,147833,10.14,10.97,13.47,31374.79,87.7,4.65,6.58,2.7,3.45,4.34,LST_ODISHA_2021_10.tif,3.0,3.0,1.0,3.0,0.5,3.0,5,21-393
Balangir,2021_11,Balangir,278,820118.64,2.63,11903,12559,147833,10.14,10.97,13.47,31374.79,87.7,4.65,6.58,2.7,3.45,4.34,LST_ODISHA_2021_11.tif,3.0,3.0,1.0,3.0,0.42,3.0,5,21-393
Balangir,2021_12,Balangir,278,1711476.36,0.0,11903,12559,147833,10.14,10.97,13.47,31374.79,87.7,4.65,6.58,2.7,3.45,4.34,LST_ODISHA_2021_12.tif,3.0,3.0,1.0,3.0,0.31,2.0,5,21-393
Balangir,2022_01,Balangir,278,0.0,0.0,12434,12720,150687,10.14,10.97,13.47,31374.79,87.7,4.65,6.58,2.7,3.45,4.34,LST_ODISHA_2022_01.tif,3.0,3.0,1.0,3.0,0.5,3.0,4,21-393
Balangir,2022_02,Balangir,278,8890161.28,0.0,12434,12720,150687,10.14,10.97,13.47,31374.79,87.7,4.65,6.58,2.7,3.45,4.34,LST_ODISHA_2022_02.tif,3.0,3.0,1.0,3.0,0.5,3.0,5,21-393
Balangir,2022_03,Balangir,278,0.0,37.57,12434,12720,150687,10.14,10.97,13.47,31374.79,87.7,4.65,6.58,2.7,3.45,4.34,LST_ODISHA_2022_03.tif,3.0,3.0,1.0,3.0,0.5,3.0,5,21-393
Balangir,2022_04,Balangir,278,0.0,0.06,12434,12720,150687,10.14,10.97,13.47,31374.79,87.7,4.65,6.58,2.7,3.45,4.34,LST_ODISHA_2022_04.tif,2.0,3.0,1.0,3.0,0.31,2.0,5,21-393
Balangir,2022_05,Balangir,278,0.0,14.75,12434,12720,150687,10.14,10.97,13.47,31374.79,87.7,4.65,6.58,2.7,3.45,4.34,LST_ODISHA_2022_05.tif,4.0,3.0,1.0,3.0,0.61,4.0,5,21-393
Balangir,2022_06,Balangir,278,28188.29,13.01,12434,12720,150687,10.14,10.97,13.47,31374.79,87.7,4.65,6.58,2.7,3.45,4.34,LST_ODISHA_2022_06.tif,2.0,3.0,1.0,3.0,0.39,2.0,5,21-393
Balangir,2022_07,Balangir,278,0.0,12.78,12434,12720,150687,10.14,10.97,13.47,31374.79,87.7,4.65,6.58,2.7,3.45,4.34,LST_ODISHA_2022_07.tif,4.0,3.0,1.0,3.0,0.61,4.0,5,21-393
Balangir,2022_08,Balangir,278,0.0,22.96,12434,12720,150687,10.14,10.97,13.47,31374.79,87.7,4.65,6.58,2.7,3.45,4.34,LST_ODISHA_2022_08.tif,4.0,3.0,1.0,3.0,0.61,4.0,4,21-393
Balangir,2022_09,Balangir,278,0.0,11.09,12434,12720,150687,10.14,10.97,13.47,31374.79,87.7,4.65,6.58,2.7,3.45,4.34,LST_ODISHA_2022_09.tif,4.0,3.0,1.0,3.0,0.58,3.0,5,21-393
Balangir,2022_10,Balangir,278,0.0,36.23,12434,12720,150687,10.14,10.97,13.47,31374.79,87.7,4.65,6.58,2.7,3.45,4.34,LST_ODISHA_2022_10.tif,5.0,3.0,1.0,3.0,0.69,4.0,5,21-393
Balangir,2022_11,Balangir,278,401473.93,0.0,12434,12720,150687,10.14,10.97,13.47,31374.79,87.7,4.65,6.58,2.7,3.45,4.34,LST_ODISHA_2022_11.tif,3.0,3.0,1.0,3.0,0.31,2.0,4,21-393
Balangir,2022_12,Balangir,278,0.0,0.0,12434,12720,150687,10.14,10.97,13.47,31374.79,87.7,4.65,6.58,2.7,3.45,4.34,LST_ODISHA_2022_12.tif,3.0,3.0,1.0,3.0,0.31,2.0,5,21-393
Balangir,2023_01,Balangir,278,0.0,0.0,12964,12880,153541,10.14,10.97,13.47,31374.79,87.7,4.65,6.58,2.7,3.45,4.34,LST_ODISHA_2023_01.tif,3.0,3.0,1.0,3.0,0.5,3.0,4,21-393
Balangir,2023_02,Balangir,278,0.0,0.0,12964,12880,153541,10.14,10.97,13.47,31374.79,87.7,4.65,6.58,2.7,3.45,4.34,LST_ODISHA_2023_02.tif,3.0,3.0,1.0,3.0,0.31,2.0,5,21-393
Balangir,2023_03,Balangir,278,0.0,8.59,12964,12880,153541,10.14,10.97,13.47,31374.79,87.7,4.65,6.58,2.7,3.45,4.34,LST_ODISHA_2023_03.tif,2.0,3.0,1.0,3.0,0.42,3.0,5,21-393
Balangir,2023_04,Balangir,278,0.0,0.0,12964,12880,153541,10.14,10.97,13.47,31374.79,87.7,4.65,6.58,2.7,3.45,4.34,LST_ODISHA_2023_04.tif,3.0,3.0,1.0,3.0,0.1,1.0,5,21-393
Balangir,2023_05,Balangir,278,0.0,2.75,12964,12880,153541,10.14,10.97,13.47,31374.79,87.7,4.65,6.58,2.7,3.45,4.34,LST_ODISHA_2023_05.tif,2.0,3.0,1.0,3.0,0.1,1.0,5,21-393
Balangir,2023_06,Balangir,278,0.0,20.07,12964,12880,153541,10.14,10.97,13.47,31374.79,87.7,4.65,6.58,2.7,3.45,4.34,LST_ODISHA_2023_06.tif,2.0,3.0,1.0,3.0,0.1,1.0,5,21-393
Balangir,2023_07,Balangir,278,0.0,33.04,12964,12880,153541,10.14,10.97,13.47,31374.79,87.7,4.65,6.58,2.7,3.45,4.34,LST_ODISHA_2023_07.tif,3.0,3.0,1.0,3.0,0.42,3.0,4,21-393
Balangir,2023_08,Balangir,278,0.0,16.16,12964,12880,153541,10.14,10.97,13.47,31374.79,87.7,4.65,6.58,2.7,3.45,4.34,LST_ODISHA_2023_08.tif,2.0,3.0,1.0,3.0,0.24,2.0,3,21-393
Balangir,2023_09,Balangir,278,0.0,27.91,12964,12880,153541,10.14,10.97,13.47,31374.79,87.7,4.65,6.58,2.7,3.45,4.34,LST_ODISHA_2023_09.tif,3.0,3.0,1.0,3.0,0.42,3.0,3,21-393
Balangir,2023_10,Balangir,278,0.0,38.71,12964,12880,153541,10.14,10.97,13.47,31374.79,87.7,4.65,6.58,2.7,3.45,4.34,LST_ODISHA_2023_10.tif,2.0,3.0,1.0,3.0,0.24,2.0,4,21-393
Balangir,2023_11,Balangir,278,0.0,4.99,12964,12880,153541,10.14,10.97,13.47,31374.79,87.7,4.65,6.58,2.7,3.45,4.34,LST_ODISHA_2023_11.tif,3.0,3.0,1.0,3.0,0.3,2.0,5,21-393
Balangir,2023_12,Balangir,278,0.0,0.0,12964,12880,153541,10.14,10.97,13.47,31374.79,87.7,4.65,6.58,2.7,3.45,4.34,LST_ODISHA_2023_12.tif,3.0,3.0,1.0,3.0,0.1,1.0,4,21-393
Balangir,2024_01,Balangir,278,0.0,0.0,13494,13040,156395,10.14,10.97,13.47,31374.79,87.7,4.65,6.58,2.7,3.45,4.34,LST_ODISHA_2024_01.tif,3.0,3.0,1.0,3.0,0.2,1.0,4,21-393
Balangir,2024_02,Balangir,278,0.0,0.24,13494,13040,156395,10.14,10.97,13.47,31374.79,87.7,4.65,6.58,2.7,3.45,4.34,LST_ODISHA_2024_02.tif,3.0,3.0,1.0,3.0,0.42,3.0,5,21-393
Balangir,2024_03,Balangir,278,0.0,31.94,13494,13040,156395,10.14,10.97,13.47,31374.79,87.7,4.65,6.58,2.7,3.45,4.34,LST_ODISHA_2024_03.tif,2.0,3.0,1.0,3.0,0.39,2.0,4,21-393
Balangir,2024_04,Balangir,278,114545.54,2.41,13494,13040,156395,10.14,10.97,13.47,31374.79,87.7,4.65,6.58,2.7,3.45,4.34,LST_ODISHA_2024_04.tif,2.0,3.0,1.0,3.0,0.31,2.0,4,21-393
Balangir,2024_05,Balangir,278,15380.5,30.0,13494,13040,156395,10.14,10.97,13.47,31374.79,87.7,4.65,6.58,2.7,3.45,4.34,LST_ODISHA_2024_05.tif,3.0,3.0,1.0,3.0,0.45,3.0,5,21-393
Balangir,2024_06,Balangir,278,61672.64,50.32,13494,13040,156395,10.14,10.97,13.47,31374.79,87.7,4.65,6.58,2.7,3.45,4.34,LST_ODISHA_2024_06.tif,4.0,3.0,1.0,3.0,0.58,3.0,5,21-393
Balangir,2024_07,Balangir,278,0.0,19.02,13494,13040,156395,10.14,10.97,13.47,31374.79,87.7,4.65,6.58,2.7,3.45,4.34,LST_ODISHA_2024_07.tif,3.0,3.0,1.0,4.0,0.58,3.0,0,21-393
Balangir,2024_08,Balangir,278,11358659.28,3.92,13494,13040,156395,10.14,10.97,13.47,31374.79,87.7,4.65,6.58,2.7,3.45,4.34,LST_ODISHA_2024_08.tif,2.0,3.0,1.0,1.0,0.09,1.0,3,21-393
Balangir,2024_09,Balangir,278,401827.29,20.35,13494,13040,156395,10.14,10.97,13.47,31374.79,87.7,4.65,6.58,2.7,3.45,4.34,LST_ODISHA_2024_09.tif,3.0,3.0,1.0,2.0,0.41,3.0,5,21-393
Balangir,2024_10,Balangir,278,0.0,74.25,13494,13040,156395,10.14,10.97,13.47,31374.79,87.7,4.65,6.58,2.7,3.45,4.34,LST_ODISHA_2024_10.tif,4.0,3.0,1.0,2.0,0.54,3.0,5,21-393
Balangir,2024_11,Balangir,278,0.0,1.31,13494,13040,156395,10.14,10.97,13.47,31374.79,87.7,4.65,6.58,2.7,3.45,4.34,LST_ODISHA_2024_11.tif,2.0,3.0,1.0,2.0,0.15,1.0,5,21-393
Balangir,2024_12,Balangir,278,0.0,0.0,13494,13040,156395,10.14,10.97,13.47,31374.79,87.7,4.65,6.58,2.7,3.45,4.34,LST_ODISHA_2024_12.tif,3.0,3.0,1.0,2.0,0.15,1.0,5,21-393
Balangir,2025_01,Balangir,278,0.0,0.0,14025,13200,159249,10.14,10.97,13.47,31374.79,87.7,4.65,6.58,2.7,3.45,4.34,LST_ODISHA_2025_01.tif,3.0,3.0,1.0,2.0,0.25,2.0,5,21-393
Balangir,2025_02,Balangir,278,0.0,0.0,14025,13200,159249,10.14,10.97,13.47,31374.79,87.7,4.65,6.58,2.7,3.45,4.34,LST_ODISHA_2025_02.tif,3.0,3.0,1.0,2.0,0.15,1.0,5,21-393
Balangir,2025_03,Balangir,278,0.0,44.87,14025,13200,159249,10.14,10.97,13.47,31374.79,87.7,4.65,6.58,2.7,3.45,4.34,LST_ODISHA_2025_03.tif,4.0,3.0,1.0,2.0,0.54,3.0,5,21-393
Balangir,2025_04,Balangir,278,0.0,1.07,14025,13200,159249,10.14,10.97,13.47,31374.79,87.7,4.65,6.58,2.7,3.45,4.34,LST_ODISHA_2025_04.tif,2.0,3.0,1.0,3.0,0.31,2.0,5,21-393
Balangir,2025_05,Balangir,278,30907.11,12.38,14025,13200,159249,10.14,10.97,13.47,31374.79,87.7,4.65,6.58,2.7,3.45,4.34,LST_ODISHA_2025_05.tif,4.0,3.0,1.0,3.0,0.58,3.0,5,21-393
Balangir,2025_06,Balangir,278,0.0,1.32,14025,13200,159249,10.14,10.97,13.47,31374.79,87.7,4.65,6.58,2.7,3.45,4.34,LST_ODISHA_2025_06.tif,2.0,3.0,1.0,3.0,0.31,2.0,5,21-393
Balangir,2025_07,Balangir,278,4010593.1,25.32,14025,13200,159249,10.14,10.97,13.47,31374.79,87.7,4.65,6.58,2.7,3.45,4.34,LST_ODISHA_2025_07.tif,4.0,3.0,1.0,3.0,0.61,4.0,0,21-393
Balangir,2025_08,Balangir,278,0.0,24.14,14025,13200,159249,10.14,10.97,13.47,31374.79,87.7,4.65,6.58,2.7,3.45,4.34,LST_ODISHA_2025_08.tif,3.0,3.0,1.0,3.0,0.5,3.0,4,21-393
Balangir,2025_09,Balangir,278,0.0,18.07,14025,13200,159249,10.14,10.97,13.47,31374.79,87.7,4.65,6.58,2.7,3.45,4.34,LST_ODISHA_2025_09.tif,4.0,3.0,1.0,3.0,0.54,3.0,5,21-393
Balangir,2025_10,Balangir,278,0.0,39.99,14025,13200,159249,10.14,10.97,13.47,31374.79,87.7,4.65,6.58,2.7,3.45,4.34,LST_ODISHA_2025_10.tif,3.0,3.0,1.0,3.0,0.5,3.0,5,21-393
Balangir,2025_11,Balangir,278,0.0,0.69,14025,13200,159249,10.14,10.97,13.47,31374.79,87.7,4.65,6.58,2.7,3.45,4.34,LST_ODISHA_2025_11.tif,2.0,3.0,1.0,3.0,0.39,2.0,5,21-393
Balangir,2025_12,Balangir,278,0.0,0.0,14025,13200,159249,10.14,10.97,13.47,31374.79,87.7,4.65,6.58,2.7,3.45,4.34,LST_ODISHA_2025_12.tif,3.0,3.0,1.0,3.0,0.5,3.0,5,21-393
Balangir,2026_01,Balangir,278,0.0,0.0,14555,13360,162104,10.14,10.97,13.47,31374.79,87.7,4.65,6.58,2.7,3.45,4.34,LST_ODISHA_2026_01.tif,3.0,3.0,1.0,3.0,0.5,3.0,5,21-393
Balangir,2026_02,Balangir,278,0.0,0.0,14555,13360,162104,10.14,10.97,13.47,31374.79,87.7,4.65,6.58,2.7,3.45,4.34,LST_ODISHA_2026_02.tif,3.0,3.0,1.0,3.0,0.5,3.0,5,21-393
Balangir,2026_03,Balangir,278,0.0,28.39,14555,13360,162104,10.14,10.97,13.47,31374.79,87.7,4.65,6.58,2.7,3.45,4.34,LST_ODISHA_2026_03.tif,3.0,3.0,1.0,3.0,0.5,3.0,5,21-393
Baleshwar,2021_01,Baleshwar,353,0.0,0.0,12053,12840,210955,10.22,14.61,14.75,46111.17,87.5,5.12,7.39,5.94,6.6,6.26,LST_ODISHA_2021_01.tif,3.0,4.0,2.0,3.0,0.37,2.0,3,21-377
Baleshwar,2021_02,Baleshwar,353,0.0,0.88,12053,12840,210955,10.22,14.61,14.75,46111.17,87.5,5.12,7.39,5.94,6.6,6.26,LST_ODISHA_2021_02.tif,4.0,4.0,2.0,3.0,0.58,3.0,3,21-377
Baleshwar,2021_03,Baleshwar,353,0.0,37.44,12053,12840,210955,10.22,14.61,14.75,46111.17,87.5,5.12,7.39,5.94,6.6,6.26,LST_ODISHA_2021_03.tif,4.0,4.0,2.0,3.0,0.67,4.0,1,21-377
Baleshwar,2021_04,Baleshwar,353,172349.54,0.0,12053,12840,210955,10.22,14.61,14.75,46111.17,87.5,5.12,7.39,5.94,6.6,6.26,LST_ODISHA_2021_04.tif,3.0,4.0,2.0,3.0,0.34,2.0,1,21-377
Baleshwar,2021_05,Baleshwar,353,0.0,1.36,12053,12840,210955,10.22,14.61,14.75,46111.17,87.5,5.12,7.39,5.94,6.6,6.26,LST_ODISHA_2021_05.tif,2.0,4.0,2.0,3.0,0.27,2.0,1,21-377
Baleshwar,2021_06,Baleshwar,353,0.0,4.16,12053,12840,210955,10.22,14.61,14.75,46111.17,87.5,5.12,7.39,5.94,6.6,6.26,LST_ODISHA_2021_06.tif,5.0,4.0,2.0,4.0,0.75,4.0,1,21-377
Baleshwar,2021_07,Baleshwar,353,0.0,18.21,12053,12840,210955,10.22,14.61,14.75,46111.17,87.5,5.12,7.39,5.94,6.6,6.26,LST_ODISHA_2021_07.tif,3.0,4.0,2.0,4.0,0.54,3.0,2,21-377
Baleshwar,2021_08,Baleshwar,353,0.0,20.47,12053,12840,210955,10.22,14.61,14.75,46111.17,87.5,5.12,7.39,5.94,6.6,6.26,LST_ODISHA_2021_08.tif,2.0,4.0,2.0,3.0,0.42,3.0,4,21-377
Baleshwar,2021_09,Baleshwar,353,0.0,0.43,12053,12840,210955,10.22,14.61,14.75,46111.17,87.5,5.12,7.39,5.94,6.6,6.26,LST_ODISHA_2021_09.tif,1.0,4.0,2.0,3.0,0.34,2.0,1,21-377
Baleshwar,2021_10,Baleshwar,353,0.0,45.83,12053,12840,210955,10.22,14.61,14.75,46111.17,87.5,5.12,7.39,5.94,6.6,6.26,LST_ODISHA_2021_10.tif,1.0,4.0,2.0,3.0,0.34,2.0,2,21-377
Baleshwar,2021_11,Baleshwar,353,0.0,0.56,12053,12840,210955,10.22,14.61,14.75,46111.17,87.5,5.12,7.39,5.94,6.6,6.26,LST_ODISHA_2021_11.tif,2.0,4.0,2.0,3.0,0.34,2.0,4,21-377
Baleshwar,2021_12,Baleshwar,353,0.0,0.0,12053,12840,210955,10.22,14.61,14.75,46111.17,87.5,5.12,7.39,5.94,6.6,6.26,LST_ODISHA_2021_12.tif,3.0,4.0,2.0,3.0,0.34,2.0,3,21-377
Baleshwar,2022_01,Baleshwar,353,0.0,0.0,12526,12933,213693,10.22,14.61,14.75,46111.17,87.5,5.12,7.39,5.94,6.6,6.26,LST_ODISHA_2022_01.tif,3.0,4.0,2.0,3.0,0.59,3.0,3,21-377
Baleshwar,2022_02,Baleshwar,353,0.0,0.0,12526,12933,213693,10.22,14.61,14.75,46111.17,87.5,5.12,7.39,5.94,6.6,6.26,LST_ODISHA_2022_02.tif,3.0,4.0,2.0,3.0,0.59,3.0,2,21-377
Baleshwar,2022_03,Baleshwar,353,0.0,38.09,12526,12933,213693,10.22,14.61,14.75,46111.17,87.5,5.12,7.39,5.94,6.6,6.26,LST_ODISHA_2022_03.tif,4.0,4.0,2.0,3.0,0.67,4.0,1,21-377
Baleshwar,2022_04,Baleshwar,353,0.0,3.0,12526,12933,213693,10.22,14.61,14.75,46111.17,87.5,5.12,7.39,5.94,6.6,6.26,LST_ODISHA_2022_04.tif,3.0,4.0,2.0,3.0,0.46,3.0,1,21-377
Baleshwar,2022_05,Baleshwar,353,0.0,5.4,12526,12933,213693,10.22,14.61,14.75,46111.17,87.5,5.12,7.39,5.94,6.6,6.26,LST_ODISHA_2022_05.tif,2.0,4.0,2.0,3.0,0.42,3.0,2,21-377
Baleshwar,2022_06,Baleshwar,353,2430119.67,13.57,12526,12933,213693,10.22,14.61,14.75,46111.17,87.5,5.12,7.39,5.94,6.6,6.26,LST_ODISHA_2022_06.tif,2.0,4.0,2.0,3.0,0.42,3.0,2,21-377
Baleshwar,2022_07,Baleshwar,353,0.0,9.53,12526,12933,213693,10.22,14.61,14.75,46111.17,87.5,5.12,7.39,5.94,6.6,6.26,LST_ODISHA_2022_07.tif,2.0,4.0,2.0,3.0,0.42,3.0,3,21-377
Baleshwar,2022_08,Baleshwar,353,17041.25,14.78,12526,12933,213693,10.22,14.61,14.75,46111.17,87.5,5.12,7.39,5.94,6.6,6.26,LST_ODISHA_2022_08.tif,1.0,4.0,2.0,3.0,0.34,2.0,0,21-377
Baleshwar,2022_09,Baleshwar,353,863559.83,8.82,12526,12933,213693,10.22,14.61,14.75,46111.17,87.5,5.12,7.39,5.94,6.6,6.26,LST_ODISHA_2022_09.tif,3.0,4.0,2.0,3.0,0.46,3.0,3,21-377
Baleshwar,2022_10,Baleshwar,353,0.0,31.02,12526,12933,213693,10.22,14.61,14.75,46111.17,87.5,5.12,7.39,5.94,6.6,6.26,LST_ODISHA_2022_10.tif,3.0,4.0,2.0,3.0,0.54,3.0,4,21-377
Baleshwar,2022_11,Baleshwar,353,0.0,0.0,12526,12933,213693,10.22,14.61,14.75,46111.17,87.5,5.12,7.39,5.94,6.6,6.26,LST_ODISHA_2022_11.tif,3.0,4.0,2.0,3.0,0.34,2.0,4,21-377
Baleshwar,2022_12,Baleshwar,353,0.0,0.0,12526,12933,213693,10.22,14.61,14.75,46111.17,87.5,5.12,7.39,5.94,6.6,6.26,LST_ODISHA_2022_12.tif,3.0,4.0,2.0,3.0,0.34,2.0,5,21-377
Baleshwar,2023_01,Baleshwar,353,0.0,0.0,12999,13027,216430,10.22,14.61,14.75,46111.17,87.5,5.12,7.39,5.94,6.6,6.26,LST_ODISHA_2023_01.tif,3.0,4.0,2.0,3.0,0.59,3.0,3,21-377
Baleshwar,2023_02,Baleshwar,353,0.0,0.06,12999,13027,216430,10.22,14.61,14.75,46111.17,87.5,5.12,7.39,5.94,6.6,6.26,LST_ODISHA_2023_02.tif,3.0,4.0,2.0,3.0,0.34,2.0,3,21-377
Baleshwar,2023_03,Baleshwar,353,17860.92,15.36,12999,13027,216430,10.22,14.61,14.75,46111.17,87.5,5.12,7.39,5.94,6.6,6.26,LST_ODISHA_2023_03.tif,4.0,4.0,2.0,3.0,0.75,4.0,1,21-377
Baleshwar,2023_04,Baleshwar,353,0.0,0.26,12999,13027,216430,10.22,14.61,14.75,46111.17,87.5,5.12,7.39,5.94,6.6,6.26,LST_ODISHA_2023_04.tif,3.0,4.0,2.0,3.0,0.17,1.0,1,21-377
Baleshwar,2023_05,Baleshwar,353,0.0,11.6,12999,13027,216430,10.22,14.61,14.75,46111.17,87.5,5.12,7.39,5.94,6.6,6.26,LST_ODISHA_2023_05.tif,4.0,4.0,2.0,3.0,0.58,3.0,1,21-377
Baleshwar,2023_06,Baleshwar,353,0.0,27.81,12999,13027,216430,10.22,14.61,14.75,46111.17,87.5,5.12,7.39,5.94,6.6,6.26,LST_ODISHA_2023_06.tif,4.0,4.0,2.0,3.0,0.58,3.0,1,21-377
Baleshwar,2023_07,Baleshwar,353,0.0,33.02,12999,13027,216430,10.22,14.61,14.75,46111.17,87.5,5.12,7.39,5.94,6.6,6.26,LST_ODISHA_2023_07.tif,3.0,4.0,2.0,3.0,0.47,3.0,3,21-377
Baleshwar,2023_08,Baleshwar,353,0.0,23.73,12999,13027,216430,10.22,14.61,14.75,46111.17,87.5,5.12,7.39,5.94,6.6,6.26,LST_ODISHA_2023_08.tif,4.0,4.0,2.0,3.0,0.63,4.0,5,21-377
Baleshwar,2023_09,Baleshwar,353,0.0,21.75,12999,13027,216430,10.22,14.61,14.75,46111.17,87.5,5.12,7.39,5.94,6.6,6.26,LST_ODISHA_2023_09.tif,1.0,4.0,2.0,3.0,0.17,1.0,3,21-377
Baleshwar,2023_10,Baleshwar,353,0.0,41.12,12999,13027,216430,10.22,14.61,14.75,46111.17,87.5,5.12,7.39,5.94,6.6,6.26,LST_ODISHA_2023_10.tif,3.0,4.0,2.0,3.0,0.47,3.0,4,21-377
Baleshwar,2023_11,Baleshwar,353,0.0,3.98,12999,13027,216430,10.22,14.61,14.75,46111.17,87.5,5.12,7.39,5.94,6.6,6.26,LST_ODISHA_2023_11.tif,2.0,4.0,2.0,3.0,0.17,1.0,3,21-377
Baleshwar,2023_12,Baleshwar,353,0.0,0.0,12999,13027,216430,10.22,14.61,14.75,46111.17,87.5,5.12,7.39,5.94,6.6,6.26,LST_ODISHA_2023_12.tif,3.0,4.0,2.0,3.0,0.17,1.0,5,21-377
Baleshwar,2024_01,Baleshwar,353,0.0,0.0,13472,13121,219168,10.22,14.61,14.75,46111.17,87.5,5.12,7.39,5.94,6.6,6.26,LST_ODISHA_2024_01.tif,3.0,4.0,2.0,3.0,0.37,2.0,2,21-377
Baleshwar,2024_02,Baleshwar,353,0.0,0.62,13472,13121,219168,10.22,14.61,14.75,46111.17,87.5,5.12,7.39,5.94,6.6,6.26,LST_ODISHA_2024_02.tif,4.0,4.0,2.0,3.0,0.63,4.0,3,21-377
Baleshwar,2024_03,Baleshwar,353,0.0,38.26,13472,13121,219168,10.22,14.61,14.75,46111.17,87.5,5.12,7.39,5.94,6.6,6.26,LST_ODISHA_2024_03.tif,3.0,4.0,2.0,3.0,0.54,3.0,1,21-377
Baleshwar,2024_04,Baleshwar,353,10876970.48,4.59,13472,13121,219168,10.22,14.61,14.75,46111.17,87.5,5.12,7.39,5.94,6.6,6.26,LST_ODISHA_2024_04.tif,3.0,4.0,2.0,1.0,0.3,2.0,1,21-377
Baleshwar,2024_05,Baleshwar,353,352447.42,22.03,13472,13121,219168,10.22,14.61,14.75,46111.17,87.5,5.12,7.39,5.94,6.6,6.26,LST_ODISHA_2024_05.tif,1.0,4.0,2.0,1.0,0.16,1.0,3,21-377
Baleshwar,2024_06,Baleshwar,353,0.0,47.21,13472,13121,219168,10.22,14.61,14.75,46111.17,87.5,5.12,7.39,5.94,6.6,6.26,LST_ODISHA_2024_06.tif,4.0,4.0,2.0,1.0,0.54,3.0,2,21-377
Baleshwar,2024_07,Baleshwar,353,0.0,21.2,13472,13121,219168,10.22,14.61,14.75,46111.17,87.5,5.12,7.39,5.94,6.6,6.26,LST_ODISHA_2024_07.tif,3.0,4.0,2.0,1.0,0.5,3.0,4,21-377
Baleshwar,2024_08,Baleshwar,353,0.0,7.49,13472,13121,219168,10.22,14.61,14.75,46111.17,87.5,5.12,7.39,5.94,6.6,6.26,LST_ODISHA_2024_08.tif,3.0,4.0,2.0,2.0,0.34,2.0,4,21-377
Baleshwar,2024_09,Baleshwar,353,4958897.42,18.26,13472,13121,219168,10.22,14.61,14.75,46111.17,87.5,5.12,7.39,5.94,6.6,6.26,LST_ODISHA_2024_09.tif,3.0,4.0,2.0,1.0,0.41,3.0,2,21-377
Baleshwar,2024_10,Baleshwar,353,9917743.0,70.64,13472,13121,219168,10.22,14.61,14.75,46111.17,87.5,5.12,7.39,5.94,6.6,6.26,LST_ODISHA_2024_10.tif,3.0,4.0,2.0,1.0,0.41,3.0,4,21-377
Baleshwar,2024_11,Baleshwar,353,0.0,2.12,13472,13121,219168,10.22,14.61,14.75,46111.17,87.5,5.12,7.39,5.94,6.6,6.26,LST_ODISHA_2024_11.tif,2.0,4.0,2.0,1.0,0.16,1.0,4,21-377
Baleshwar,2024_12,Baleshwar,353,0.0,0.0,13472,13121,219168,10.22,14.61,14.75,46111.17,87.5,5.12,7.39,5.94,6.6,6.26,LST_ODISHA_2024_12.tif,3.0,4.0,2.0,1.0,0.16,1.0,3,21-377
Baleshwar,2025_01,Baleshwar,353,586016.0,0.0,13945,13215,221905,10.22,14.61,14.75,46111.17,87.5,5.12,7.39,5.94,6.6,6.26,LST_ODISHA_2025_01.tif,3.0,4.0,1.0,1.0,0.21,2.0,4,21-377
Baleshwar,2025_02,Baleshwar,353,0.0,0.0,13945,13215,221905,10.22,14.61,14.75,46111.17,87.5,5.12,7.39,5.94,6.6,6.26,LST_ODISHA_2025_02.tif,3.0,4.0,1.0,1.0,0.13,1.0,2,21-377
Baleshwar,2025_03,Baleshwar,353,835975.64,37.69,13945,13215,221905,10.22,14.61,14.75,46111.17,87.5,5.12,7.39,5.94,6.6,6.26,LST_ODISHA_2025_03.tif,2.0,4.0,1.0,1.0,0.23,2.0,1,21-377
Baleshwar,2025_04,Baleshwar,353,0.0,7.62,13945,13215,221905,10.22,14.61,14.75,46111.17,87.5,5.12,7.39,5.94,6.6,6.26,LST_ODISHA_2025_04.tif,4.0,4.0,1.0,3.0,0.59,3.0,1,21-377
Baleshwar,2025_05,Baleshwar,353,353640.83,2.38,13945,13215,221905,10.22,14.61,14.75,46111.17,87.5,5.12,7.39,5.94,6.6,6.26,LST_ODISHA_2025_05.tif,2.0,4.0,1.0,3.0,0.32,2.0,1,21-377
Baleshwar,2025_06,Baleshwar,353,0.0,2.02,13945,13215,221905,10.22,14.61,14.75,46111.17,87.5,5.12,7.39,5.94,6.6,6.26,LST_ODISHA_2025_06.tif,3.0,4.0,1.0,3.0,0.43,3.0,2,21-377
Baleshwar,2025_07,Baleshwar,353,0.0,8.58,13945,13215,221905,10.22,14.61,14.75,46111.17,87.5,5.12,7.39,5.94,6.6,6.26,LST_ODISHA_2025_07.tif,1.0,4.0,1.0,3.0,0.32,2.0,0,21-377
Baleshwar,2025_08,Baleshwar,353,0.0,17.16,13945,13215,221905,10.22,14.61,14.75,46111.17,87.5,5.12,7.39,5.94,6.6,6.26,LST_ODISHA_2025_08.tif,1.0,4.0,1.0,3.0,0.32,2.0,5,21-377
Baleshwar,2025_09,Baleshwar,353,0.0,8.51,13945,13215,221905,10.22,14.61,14.75,46111.17,87.5,5.12,7.39,5.94,6.6,6.26,LST_ODISHA_2025_09.tif,2.0,4.0,1.0,3.0,0.25,2.0,5,21-377
Baleshwar,2025_10,Baleshwar,353,27151.33,40.63,13945,13215,221905,10.22,14.61,14.75,46111.17,87.5,5.12,7.39,5.94,6.6,6.26,LST_ODISHA_2025_10.tif,3.0,4.0,1.0,3.0,0.51,3.0,3,21-377
Baleshwar,2025_11,Baleshwar,353,0.0,2.94,13945,13215,221905,10.22,14.61,14.75,46111.17,87.5,5.12,7.39,5.94,6.6,6.26,LST_ODISHA_2025_11.tif,3.0,4.0,1.0,3.0,0.51,3.0,4,21-377
Baleshwar,2025_12,Baleshwar,353,0.0,0.0,13945,13215,221905,10.22,14.61,14.75,46111.17,87.5,5.12,7.39,5.94,6.6,6.26,LST_ODISHA_2025_12.tif,3.0,4.0,1.0,3.0,0.52,3.0,3,21-377
Baleshwar,2026_01,Baleshwar,353,0.0,0.0,14418,13309,224643,10.22,14.61,14.75,46111.17,87.5,5.12,7.39,5.94,6.6,6.26,LST_ODISHA_2026_01.tif,3.0,4.0,1.0,3.0,0.52,3.0,2,21-377
Baleshwar,2026_02,Baleshwar,353,0.0,0.0,14418,13309,224643,10.22,14.61,14.75,46111.17,87.5,5.12,7.39,5.94,6.6,6.26,LST_ODISHA_2026_02.tif,3.0,4.0,1.0,3.0,0.52,3.0,3,21-377
Baleshwar,2026_03,Baleshwar,353,0.0,32.53,14418,13309,224643,10.22,14.61,14.75,46111.17,87.5,5.12,7.39,5.94,6.6,6.26,LST_ODISHA_2026_03.tif,4.0,4.0,1.0,3.0,0.62,4.0,1,21-377
Bargarh,2021_01,Bargarh,258,0.0,0.0,9210,8191,131375,10.3,10.05,16.62,31295.75,77.9,7.8,8.3,5.07,4.77,6.48,LST_ODISHA_2021_01.tif,3.0,2.0,1.0,3.0,0.1,1.0,3,21-370
Bargarh,2021_02,Bargarh,258,0.0,0.0,9210,8191,131375,10.3,10.05,16.62,31295.75,77.9,7.8,8.3,5.07,4.77,6.48,LST_ODISHA_2021_02.tif,2.0,2.0,1.0,3.0,0.05,1.0,3,21-370
Bargarh,2021_03,Bargarh,258,0.0,22.01,9210,8191,131375,10.3,10.05,16.62,31295.75,77.9,7.8,8.3,5.07,4.77,6.48,LST_ODISHA_2021_03.tif,1.0,2.0,1.0,3.0,0.31,2.0,2,21-370
Bargarh,2021_04,Bargarh,258,0.0,0.0,9210,8191,131375,10.3,10.05,16.62,31295.75,77.9,7.8,8.3,5.07,4.77,6.48,LST_ODISHA_2021_04.tif,3.0,2.0,1.0,3.0,0.31,2.0,3,21-370
Bargarh,2021_05,Bargarh,258,0.0,0.8,9210,8191,131375,10.3,10.05,16.62,31295.75,77.9,7.8,8.3,5.07,4.77,6.48,LST_ODISHA_2021_05.tif,2.0,2.0,1.0,4.0,0.31,2.0,3,21-370
Bargarh,2021_06,Bargarh,258,0.0,3.41,9210,8191,131375,10.3,10.05,16.62,31295.75,77.9,7.8,8.3,5.07,4.77,6.48,LST_ODISHA_2021_06.tif,4.0,2.0,1.0,4.0,0.57,3.0,4,21-370
Bargarh,2021_07,Bargarh,258,0.0,15.36,9210,8191,131375,10.3,10.05,16.62,31295.75,77.9,7.8,8.3,5.07,4.77,6.48,LST_ODISHA_2021_07.tif,2.0,2.0,1.0,4.0,0.38,2.0,2,21-370
Bargarh,2021_08,Bargarh,258,972540.92,18.9,9210,8191,131375,10.3,10.05,16.62,31295.75,77.9,7.8,8.3,5.07,4.77,6.48,LST_ODISHA_2021_08.tif,2.0,2.0,1.0,3.0,0.38,2.0,3,21-370
Bargarh,2021_09,Bargarh,258,0.0,4.37,9210,8191,131375,10.3,10.05,16.62,31295.75,77.9,7.8,8.3,5.07,4.77,6.48,LST_ODISHA_2021_09.tif,4.0,2.0,1.0,3.0,0.6,4.0,1,21-370
Bargarh,2021_10,Bargarh,258,0.0,53.56,9210,8191,131375,10.3,10.05,16.62,31295.75,77.9,7.8,8.3,5.07,4.77,6.48,LST_ODISHA_2021_10.tif,3.0,2.0,1.0,3.0,0.49,3.0,4,21-370
Bargarh,2021_11,Bargarh,258,0.0,1.98,9210,8191,131375,10.3,10.05,16.62,31295.75,77.9,7.8,8.3,5.07,4.77,6.48,LST_ODISHA_2021_11.tif,3.0,2.0,1.0,3.0,0.41,3.0,5,21-370
Bargarh,2021_12,Bargarh,258,0.0,0.0,9210,8191,131375,10.3,10.05,16.62,31295.75,77.9,7.8,8.3,5.07,4.77,6.48,LST_ODISHA_2021_12.tif,3.0,2.0,1.0,3.0,0.31,2.0,4,21-370
Bargarh,2022_01,Bargarh,258,0.0,0.0,9530,8202,132628,10.3,10.05,16.62,31295.75,77.9,7.8,8.3,5.07,4.77,6.48,LST_ODISHA_2022_01.tif,3.0,2.0,1.0,3.0,0.48,3.0,3,21-370
Bargarh,2022_02,Bargarh,258,0.0,0.0,9530,8202,132628,10.3,10.05,16.62,31295.75,77.9,7.8,8.3,5.07,4.77,6.48,LST_ODISHA_2022_02.tif,3.0,2.0,1.0,3.0,0.48,3.0,3,21-370
Bargarh,2022_03,Bargarh,258,0.0,38.16,9530,8202,132628,10.3,10.05,16.62,31295.75,77.9,7.8,8.3,5.07,4.77,6.48,LST_ODISHA_2022_03.tif,4.0,2.0,1.0,3.0,0.6,4.0,3,21-370
Bargarh,2022_04,Bargarh,258,37704296.15,0.0,9530,8202,132628,10.3,10.05,16.62,31295.75,77.9,7.8,8.3,5.07,4.77,6.48,LST_ODISHA_2022_04.tif,2.0,2.0,1.0,1.0,0.05,1.0,4,21-370
Bargarh,2022_05,Bargarh,258,25990746.75,17.49,9530,8202,132628,10.3,10.05,16.62,31295.75,77.9,7.8,8.3,5.07,4.77,6.48,LST_ODISHA_2022_05.tif,4.0,2.0,1.0,1.0,0.49,3.0,4,21-370
Bargarh,2022_06,Bargarh,258,42218407.5,13.68,9530,8202,132628,10.3,10.05,16.62,31295.75,77.9,7.8,8.3,5.07,4.77,6.48,LST_ODISHA_2022_06.tif,2.0,2.0,1.0,1.0,0.2,1.0,5,21-370
Bargarh,2022_07,Bargarh,258,19858977.25,12.09,9530,8202,132628,10.3,10.05,16.62,31295.75,77.9,7.8,8.3,5.07,4.77,6.48,LST_ODISHA_2022_07.tif,4.0,2.0,1.0,1.0,0.49,3.0,1,21-370
Bargarh,2022_08,Bargarh,258,1747611.67,21.2,9530,8202,132628,10.3,10.05,16.62,31295.75,77.9,7.8,8.3,5.07,4.77,6.48,LST_ODISHA_2022_08.tif,3.0,2.0,1.0,1.0,0.36,2.0,5,21-370
Bargarh,2022_09,Bargarh,258,0.0,8.27,9530,8202,132628,10.3,10.05,16.62,31295.75,77.9,7.8,8.3,5.07,4.77,6.48,LST_ODISHA_2022_09.tif,3.0,2.0,1.0,1.0,0.26,2.0,4,21-370
Bargarh,2022_10,Bargarh,258,49638.75,33.13,9530,8202,132628,10.3,10.05,16.62,31295.75,77.9,7.8,8.3,5.07,4.77,6.48,LST_ODISHA_2022_10.tif,4.0,2.0,1.0,1.0,0.49,3.0,4,21-370
Bargarh,2022_11,Bargarh,258,0.0,0.0,9530,8202,132628,10.3,10.05,16.62,31295.75,77.9,7.8,8.3,5.07,4.77,6.48,LST_ODISHA_2022_11.tif,3.0,2.0,1.0,1.0,0.05,1.0,4,21-370
Bargarh,2022_12,Bargarh,258,0.0,0.0,9530,8202,132628,10.3,10.05,16.62,31295.75,77.9,7.8,8.3,5.07,4.77,6.48,LST_ODISHA_2022_12.tif,3.0,2.0,1.0,1.0,0.05,1.0,5,21-370
Bargarh,2023_01,Bargarh,258,0.0,0.0,9850,8212,133881,10.3,10.05,16.62,31295.75,77.9,7.8,8.3,5.07,4.77,6.48,LST_ODISHA_2023_01.tif,3.0,2.0,1.0,1.0,0.08,1.0,3,21-370
Bargarh,2023_02,Bargarh,258,0.0,0.0,9850,8212,133881,10.3,10.05,16.62,31295.75,77.9,7.8,8.3,5.07,4.77,6.48,LST_ODISHA_2023_02.tif,3.0,2.0,1.0,1.0,0.05,1.0,3,21-370
Bargarh,2023_03,Bargarh,258,0.0,8.12,9850,8212,133881,10.3,10.05,16.62,31295.75,77.9,7.8,8.3,5.07,4.77,6.48,LST_ODISHA_2023_03.tif,2.0,2.0,1.0,1.0,0.26,2.0,2,21-370
Bargarh,2023_04,Bargarh,258,0.0,0.0,9850,8212,133881,10.3,10.05,16.62,31295.75,77.9,7.8,8.3,5.07,4.77,6.48,LST_ODISHA_2023_04.tif,3.0,2.0,1.0,3.0,0.05,1.0,2,21-370
Bargarh,2023_05,Bargarh,258,0.0,2.79,9850,8212,133881,10.3,10.05,16.62,31295.75,77.9,7.8,8.3,5.07,4.77,6.48,LST_ODISHA_2023_05.tif,2.0,2.0,1.0,3.0,0.05,1.0,4,21-370
Bargarh,2023_06,Bargarh,258,0.0,21.5,9850,8212,133881,10.3,10.05,16.62,31295.75,77.9,7.8,8.3,5.07,4.77,6.48,LST_ODISHA_2023_06.tif,2.0,2.0,1.0,3.0,0.05,1.0,5,21-370
Bargarh,2023_07,Bargarh,258,0.0,37.43,9850,8212,133881,10.3,10.05,16.62,31295.75,77.9,7.8,8.3,5.07,4.77,6.48,LST_ODISHA_2023_07.tif,4.0,2.0,1.0,3.0,0.56,3.0,2,21-370
Bargarh,2023_08,Bargarh,258,0.0,14.13,9850,8212,133881,10.3,10.05,16.62,31295.75,77.9,7.8,8.3,5.07,4.77,6.48,LST_ODISHA_2023_08.tif,2.0,2.0,1.0,3.0,0.22,2.0,3,21-370
Bargarh,2023_09,Bargarh,258,0.0,27.8,9850,8212,133881,10.3,10.05,16.62,31295.75,77.9,7.8,8.3,5.07,4.77,6.48,LST_ODISHA_2023_09.tif,3.0,2.0,1.0,3.0,0.41,3.0,3,21-370
Bargarh,2023_10,Bargarh,258,0.0,41.55,9850,8212,133881,10.3,10.05,16.62,31295.75,77.9,7.8,8.3,5.07,4.77,6.48,LST_ODISHA_2023_10.tif,3.0,2.0,1.0,3.0,0.41,3.0,4,21-370
Bargarh,2023_11,Bargarh,258,0.0,3.78,9850,8212,133881,10.3,10.05,16.62,31295.75,77.9,7.8,8.3,5.07,4.77,6.48,LST_ODISHA_2023_11.tif,2.0,2.0,1.0,3.0,0.05,1.0,4,21-370
Bargarh,2023_12,Bargarh,258,0.0,0.0,9850,8212,133881,10.3,10.05,16.62,31295.75,77.9,7.8,8.3,5.07,4.77,6.48,LST_ODISHA_2023_12.tif,3.0,2.0,1.0,3.0,0.05,1.0,3,21-370
Bargarh,2024_01,Bargarh,258,0.0,0.0,10170,8223,135134,10.3,10.05,16.62,31295.75,77.9,7.8,8.3,5.07,4.77,6.48,LST_ODISHA_2024_01.tif,3.0,2.0,1.0,3.0,0.1,1.0,3,21-370
Bargarh,2024_02,Bargarh,258,0.0,0.08,10170,8223,135134,10.3,10.05,16.62,31295.75,77.9,7.8,8.3,5.07,4.77,6.48,LST_ODISHA_2024_02.tif,2.0,2.0,1.0,3.0,0.31,2.0,3,21-370
Bargarh,2024_03,Bargarh,258,35426.17,31.94,10170,8223,135134,10.3,10.05,16.62,31295.75,77.9,7.8,8.3,5.07,4.77,6.48,LST_ODISHA_2024_03.tif,2.0,2.0,1.0,3.0,0.38,2.0,2,21-370
Bargarh,2024_04,Bargarh,258,0.0,2.5,10170,8223,135134,10.3,10.05,16.62,31295.75,77.9,7.8,8.3,5.07,4.77,6.48,LST_ODISHA_2024_04.tif,2.0,2.0,1.0,3.0,0.31,2.0,1,21-370
Bargarh,2024_05,Bargarh,258,0.0,28.27,10170,8223,135134,10.3,10.05,16.62,31295.75,77.9,7.8,8.3,5.07,4.77,6.48,LST_ODISHA_2024_05.tif,3.0,2.0,1.0,4.0,0.49,3.0,4,21-370
Bargarh,2024_06,Bargarh,258,0.0,51.84,10170,8223,135134,10.3,10.05,16.62,31295.75,77.9,7.8,8.3,5.07,4.77,6.48,LST_ODISHA_2024_06.tif,4.0,2.0,1.0,4.0,0.6,4.0,4,21-370
Bargarh,2024_07,Bargarh,258,0.0,25.28,10170,8223,135134,10.3,10.05,16.62,31295.75,77.9,7.8,8.3,5.07,4.77,6.48,LST_ODISHA_2024_07.tif,4.0,2.0,1.0,4.0,0.68,4.0,3,21-370
Bargarh,2024_08,Bargarh,258,0.0,2.94,10170,8223,135134,10.3,10.05,16.62,31295.75,77.9,7.8,8.3,5.07,4.77,6.48,LST_ODISHA_2024_08.tif,2.0,2.0,1.0,4.0,0.31,2.0,3,21-370
Bargarh,2024_09,Bargarh,258,0.0,22.41,10170,8223,135134,10.3,10.05,16.62,31295.75,77.9,7.8,8.3,5.07,4.77,6.48,LST_ODISHA_2024_09.tif,4.0,2.0,1.0,4.0,0.6,4.0,3,21-370
Bargarh,2024_10,Bargarh,258,0.0,74.52,10170,8223,135134,10.3,10.05,16.62,31295.75,77.9,7.8,8.3,5.07,4.77,6.48,LST_ODISHA_2024_10.tif,4.0,2.0,1.0,4.0,0.6,4.0,4,21-370
Bargarh,2024_11,Bargarh,258,0.0,1.93,10170,8223,135134,10.3,10.05,16.62,31295.75,77.9,7.8,8.3,5.07,4.77,6.48,LST_ODISHA_2024_11.tif,2.0,2.0,1.0,4.0,0.31,2.0,4,21-370
Bargarh,2024_12,Bargarh,258,0.0,0.0,10170,8223,135134,10.3,10.05,16.62,31295.75,77.9,7.8,8.3,5.07,4.77,6.48,LST_ODISHA_2024_12.tif,3.0,2.0,1.0,4.0,0.31,2.0,5,21-370
Bargarh,2025_01,Bargarh,258,0.0,0.0,10490,8233,136387,10.3,10.05,16.62,31295.75,77.9,7.8,8.3,5.07,4.77,6.48,LST_ODISHA_2025_01.tif,3.0,2.0,1.0,4.0,0.48,3.0,5,21-370
Bargarh,2025_02,Bargarh,258,0.0,0.0,10490,8233,136387,10.3,10.05,16.62,31295.75,77.9,7.8,8.3,5.07,4.77,6.48,LST_ODISHA_2025_02.tif,3.0,2.0,1.0,4.0,0.31,2.0,4,21-370
Bargarh,2025_03,Bargarh,258,0.0,42.83,10490,8233,136387,10.3,10.05,16.62,31295.75,77.9,7.8,8.3,5.07,4.77,6.48,LST_ODISHA_2025_03.tif,3.0,2.0,1.0,4.0,0.49,3.0,3,21-370
Bargarh,2025_04,Bargarh,258,425242.75,0.38,10490,8233,136387,10.3,10.05,16.62,31295.75,77.9,7.8,8.3,5.07,4.77,6.48,LST_ODISHA_2025_04.tif,2.0,2.0,1.0,3.0,0.31,2.0,3,21-370
Bargarh,2025_05,Bargarh,258,0.0,13.23,10490,8233,136387,10.3,10.05,16.62,31295.75,77.9,7.8,8.3,5.07,4.77,6.48,LST_ODISHA_2025_05.tif,5.0,2.0,1.0,3.0,0.68,4.0,4,21-370
Bargarh,2025_06,Bargarh,258,0.0,2.4,10490,8233,136387,10.3,10.05,16.62,31295.75,77.9,7.8,8.3,5.07,4.77,6.48,LST_ODISHA_2025_06.tif,3.0,2.0,1.0,3.0,0.41,3.0,5,21-370
Bargarh,2025_07,Bargarh,258,0.0,19.64,10490,8233,136387,10.3,10.05,16.62,31295.75,77.9,7.8,8.3,5.07,4.77,6.48,LST_ODISHA_2025_07.tif,3.0,2.0,1.0,3.0,0.49,3.0,5,21-370
Bargarh,2025_08,Bargarh,258,0.0,23.46,10490,8233,136387,10.3,10.05,16.62,31295.75,77.9,7.8,8.3,5.07,4.77,6.48,LST_ODISHA_2025_08.tif,3.0,2.0,1.0,3.0,0.49,3.0,3,21-370
Bargarh,2025_09,Bargarh,258,0.0,18.78,10490,8233,136387,10.3,10.05,16.62,31295.75,77.9,7.8,8.3,5.07,4.77,6.48,LST_ODISHA_2025_09.tif,4.0,2.0,1.0,3.0,0.54,3.0,2,21-370
Bargarh,2025_10,Bargarh,258,0.0,41.02,10490,8233,136387,10.3,10.05,16.62,31295.75,77.9,7.8,8.3,5.07,4.77,6.48,LST_ODISHA_2025_10.tif,3.0,2.0,1.0,3.0,0.49,3.0,4,21-370
Bargarh,2025_11,Bargarh,258,0.0,0.98,10490,8233,136387,10.3,10.05,16.62,31295.75,77.9,7.8,8.3,5.07,4.77,6.48,LST_ODISHA_2025_11.tif,2.0,2.0,1.0,3.0,0.38,2.0,4,21-370
Bargarh,2025_12,Bargarh,258,0.0,0.0,10490,8233,136387,10.3,10.05,16.62,31295.75,77.9,7.8,8.3,5.07,4.77,6.48,LST_ODISHA_2025_12.tif,3.0,2.0,1.0,3.0,0.48,3.0,4,21-370
Bargarh,2026_01,Bargarh,258,0.0,0.0,10810,8244,137640,10.3,10.05,16.62,31295.75,77.9,7.8,8.3,5.07,4.77,6.48,LST_ODISHA_2026_01.tif,3.0,2.0,1.0,3.0,0.48,3.0,4,21-370
Bargarh,2026_02,Bargarh,258,0.0,0.0,10810,8244,137640,10.3,10.05,16.62,31295.75,77.9,7.8,8.3,5.07,4.77,6.48,LST_ODISHA_2026_02.tif,3.0,2.0,1.0,3.0,0.48,3.0,3,21-370
Bargarh,2026_03,Bargarh,258,0.0,28.48,10810,8244,137640,10.3,10.05,16.62,31295.75,77.9,7.8,8.3,5.07,4.77,6.48,LST_ODISHA_2026_03.tif,3.0,2.0,1.0,3.0,0.49,3.0,4,21-370
Bhadrak,2021_01,Bhadrak,232,0.0,0.0,13751,13648,233538,9.14,9.99,14.4,46212.43,85.1,5.84,9.24,5.08,5.88,6.51,LST_ODISHA_2021_01.tif,3.0,5.0,3.0,3.0,0.59,3.0,4,21-378
Bhadrak,2021_02,Bhadrak,232,0.0,0.19,13751,13648,233538,9.14,9.99,14.4,46212.43,85.1,5.84,9.24,5.08,5.88,6.51,LST_ODISHA_2021_02.tif,3.0,5.0,3.0,3.0,0.41,3.0,5,21-378
Bhadrak,2021_03,Bhadrak,232,0.0,34.71,13751,13648,233538,9.14,9.99,14.4,46212.43,85.1,5.84,9.24,5.08,5.88,6.51,LST_ODISHA_2021_03.tif,4.0,5.0,3.0,3.0,0.73,4.0,4,21-378
Bhadrak,2021_04,Bhadrak,232,2593809.4,0.0,13751,13648,233538,9.14,9.99,14.4,46212.43,85.1,5.84,9.24,5.08,5.88,6.51,LST_ODISHA_2021_04.tif,3.0,5.0,3.0,3.0,0.37,2.0,4,21-378
Bhadrak,2021_05,Bhadrak,232,93587.99,1.52,13751,13648,233538,9.14,9.99,14.4,46212.43,85.1,5.84,9.24,5.08,5.88,6.51,LST_ODISHA_2021_05.tif,2.0,5.0,3.0,3.0,0.32,2.0,2,21-378
Bhadrak,2021_06,Bhadrak,232,80777.71,2.01,13751,13648,233538,9.14,9.99,14.4,46212.43,85.1,5.84,9.24,5.08,5.88,6.51,LST_ODISHA_2021_06.tif,3.0,5.0,3.0,3.0,0.45,3.0,2,21-378
Bhadrak,2021_07,Bhadrak,232,0.0,18.35,13751,13648,233538,9.14,9.99,14.4,46212.43,85.1,5.84,9.24,5.08,5.88,6.51,LST_ODISHA_2021_07.tif,3.0,5.0,3.0,3.0,0.54,3.0,0,21-378
Bhadrak,2021_08,Bhadrak,232,0.0,22.48,13751,13648,233538,9.14,9.99,14.4,46212.43,85.1,5.84,9.24,5.08,5.88,6.51,LST_ODISHA_2021_08.tif,3.0,5.0,3.0,3.0,0.59,3.0,0,21-378
Bhadrak,2021_09,Bhadrak,232,0.0,1.1,13751,13648,233538,9.14,9.99,14.4,46212.43,85.1,5.84,9.24,5.08,5.88,6.51,LST_ODISHA_2021_09.tif,2.0,5.0,3.0,3.0,0.46,3.0,3,21-378
Bhadrak,2021_10,Bhadrak,232,2529317.14,49.82,13751,13648,233538,9.14,9.99,14.4,46212.43,85.1,5.84,9.24,5.08,5.88,6.51,LST_ODISHA_2021_10.tif,2.0,5.0,3.0,3.0,0.46,3.0,3,21-378
Bhadrak,2021_11,Bhadrak,232,0.0,1.29,13751,13648,233538,9.14,9.99,14.4,46212.43,85.1,5.84,9.24,5.08,5.88,6.51,LST_ODISHA_2021_11.tif,3.0,5.0,3.0,3.0,0.5,3.0,3,21-378
Bhadrak,2021_12,Bhadrak,232,0.0,0.0,13751,13648,233538,9.14,9.99,14.4,46212.43,85.1,5.84,9.24,5.08,5.88,6.51,LST_ODISHA_2021_12.tif,3.0,5.0,3.0,3.0,0.37,2.0,3,21-378
Bhadrak,2022_01,Bhadrak,232,0.0,0.0,14238,13693,236362,9.14,9.99,14.4,46212.43,85.1,5.84,9.24,5.08,5.88,6.51,LST_ODISHA_2022_01.tif,3.0,5.0,3.0,3.0,0.71,4.0,3,21-378
Bhadrak,2022_02,Bhadrak,232,0.0,0.0,14238,13693,236362,9.14,9.99,14.4,46212.43,85.1,5.84,9.24,5.08,5.88,6.51,LST_ODISHA_2022_02.tif,3.0,5.0,3.0,3.0,0.71,4.0,3,21-378
Bhadrak,2022_03,Bhadrak,232,0.0,37.7,14238,13693,236362,9.14,9.99,14.4,46212.43,85.1,5.84,9.24,5.08,5.88,6.51,LST_ODISHA_2022_03.tif,3.0,5.0,3.0,3.0,0.59,3.0,2,21-378
Bhadrak,2022_04,Bhadrak,232,0.0,3.67,14238,13693,236362,9.14,9.99,14.4,46212.43,85.1,5.84,9.24,5.08,5.88,6.51,LST_ODISHA_2022_04.tif,4.0,5.0,3.0,3.0,0.68,4.0,2,21-378
Bhadrak,2022_05,Bhadrak,232,0.0,5.19,14238,13693,236362,9.14,9.99,14.4,46212.43,85.1,5.84,9.24,5.08,5.88,6.51,LST_ODISHA_2022_05.tif,2.0,5.0,3.0,3.0,0.46,3.0,3,21-378
Bhadrak,2022_06,Bhadrak,232,0.0,12.11,14238,13693,236362,9.14,9.99,14.4,46212.43,85.1,5.84,9.24,5.08,5.88,6.51,LST_ODISHA_2022_06.tif,2.0,5.0,3.0,3.0,0.46,3.0,2,21-378
Bhadrak,2022_07,Bhadrak,232,0.0,9.64,14238,13693,236362,9.14,9.99,14.4,46212.43,85.1,5.84,9.24,5.08,5.88,6.51,LST_ODISHA_2022_07.tif,2.0,5.0,3.0,3.0,0.46,3.0,0,21-378
Bhadrak,2022_08,Bhadrak,232,0.0,21.64,14238,13693,236362,9.14,9.99,14.4,46212.43,85.1,5.84,9.24,5.08,5.88,6.51,LST_ODISHA_2022_08.tif,4.0,5.0,3.0,3.0,0.73,4.0,0,21-378
Bhadrak,2022_09,Bhadrak,232,0.0,9.48,14238,13693,236362,9.14,9.99,14.4,46212.43,85.1,5.84,9.24,5.08,5.88,6.51,LST_ODISHA_2022_09.tif,3.0,5.0,3.0,3.0,0.5,3.0,1,21-378
Bhadrak,2022_10,Bhadrak,232,0.0,33.88,14238,13693,236362,9.14,9.99,14.4,46212.43,85.1,5.84,9.24,5.08,5.88,6.51,LST_ODISHA_2022_10.tif,4.0,5.0,3.0,3.0,0.73,4.0,3,21-378
Bhadrak,2022_11,Bhadrak,232,0.0,0.0,14238,13693,236362,9.14,9.99,14.4,46212.43,85.1,5.84,9.24,5.08,5.88,6.51,LST_ODISHA_2022_11.tif,3.0,5.0,3.0,3.0,0.37,2.0,4,21-378
Bhadrak,2022_12,Bhadrak,232,0.0,0.0,14238,13693,236362,9.14,9.99,14.4,46212.43,85.1,5.84,9.24,5.08,5.88,6.51,LST_ODISHA_2022_12.tif,3.0,5.0,3.0,3.0,0.37,2.0,5,21-378
Bhadrak,2023_01,Bhadrak,232,0.0,0.0,14724,13739,239187,9.14,9.99,14.4,46212.43,85.1,5.84,9.24,5.08,5.88,6.51,LST_ODISHA_2023_01.tif,3.0,5.0,3.0,3.0,0.71,4.0,5,21-378
Bhadrak,2023_02,Bhadrak,232,0.0,0.0,14724,13739,239187,9.14,9.99,14.4,46212.43,85.1,5.84,9.24,5.08,5.88,6.51,LST_ODISHA_2023_02.tif,3.0,5.0,3.0,3.0,0.37,2.0,5,21-378
Bhadrak,2023_03,Bhadrak,232,93101.86,14.52,14724,13739,239187,9.14,9.99,14.4,46212.43,85.1,5.84,9.24,5.08,5.88,6.51,LST_ODISHA_2023_03.tif,4.0,5.0,3.0,3.0,0.82,5.0,2,21-378
Bhadrak,2023_04,Bhadrak,232,0.0,0.24,14724,13739,239187,9.14,9.99,14.4,46212.43,85.1,5.84,9.24,5.08,5.88,6.51,LST_ODISHA_2023_04.tif,3.0,5.0,3.0,3.0,0.26,2.0,2,21-378
Bhadrak,2023_05,Bhadrak,232,0.0,11.63,14724,13739,239187,9.14,9.99,14.4,46212.43,85.1,5.84,9.24,5.08,5.88,6.51,LST_ODISHA_2023_05.tif,4.0,5.0,3.0,3.0,0.64,4.0,2,21-378
Bhadrak,2023_06,Bhadrak,232,0.0,23.49,14724,13739,239187,9.14,9.99,14.4,46212.43,85.1,5.84,9.24,5.08,5.88,6.51,LST_ODISHA_2023_06.tif,3.0,5.0,3.0,3.0,0.41,3.0,2,21-378
Bhadrak,2023_07,Bhadrak,232,0.0,34.96,14724,13739,239187,9.14,9.99,14.4,46212.43,85.1,5.84,9.24,5.08,5.88,6.51,LST_ODISHA_2023_07.tif,3.0,5.0,3.0,3.0,0.52,3.0,0,21-378
Bhadrak,2023_08,Bhadrak,232,0.0,19.54,14724,13739,239187,9.14,9.99,14.4,46212.43,85.1,5.84,9.24,5.08,5.88,6.51,LST_ODISHA_2023_08.tif,3.0,5.0,3.0,3.0,0.52,3.0,5,21-378
Bhadrak,2023_09,Bhadrak,232,0.0,24.72,14724,13739,239187,9.14,9.99,14.4,46212.43,85.1,5.84,9.24,5.08,5.88,6.51,LST_ODISHA_2023_09.tif,2.0,5.0,3.0,3.0,0.35,2.0,3,21-378
Bhadrak,2023_10,Bhadrak,232,0.0,42.22,14724,13739,239187,9.14,9.99,14.4,46212.43,85.1,5.84,9.24,5.08,5.88,6.51,LST_ODISHA_2023_10.tif,3.0,5.0,3.0,3.0,0.52,3.0,3,21-378
Bhadrak,2023_11,Bhadrak,232,0.0,4.27,14724,13739,239187,9.14,9.99,14.4,46212.43,85.1,5.84,9.24,5.08,5.88,6.51,LST_ODISHA_2023_11.tif,3.0,5.0,3.0,3.0,0.41,3.0,3,21-378
Bhadrak,2023_12,Bhadrak,232,0.0,0.0,14724,13739,239187,9.14,9.99,14.4,46212.43,85.1,5.84,9.24,5.08,5.88,6.51,LST_ODISHA_2023_12.tif,3.0,5.0,3.0,3.0,0.26,2.0,5,21-378
Bhadrak,2024_01,Bhadrak,232,0.0,0.0,15211,13784,242012,9.14,9.99,14.4,46212.43,85.1,5.84,9.24,5.08,5.88,6.51,LST_ODISHA_2024_01.tif,3.0,5.0,3.0,3.0,0.59,3.0,4,21-378
Bhadrak,2024_02,Bhadrak,232,0.0,0.77,15211,13784,242012,9.14,9.99,14.4,46212.43,85.1,5.84,9.24,5.08,5.88,6.51,LST_ODISHA_2024_02.tif,4.0,5.0,3.0,3.0,0.68,4.0,5,21-378
Bhadrak,2024_03,Bhadrak,232,0.0,42.37,15211,13784,242012,9.14,9.99,14.4,46212.43,85.1,5.84,9.24,5.08,5.88,6.51,LST_ODISHA_2024_03.tif,4.0,5.0,3.0,3.0,0.73,4.0,3,21-378
Bhadrak,2024_04,Bhadrak,232,0.0,6.66,15211,13784,242012,9.14,9.99,14.4,46212.43,85.1,5.84,9.24,5.08,5.88,6.51,LST_ODISHA_2024_04.tif,3.0,5.0,3.0,3.0,0.5,3.0,3,21-378
Bhadrak,2024_05,Bhadrak,232,0.0,22.86,15211,13784,242012,9.14,9.99,14.4,46212.43,85.1,5.84,9.24,5.08,5.88,6.51,LST_ODISHA_2024_05.tif,2.0,5.0,3.0,4.0,0.46,3.0,3,21-378
Bhadrak,2024_06,Bhadrak,232,0.0,40.17,15211,13784,242012,9.14,9.99,14.4,46212.43,85.1,5.84,9.24,5.08,5.88,6.51,LST_ODISHA_2024_06.tif,3.0,5.0,3.0,4.0,0.59,3.0,2,21-378
Bhadrak,2024_07,Bhadrak,232,0.0,21.07,15211,13784,242012,9.14,9.99,14.4,46212.43,85.1,5.84,9.24,5.08,5.88,6.51,LST_ODISHA_2024_07.tif,3.0,5.0,3.0,4.0,0.68,4.0,0,21-378
Bhadrak,2024_08,Bhadrak,232,0.0,6.82,15211,13784,242012,9.14,9.99,14.4,46212.43,85.1,5.84,9.24,5.08,5.88,6.51,LST_ODISHA_2024_08.tif,3.0,5.0,3.0,4.0,0.5,3.0,5,21-378
Bhadrak,2024_09,Bhadrak,232,0.0,18.51,15211,13784,242012,9.14,9.99,14.4,46212.43,85.1,5.84,9.24,5.08,5.88,6.51,LST_ODISHA_2024_09.tif,3.0,5.0,3.0,4.0,0.59,3.0,3,21-378
Bhadrak,2024_10,Bhadrak,232,0.0,73.04,15211,13784,242012,9.14,9.99,14.4,46212.43,85.1,5.84,9.24,5.08,5.88,6.51,LST_ODISHA_2024_10.tif,3.0,5.0,3.0,4.0,0.59,3.0,4,21-378
Bhadrak,2024_11,Bhadrak,232,0.0,2.17,15211,13784,242012,9.14,9.99,14.4,46212.43,85.1,5.84,9.24,5.08,5.88,6.51,LST_ODISHA_2024_11.tif,3.0,5.0,3.0,4.0,0.5,3.0,4,21-378
Bhadrak,2024_12,Bhadrak,232,0.0,0.0,15211,13784,242012,9.14,9.99,14.4,46212.43,85.1,5.84,9.24,5.08,5.88,6.51,LST_ODISHA_2024_12.tif,3.0,5.0,3.0,4.0,0.37,2.0,3,21-378
Bhadrak,2025_01,Bhadrak,232,0.0,0.0,15698,13829,244837,9.14,9.99,14.4,46212.43,85.1,5.84,9.24,5.08,5.88,6.51,LST_ODISHA_2025_01.tif,3.0,5.0,2.0,4.0,0.64,4.0,5,21-378
Bhadrak,2025_02,Bhadrak,232,0.0,0.0,15698,13829,244837,9.14,9.99,14.4,46212.43,85.1,5.84,9.24,5.08,5.88,6.51,LST_ODISHA_2025_02.tif,3.0,5.0,2.0,4.0,0.36,2.0,4,21-378
Bhadrak,2025_03,Bhadrak,232,0.0,37.99,15698,13829,244837,9.14,9.99,14.4,46212.43,85.1,5.84,9.24,5.08,5.88,6.51,LST_ODISHA_2025_03.tif,2.0,5.0,2.0,4.0,0.44,3.0,3,21-378
Bhadrak,2025_04,Bhadrak,232,0.0,8.18,15698,13829,244837,9.14,9.99,14.4,46212.43,85.1,5.84,9.24,5.08,5.88,6.51,LST_ODISHA_2025_04.tif,4.0,5.0,2.0,3.0,0.65,4.0,2,21-378
Bhadrak,2025_05,Bhadrak,232,0.0,1.69,15698,13829,244837,9.14,9.99,14.4,46212.43,85.1,5.84,9.24,5.08,5.88,6.51,LST_ODISHA_2025_05.tif,2.0,5.0,2.0,3.0,0.36,2.0,2,21-378
Bhadrak,2025_06,Bhadrak,232,0.0,2.09,15698,13829,244837,9.14,9.99,14.4,46212.43,85.1,5.84,9.24,5.08,5.88,6.51,LST_ODISHA_2025_06.tif,3.0,5.0,2.0,3.0,0.47,3.0,3,21-378
Bhadrak,2025_07,Bhadrak,232,0.0,12.79,15698,13829,244837,9.14,9.99,14.4,46212.43,85.1,5.84,9.24,5.08,5.88,6.51,LST_ODISHA_2025_07.tif,1.0,5.0,2.0,3.0,0.36,2.0,5,21-378
Bhadrak,2025_08,Bhadrak,232,0.0,24.13,15698,13829,244837,9.14,9.99,14.4,46212.43,85.1,5.84,9.24,5.08,5.88,6.51,LST_ODISHA_2025_08.tif,3.0,5.0,2.0,3.0,0.56,3.0,5,21-378
Bhadrak,2025_09,Bhadrak,232,0.0,8.49,15698,13829,244837,9.14,9.99,14.4,46212.43,85.1,5.84,9.24,5.08,5.88,6.51,LST_ODISHA_2025_09.tif,2.0,5.0,2.0,4.0,0.36,2.0,5,21-378
Bhadrak,2025_10,Bhadrak,232,160326.71,39.32,15698,13829,244837,9.14,9.99,14.4,46212.43,85.1,5.84,9.24,5.08,5.88,6.51,LST_ODISHA_2025_10.tif,2.0,5.0,2.0,3.0,0.44,3.0,4,21-378
Bhadrak,2025_11,Bhadrak,232,0.0,3.67,15698,13829,244837,9.14,9.99,14.4,46212.43,85.1,5.84,9.24,5.08,5.88,6.51,LST_ODISHA_2025_11.tif,4.0,5.0,2.0,3.0,0.7,4.0,4,21-378
Bhadrak,2025_12,Bhadrak,232,0.0,0.0,15698,13829,244837,9.14,9.99,14.4,46212.43,85.1,5.84,9.24,5.08,5.88,6.51,LST_ODISHA_2025_12.tif,3.0,5.0,2.0,3.0,0.64,4.0,3,21-378
Bhadrak,2026_01,Bhadrak,232,0.0,0.0,16185,13874,247661,9.14,9.99,14.4,46212.43,85.1,5.84,9.24,5.08,5.88,6.51,LST_ODISHA_2026_01.tif,3.0,5.0,2.0,3.0,0.64,4.0,3,21-378
Bhadrak,2026_02,Bhadrak,232,0.0,0.0,16185,13874,247661,9.14,9.99,14.4,46212.43,85.1,5.84,9.24,5.08,5.88,6.51,LST_ODISHA_2026_02.tif,3.0,5.0,2.0,3.0,0.64,4.0,5,21-378
Bhadrak,2026_03,Bhadrak,232,0.0,34.65,16185,13874,247661,9.14,9.99,14.4,46212.43,85.1,5.84,9.24,5.08,5.88,6.51,LST_ODISHA_2026_03.tif,4.0,5.0,2.0,3.0,0.7,4.0,3,21-378
Boudh,2021_01,Boudh,83,0.0,0.0,13914,18316,176208,10.89,8.39,8.79,29357.0,82.2,5.23,7.05,5.05,5.68,5.75,LST_ODISHA_2021_01.tif,3.0,4.0,1.0,3.0,0.27,2.0,3,21-391
Boudh,2021_02,Boudh,83,0.0,0.0,13914,18316,176208,10.89,8.39,8.79,29357.0,82.2,5.23,7.05,5.05,5.68,5.75,LST_ODISHA_2021_02.tif,2.0,4.0,1.0,3.0,0.14,1.0,3,21-391
Boudh,2021_03,Boudh,83,0.0,23.82,13914,18316,176208,10.89,8.39,8.79,29357.0,82.2,5.23,7.05,5.05,5.68,5.75,LST_ODISHA_2021_03.tif,2.0,4.0,1.0,3.0,0.4,2.0,4,21-391
Boudh,2021_04,Boudh,83,0.0,0.0,13914,18316,176208,10.89,8.39,8.79,29357.0,82.2,5.23,7.05,5.05,5.68,5.75,LST_ODISHA_2021_04.tif,3.0,4.0,1.0,3.0,0.32,2.0,4,21-391
Boudh,2021_05,Boudh,83,0.0,1.65,13914,18316,176208,10.89,8.39,8.79,29357.0,82.2,5.23,7.05,5.05,5.68,5.75,LST_ODISHA_2021_05.tif,3.0,4.0,1.0,4.0,0.43,3.0,3,21-391
Boudh,2021_06,Boudh,83,0.0,2.56,13914,18316,176208,10.89,8.39,8.79,29357.0,82.2,5.23,7.05,5.05,5.68,5.75,LST_ODISHA_2021_06.tif,4.0,4.0,1.0,4.0,0.59,3.0,4,21-391
Boudh,2021_07,Boudh,83,0.0,14.6,13914,18316,176208,10.89,8.39,8.79,29357.0,82.2,5.23,7.05,5.05,5.68,5.75,LST_ODISHA_2021_07.tif,2.0,4.0,1.0,4.0,0.4,2.0,4,21-391
Boudh,2021_08,Boudh,83,0.0,22.63,13914,18316,176208,10.89,8.39,8.79,29357.0,82.2,5.23,7.05,5.05,5.68,5.75,LST_ODISHA_2021_08.tif,3.0,4.0,1.0,3.0,0.51,3.0,2,21-391
Boudh,2021_09,Boudh,83,0.0,6.21,13914,18316,176208,10.89,8.39,8.79,29357.0,82.2,5.23,7.05,5.05,5.68,5.75,LST_ODISHA_2021_09.tif,5.0,4.0,1.0,3.0,0.69,4.0,4,21-391
Boudh,2021_10,Boudh,83,0.0,55.67,13914,18316,176208,10.89,8.39,8.79,29357.0,82.2,5.23,7.05,5.05,5.68,5.75,LST_ODISHA_2021_10.tif,4.0,4.0,1.0,3.0,0.62,4.0,4,21-391
Boudh,2021_11,Boudh,83,6488204.67,2.17,13914,18316,176208,10.89,8.39,8.79,29357.0,82.2,5.23,7.05,5.05,5.68,5.75,LST_ODISHA_2021_11.tif,3.0,4.0,1.0,3.0,0.43,3.0,3,21-391
Boudh,2021_12,Boudh,83,0.0,0.0,13914,18316,176208,10.89,8.39,8.79,29357.0,82.2,5.23,7.05,5.05,5.68,5.75,LST_ODISHA_2021_12.tif,3.0,4.0,1.0,3.0,0.32,2.0,3,21-391
Boudh,2022_01,Boudh,83,0.0,0.0,14486,18468,178907,10.89,8.39,8.79,29357.0,82.2,5.23,7.05,5.05,5.68,5.75,LST_ODISHA_2022_01.tif,3.0,4.0,1.0,3.0,0.52,3.0,3,21-391
Boudh,2022_02,Boudh,83,0.0,0.0,14486,18468,178907,10.89,8.39,8.79,29357.0,82.2,5.23,7.05,5.05,5.68,5.75,LST_ODISHA_2022_02.tif,3.0,4.0,1.0,3.0,0.52,3.0,3,21-391
Boudh,2022_03,Boudh,83,0.0,34.63,14486,18468,178907,10.89,8.39,8.79,29357.0,82.2,5.23,7.05,5.05,5.68,5.75,LST_ODISHA_2022_03.tif,2.0,4.0,1.0,3.0,0.4,2.0,4,21-391
Boudh,2022_04,Boudh,83,0.0,0.14,14486,18468,178907,10.89,8.39,8.79,29357.0,82.2,5.23,7.05,5.05,5.68,5.75,LST_ODISHA_2022_04.tif,2.0,4.0,1.0,3.0,0.32,2.0,4,21-391
Boudh,2022_05,Boudh,83,0.0,14.75,14486,18468,178907,10.89,8.39,8.79,29357.0,82.2,5.23,7.05,5.05,5.68,5.75,LST_ODISHA_2022_05.tif,4.0,4.0,1.0,3.0,0.62,4.0,4,21-391
Boudh,2022_06,Boudh,83,0.0,17.74,14486,18468,178907,10.89,8.39,8.79,29357.0,82.2,5.23,7.05,5.05,5.68,5.75,LST_ODISHA_2022_06.tif,3.0,4.0,1.0,3.0,0.51,3.0,3,21-391
Boudh,2022_07,Boudh,83,0.0,13.41,14486,18468,178907,10.89,8.39,8.79,29357.0,82.2,5.23,7.05,5.05,5.68,5.75,LST_ODISHA_2022_07.tif,4.0,4.0,1.0,3.0,0.62,4.0,3,21-391
Boudh,2022_08,Boudh,83,0.0,21.42,14486,18468,178907,10.89,8.39,8.79,29357.0,82.2,5.23,7.05,5.05,5.68,5.75,LST_ODISHA_2022_08.tif,3.0,4.0,1.0,3.0,0.51,3.0,5,21-391
Boudh,2022_09,Boudh,83,0.0,8.93,14486,18468,178907,10.89,8.39,8.79,29357.0,82.2,5.23,7.05,5.05,5.68,5.75,LST_ODISHA_2022_09.tif,3.0,4.0,1.0,3.0,0.43,3.0,5,21-391
Boudh,2022_10,Boudh,83,0.0,34.12,14486,18468,178907,10.89,8.39,8.79,29357.0,82.2,5.23,7.05,5.05,5.68,5.75,LST_ODISHA_2022_10.tif,4.0,4.0,1.0,3.0,0.62,4.0,3,21-391
Boudh,2022_11,Boudh,83,0.0,0.0,14486,18468,178907,10.89,8.39,8.79,29357.0,82.2,5.23,7.05,5.05,5.68,5.75,LST_ODISHA_2022_11.tif,3.0,4.0,1.0,3.0,0.32,2.0,2,21-391
Boudh,2022_12,Boudh,83,0.0,0.0,14486,18468,178907,10.89,8.39,8.79,29357.0,82.2,5.23,7.05,5.05,5.68,5.75,LST_ODISHA_2022_12.tif,3.0,4.0,1.0,3.0,0.32,2.0,3,21-391
Boudh,2023_01,Boudh,83,0.0,0.0,15058,18620,181606,10.89,8.39,8.79,29357.0,82.2,5.23,7.05,5.05,5.68,5.75,LST_ODISHA_2023_01.tif,3.0,4.0,1.0,3.0,0.52,3.0,2,21-391
Boudh,2023_02,Boudh,83,523709.67,0.0,15058,18620,181606,10.89,8.39,8.79,29357.0,82.2,5.23,7.05,5.05,5.68,5.75,LST_ODISHA_2023_02.tif,3.0,4.0,1.0,3.0,0.32,2.0,3,21-391
Boudh,2023_03,Boudh,83,0.0,10.39,15058,18620,181606,10.89,8.39,8.79,29357.0,82.2,5.23,7.05,5.05,5.68,5.75,LST_ODISHA_2023_03.tif,3.0,4.0,1.0,3.0,0.59,3.0,4,21-391
Boudh,2023_04,Boudh,83,0.0,0.0,15058,18620,181606,10.89,8.39,8.79,29357.0,82.2,5.23,7.05,5.05,5.68,5.75,LST_ODISHA_2023_04.tif,3.0,4.0,1.0,3.0,0.14,1.0,4,21-391
Boudh,2023_05,Boudh,83,0.0,3.7,15058,18620,181606,10.89,8.39,8.79,29357.0,82.2,5.23,7.05,5.05,5.68,5.75,LST_ODISHA_2023_05.tif,2.0,4.0,1.0,3.0,0.14,1.0,5,21-391
Boudh,2023_06,Boudh,83,0.0,23.07,15058,18620,181606,10.89,8.39,8.79,29357.0,82.2,5.23,7.05,5.05,5.68,5.75,LST_ODISHA_2023_06.tif,3.0,4.0,1.0,3.0,0.31,2.0,5,21-391
Boudh,2023_07,Boudh,83,0.0,33.31,15058,18620,181606,10.89,8.39,8.79,29357.0,82.2,5.23,7.05,5.05,5.68,5.75,LST_ODISHA_2023_07.tif,3.0,4.0,1.0,3.0,0.43,3.0,4,21-391
Boudh,2023_08,Boudh,83,0.0,17.7,15058,18620,181606,10.89,8.39,8.79,29357.0,82.2,5.23,7.05,5.05,5.68,5.75,LST_ODISHA_2023_08.tif,3.0,4.0,1.0,3.0,0.43,3.0,3,21-391
Boudh,2023_09,Boudh,83,0.0,33.03,15058,18620,181606,10.89,8.39,8.79,29357.0,82.2,5.23,7.05,5.05,5.68,5.75,LST_ODISHA_2023_09.tif,4.0,4.0,1.0,3.0,0.58,3.0,2,21-391
Boudh,2023_10,Boudh,83,0.0,41.09,15058,18620,181606,10.89,8.39,8.79,29357.0,82.2,5.23,7.05,5.05,5.68,5.75,LST_ODISHA_2023_10.tif,3.0,4.0,1.0,3.0,0.43,3.0,3,21-391
Boudh,2023_11,Boudh,83,0.0,5.67,15058,18620,181606,10.89,8.39,8.79,29357.0,82.2,5.23,7.05,5.05,5.68,5.75,LST_ODISHA_2023_11.tif,3.0,4.0,1.0,3.0,0.31,2.0,3,21-391
Boudh,2023_12,Boudh,83,0.0,0.0,15058,18620,181606,10.89,8.39,8.79,29357.0,82.2,5.23,7.05,5.05,5.68,5.75,LST_ODISHA_2023_12.tif,3.0,4.0,1.0,3.0,0.14,1.0,3,21-391
Boudh,2024_01,Boudh,83,0.0,0.0,15630,18772,184305,10.89,8.39,8.79,29357.0,82.2,5.23,7.05,5.05,5.68,5.75,LST_ODISHA_2024_01.tif,3.0,4.0,1.0,3.0,0.27,2.0,3,21-391
Boudh,2024_02,Boudh,83,0.0,0.34,15630,18772,184305,10.89,8.39,8.79,29357.0,82.2,5.23,7.05,5.05,5.68,5.75,LST_ODISHA_2024_02.tif,3.0,4.0,1.0,3.0,0.43,3.0,4,21-391
Boudh,2024_03,Boudh,83,0.0,35.61,15630,18772,184305,10.89,8.39,8.79,29357.0,82.2,5.23,7.05,5.05,5.68,5.75,LST_ODISHA_2024_03.tif,3.0,4.0,1.0,3.0,0.51,3.0,4,21-391
Boudh,2024_04,Boudh,83,0.0,4.56,15630,18772,184305,10.89,8.39,8.79,29357.0,82.2,5.23,7.05,5.05,5.68,5.75,LST_ODISHA_2024_04.tif,3.0,4.0,1.0,3.0,0.43,3.0,3,21-391
Boudh,2024_05,Boudh,83,0.0,30.18,15630,18772,184305,10.89,8.39,8.79,29357.0,82.2,5.23,7.05,5.05,5.68,5.75,LST_ODISHA_2024_05.tif,3.0,4.0,1.0,4.0,0.51,3.0,4,21-391
Boudh,2024_06,Boudh,83,2771150.33,49.92,15630,18772,184305,10.89,8.39,8.79,29357.0,82.2,5.23,7.05,5.05,5.68,5.75,LST_ODISHA_2024_06.tif,4.0,4.0,1.0,3.0,0.59,3.0,4,21-391
Boudh,2024_07,Boudh,83,0.0,19.12,15630,18772,184305,10.89,8.39,8.79,29357.0,82.2,5.23,7.05,5.05,5.68,5.75,LST_ODISHA_2024_07.tif,3.0,4.0,1.0,3.0,0.55,3.0,0,21-391
Boudh,2024_08,Boudh,83,0.0,2.98,15630,18772,184305,10.89,8.39,8.79,29357.0,82.2,5.23,7.05,5.05,5.68,5.75,LST_ODISHA_2024_08.tif,2.0,4.0,1.0,4.0,0.32,2.0,1,21-391
Boudh,2024_09,Boudh,83,0.0,21.11,15630,18772,184305,10.89,8.39,8.79,29357.0,82.2,5.23,7.05,5.05,5.68,5.75,LST_ODISHA_2024_09.tif,4.0,4.0,1.0,4.0,0.62,4.0,5,21-391
Boudh,2024_10,Boudh,83,0.0,75.64,15630,18772,184305,10.89,8.39,8.79,29357.0,82.2,5.23,7.05,5.05,5.68,5.75,LST_ODISHA_2024_10.tif,4.0,4.0,1.0,4.0,0.62,4.0,5,21-391
Boudh,2024_11,Boudh,83,0.0,1.61,15630,18772,184305,10.89,8.39,8.79,29357.0,82.2,5.23,7.05,5.05,5.68,5.75,LST_ODISHA_2024_11.tif,2.0,4.0,1.0,4.0,0.32,2.0,3,21-391
Boudh,2024_12,Boudh,83,0.0,0.0,15630,18772,184305,10.89,8.39,8.79,29357.0,82.2,5.23,7.05,5.05,5.68,5.75,LST_ODISHA_2024_12.tif,3.0,4.0,1.0,4.0,0.32,2.0,4,21-391
Boudh,2025_01,Boudh,83,0.0,0.0,16202,18924,187004,10.89,8.39,8.79,29357.0,82.2,5.23,7.05,5.05,5.68,5.75,LST_ODISHA_2025_01.tif,3.0,4.0,1.0,4.0,0.52,3.0,3,21-391
Boudh,2025_02,Boudh,83,0.0,0.0,16202,18924,187004,10.89,8.39,8.79,29357.0,82.2,5.23,7.05,5.05,5.68,5.75,LST_ODISHA_2025_02.tif,3.0,4.0,1.0,4.0,0.32,2.0,4,21-391
Boudh,2025_03,Boudh,83,0.0,42.05,16202,18924,187004,10.89,8.39,8.79,29357.0,82.2,5.23,7.05,5.05,5.68,5.75,LST_ODISHA_2025_03.tif,3.0,4.0,1.0,4.0,0.51,3.0,4,21-391
Boudh,2025_04,Boudh,83,0.0,0.91,16202,18924,187004,10.89,8.39,8.79,29357.0,82.2,5.23,7.05,5.05,5.68,5.75,LST_ODISHA_2025_04.tif,2.0,4.0,1.0,3.0,0.32,2.0,4,21-391
Boudh,2025_05,Boudh,83,0.0,14.4,16202,18924,187004,10.89,8.39,8.79,29357.0,82.2,5.23,7.05,5.05,5.68,5.75,LST_ODISHA_2025_05.tif,5.0,4.0,1.0,3.0,0.69,4.0,4,21-391
Boudh,2025_06,Boudh,83,0.0,0.76,16202,18924,187004,10.89,8.39,8.79,29357.0,82.2,5.23,7.05,5.05,5.68,5.75,LST_ODISHA_2025_06.tif,2.0,4.0,1.0,3.0,0.32,2.0,4,21-391
Boudh,2025_07,Boudh,83,1394613.25,23.43,16202,18924,187004,10.89,8.39,8.79,29357.0,82.2,5.23,7.05,5.05,5.68,5.75,LST_ODISHA_2025_07.tif,4.0,4.0,1.0,3.0,0.62,4.0,5,21-391
Boudh,2025_08,Boudh,83,0.0,24.35,16202,18924,187004,10.89,8.39,8.79,29357.0,82.2,5.23,7.05,5.05,5.68,5.75,LST_ODISHA_2025_08.tif,3.0,4.0,1.0,3.0,0.51,3.0,2,21-391
Boudh,2025_09,Boudh,83,0.0,18.17,16202,18924,187004,10.89,8.39,8.79,29357.0,82.2,5.23,7.05,5.05,5.68,5.75,LST_ODISHA_2025_09.tif,4.0,4.0,1.0,3.0,0.55,3.0,3,21-391
Boudh,2025_10,Boudh,83,0.0,39.88,16202,18924,187004,10.89,8.39,8.79,29357.0,82.2,5.23,7.05,5.05,5.68,5.75,LST_ODISHA_2025_10.tif,2.0,4.0,1.0,3.0,0.4,2.0,5,21-391
Boudh,2025_11,Boudh,83,0.0,0.41,16202,18924,187004,10.89,8.39,8.79,29357.0,82.2,5.23,7.05,5.05,5.68,5.75,LST_ODISHA_2025_11.tif,1.0,4.0,1.0,3.0,0.32,2.0,4,21-391
Boudh,2025_12,Boudh,83,0.0,0.0,16202,18924,187004,10.89,8.39,8.79,29357.0,82.2,5.23,7.05,5.05,5.68,5.75,LST_ODISHA_2025_12.tif,3.0,4.0,1.0,3.0,0.52,3.0,3,21-391
Boudh,2026_01,Boudh,83,0.0,0.0,16774,19075,189703,10.89,8.39,8.79,29357.0,82.2,5.23,7.05,5.05,5.68,5.75,LST_ODISHA_2026_01.tif,3.0,4.0,1.0,3.0,0.52,3.0,4,21-391
Boudh,2026_02,Boudh,83,0.0,0.0,16774,19075,189703,10.89,8.39,8.79,29357.0,82.2,5.23,7.05,5.05,5.68,5.75,LST_ODISHA_2026_02.tif,3.0,4.0,1.0,3.0,0.52,3.0,4,21-391
Boudh,2026_03,Boudh,83,0.0,26.79,16774,19075,189703,10.89,8.39,8.79,29357.0,82.2,5.23,7.05,5.05,5.68,5.75,LST_ODISHA_2026_03.tif,3.0,4.0,1.0,3.0,0.51,3.0,5,21-391
Cuttack,2021_01,Cuttack,393,0.0,0.0,12859,9945,208519,11.09,12.75,12.6,46350.86,74.0,8.78,11.28,4.58,6.82,7.86,LST_ODISHA_2021_01.tif,3.0,4.0,1.0,3.0,0.27,2.0,4,21-381
Cuttack,2021_02,Cuttack,393,0.0,0.0,12859,9945,208519,11.09,12.75,12.6,46350.86,74.0,8.78,11.28,4.58,6.82,7.86,LST_ODISHA_2021_02.tif,2.0,4.0,1.0,3.0,0.14,1.0,5,21-381
Cuttack,2021_03,Cuttack,393,0.0,32.4,12859,9945,208519,11.09,12.75,12.6,46350.86,74.0,8.78,11.28,4.58,6.82,7.86,LST_ODISHA_2021_03.tif,3.0,4.0,1.0,3.0,0.51,3.0,4,21-381
Cuttack,2021_04,Cuttack,393,0.0,0.0,12859,9945,208519,11.09,12.75,12.6,46350.86,74.0,8.78,11.28,4.58,6.82,7.86,LST_ODISHA_2021_04.tif,3.0,4.0,1.0,3.0,0.32,2.0,3,21-381
Cuttack,2021_05,Cuttack,393,299923.5,2.36,12859,9945,208519,11.09,12.75,12.6,46350.86,74.0,8.78,11.28,4.58,6.82,7.86,LST_ODISHA_2021_05.tif,3.0,4.0,1.0,3.0,0.37,2.0,3,21-381
Cuttack,2021_06,Cuttack,393,577184.29,0.8,12859,9945,208519,11.09,12.75,12.6,46350.86,74.0,8.78,11.28,4.58,6.82,7.86,LST_ODISHA_2021_06.tif,2.0,4.0,1.0,3.0,0.25,2.0,3,21-381
Cuttack,2021_07,Cuttack,393,0.0,19.61,12859,9945,208519,11.09,12.75,12.6,46350.86,74.0,8.78,11.28,4.58,6.82,7.86,LST_ODISHA_2021_07.tif,4.0,4.0,1.0,3.0,0.59,3.0,1,21-381
Cuttack,2021_08,Cuttack,393,0.0,25.42,12859,9945,208519,11.09,12.75,12.6,46350.86,74.0,8.78,11.28,4.58,6.82,7.86,LST_ODISHA_2021_08.tif,4.0,4.0,1.0,3.0,0.62,4.0,2,21-381
Cuttack,2021_09,Cuttack,393,0.0,2.05,12859,9945,208519,11.09,12.75,12.6,46350.86,74.0,8.78,11.28,4.58,6.82,7.86,LST_ODISHA_2021_09.tif,2.0,4.0,1.0,3.0,0.4,2.0,3,21-381
Cuttack,2021_10,Cuttack,393,0.0,53.06,12859,9945,208519,11.09,12.75,12.6,46350.86,74.0,8.78,11.28,4.58,6.82,7.86,LST_ODISHA_2021_10.tif,3.0,4.0,1.0,3.0,0.51,3.0,4,21-381
Cuttack,2021_11,Cuttack,393,0.0,1.83,12859,9945,208519,11.09,12.75,12.6,46350.86,74.0,8.78,11.28,4.58,6.82,7.86,LST_ODISHA_2021_11.tif,3.0,4.0,1.0,3.0,0.43,3.0,4,21-381
Cuttack,2021_12,Cuttack,393,0.0,0.0,12859,9945,208519,11.09,12.75,12.6,46350.86,74.0,8.78,11.28,4.58,6.82,7.86,LST_ODISHA_2021_12.tif,3.0,4.0,1.0,3.0,0.32,2.0,3,21-381
Cuttack,2022_01,Cuttack,393,39250.0,0.0,13308,9973,210906,11.09,12.75,12.6,46350.86,74.0,8.78,11.28,4.58,6.82,7.86,LST_ODISHA_2022_01.tif,3.0,4.0,1.0,3.0,0.52,3.0,4,21-381
Cuttack,2022_02,Cuttack,393,0.0,0.0,13308,9973,210906,11.09,12.75,12.6,46350.86,74.0,8.78,11.28,4.58,6.82,7.86,LST_ODISHA_2022_02.tif,3.0,4.0,1.0,3.0,0.52,3.0,4,21-381
Cuttack,2022_03,Cuttack,393,227702.36,37.5,13308,9973,210906,11.09,12.75,12.6,46350.86,74.0,8.78,11.28,4.58,6.82,7.86,LST_ODISHA_2022_03.tif,3.0,4.0,1.0,3.0,0.51,3.0,3,21-381
Cuttack,2022_04,Cuttack,393,0.0,5.69,13308,9973,210906,11.09,12.75,12.6,46350.86,74.0,8.78,11.28,4.58,6.82,7.86,LST_ODISHA_2022_04.tif,5.0,4.0,1.0,3.0,0.69,4.0,2,21-381
Cuttack,2022_05,Cuttack,393,0.0,4.62,13308,9973,210906,11.09,12.75,12.6,46350.86,74.0,8.78,11.28,4.58,6.82,7.86,LST_ODISHA_2022_05.tif,2.0,4.0,1.0,3.0,0.4,2.0,3,21-381
Cuttack,2022_06,Cuttack,393,0.0,14.14,13308,9973,210906,11.09,12.75,12.6,46350.86,74.0,8.78,11.28,4.58,6.82,7.86,LST_ODISHA_2022_06.tif,2.0,4.0,1.0,3.0,0.4,2.0,2,21-381
Cuttack,2022_07,Cuttack,393,0.0,9.78,13308,9973,210906,11.09,12.75,12.6,46350.86,74.0,8.78,11.28,4.58,6.82,7.86,LST_ODISHA_2022_07.tif,2.0,4.0,1.0,3.0,0.4,2.0,3,21-381
Cuttack,2022_08,Cuttack,393,0.0,19.15,13308,9973,210906,11.09,12.75,12.6,46350.86,74.0,8.78,11.28,4.58,6.82,7.86,LST_ODISHA_2022_08.tif,3.0,4.0,1.0,3.0,0.51,3.0,4,21-381
Cuttack,2022_09,Cuttack,393,0.0,9.7,13308,9973,210906,11.09,12.75,12.6,46350.86,74.0,8.78,11.28,4.58,6.82,7.86,LST_ODISHA_2022_09.tif,3.0,4.0,1.0,3.0,0.43,3.0,3,21-381
Cuttack,2022_10,Cuttack,393,0.0,33.48,13308,9973,210906,11.09,12.75,12.6,46350.86,74.0,8.78,11.28,4.58,6.82,7.86,LST_ODISHA_2022_10.tif,4.0,4.0,1.0,3.0,0.62,4.0,4,21-381
Cuttack,2022_11,Cuttack,393,0.0,0.0,13308,9973,210906,11.09,12.75,12.6,46350.86,74.0,8.78,11.28,4.58,6.82,7.86,LST_ODISHA_2022_11.tif,3.0,4.0,1.0,3.0,0.32,2.0,4,21-381
Cuttack,2022_12,Cuttack,393,0.0,0.0,13308,9973,210906,11.09,12.75,12.6,46350.86,74.0,8.78,11.28,4.58,6.82,7.86,LST_ODISHA_2022_12.tif,3.0,4.0,1.0,3.0,0.32,2.0,5,21-381
Cuttack,2023_01,Cuttack,393,0.0,0.0,13756,10001,213292,11.09,12.75,12.6,46350.86,74.0,8.78,11.28,4.58,6.82,7.86,LST_ODISHA_2023_01.tif,3.0,4.0,1.0,3.0,0.52,3.0,4,21-381
Cuttack,2023_02,Cuttack,393,0.0,0.0,13756,10001,213292,11.09,12.75,12.6,46350.86,74.0,8.78,11.28,4.58,6.82,7.86,LST_ODISHA_2023_02.tif,3.0,4.0,1.0,3.0,0.32,2.0,5,21-381
Cuttack,2023_03,Cuttack,393,0.0,15.96,13756,10001,213292,11.09,12.75,12.6,46350.86,74.0,8.78,11.28,4.58,6.82,7.86,LST_ODISHA_2023_03.tif,4.0,4.0,1.0,3.0,0.69,4.0,4,21-381
Cuttack,2023_04,Cuttack,393,0.0,0.87,13756,10001,213292,11.09,12.75,12.6,46350.86,74.0,8.78,11.28,4.58,6.82,7.86,LST_ODISHA_2023_04.tif,3.0,4.0,1.0,3.0,0.14,1.0,2,21-381
Cuttack,2023_05,Cuttack,393,0.0,13.44,13756,10001,213292,11.09,12.75,12.6,46350.86,74.0,8.78,11.28,4.58,6.82,7.86,LST_ODISHA_2023_05.tif,4.0,4.0,1.0,3.0,0.53,3.0,2,21-381
Cuttack,2023_06,Cuttack,393,0.0,26.21,13756,10001,213292,11.09,12.75,12.6,46350.86,74.0,8.78,11.28,4.58,6.82,7.86,LST_ODISHA_2023_06.tif,3.0,4.0,1.0,3.0,0.31,2.0,3,21-381
Cuttack,2023_07,Cuttack,393,0.0,40.48,13756,10001,213292,11.09,12.75,12.6,46350.86,74.0,8.78,11.28,4.58,6.82,7.86,LST_ODISHA_2023_07.tif,4.0,4.0,1.0,3.0,0.58,3.0,1,21-381
Cuttack,2023_08,Cuttack,393,0.0,21.24,13756,10001,213292,11.09,12.75,12.6,46350.86,74.0,8.78,11.28,4.58,6.82,7.86,LST_ODISHA_2023_08.tif,4.0,4.0,1.0,3.0,0.58,3.0,2,21-381
Cuttack,2023_09,Cuttack,393,0.0,34.57,13756,10001,213292,11.09,12.75,12.6,46350.86,74.0,8.78,11.28,4.58,6.82,7.86,LST_ODISHA_2023_09.tif,4.0,4.0,1.0,3.0,0.58,3.0,4,21-381
Cuttack,2023_10,Cuttack,393,0.0,45.65,13756,10001,213292,11.09,12.75,12.6,46350.86,74.0,8.78,11.28,4.58,6.82,7.86,LST_ODISHA_2023_10.tif,4.0,4.0,1.0,3.0,0.58,3.0,5,21-381
Cuttack,2023_11,Cuttack,393,0.0,4.58,13756,10001,213292,11.09,12.75,12.6,46350.86,74.0,8.78,11.28,4.58,6.82,7.86,LST_ODISHA_2023_11.tif,3.0,4.0,1.0,3.0,0.31,2.0,4,21-381
Cuttack,2023_12,Cuttack,393,0.0,0.0,13756,10001,213292,11.09,12.75,12.6,46350.86,74.0,8.78,11.28,4.58,6.82,7.86,LST_ODISHA_2023_12.tif,3.0,4.0,1.0,3.0,0.14,1.0,4,21-381
Cuttack,2024_01,Cuttack,393,0.0,0.0,14205,10029,215678,11.09,12.75,12.6,46350.86,74.0,8.78,11.28,4.58,6.82,7.86,LST_ODISHA_2024_01.tif,3.0,4.0,1.0,3.0,0.27,2.0,3,21-381
Cuttack,2024_02,Cuttack,393,0.0,0.42,14205,10029,215678,11.09,12.75,12.6,46350.86,74.0,8.78,11.28,4.58,6.82,7.86,LST_ODISHA_2024_02.tif,3.0,4.0,1.0,3.0,0.43,3.0,5,21-381
Cuttack,2024_03,Cuttack,393,25629.86,44.83,14205,10029,215678,11.09,12.75,12.6,46350.86,74.0,8.78,11.28,4.58,6.82,7.86,LST_ODISHA_2024_03.tif,5.0,4.0,1.0,3.0,0.69,4.0,3,21-381
Cuttack,2024_04,Cuttack,393,1270033.0,13.17,14205,10029,215678,11.09,12.75,12.6,46350.86,74.0,8.78,11.28,4.58,6.82,7.86,LST_ODISHA_2024_04.tif,4.0,4.0,1.0,3.0,0.59,3.0,4,21-381
Cuttack,2024_05,Cuttack,393,0.0,32.0,14205,10029,215678,11.09,12.75,12.6,46350.86,74.0,8.78,11.28,4.58,6.82,7.86,LST_ODISHA_2024_05.tif,3.0,4.0,1.0,3.0,0.46,3.0,1,21-381
Cuttack,2024_06,Cuttack,393,542549.43,35.79,14205,10029,215678,11.09,12.75,12.6,46350.86,74.0,8.78,11.28,4.58,6.82,7.86,LST_ODISHA_2024_06.tif,3.0,4.0,1.0,3.0,0.46,3.0,3,21-381
Cuttack,2024_07,Cuttack,393,0.0,21.34,14205,10029,215678,11.09,12.75,12.6,46350.86,74.0,8.78,11.28,4.58,6.82,7.86,LST_ODISHA_2024_07.tif,3.0,4.0,1.0,3.0,0.55,3.0,1,21-381
Cuttack,2024_08,Cuttack,393,0.0,6.53,14205,10029,215678,11.09,12.75,12.6,46350.86,74.0,8.78,11.28,4.58,6.82,7.86,LST_ODISHA_2024_08.tif,3.0,4.0,1.0,3.0,0.37,2.0,2,21-381
Cuttack,2024_09,Cuttack,393,1397961.93,21.65,14205,10029,215678,11.09,12.75,12.6,46350.86,74.0,8.78,11.28,4.58,6.82,7.86,LST_ODISHA_2024_09.tif,4.0,4.0,1.0,3.0,0.59,3.0,4,21-381
Cuttack,2024_10,Cuttack,393,0.0,72.76,14205,10029,215678,11.09,12.75,12.6,46350.86,74.0,8.78,11.28,4.58,6.82,7.86,LST_ODISHA_2024_10.tif,3.0,4.0,1.0,3.0,0.46,3.0,5,21-381
Cuttack,2024_11,Cuttack,393,0.0,3.59,14205,10029,215678,11.09,12.75,12.6,46350.86,74.0,8.78,11.28,4.58,6.82,7.86,LST_ODISHA_2024_11.tif,3.0,4.0,1.0,3.0,0.37,2.0,4,21-381
Cuttack,2024_12,Cuttack,393,0.0,0.0,14205,10029,215678,11.09,12.75,12.6,46350.86,74.0,8.78,11.28,4.58,6.82,7.86,LST_ODISHA_2024_12.tif,3.0,4.0,1.0,3.0,0.25,2.0,4,21-381
Cuttack,2025_01,Cuttack,393,0.0,0.0,14653,10057,218065,11.09,12.75,12.6,46350.86,74.0,8.78,11.28,4.58,6.82,7.86,LST_ODISHA_2025_01.tif,3.0,4.0,1.0,3.0,0.42,3.0,4,21-381
Cuttack,2025_02,Cuttack,393,20411.0,0.0,14653,10057,218065,11.09,12.75,12.6,46350.86,74.0,8.78,11.28,4.58,6.82,7.86,LST_ODISHA_2025_02.tif,3.0,4.0,1.0,3.0,0.25,2.0,4,21-381
Cuttack,2025_03,Cuttack,393,100759.14,39.68,14653,10057,218065,11.09,12.75,12.6,46350.86,74.0,8.78,11.28,4.58,6.82,7.86,LST_ODISHA_2025_03.tif,3.0,4.0,1.0,3.0,0.46,3.0,3,21-381
Cuttack,2025_04,Cuttack,393,45921.86,10.05,14653,10057,218065,11.09,12.75,12.6,46350.86,74.0,8.78,11.28,4.58,6.82,7.86,LST_ODISHA_2025_04.tif,5.0,4.0,1.0,3.0,0.69,4.0,2,21-381
Cuttack,2025_05,Cuttack,393,56100.93,3.02,14653,10057,218065,11.09,12.75,12.6,46350.86,74.0,8.78,11.28,4.58,6.82,7.86,LST_ODISHA_2025_05.tif,2.0,4.0,1.0,3.0,0.32,2.0,4,21-381
Cuttack,2025_06,Cuttack,393,0.0,2.14,14653,10057,218065,11.09,12.75,12.6,46350.86,74.0,8.78,11.28,4.58,6.82,7.86,LST_ODISHA_2025_06.tif,3.0,4.0,1.0,3.0,0.43,3.0,2,21-381
Cuttack,2025_07,Cuttack,393,2062667.32,19.47,14653,10057,218065,11.09,12.75,12.6,46350.86,74.0,8.78,11.28,4.58,6.82,7.86,LST_ODISHA_2025_07.tif,3.0,4.0,1.0,3.0,0.51,3.0,1,21-381
Cuttack,2025_08,Cuttack,393,0.0,24.84,14653,10057,218065,11.09,12.75,12.6,46350.86,74.0,8.78,11.28,4.58,6.82,7.86,LST_ODISHA_2025_08.tif,3.0,4.0,1.0,3.0,0.51,3.0,3,21-381
Cuttack,2025_09,Cuttack,393,793778.64,10.17,14653,10057,218065,11.09,12.75,12.6,46350.86,74.0,8.78,11.28,4.58,6.82,7.86,LST_ODISHA_2025_09.tif,2.0,4.0,1.0,3.0,0.25,2.0,5,21-381
Cuttack,2025_10,Cuttack,393,510204.36,44.43,14653,10057,218065,11.09,12.75,12.6,46350.86,74.0,8.78,11.28,4.58,6.82,7.86,LST_ODISHA_2025_10.tif,4.0,4.0,1.0,3.0,0.62,4.0,5,21-381
Cuttack,2025_11,Cuttack,393,0.0,3.28,14653,10057,218065,11.09,12.75,12.6,46350.86,74.0,8.78,11.28,4.58,6.82,7.86,LST_ODISHA_2025_11.tif,4.0,4.0,1.0,3.0,0.62,4.0,5,21-381
Cuttack,2025_12,Cuttack,393,0.0,0.0,14653,10057,218065,11.09,12.75,12.6,46350.86,74.0,8.78,11.28,4.58,6.82,7.86,LST_ODISHA_2025_12.tif,3.0,4.0,1.0,3.0,0.52,3.0,4,21-381
Cuttack,2026_01,Cuttack,393,0.0,0.0,15102,10084,220451,11.09,12.75,12.6,46350.86,74.0,8.78,11.28,4.58,6.82,7.86,LST_ODISHA_2026_01.tif,3.0,4.0,1.0,3.0,0.52,3.0,5,21-381
Cuttack,2026_02,Cuttack,393,0.0,0.0,15102,10084,220451,11.09,12.75,12.6,46350.86,74.0,8.78,11.28,4.58,6.82,7.86,LST_ODISHA_2026_02.tif,3.0,4.0,1.0,3.0,0.52,3.0,5,21-381
Cuttack,2026_03,Cuttack,393,0.0,29.34,15102,10084,220451,11.09,12.75,12.6,46350.86,74.0,8.78,11.28,4.58,6.82,7.86,LST_ODISHA_2026_03.tif,3.0,4.0,1.0,3.0,0.51,3.0,4,21-381
Deogarh,2021_01,Deogarh,53,0.0,0.0,7506,8948,118912,10.14,17.22,15.61,22997.67,86.87,4.45,7.91,5.47,7.8,6.41,LST_ODISHA_2021_01.tif,3.0,2.0,1.0,3.0,0.1,1.0,1,21-373
Deogarh,2021_02,Deogarh,53,0.0,0.1,7506,8948,118912,10.14,17.22,15.61,22997.67,86.87,4.45,7.91,5.47,7.8,6.41,LST_ODISHA_2021_02.tif,3.0,2.0,1.0,3.0,0.28,2.0,2,21-373
Deogarh,2021_03,Deogarh,53,0.0,34.47,7506,8948,118912,10.14,17.22,15.61,22997.67,86.87,4.45,7.91,5.47,7.8,6.41,LST_ODISHA_2021_03.tif,4.0,2.0,1.0,3.0,0.6,4.0,2,21-373
Deogarh,2021_04,Deogarh,53,0.0,0.0,7506,8948,118912,10.14,17.22,15.61,22997.67,86.87,4.45,7.91,5.47,7.8,6.41,LST_ODISHA_2021_04.tif,3.0,2.0,1.0,3.0,0.31,2.0,2,21-373
Deogarh,2021_05,Deogarh,53,0.0,4.54,7506,8948,118912,10.14,17.22,15.61,22997.67,86.87,4.45,7.91,5.47,7.8,6.41,LST_ODISHA_2021_05.tif,4.0,2.0,1.0,4.0,0.57,3.0,1,21-373
Deogarh,2021_06,Deogarh,53,0.0,0.86,7506,8948,118912,10.14,17.22,15.61,22997.67,86.87,4.45,7.91,5.47,7.8,6.41,LST_ODISHA_2021_06.tif,2.0,2.0,1.0,4.0,0.31,2.0,2,21-373
Deogarh,2021_07,Deogarh,53,0.0,17.98,7506,8948,118912,10.14,17.22,15.61,22997.67,86.87,4.45,7.91,5.47,7.8,6.41,LST_ODISHA_2021_07.tif,3.0,2.0,1.0,4.0,0.49,3.0,2,21-373
Deogarh,2021_08,Deogarh,53,0.0,19.5,7506,8948,118912,10.14,17.22,15.61,22997.67,86.87,4.45,7.91,5.47,7.8,6.41,LST_ODISHA_2021_08.tif,2.0,2.0,1.0,3.0,0.38,2.0,3,21-373
Deogarh,2021_09,Deogarh,53,0.0,2.37,7506,8948,118912,10.14,17.22,15.61,22997.67,86.87,4.45,7.91,5.47,7.8,6.41,LST_ODISHA_2021_09.tif,2.0,2.0,1.0,3.0,0.38,2.0,3,21-373
Deogarh,2021_10,Deogarh,53,0.0,54.14,7506,8948,118912,10.14,17.22,15.61,22997.67,86.87,4.45,7.91,5.47,7.8,6.41,LST_ODISHA_2021_10.tif,4.0,2.0,1.0,3.0,0.6,4.0,2,21-373
Deogarh,2021_11,Deogarh,53,0.0,0.57,7506,8948,118912,10.14,17.22,15.61,22997.67,86.87,4.45,7.91,5.47,7.8,6.41,LST_ODISHA_2021_11.tif,2.0,2.0,1.0,3.0,0.31,2.0,2,21-373
Deogarh,2021_12,Deogarh,53,0.0,0.0,7506,8948,118912,10.14,17.22,15.61,22997.67,86.87,4.45,7.91,5.47,7.8,6.41,LST_ODISHA_2021_12.tif,3.0,2.0,1.0,3.0,0.31,2.0,2,21-373
Deogarh,2022_01,Deogarh,53,0.0,0.0,7791,8991,120520,10.14,17.22,15.61,22997.67,86.87,4.45,7.91,5.47,7.8,6.41,LST_ODISHA_2022_01.tif,3.0,2.0,1.0,3.0,0.48,3.0,1,21-373
Deogarh,2022_02,Deogarh,53,0.0,0.0,7791,8991,120520,10.14,17.22,15.61,22997.67,86.87,4.45,7.91,5.47,7.8,6.41,LST_ODISHA_2022_02.tif,3.0,2.0,1.0,3.0,0.48,3.0,1,21-373
Deogarh,2022_03,Deogarh,53,0.0,38.15,7791,8991,120520,10.14,17.22,15.61,22997.67,86.87,4.45,7.91,5.47,7.8,6.41,LST_ODISHA_2022_03.tif,4.0,2.0,1.0,3.0,0.6,4.0,1,21-373
Deogarh,2022_04,Deogarh,53,0.0,0.64,7791,8991,120520,10.14,17.22,15.61,22997.67,86.87,4.45,7.91,5.47,7.8,6.41,LST_ODISHA_2022_04.tif,2.0,2.0,1.0,3.0,0.31,2.0,3,21-373
Deogarh,2022_05,Deogarh,53,0.0,15.66,7791,8991,120520,10.14,17.22,15.61,22997.67,86.87,4.45,7.91,5.47,7.8,6.41,LST_ODISHA_2022_05.tif,4.0,2.0,1.0,3.0,0.6,4.0,3,21-373
Deogarh,2022_06,Deogarh,53,0.0,26.67,7791,8991,120520,10.14,17.22,15.61,22997.67,86.87,4.45,7.91,5.47,7.8,6.41,LST_ODISHA_2022_06.tif,5.0,2.0,1.0,3.0,0.68,4.0,1,21-373
Deogarh,2022_07,Deogarh,53,0.0,10.5,7791,8991,120520,10.14,17.22,15.61,22997.67,86.87,4.45,7.91,5.47,7.8,6.41,LST_ODISHA_2022_07.tif,3.0,2.0,1.0,3.0,0.49,3.0,4,21-373
Deogarh,2022_08,Deogarh,53,0.0,16.25,7791,8991,120520,10.14,17.22,15.61,22997.67,86.87,4.45,7.91,5.47,7.8,6.41,LST_ODISHA_2022_08.tif,2.0,2.0,1.0,3.0,0.38,2.0,3,21-373
Deogarh,2022_09,Deogarh,53,0.0,7.13,7791,8991,120520,10.14,17.22,15.61,22997.67,86.87,4.45,7.91,5.47,7.8,6.41,LST_ODISHA_2022_09.tif,2.0,2.0,1.0,3.0,0.31,2.0,5,21-373
Deogarh,2022_10,Deogarh,53,0.0,31.35,7791,8991,120520,10.14,17.22,15.61,22997.67,86.87,4.45,7.91,5.47,7.8,6.41,LST_ODISHA_2022_10.tif,3.0,2.0,1.0,3.0,0.49,3.0,3,21-373
Deogarh,2022_11,Deogarh,53,0.0,0.0,7791,8991,120520,10.14,17.22,15.61,22997.67,86.87,4.45,7.91,5.47,7.8,6.41,LST_ODISHA_2022_11.tif,3.0,2.0,1.0,3.0,0.31,2.0,2,21-373
Deogarh,2022_12,Deogarh,53,0.0,0.0,7791,8991,120520,10.14,17.22,15.61,22997.67,86.87,4.45,7.91,5.47,7.8,6.41,LST_ODISHA_2022_12.tif,3.0,2.0,1.0,3.0,0.31,2.0,2,21-373
Deogarh,2023_01,Deogarh,53,0.0,0.0,8075,9034,122127,10.14,17.22,15.61,22997.67,86.87,4.45,7.91,5.47,7.8,6.41,LST_ODISHA_2023_01.tif,3.0,2.0,1.0,3.0,0.48,3.0,2,21-373
Deogarh,2023_02,Deogarh,53,0.0,0.0,8075,9034,122127,10.14,17.22,15.61,22997.67,86.87,4.45,7.91,5.47,7.8,6.41,LST_ODISHA_2023_02.tif,3.0,2.0,1.0,3.0,0.31,2.0,2,21-373
Deogarh,2023_03,Deogarh,53,0.0,12.26,8075,9034,122127,10.14,17.22,15.61,22997.67,86.87,4.45,7.91,5.47,7.8,6.41,LST_ODISHA_2023_03.tif,3.0,2.0,1.0,3.0,0.57,3.0,3,21-373
Deogarh,2023_04,Deogarh,53,0.0,0.0,8075,9034,122127,10.14,17.22,15.61,22997.67,86.87,4.45,7.91,5.47,7.8,6.41,LST_ODISHA_2023_04.tif,3.0,2.0,1.0,3.0,0.05,1.0,4,21-373
Deogarh,2023_05,Deogarh,53,0.0,5.62,8075,9034,122127,10.14,17.22,15.61,22997.67,86.87,4.45,7.91,5.47,7.8,6.41,LST_ODISHA_2023_05.tif,3.0,2.0,1.0,3.0,0.28,2.0,4,21-373
Deogarh,2023_06,Deogarh,53,0.0,25.28,8075,9034,122127,10.14,17.22,15.61,22997.67,86.87,4.45,7.91,5.47,7.8,6.41,LST_ODISHA_2023_06.tif,3.0,2.0,1.0,3.0,0.28,2.0,3,21-373
Deogarh,2023_07,Deogarh,53,0.0,40.85,8075,9034,122127,10.14,17.22,15.61,22997.67,86.87,4.45,7.91,5.47,7.8,6.41,LST_ODISHA_2023_07.tif,4.0,2.0,1.0,3.0,0.56,3.0,1,21-373
Deogarh,2023_08,Deogarh,53,0.0,18.5,8075,9034,122127,10.14,17.22,15.61,22997.67,86.87,4.45,7.91,5.47,7.8,6.41,LST_ODISHA_2023_08.tif,3.0,2.0,1.0,3.0,0.41,3.0,2,21-373
Deogarh,2023_09,Deogarh,53,0.0,35.54,8075,9034,122127,10.14,17.22,15.61,22997.67,86.87,4.45,7.91,5.47,7.8,6.41,LST_ODISHA_2023_09.tif,5.0,2.0,1.0,3.0,0.65,4.0,4,21-373
Deogarh,2023_10,Deogarh,53,0.0,43.0,8075,9034,122127,10.14,17.22,15.61,22997.67,86.87,4.45,7.91,5.47,7.8,6.41,LST_ODISHA_2023_10.tif,3.0,2.0,1.0,3.0,0.41,3.0,3,21-373
Deogarh,2023_11,Deogarh,53,0.0,2.61,8075,9034,122127,10.14,17.22,15.61,22997.67,86.87,4.45,7.91,5.47,7.8,6.41,LST_ODISHA_2023_11.tif,2.0,2.0,1.0,3.0,0.05,1.0,2,21-373
Deogarh,2023_12,Deogarh,53,0.0,0.0,8075,9034,122127,10.14,17.22,15.61,22997.67,86.87,4.45,7.91,5.47,7.8,6.41,LST_ODISHA_2023_12.tif,3.0,2.0,1.0,3.0,0.05,1.0,1,21-373
Deogarh,2024_01,Deogarh,53,0.0,0.0,8360,9078,123735,10.14,17.22,15.61,22997.67,86.87,4.45,7.91,5.47,7.8,6.41,LST_ODISHA_2024_01.tif,3.0,2.0,1.0,3.0,0.1,1.0,1,21-373
Deogarh,2024_02,Deogarh,53,0.0,0.0,8360,9078,123735,10.14,17.22,15.61,22997.67,86.87,4.45,7.91,5.47,7.8,6.41,LST_ODISHA_2024_02.tif,2.0,2.0,1.0,3.0,0.31,2.0,1,21-373
Deogarh,2024_03,Deogarh,53,0.0,36.77,8360,9078,123735,10.14,17.22,15.61,22997.67,86.87,4.45,7.91,5.47,7.8,6.41,LST_ODISHA_2024_03.tif,3.0,2.0,1.0,3.0,0.49,3.0,2,21-373
Deogarh,2024_04,Deogarh,53,0.0,1.31,8360,9078,123735,10.14,17.22,15.61,22997.67,86.87,4.45,7.91,5.47,7.8,6.41,LST_ODISHA_2024_04.tif,2.0,2.0,1.0,3.0,0.31,2.0,3,21-373
Deogarh,2024_05,Deogarh,53,0.0,26.93,8360,9078,123735,10.14,17.22,15.61,22997.67,86.87,4.45,7.91,5.47,7.8,6.41,LST_ODISHA_2024_05.tif,2.0,2.0,1.0,4.0,0.38,2.0,1,21-373
Deogarh,2024_06,Deogarh,53,0.0,49.19,8360,9078,123735,10.14,17.22,15.61,22997.67,86.87,4.45,7.91,5.47,7.8,6.41,LST_ODISHA_2024_06.tif,4.0,2.0,1.0,4.0,0.6,4.0,2,21-373
Deogarh,2024_07,Deogarh,53,0.0,26.05,8360,9078,123735,10.14,17.22,15.61,22997.67,86.87,4.45,7.91,5.47,7.8,6.41,LST_ODISHA_2024_07.tif,4.0,2.0,1.0,4.0,0.68,4.0,3,21-373
Deogarh,2024_08,Deogarh,53,0.0,2.73,8360,9078,123735,10.14,17.22,15.61,22997.67,86.87,4.45,7.91,5.47,7.8,6.41,LST_ODISHA_2024_08.tif,2.0,2.0,1.0,4.0,0.31,2.0,3,21-373
Deogarh,2024_09,Deogarh,53,0.0,22.02,8360,9078,123735,10.14,17.22,15.61,22997.67,86.87,4.45,7.91,5.47,7.8,6.41,LST_ODISHA_2024_09.tif,4.0,2.0,1.0,4.0,0.6,4.0,4,21-373
Deogarh,2024_10,Deogarh,53,0.0,72.14,8360,9078,123735,10.14,17.22,15.61,22997.67,86.87,4.45,7.91,5.47,7.8,6.41,LST_ODISHA_2024_10.tif,3.0,2.0,1.0,4.0,0.49,3.0,4,21-373
Deogarh,2024_11,Deogarh,53,0.0,1.49,8360,9078,123735,10.14,17.22,15.61,22997.67,86.87,4.45,7.91,5.47,7.8,6.41,LST_ODISHA_2024_11.tif,2.0,2.0,1.0,4.0,0.31,2.0,3,21-373
Deogarh,2024_12,Deogarh,53,0.0,0.0,8360,9078,123735,10.14,17.22,15.61,22997.67,86.87,4.45,7.91,5.47,7.8,6.41,LST_ODISHA_2024_12.tif,3.0,2.0,1.0,4.0,0.31,2.0,2,21-373
Deogarh,2025_01,Deogarh,53,0.0,0.0,8645,9121,125342,10.14,17.22,15.61,22997.67,86.87,4.45,7.91,5.47,7.8,6.41,LST_ODISHA_2025_01.tif,3.0,2.0,3.0,4.0,0.71,4.0,2,21-373
Deogarh,2025_02,Deogarh,53,0.0,0.0,8645,9121,125342,10.14,17.22,15.61,22997.67,86.87,4.45,7.91,5.47,7.8,6.41,LST_ODISHA_2025_02.tif,3.0,2.0,3.0,4.0,0.37,2.0,2,21-373
Deogarh,2025_03,Deogarh,53,0.0,44.29,8645,9121,125342,10.14,17.22,15.61,22997.67,86.87,4.45,7.91,5.47,7.8,6.41,LST_ODISHA_2025_03.tif,4.0,2.0,3.0,4.0,0.73,4.0,3,21-373
Deogarh,2025_04,Deogarh,53,0.0,0.11,8645,9121,125342,10.14,17.22,15.61,22997.67,86.87,4.45,7.91,5.47,7.8,6.41,LST_ODISHA_2025_04.tif,2.0,2.0,3.0,3.0,0.37,2.0,3,21-373
Deogarh,2025_05,Deogarh,53,0.0,8.04,8645,9121,125342,10.14,17.22,15.61,22997.67,86.87,4.45,7.91,5.47,7.8,6.41,LST_ODISHA_2025_05.tif,3.0,2.0,3.0,3.0,0.49,3.0,2,21-373
Deogarh,2025_06,Deogarh,53,0.0,3.19,8645,9121,125342,10.14,17.22,15.61,22997.67,86.87,4.45,7.91,5.47,7.8,6.41,LST_ODISHA_2025_06.tif,4.0,2.0,3.0,3.0,0.68,4.0,3,21-373
Deogarh,2025_07,Deogarh,53,0.0,17.09,8645,9121,125342,10.14,17.22,15.61,22997.67,86.87,4.45,7.91,5.47,7.8,6.41,LST_ODISHA_2025_07.tif,2.0,2.0,3.0,3.0,0.45,3.0,5,21-373
Deogarh,2025_08,Deogarh,53,0.0,22.62,8645,9121,125342,10.14,17.22,15.61,22997.67,86.87,4.45,7.91,5.47,7.8,6.41,LST_ODISHA_2025_08.tif,3.0,2.0,3.0,3.0,0.58,3.0,4,21-373
Deogarh,2025_09,Deogarh,53,0.0,21.08,8645,9121,125342,10.14,17.22,15.61,22997.67,86.87,4.45,7.91,5.47,7.8,6.41,LST_ODISHA_2025_09.tif,4.0,2.0,3.0,4.0,0.68,4.0,3,21-373
Deogarh,2025_10,Deogarh,53,0.0,40.71,8645,9121,125342,10.14,17.22,15.61,22997.67,86.87,4.45,7.91,5.47,7.8,6.41,LST_ODISHA_2025_10.tif,3.0,2.0,3.0,3.0,0.58,3.0,4,21-373
Deogarh,2025_11,Deogarh,53,0.0,1.36,8645,9121,125342,10.14,17.22,15.61,22997.67,86.87,4.45,7.91,5.47,7.8,6.41,LST_ODISHA_2025_11.tif,2.0,2.0,3.0,3.0,0.45,3.0,3,21-373
Deogarh,2025_12,Deogarh,53,0.0,0.0,8645,9121,125342,10.14,17.22,15.61,22997.67,86.87,4.45,7.91,5.47,7.8,6.41,LST_ODISHA_2025_12.tif,3.0,2.0,3.0,3.0,0.71,4.0,2,21-373
Deogarh,2026_01,Deogarh,53,0.0,0.0,8930,9164,126949,10.14,17.22,15.61,22997.67,86.87,4.45,7.91,5.47,7.8,6.41,LST_ODISHA_2026_01.tif,3.0,2.0,3.0,3.0,0.71,4.0,2,21-373
Deogarh,2026_02,Deogarh,53,0.0,0.0,8930,9164,126949,10.14,17.22,15.61,22997.67,86.87,4.45,7.91,5.47,7.8,6.41,LST_ODISHA_2026_02.tif,3.0,2.0,3.0,3.0,0.71,4.0,2,21-373
Deogarh,2026_03,Deogarh,53,0.0,32.47,8930,9164,126949,10.14,17.22,15.61,22997.67,86.87,4.45,7.91,5.47,7.8,6.41,LST_ODISHA_2026_03.tif,4.0,2.0,3.0,3.0,0.73,4.0,3,21-373
Dhenkanal,2021_01,Dhenkanal,205,0.0,0.0,11082,10732,175588,9.8,11.74,10.89,39798.75,87.1,7.07,10.76,7.39,7.27,8.12,LST_ODISHA_2021_01.tif,3.0,4.0,2.0,3.0,0.37,2.0,3,21-383
Dhenkanal,2021_02,Dhenkanal,205,0.0,0.0,11082,10732,175588,9.8,11.74,10.89,39798.75,87.1,7.07,10.76,7.39,7.27,8.12,LST_ODISHA_2021_02.tif,2.0,4.0,2.0,3.0,0.17,1.0,4,21-383
Dhenkanal,2021_03,Dhenkanal,205,0.0,32.11,11082,10732,175588,9.8,11.74,10.89,39798.75,87.1,7.07,10.76,7.39,7.27,8.12,LST_ODISHA_2021_03.tif,3.0,4.0,2.0,3.0,0.54,3.0,4,21-383
Dhenkanal,2021_04,Dhenkanal,205,0.0,0.0,11082,10732,175588,9.8,11.74,10.89,39798.75,87.1,7.07,10.76,7.39,7.27,8.12,LST_ODISHA_2021_04.tif,3.0,4.0,2.0,3.0,0.34,2.0,3,21-383
Dhenkanal,2021_05,Dhenkanal,205,18791.88,2.92,11082,10732,175588,9.8,11.74,10.89,39798.75,87.1,7.07,10.76,7.39,7.27,8.12,LST_ODISHA_2021_05.tif,3.0,4.0,2.0,4.0,0.46,3.0,2,21-383
Dhenkanal,2021_06,Dhenkanal,205,75000.0,0.28,11082,10732,175588,9.8,11.74,10.89,39798.75,87.1,7.07,10.76,7.39,7.27,8.12,LST_ODISHA_2021_06.tif,2.0,4.0,2.0,4.0,0.34,2.0,2,21-383
Dhenkanal,2021_07,Dhenkanal,205,9877165.87,20.34,11082,10732,175588,9.8,11.74,10.89,39798.75,87.1,7.07,10.76,7.39,7.27,8.12,LST_ODISHA_2021_07.tif,4.0,4.0,2.0,3.0,0.64,4.0,1,21-383
Dhenkanal,2021_08,Dhenkanal,205,151882.5,24.39,11082,10732,175588,9.8,11.74,10.89,39798.75,87.1,7.07,10.76,7.39,7.27,8.12,LST_ODISHA_2021_08.tif,4.0,4.0,2.0,3.0,0.67,4.0,3,21-383
Dhenkanal,2021_09,Dhenkanal,205,0.0,1.48,11082,10732,175588,9.8,11.74,10.89,39798.75,87.1,7.07,10.76,7.39,7.27,8.12,LST_ODISHA_2021_09.tif,2.0,4.0,2.0,3.0,0.42,3.0,4,21-383
Dhenkanal,2021_10,Dhenkanal,205,0.0,53.07,11082,10732,175588,9.8,11.74,10.89,39798.75,87.1,7.07,10.76,7.39,7.27,8.12,LST_ODISHA_2021_10.tif,3.0,4.0,2.0,3.0,0.54,3.0,4,21-383
Dhenkanal,2021_11,Dhenkanal,205,0.0,0.94,11082,10732,175588,9.8,11.74,10.89,39798.75,87.1,7.07,10.76,7.39,7.27,8.12,LST_ODISHA_2021_11.tif,2.0,4.0,2.0,3.0,0.34,2.0,4,21-383
Dhenkanal,2021_12,Dhenkanal,205,0.0,0.0,11082,10732,175588,9.8,11.74,10.89,39798.75,87.1,7.07,10.76,7.39,7.27,8.12,LST_ODISHA_2021_12.tif,3.0,4.0,2.0,3.0,0.34,2.0,3,21-383
Dhenkanal,2022_01,Dhenkanal,205,0.0,0.0,11503,10791,177557,9.8,11.74,10.89,39798.75,87.1,7.07,10.76,7.39,7.27,8.12,LST_ODISHA_2022_01.tif,3.0,4.0,2.0,3.0,0.59,3.0,3,21-383
Dhenkanal,2022_02,Dhenkanal,205,0.0,0.0,11503,10791,177557,9.8,11.74,10.89,39798.75,87.1,7.07,10.76,7.39,7.27,8.12,LST_ODISHA_2022_02.tif,3.0,4.0,2.0,3.0,0.59,3.0,3,21-383
Dhenkanal,2022_03,Dhenkanal,205,0.0,35.56,11503,10791,177557,9.8,11.74,10.89,39798.75,87.1,7.07,10.76,7.39,7.27,8.12,LST_ODISHA_2022_03.tif,2.0,4.0,2.0,3.0,0.42,3.0,3,21-383
Dhenkanal,2022_04,Dhenkanal,205,0.0,3.41,11503,10791,177557,9.8,11.74,10.89,39798.75,87.1,7.07,10.76,7.39,7.27,8.12,LST_ODISHA_2022_04.tif,4.0,4.0,2.0,3.0,0.63,4.0,3,21-383
Dhenkanal,2022_05,Dhenkanal,205,0.0,8.21,11503,10791,177557,9.8,11.74,10.89,39798.75,87.1,7.07,10.76,7.39,7.27,8.12,LST_ODISHA_2022_05.tif,3.0,4.0,2.0,3.0,0.54,3.0,3,21-383
Dhenkanal,2022_06,Dhenkanal,205,0.0,21.94,11503,10791,177557,9.8,11.74,10.89,39798.75,87.1,7.07,10.76,7.39,7.27,8.12,LST_ODISHA_2022_06.tif,4.0,4.0,2.0,3.0,0.67,4.0,1,21-383
Dhenkanal,2022_07,Dhenkanal,205,0.0,12.61,11503,10791,177557,9.8,11.74,10.89,39798.75,87.1,7.07,10.76,7.39,7.27,8.12,LST_ODISHA_2022_07.tif,4.0,4.0,2.0,3.0,0.67,4.0,4,21-383
Dhenkanal,2022_08,Dhenkanal,205,0.0,17.49,11503,10791,177557,9.8,11.74,10.89,39798.75,87.1,7.07,10.76,7.39,7.27,8.12,LST_ODISHA_2022_08.tif,2.0,4.0,2.0,3.0,0.42,3.0,3,21-383
Dhenkanal,2022_09,Dhenkanal,205,0.0,9.71,11503,10791,177557,9.8,11.74,10.89,39798.75,87.1,7.07,10.76,7.39,7.27,8.12,LST_ODISHA_2022_09.tif,3.0,4.0,2.0,3.0,0.46,3.0,5,21-383
Dhenkanal,2022_10,Dhenkanal,205,0.0,33.38,11503,10791,177557,9.8,11.74,10.89,39798.75,87.1,7.07,10.76,7.39,7.27,8.12,LST_ODISHA_2022_10.tif,4.0,4.0,2.0,3.0,0.67,4.0,4,21-383
Dhenkanal,2022_11,Dhenkanal,205,0.0,0.0,11503,10791,177557,9.8,11.74,10.89,39798.75,87.1,7.07,10.76,7.39,7.27,8.12,LST_ODISHA_2022_11.tif,3.0,4.0,2.0,3.0,0.34,2.0,4,21-383
Dhenkanal,2022_12,Dhenkanal,205,0.0,0.0,11503,10791,177557,9.8,11.74,10.89,39798.75,87.1,7.07,10.76,7.39,7.27,8.12,LST_ODISHA_2022_12.tif,3.0,4.0,2.0,3.0,0.34,2.0,4,21-383
Dhenkanal,2023_01,Dhenkanal,205,0.0,0.0,11924,10850,179526,9.8,11.74,10.89,39798.75,87.1,7.07,10.76,7.39,7.27,8.12,LST_ODISHA_2023_01.tif,3.0,4.0,2.0,3.0,0.59,3.0,3,21-383
Dhenkanal,2023_02,Dhenkanal,205,0.0,0.0,11924,10850,179526,9.8,11.74,10.89,39798.75,87.1,7.07,10.76,7.39,7.27,8.12,LST_ODISHA_2023_02.tif,3.0,4.0,2.0,3.0,0.34,2.0,4,21-383
Dhenkanal,2023_03,Dhenkanal,205,113561.88,13.76,11924,10850,179526,9.8,11.74,10.89,39798.75,87.1,7.07,10.76,7.39,7.27,8.12,LST_ODISHA_2023_03.tif,4.0,4.0,2.0,3.0,0.75,4.0,5,21-383
Dhenkanal,2023_04,Dhenkanal,205,0.0,0.0,11924,10850,179526,9.8,11.74,10.89,39798.75,87.1,7.07,10.76,7.39,7.27,8.12,LST_ODISHA_2023_04.tif,3.0,4.0,2.0,3.0,0.17,1.0,3,21-383
Dhenkanal,2023_05,Dhenkanal,205,0.0,8.95,11924,10850,179526,9.8,11.74,10.89,39798.75,87.1,7.07,10.76,7.39,7.27,8.12,LST_ODISHA_2023_05.tif,3.0,4.0,2.0,3.0,0.34,2.0,3,21-383
Dhenkanal,2023_06,Dhenkanal,205,0.0,25.47,11924,10850,179526,9.8,11.74,10.89,39798.75,87.1,7.07,10.76,7.39,7.27,8.12,LST_ODISHA_2023_06.tif,3.0,4.0,2.0,3.0,0.34,2.0,3,21-383
Dhenkanal,2023_07,Dhenkanal,205,0.0,39.8,11924,10850,179526,9.8,11.74,10.89,39798.75,87.1,7.07,10.76,7.39,7.27,8.12,LST_ODISHA_2023_07.tif,4.0,4.0,2.0,3.0,0.63,4.0,2,21-383
Dhenkanal,2023_08,Dhenkanal,205,0.0,22.41,11924,10850,179526,9.8,11.74,10.89,39798.75,87.1,7.07,10.76,7.39,7.27,8.12,LST_ODISHA_2023_08.tif,4.0,4.0,2.0,3.0,0.63,4.0,3,21-383
Dhenkanal,2023_09,Dhenkanal,205,0.0,34.77,11924,10850,179526,9.8,11.74,10.89,39798.75,87.1,7.07,10.76,7.39,7.27,8.12,LST_ODISHA_2023_09.tif,4.0,4.0,2.0,3.0,0.63,4.0,5,21-383
Dhenkanal,2023_10,Dhenkanal,205,0.0,44.48,11924,10850,179526,9.8,11.74,10.89,39798.75,87.1,7.07,10.76,7.39,7.27,8.12,LST_ODISHA_2023_10.tif,4.0,4.0,2.0,3.0,0.63,4.0,5,21-383
Dhenkanal,2023_11,Dhenkanal,205,0.0,5.0,11924,10850,179526,9.8,11.74,10.89,39798.75,87.1,7.07,10.76,7.39,7.27,8.12,LST_ODISHA_2023_11.tif,3.0,4.0,2.0,3.0,0.34,2.0,4,21-383
Dhenkanal,2023_12,Dhenkanal,205,0.0,0.0,11924,10850,179526,9.8,11.74,10.89,39798.75,87.1,7.07,10.76,7.39,7.27,8.12,LST_ODISHA_2023_12.tif,3.0,4.0,2.0,3.0,0.17,1.0,3,21-383
Dhenkanal,2024_01,Dhenkanal,205,0.0,0.0,12346,10910,181495,9.8,11.74,10.89,39798.75,87.1,7.07,10.76,7.39,7.27,8.12,LST_ODISHA_2024_01.tif,3.0,3.0,2.0,3.0,0.31,2.0,3,21-383
Dhenkanal,2024_02,Dhenkanal,205,0.0,0.3,12346,10910,181495,9.8,11.74,10.89,39798.75,87.1,7.07,10.76,7.39,7.27,8.12,LST_ODISHA_2024_02.tif,3.0,3.0,2.0,3.0,0.45,3.0,4,21-383
Dhenkanal,2024_03,Dhenkanal,205,1514005.25,43.66,12346,10910,181495,9.8,11.74,10.89,39798.75,87.1,7.07,10.76,7.39,7.27,8.12,LST_ODISHA_2024_03.tif,4.0,3.0,2.0,3.0,0.66,4.0,3,21-383
Dhenkanal,2024_04,Dhenkanal,205,2699576.5,2.96,12346,10910,181495,9.8,11.74,10.89,39798.75,87.1,7.07,10.76,7.39,7.27,8.12,LST_ODISHA_2024_04.tif,2.0,3.0,2.0,3.0,0.33,2.0,3,21-383
Dhenkanal,2024_05,Dhenkanal,205,0.0,29.23,12346,10910,181495,9.8,11.74,10.89,39798.75,87.1,7.07,10.76,7.39,7.27,8.12,LST_ODISHA_2024_05.tif,3.0,3.0,2.0,3.0,0.49,3.0,2,21-383
Dhenkanal,2024_06,Dhenkanal,205,0.0,38.85,12346,10910,181495,9.8,11.74,10.89,39798.75,87.1,7.07,10.76,7.39,7.27,8.12,LST_ODISHA_2024_06.tif,3.0,3.0,2.0,3.0,0.49,3.0,3,21-383
Dhenkanal,2024_07,Dhenkanal,205,0.0,22.41,12346,10910,181495,9.8,11.74,10.89,39798.75,87.1,7.07,10.76,7.39,7.27,8.12,LST_ODISHA_2024_07.tif,3.0,3.0,2.0,3.0,0.58,3.0,1,21-383
Dhenkanal,2024_08,Dhenkanal,205,0.0,3.08,12346,10910,181495,9.8,11.74,10.89,39798.75,87.1,7.07,10.76,7.39,7.27,8.12,LST_ODISHA_2024_08.tif,2.0,3.0,2.0,3.0,0.26,2.0,4,21-383
Dhenkanal,2024_09,Dhenkanal,205,0.0,25.01,12346,10910,181495,9.8,11.74,10.89,39798.75,87.1,7.07,10.76,7.39,7.27,8.12,LST_ODISHA_2024_09.tif,5.0,3.0,2.0,3.0,0.71,4.0,4,21-383
Dhenkanal,2024_10,Dhenkanal,205,0.0,73.81,12346,10910,181495,9.8,11.74,10.89,39798.75,87.1,7.07,10.76,7.39,7.27,8.12,LST_ODISHA_2024_10.tif,3.0,3.0,2.0,3.0,0.49,3.0,5,21-383
Dhenkanal,2024_11,Dhenkanal,205,0.0,3.07,12346,10910,181495,9.8,11.74,10.89,39798.75,87.1,7.07,10.76,7.39,7.27,8.12,LST_ODISHA_2024_11.tif,3.0,3.0,2.0,3.0,0.39,2.0,4,21-383
Dhenkanal,2024_12,Dhenkanal,205,0.0,0.0,12346,10910,181495,9.8,11.74,10.89,39798.75,87.1,7.07,10.76,7.39,7.27,8.12,LST_ODISHA_2024_12.tif,3.0,3.0,2.0,3.0,0.26,2.0,3,21-383
Dhenkanal,2025_01,Dhenkanal,205,0.0,0.0,12767,10969,183464,9.8,11.74,10.89,39798.75,87.1,7.07,10.76,7.39,7.27,8.12,LST_ODISHA_2025_01.tif,3.0,3.0,3.0,3.0,0.65,4.0,3,21-383
Dhenkanal,2025_02,Dhenkanal,205,0.0,0.0,12767,10969,183464,9.8,11.74,10.89,39798.75,87.1,7.07,10.76,7.39,7.27,8.12,LST_ODISHA_2025_02.tif,3.0,3.0,3.0,3.0,0.32,2.0,3,21-383
Dhenkanal,2025_03,Dhenkanal,205,46705.88,40.35,12767,10969,183464,9.8,11.74,10.89,39798.75,87.1,7.07,10.76,7.39,7.27,8.12,LST_ODISHA_2025_03.tif,3.0,3.0,3.0,3.0,0.55,3.0,3,21-383
Dhenkanal,2025_04,Dhenkanal,205,0.0,7.13,12767,10969,183464,9.8,11.74,10.89,39798.75,87.1,7.07,10.76,7.39,7.27,8.12,LST_ODISHA_2025_04.tif,4.0,3.0,3.0,3.0,0.7,4.0,2,21-383
Dhenkanal,2025_05,Dhenkanal,205,0.0,4.88,12767,10969,183464,9.8,11.74,10.89,39798.75,87.1,7.07,10.76,7.39,7.27,8.12,LST_ODISHA_2025_05.tif,3.0,3.0,3.0,3.0,0.5,3.0,3,21-383
Dhenkanal,2025_06,Dhenkanal,205,0.0,1.58,12767,10969,183464,9.8,11.74,10.89,39798.75,87.1,7.07,10.76,7.39,7.27,8.12,LST_ODISHA_2025_06.tif,3.0,3.0,3.0,3.0,0.5,3.0,2,21-383
Dhenkanal,2025_07,Dhenkanal,205,0.0,19.84,12767,10969,183464,9.8,11.74,10.89,39798.75,87.1,7.07,10.76,7.39,7.27,8.12,LST_ODISHA_2025_07.tif,3.0,3.0,3.0,3.0,0.59,3.0,1,21-383
Dhenkanal,2025_08,Dhenkanal,205,0.0,24.87,12767,10969,183464,9.8,11.74,10.89,39798.75,87.1,7.07,10.76,7.39,7.27,8.12,LST_ODISHA_2025_08.tif,3.0,3.0,3.0,3.0,0.59,3.0,4,21-383
Dhenkanal,2025_09,Dhenkanal,205,0.0,16.73,12767,10969,183464,9.8,11.74,10.89,39798.75,87.1,7.07,10.76,7.39,7.27,8.12,LST_ODISHA_2025_09.tif,4.0,3.0,3.0,4.0,0.7,4.0,5,21-383
Dhenkanal,2025_10,Dhenkanal,205,0.0,44.32,12767,10969,183464,9.8,11.74,10.89,39798.75,87.1,7.07,10.76,7.39,7.27,8.12,LST_ODISHA_2025_10.tif,4.0,3.0,3.0,3.0,0.75,4.0,5,21-383
Dhenkanal,2025_11,Dhenkanal,205,0.0,3.07,12767,10969,183464,9.8,11.74,10.89,39798.75,87.1,7.07,10.76,7.39,7.27,8.12,LST_ODISHA_2025_11.tif,3.0,3.0,3.0,3.0,0.59,3.0,5,21-383
Dhenkanal,2025_12,Dhenkanal,205,0.0,0.0,12767,10969,183464,9.8,11.74,10.89,39798.75,87.1,7.07,10.76,7.39,7.27,8.12,LST_ODISHA_2025_12.tif,3.0,3.0,3.0,3.0,0.75,4.0,3,21-383
Dhenkanal,2026_01,Dhenkanal,205,0.0,0.0,13188,11029,185433,9.8,11.74,10.89,39798.75,87.1,7.07,10.76,7.39,7.27,8.12,LST_ODISHA_2026_01.tif,3.0,3.0,3.0,3.0,0.75,4.0,4,21-383
Dhenkanal,2026_02,Dhenkanal,205,0.0,0.0,13188,11029,185433,9.8,11.74,10.89,39798.75,87.1,7.07,10.76,7.39,7.27,8.12,LST_ODISHA_2026_02.tif,3.0,3.0,3.0,3.0,0.75,4.0,4,21-383
Dhenkanal,2026_03,Dhenkanal,205,0.0,30.61,13188,11029,185433,9.8,11.74,10.89,39798.75,87.1,7.07,10.76,7.39,7.27,8.12,LST_ODISHA_2026_03.tif,4.0,3.0,3.0,3.0,0.75,4.0,4,21-383
Gajapati,2021_01,Gajapati,164,0.0,0.0,5604,9684,92622,10.13,15.88,16.34,14828.14,89.6,4.75,4.5,4.14,6.96,5.09,LST_ODISHA_2021_01.tif,3.0,2.0,1.0,3.0,0.1,1.0,2,21-389
Gajapati,2021_02,Gajapati,164,0.0,0.05,5604,9684,92622,10.13,15.88,16.34,14828.14,89.6,4.75,4.5,4.14,6.96,5.09,LST_ODISHA_2021_02.tif,3.0,2.0,1.0,3.0,0.28,2.0,2,21-389
Gajapati,2021_03,Gajapati,164,0.0,29.37,5604,9684,92622,10.13,15.88,16.34,14828.14,89.6,4.75,4.5,4.14,6.96,5.09,LST_ODISHA_2021_03.tif,3.0,2.0,1.0,3.0,0.49,3.0,2,21-389
Gajapati,2021_04,Gajapati,164,414180.64,0.0,5604,9684,92622,10.13,15.88,16.34,14828.14,89.6,4.75,4.5,4.14,6.96,5.09,LST_ODISHA_2021_04.tif,3.0,2.0,1.0,3.0,0.31,2.0,1,21-389
Gajapati,2021_05,Gajapati,164,0.0,2.62,5604,9684,92622,10.13,15.88,16.34,14828.14,89.6,4.75,4.5,4.14,6.96,5.09,LST_ODISHA_2021_05.tif,3.0,2.0,1.0,3.0,0.35,2.0,1,21-389
Gajapati,2021_06,Gajapati,164,0.0,0.04,5604,9684,92622,10.13,15.88,16.34,14828.14,89.6,4.75,4.5,4.14,6.96,5.09,LST_ODISHA_2021_06.tif,2.0,2.0,1.0,3.0,0.23,2.0,3,21-389
Gajapati,2021_07,Gajapati,164,0.0,14.82,5604,9684,92622,10.13,15.88,16.34,14828.14,89.6,4.75,4.5,4.14,6.96,5.09,LST_ODISHA_2021_07.tif,2.0,2.0,1.0,4.0,0.38,2.0,3,21-389
Gajapati,2021_08,Gajapati,164,0.0,25.31,5604,9684,92622,10.13,15.88,16.34,14828.14,89.6,4.75,4.5,4.14,6.96,5.09,LST_ODISHA_2021_08.tif,4.0,2.0,1.0,3.0,0.6,4.0,1,21-389
Gajapati,2021_09,Gajapati,164,0.0,3.49,5604,9684,92622,10.13,15.88,16.34,14828.14,89.6,4.75,4.5,4.14,6.96,5.09,LST_ODISHA_2021_09.tif,3.0,2.0,1.0,3.0,0.49,3.0,4,21-389
Gajapati,2021_10,Gajapati,164,0.0,52.78,5604,9684,92622,10.13,15.88,16.34,14828.14,89.6,4.75,4.5,4.14,6.96,5.09,LST_ODISHA_2021_10.tif,3.0,2.0,1.0,3.0,0.49,3.0,1,21-389
Gajapati,2021_11,Gajapati,164,0.0,3.24,5604,9684,92622,10.13,15.88,16.34,14828.14,89.6,4.75,4.5,4.14,6.96,5.09,LST_ODISHA_2021_11.tif,4.0,2.0,1.0,3.0,0.57,3.0,1,21-389
Gajapati,2021_12,Gajapati,164,0.0,0.0,5604,9684,92622,10.13,15.88,16.34,14828.14,89.6,4.75,4.5,4.14,6.96,5.09,LST_ODISHA_2021_12.tif,3.0,2.0,1.0,3.0,0.31,2.0,2,21-389
Gajapati,2022_01,Gajapati,164,0.0,0.0,5832,9750,93625,10.13,15.88,16.34,14828.14,89.6,4.75,4.5,4.14,6.96,5.09,LST_ODISHA_2022_01.tif,3.0,2.0,1.0,3.0,0.48,3.0,2,21-389
Gajapati,2022_02,Gajapati,164,0.0,0.0,5832,9750,93625,10.13,15.88,16.34,14828.14,89.6,4.75,4.5,4.14,6.96,5.09,LST_ODISHA_2022_02.tif,3.0,2.0,1.0,3.0,0.48,3.0,3,21-389
Gajapati,2022_03,Gajapati,164,0.0,34.87,5832,9750,93625,10.13,15.88,16.34,14828.14,89.6,4.75,4.5,4.14,6.96,5.09,LST_ODISHA_2022_03.tif,2.0,2.0,1.0,3.0,0.38,2.0,1,21-389
Gajapati,2022_04,Gajapati,164,0.0,3.55,5832,9750,93625,10.13,15.88,16.34,14828.14,89.6,4.75,4.5,4.14,6.96,5.09,LST_ODISHA_2022_04.tif,4.0,2.0,1.0,3.0,0.57,3.0,1,21-389
Gajapati,2022_05,Gajapati,164,0.0,2.92,5832,9750,93625,10.13,15.88,16.34,14828.14,89.6,4.75,4.5,4.14,6.96,5.09,LST_ODISHA_2022_05.tif,1.0,2.0,1.0,3.0,0.31,2.0,1,21-389
Gajapati,2022_06,Gajapati,164,0.0,16.15,5832,9750,93625,10.13,15.88,16.34,14828.14,89.6,4.75,4.5,4.14,6.96,5.09,LST_ODISHA_2022_06.tif,3.0,2.0,1.0,3.0,0.49,3.0,1,21-389
Gajapati,2022_07,Gajapati,164,0.0,10.46,5832,9750,93625,10.13,15.88,16.34,14828.14,89.6,4.75,4.5,4.14,6.96,5.09,LST_ODISHA_2022_07.tif,3.0,2.0,1.0,3.0,0.49,3.0,2,21-389
Gajapati,2022_08,Gajapati,164,0.0,18.89,5832,9750,93625,10.13,15.88,16.34,14828.14,89.6,4.75,4.5,4.14,6.96,5.09,LST_ODISHA_2022_08.tif,3.0,2.0,1.0,3.0,0.49,3.0,2,21-389
Gajapati,2022_09,Gajapati,164,0.0,9.21,5832,9750,93625,10.13,15.88,16.34,14828.14,89.6,4.75,4.5,4.14,6.96,5.09,LST_ODISHA_2022_09.tif,3.0,2.0,1.0,3.0,0.41,3.0,1,21-389
Gajapati,2022_10,Gajapati,164,0.0,24.56,5832,9750,93625,10.13,15.88,16.34,14828.14,89.6,4.75,4.5,4.14,6.96,5.09,LST_ODISHA_2022_10.tif,1.0,2.0,1.0,3.0,0.31,2.0,2,21-389
Gajapati,2022_11,Gajapati,164,0.0,0.66,5832,9750,93625,10.13,15.88,16.34,14828.14,89.6,4.75,4.5,4.14,6.96,5.09,LST_ODISHA_2022_11.tif,4.0,2.0,1.0,3.0,0.49,3.0,1,21-389
Gajapati,2022_12,Gajapati,164,0.0,0.9,5832,9750,93625,10.13,15.88,16.34,14828.14,89.6,4.75,4.5,4.14,6.96,5.09,LST_ODISHA_2022_12.tif,5.0,2.0,1.0,3.0,0.68,4.0,2,21-389
Gajapati,2023_01,Gajapati,164,0.0,0.0,6061,9816,94629,10.13,15.88,16.34,14828.14,89.6,4.75,4.5,4.14,6.96,5.09,LST_ODISHA_2023_01.tif,3.0,2.0,1.0,3.0,0.48,3.0,2,21-389
Gajapati,2023_02,Gajapati,164,0.0,0.0,6061,9816,94629,10.13,15.88,16.34,14828.14,89.6,4.75,4.5,4.14,6.96,5.09,LST_ODISHA_2023_02.tif,3.0,2.0,1.0,3.0,0.31,2.0,3,21-389
Gajapati,2023_03,Gajapati,164,152761.57,9.7,6061,9816,94629,10.13,15.88,16.34,14828.14,89.6,4.75,4.5,4.14,6.96,5.09,LST_ODISHA_2023_03.tif,2.0,2.0,1.0,3.0,0.41,3.0,2,21-389
Gajapati,2023_04,Gajapati,164,0.0,0.0,6061,9816,94629,10.13,15.88,16.34,14828.14,89.6,4.75,4.5,4.14,6.96,5.09,LST_ODISHA_2023_04.tif,3.0,2.0,1.0,3.0,0.05,1.0,1,21-389
Gajapati,2023_05,Gajapati,164,0.0,9.81,6061,9816,94629,10.13,15.88,16.34,14828.14,89.6,4.75,4.5,4.14,6.96,5.09,LST_ODISHA_2023_05.tif,3.0,2.0,1.0,3.0,0.28,2.0,1,21-389
Gajapati,2023_06,Gajapati,164,0.0,18.75,6061,9816,94629,10.13,15.88,16.34,14828.14,89.6,4.75,4.5,4.14,6.96,5.09,LST_ODISHA_2023_06.tif,2.0,2.0,1.0,3.0,0.05,1.0,1,21-389
Gajapati,2023_07,Gajapati,164,0.0,29.02,6061,9816,94629,10.13,15.88,16.34,14828.14,89.6,4.75,4.5,4.14,6.96,5.09,LST_ODISHA_2023_07.tif,2.0,2.0,1.0,3.0,0.22,2.0,0,21-389
Gajapati,2023_08,Gajapati,164,0.0,17.08,6061,9816,94629,10.13,15.88,16.34,14828.14,89.6,4.75,4.5,4.14,6.96,5.09,LST_ODISHA_2023_08.tif,3.0,2.0,1.0,3.0,0.41,3.0,1,21-389
Gajapati,2023_09,Gajapati,164,0.0,26.48,6061,9816,94629,10.13,15.88,16.34,14828.14,89.6,4.75,4.5,4.14,6.96,5.09,LST_ODISHA_2023_09.tif,2.0,2.0,1.0,3.0,0.22,2.0,2,21-389
Gajapati,2023_10,Gajapati,164,0.0,50.7,6061,9816,94629,10.13,15.88,16.34,14828.14,89.6,4.75,4.5,4.14,6.96,5.09,LST_ODISHA_2023_10.tif,5.0,2.0,1.0,3.0,0.65,4.0,2,21-389
Gajapati,2023_11,Gajapati,164,0.0,8.29,6061,9816,94629,10.13,15.88,16.34,14828.14,89.6,4.75,4.5,4.14,6.96,5.09,LST_ODISHA_2023_11.tif,4.0,2.0,1.0,3.0,0.52,3.0,2,21-389
Gajapati,2023_12,Gajapati,164,0.0,0.0,6061,9816,94629,10.13,15.88,16.34,14828.14,89.6,4.75,4.5,4.14,6.96,5.09,LST_ODISHA_2023_12.tif,3.0,2.0,1.0,3.0,0.05,1.0,3,21-389
Gajapati,2024_01,Gajapati,164,0.0,0.0,6290,9882,95632,10.13,15.88,16.34,14828.14,89.6,4.75,4.5,4.14,6.96,5.09,LST_ODISHA_2024_01.tif,3.0,2.0,1.0,3.0,0.1,1.0,3,21-389
Gajapati,2024_02,Gajapati,164,0.0,0.19,6290,9882,95632,10.13,15.88,16.34,14828.14,89.6,4.75,4.5,4.14,6.96,5.09,LST_ODISHA_2024_02.tif,3.0,2.0,1.0,3.0,0.41,3.0,4,21-389
Gajapati,2024_03,Gajapati,164,48741.29,29.13,6290,9882,95632,10.13,15.88,16.34,14828.14,89.6,4.75,4.5,4.14,6.96,5.09,LST_ODISHA_2024_03.tif,1.0,2.0,1.0,3.0,0.31,2.0,2,21-389
Gajapati,2024_04,Gajapati,164,0.0,9.82,6290,9882,95632,10.13,15.88,16.34,14828.14,89.6,4.75,4.5,4.14,6.96,5.09,LST_ODISHA_2024_04.tif,4.0,2.0,1.0,3.0,0.57,3.0,1,21-389
Gajapati,2024_05,Gajapati,164,0.0,35.2,6290,9882,95632,10.13,15.88,16.34,14828.14,89.6,4.75,4.5,4.14,6.96,5.09,LST_ODISHA_2024_05.tif,4.0,2.0,1.0,4.0,0.6,4.0,1,21-389
Gajapati,2024_06,Gajapati,164,0.0,21.18,6290,9882,95632,10.13,15.88,16.34,14828.14,89.6,4.75,4.5,4.14,6.96,5.09,LST_ODISHA_2024_06.tif,1.0,2.0,1.0,4.0,0.31,2.0,1,21-389
Gajapati,2024_07,Gajapati,164,0.0,15.53,6290,9882,95632,10.13,15.88,16.34,14828.14,89.6,4.75,4.5,4.14,6.96,5.09,LST_ODISHA_2024_07.tif,3.0,2.0,1.0,4.0,0.57,3.0,4,21-389
Gajapati,2024_08,Gajapati,164,0.0,10.02,6290,9882,95632,10.13,15.88,16.34,14828.14,89.6,4.75,4.5,4.14,6.96,5.09,LST_ODISHA_2024_08.tif,4.0,2.0,1.0,4.0,0.57,3.0,0,21-389
Gajapati,2024_09,Gajapati,164,0.0,14.8,6290,9882,95632,10.13,15.88,16.34,14828.14,89.6,4.75,4.5,4.14,6.96,5.09,LST_ODISHA_2024_09.tif,2.0,2.0,1.0,4.0,0.38,2.0,1,21-389
Gajapati,2024_10,Gajapati,164,0.0,70.22,6290,9882,95632,10.13,15.88,16.34,14828.14,89.6,4.75,4.5,4.14,6.96,5.09,LST_ODISHA_2024_10.tif,2.0,2.0,1.0,4.0,0.38,2.0,2,21-389
Gajapati,2024_11,Gajapati,164,0.0,3.48,6290,9882,95632,10.13,15.88,16.34,14828.14,89.6,4.75,4.5,4.14,6.96,5.09,LST_ODISHA_2024_11.tif,3.0,2.0,1.0,4.0,0.41,3.0,2,21-389
Gajapati,2024_12,Gajapati,164,0.0,0.0,6290,9882,95632,10.13,15.88,16.34,14828.14,89.6,4.75,4.5,4.14,6.96,5.09,LST_ODISHA_2024_12.tif,3.0,2.0,1.0,4.0,0.31,2.0,2,21-389
Gajapati,2025_01,Gajapati,164,50962.14,0.0,6518,9948,96635,10.13,15.88,16.34,14828.14,89.6,4.75,4.5,4.14,6.96,5.09,LST_ODISHA_2025_01.tif,3.0,2.0,1.0,4.0,0.48,3.0,2,21-389
Gajapati,2025_02,Gajapati,164,142658.71,0.0,6518,9948,96635,10.13,15.88,16.34,14828.14,89.6,4.75,4.5,4.14,6.96,5.09,LST_ODISHA_2025_02.tif,3.0,2.0,1.0,4.0,0.31,2.0,2,21-389
Gajapati,2025_03,Gajapati,164,0.0,34.42,6518,9948,96635,10.13,15.88,16.34,14828.14,89.6,4.75,4.5,4.14,6.96,5.09,LST_ODISHA_2025_03.tif,1.0,2.0,1.0,4.0,0.31,2.0,2,21-389
Gajapati,2025_04,Gajapati,164,0.0,4.51,6518,9948,96635,10.13,15.88,16.34,14828.14,89.6,4.75,4.5,4.14,6.96,5.09,LST_ODISHA_2025_04.tif,3.0,2.0,1.0,3.0,0.41,3.0,2,21-389
Gajapati,2025_05,Gajapati,164,50891.0,3.41,6518,9948,96635,10.13,15.88,16.34,14828.14,89.6,4.75,4.5,4.14,6.96,5.09,LST_ODISHA_2025_05.tif,2.0,2.0,1.0,3.0,0.31,2.0,2,21-389
Gajapati,2025_06,Gajapati,164,0.0,0.89,6518,9948,96635,10.13,15.88,16.34,14828.14,89.6,4.75,4.5,4.14,6.96,5.09,LST_ODISHA_2025_06.tif,2.0,2.0,1.0,3.0,0.31,2.0,1,21-389
Gajapati,2025_07,Gajapati,164,0.0,25.79,6518,9948,96635,10.13,15.88,16.34,14828.14,89.6,4.75,4.5,4.14,6.96,5.09,LST_ODISHA_2025_07.tif,4.0,2.0,1.0,3.0,0.6,4.0,2,21-389
Gajapati,2025_08,Gajapati,164,0.0,23.64,6518,9948,96635,10.13,15.88,16.34,14828.14,89.6,4.75,4.5,4.14,6.96,5.09,LST_ODISHA_2025_08.tif,3.0,2.0,1.0,3.0,0.49,3.0,3,21-389
Gajapati,2025_09,Gajapati,164,0.0,7.09,6518,9948,96635,10.13,15.88,16.34,14828.14,89.6,4.75,4.5,4.14,6.96,5.09,LST_ODISHA_2025_09.tif,2.0,2.0,1.0,4.0,0.31,2.0,2,21-389
Gajapati,2025_10,Gajapati,164,0.0,42.49,6518,9948,96635,10.13,15.88,16.34,14828.14,89.6,4.75,4.5,4.14,6.96,5.09,LST_ODISHA_2025_10.tif,4.0,2.0,1.0,3.0,0.6,4.0,1,21-389
Gajapati,2025_11,Gajapati,164,0.0,4.23,6518,9948,96635,10.13,15.88,16.34,14828.14,89.6,4.75,4.5,4.14,6.96,5.09,LST_ODISHA_2025_11.tif,4.0,2.0,1.0,3.0,0.6,4.0,2,21-389
Gajapati,2025_12,Gajapati,164,0.0,0.0,6518,9948,96635,10.13,15.88,16.34,14828.14,89.6,4.75,4.5,4.14,6.96,5.09,LST_ODISHA_2025_12.tif,3.0,2.0,1.0,3.0,0.48,3.0,2,21-389
Gajapati,2026_01,Gajapati,164,0.0,0.0,6747,10014,97638,10.13,15.88,16.34,14828.14,89.6,4.75,4.5,4.14,6.96,5.09,LST_ODISHA_2026_01.tif,3.0,2.0,1.0,3.0,0.48,3.0,3,21-389
Gajapati,2026_02,Gajapati,164,0.0,0.0,6747,10014,97638,10.13,15.88,16.34,14828.14,89.6,4.75,4.5,4.14,6.96,5.09,LST_ODISHA_2026_02.tif,3.0,2.0,1.0,3.0,0.48,3.0,1,21-389
Gajapati,2026_03,Gajapati,164,0.0,17.99,6747,10014,97638,10.13,15.88,16.34,14828.14,89.6,4.75,4.5,4.14,6.96,5.09,LST_ODISHA_2026_03.tif,1.0,2.0,1.0,3.0,0.31,2.0,2,21-389
Ganjam,2021_01,Ganjam,548,0.0,0.0,12817,12855,179909,10.93,23.32,16.37,34913.32,82.1,8.3,11.4,7.08,9.14,8.98,LST_ODISHA_2021_01.tif,3.0,4.0,1.0,3.0,0.27,2.0,5,21-388
Ganjam,2021_02,Ganjam,548,0.0,0.07,12817,12855,179909,10.93,23.32,16.37,34913.32,82.1,8.3,11.4,7.08,9.14,8.98,LST_ODISHA_2021_02.tif,3.0,4.0,1.0,3.0,0.31,2.0,4,21-388
Ganjam,2021_03,Ganjam,548,0.0,28.87,12817,12855,179909,10.93,23.32,16.37,34913.32,82.1,8.3,11.4,7.08,9.14,8.98,LST_ODISHA_2021_03.tif,2.0,4.0,1.0,3.0,0.4,2.0,3,21-388
Ganjam,2021_04,Ganjam,548,923988.77,0.0,12817,12855,179909,10.93,23.32,16.37,34913.32,82.1,8.3,11.4,7.08,9.14,8.98,LST_ODISHA_2021_04.tif,3.0,4.0,1.0,3.0,0.32,2.0,3,21-388
Ganjam,2021_05,Ganjam,548,320712.51,5.03,12817,12855,179909,10.93,23.32,16.37,34913.32,82.1,8.3,11.4,7.08,9.14,8.98,LST_ODISHA_2021_05.tif,5.0,4.0,1.0,3.0,0.67,4.0,3,21-388
Ganjam,2021_06,Ganjam,548,736260.26,0.61,12817,12855,179909,10.93,23.32,16.37,34913.32,82.1,8.3,11.4,7.08,9.14,8.98,LST_ODISHA_2021_06.tif,2.0,4.0,1.0,3.0,0.25,2.0,3,21-388
Ganjam,2021_07,Ganjam,548,248738.04,13.34,12817,12855,179909,10.93,23.32,16.37,34913.32,82.1,8.3,11.4,7.08,9.14,8.98,LST_ODISHA_2021_07.tif,2.0,4.0,1.0,3.0,0.33,2.0,3,21-388
Ganjam,2021_08,Ganjam,548,0.0,25.84,12817,12855,179909,10.93,23.32,16.37,34913.32,82.1,8.3,11.4,7.08,9.14,8.98,LST_ODISHA_2021_08.tif,5.0,4.0,1.0,3.0,0.69,4.0,5,21-388
Ganjam,2021_09,Ganjam,548,144017.41,3.55,12817,12855,179909,10.93,23.32,16.37,34913.32,82.1,8.3,11.4,7.08,9.14,8.98,LST_ODISHA_2021_09.tif,3.0,4.0,1.0,3.0,0.51,3.0,2,21-388
Ganjam,2021_10,Ganjam,548,171668.5,52.26,12817,12855,179909,10.93,23.32,16.37,34913.32,82.1,8.3,11.4,7.08,9.14,8.98,LST_ODISHA_2021_10.tif,3.0,4.0,1.0,3.0,0.51,3.0,3,21-388
Ganjam,2021_11,Ganjam,548,0.0,2.89,12817,12855,179909,10.93,23.32,16.37,34913.32,82.1,8.3,11.4,7.08,9.14,8.98,LST_ODISHA_2021_11.tif,3.0,4.0,1.0,3.0,0.43,3.0,2,21-388
Ganjam,2021_12,Ganjam,548,0.0,0.0,12817,12855,179909,10.93,23.32,16.37,34913.32,82.1,8.3,11.4,7.08,9.14,8.98,LST_ODISHA_2021_12.tif,3.0,4.0,1.0,3.0,0.32,2.0,3,21-388
Ganjam,2022_01,Ganjam,548,0.0,0.0,13275,12892,181849,10.93,23.32,16.37,34913.32,82.1,8.3,11.4,7.08,9.14,8.98,LST_ODISHA_2022_01.tif,3.0,4.0,1.0,3.0,0.52,3.0,4,21-388
Ganjam,2022_02,Ganjam,548,0.0,0.0,13275,12892,181849,10.93,23.32,16.37,34913.32,82.1,8.3,11.4,7.08,9.14,8.98,LST_ODISHA_2022_02.tif,3.0,4.0,1.0,3.0,0.52,3.0,4,21-388
Ganjam,2022_03,Ganjam,548,0.0,34.57,13275,12892,181849,10.93,23.32,16.37,34913.32,82.1,8.3,11.4,7.08,9.14,8.98,LST_ODISHA_2022_03.tif,2.0,4.0,1.0,3.0,0.4,2.0,2,21-388
Ganjam,2022_04,Ganjam,548,0.0,3.57,13275,12892,181849,10.93,23.32,16.37,34913.32,82.1,8.3,11.4,7.08,9.14,8.98,LST_ODISHA_2022_04.tif,4.0,4.0,1.0,3.0,0.59,3.0,2,21-388
Ganjam,2022_05,Ganjam,548,0.0,3.94,13275,12892,181849,10.93,23.32,16.37,34913.32,82.1,8.3,11.4,7.08,9.14,8.98,LST_ODISHA_2022_05.tif,2.0,4.0,1.0,3.0,0.4,2.0,2,21-388
Ganjam,2022_06,Ganjam,548,0.0,18.32,13275,12892,181849,10.93,23.32,16.37,34913.32,82.1,8.3,11.4,7.08,9.14,8.98,LST_ODISHA_2022_06.tif,3.0,4.0,1.0,3.0,0.51,3.0,1,21-388
Ganjam,2022_07,Ganjam,548,0.0,8.58,13275,12892,181849,10.93,23.32,16.37,34913.32,82.1,8.3,11.4,7.08,9.14,8.98,LST_ODISHA_2022_07.tif,2.0,4.0,1.0,3.0,0.4,2.0,2,21-388
Ganjam,2022_08,Ganjam,548,0.0,17.69,13275,12892,181849,10.93,23.32,16.37,34913.32,82.1,8.3,11.4,7.08,9.14,8.98,LST_ODISHA_2022_08.tif,2.0,4.0,1.0,3.0,0.4,2.0,3,21-388
Ganjam,2022_09,Ganjam,548,0.0,7.88,13275,12892,181849,10.93,23.32,16.37,34913.32,82.1,8.3,11.4,7.08,9.14,8.98,LST_ODISHA_2022_09.tif,2.0,4.0,1.0,3.0,0.32,2.0,5,21-388
Ganjam,2022_10,Ganjam,548,0.0,24.18,13275,12892,181849,10.93,23.32,16.37,34913.32,82.1,8.3,11.4,7.08,9.14,8.98,LST_ODISHA_2022_10.tif,1.0,4.0,1.0,3.0,0.32,2.0,4,21-388
Ganjam,2022_11,Ganjam,548,0.0,0.21,13275,12892,181849,10.93,23.32,16.37,34913.32,82.1,8.3,11.4,7.08,9.14,8.98,LST_ODISHA_2022_11.tif,3.0,4.0,1.0,3.0,0.32,2.0,3,21-388
Ganjam,2022_12,Ganjam,548,0.0,0.12,13275,12892,181849,10.93,23.32,16.37,34913.32,82.1,8.3,11.4,7.08,9.14,8.98,LST_ODISHA_2022_12.tif,3.0,4.0,1.0,3.0,0.32,2.0,4,21-388
Ganjam,2023_01,Ganjam,548,130509.36,0.0,13732,12929,183789,10.93,23.32,16.37,34913.32,82.1,8.3,11.4,7.08,9.14,8.98,LST_ODISHA_2023_01.tif,3.0,4.0,1.0,3.0,0.52,3.0,4,21-388
Ganjam,2023_02,Ganjam,548,0.0,0.0,13732,12929,183789,10.93,23.32,16.37,34913.32,82.1,8.3,11.4,7.08,9.14,8.98,LST_ODISHA_2023_02.tif,3.0,4.0,1.0,3.0,0.32,2.0,5,21-388
Ganjam,2023_03,Ganjam,548,0.0,13.42,13732,12929,183789,10.93,23.32,16.37,34913.32,82.1,8.3,11.4,7.08,9.14,8.98,LST_ODISHA_2023_03.tif,4.0,4.0,1.0,3.0,0.69,4.0,4,21-388
Ganjam,2023_04,Ganjam,548,0.0,0.29,13732,12929,183789,10.93,23.32,16.37,34913.32,82.1,8.3,11.4,7.08,9.14,8.98,LST_ODISHA_2023_04.tif,3.0,4.0,1.0,3.0,0.14,1.0,2,21-388
Ganjam,2023_05,Ganjam,548,0.0,11.7,13732,12929,183789,10.93,23.32,16.37,34913.32,82.1,8.3,11.4,7.08,9.14,8.98,LST_ODISHA_2023_05.tif,4.0,4.0,1.0,3.0,0.53,3.0,3,21-388
Ganjam,2023_06,Ganjam,548,0.0,27.0,13732,12929,183789,10.93,23.32,16.37,34913.32,82.1,8.3,11.4,7.08,9.14,8.98,LST_ODISHA_2023_06.tif,4.0,4.0,1.0,3.0,0.53,3.0,3,21-388
Ganjam,2023_07,Ganjam,548,0.0,32.92,13732,12929,183789,10.93,23.32,16.37,34913.32,82.1,8.3,11.4,7.08,9.14,8.98,LST_ODISHA_2023_07.tif,3.0,4.0,1.0,3.0,0.43,3.0,1,21-388
Ganjam,2023_08,Ganjam,548,0.0,19.49,13732,12929,183789,10.93,23.32,16.37,34913.32,82.1,8.3,11.4,7.08,9.14,8.98,LST_ODISHA_2023_08.tif,3.0,4.0,1.0,3.0,0.43,3.0,2,21-388
Ganjam,2023_09,Ganjam,548,0.0,25.03,13732,12929,183789,10.93,23.32,16.37,34913.32,82.1,8.3,11.4,7.08,9.14,8.98,LST_ODISHA_2023_09.tif,2.0,4.0,1.0,3.0,0.26,2.0,4,21-388
Ganjam,2023_10,Ganjam,548,0.0,51.44,13732,12929,183789,10.93,23.32,16.37,34913.32,82.1,8.3,11.4,7.08,9.14,8.98,LST_ODISHA_2023_10.tif,5.0,4.0,1.0,3.0,0.67,4.0,5,21-388
Ganjam,2023_11,Ganjam,548,0.0,7.1,13732,12929,183789,10.93,23.32,16.37,34913.32,82.1,8.3,11.4,7.08,9.14,8.98,LST_ODISHA_2023_11.tif,4.0,4.0,1.0,3.0,0.53,3.0,4,21-388
Ganjam,2023_12,Ganjam,548,0.0,0.0,13732,12929,183789,10.93,23.32,16.37,34913.32,82.1,8.3,11.4,7.08,9.14,8.98,LST_ODISHA_2023_12.tif,3.0,4.0,1.0,3.0,0.14,1.0,5,21-388
Ganjam,2024_01,Ganjam,548,0.0,0.0,14190,12966,185728,10.93,23.32,16.37,34913.32,82.1,8.3,11.4,7.08,9.14,8.98,LST_ODISHA_2024_01.tif,3.0,4.0,1.0,3.0,0.27,2.0,5,21-388
Ganjam,2024_02,Ganjam,548,0.0,0.11,14190,12966,185728,10.93,23.32,16.37,34913.32,82.1,8.3,11.4,7.08,9.14,8.98,LST_ODISHA_2024_02.tif,2.0,4.0,1.0,3.0,0.32,2.0,5,21-388
Ganjam,2024_03,Ganjam,548,0.0,38.1,14190,12966,185728,10.93,23.32,16.37,34913.32,82.1,8.3,11.4,7.08,9.14,8.98,LST_ODISHA_2024_03.tif,3.0,4.0,1.0,3.0,0.51,3.0,3,21-388
Ganjam,2024_04,Ganjam,548,0.0,8.77,14190,12966,185728,10.93,23.32,16.37,34913.32,82.1,8.3,11.4,7.08,9.14,8.98,LST_ODISHA_2024_04.tif,3.0,4.0,1.0,3.0,0.43,3.0,2,21-388
Ganjam,2024_05,Ganjam,548,41222.68,34.96,14190,12966,185728,10.93,23.32,16.37,34913.32,82.1,8.3,11.4,7.08,9.14,8.98,LST_ODISHA_2024_05.tif,4.0,4.0,1.0,4.0,0.62,4.0,3,21-388
Ganjam,2024_06,Ganjam,548,22701.82,30.45,14190,12966,185728,10.93,23.32,16.37,34913.32,82.1,8.3,11.4,7.08,9.14,8.98,LST_ODISHA_2024_06.tif,2.0,4.0,1.0,4.0,0.4,2.0,3,21-388
Ganjam,2024_07,Ganjam,548,0.0,19.71,14190,12966,185728,10.93,23.32,16.37,34913.32,82.1,8.3,11.4,7.08,9.14,8.98,LST_ODISHA_2024_07.tif,3.0,4.0,1.0,4.0,0.59,3.0,3,21-388
Ganjam,2024_08,Ganjam,548,0.0,11.86,14190,12966,185728,10.93,23.32,16.37,34913.32,82.1,8.3,11.4,7.08,9.14,8.98,LST_ODISHA_2024_08.tif,4.0,4.0,1.0,4.0,0.59,3.0,2,21-388
Ganjam,2024_09,Ganjam,548,52358.96,14.02,14190,12966,185728,10.93,23.32,16.37,34913.32,82.1,8.3,11.4,7.08,9.14,8.98,LST_ODISHA_2024_09.tif,2.0,4.0,1.0,4.0,0.4,2.0,4,21-388
Ganjam,2024_10,Ganjam,548,0.0,70.68,14190,12966,185728,10.93,23.32,16.37,34913.32,82.1,8.3,11.4,7.08,9.14,8.98,LST_ODISHA_2024_10.tif,3.0,4.0,1.0,4.0,0.51,3.0,4,21-388
Ganjam,2024_11,Ganjam,548,0.0,3.85,14190,12966,185728,10.93,23.32,16.37,34913.32,82.1,8.3,11.4,7.08,9.14,8.98,LST_ODISHA_2024_11.tif,4.0,4.0,1.0,4.0,0.59,3.0,4,21-388
Ganjam,2024_12,Ganjam,548,0.0,0.0,14190,12966,185728,10.93,23.32,16.37,34913.32,82.1,8.3,11.4,7.08,9.14,8.98,LST_ODISHA_2024_12.tif,3.0,4.0,1.0,4.0,0.32,2.0,4,21-388
Ganjam,2025_01,Ganjam,548,0.0,0.0,14648,13003,187668,10.93,23.32,16.37,34913.32,82.1,8.3,11.4,7.08,9.14,8.98,LST_ODISHA_2025_01.tif,3.0,4.0,1.0,4.0,0.52,3.0,4,21-388
Ganjam,2025_02,Ganjam,548,0.0,0.14,14648,13003,187668,10.93,23.32,16.37,34913.32,82.1,8.3,11.4,7.08,9.14,8.98,LST_ODISHA_2025_02.tif,4.0,4.0,1.0,4.0,0.51,3.0,4,21-388
Ganjam,2025_03,Ganjam,548,0.0,35.25,14648,13003,187668,10.93,23.32,16.37,34913.32,82.1,8.3,11.4,7.08,9.14,8.98,LST_ODISHA_2025_03.tif,2.0,4.0,1.0,4.0,0.4,2.0,3,21-388
Ganjam,2025_04,Ganjam,548,0.0,7.04,14648,13003,187668,10.93,23.32,16.37,34913.32,82.1,8.3,11.4,7.08,9.14,8.98,LST_ODISHA_2025_04.tif,4.0,4.0,1.0,3.0,0.59,3.0,2,21-388
Ganjam,2025_05,Ganjam,548,0.0,4.56,14648,13003,187668,10.93,23.32,16.37,34913.32,82.1,8.3,11.4,7.08,9.14,8.98,LST_ODISHA_2025_05.tif,2.0,4.0,1.0,3.0,0.32,2.0,3,21-388
Ganjam,2025_06,Ganjam,548,0.0,2.22,14648,13003,187668,10.93,23.32,16.37,34913.32,82.1,8.3,11.4,7.08,9.14,8.98,LST_ODISHA_2025_06.tif,3.0,4.0,1.0,3.0,0.43,3.0,1,21-388
Ganjam,2025_07,Ganjam,548,0.0,22.41,14648,13003,187668,10.93,23.32,16.37,34913.32,82.1,8.3,11.4,7.08,9.14,8.98,LST_ODISHA_2025_07.tif,3.0,4.0,1.0,3.0,0.51,3.0,3,21-388
Ganjam,2025_08,Ganjam,548,0.0,25.68,14648,13003,187668,10.93,23.32,16.37,34913.32,82.1,8.3,11.4,7.08,9.14,8.98,LST_ODISHA_2025_08.tif,4.0,4.0,1.0,3.0,0.62,4.0,4,21-388
Ganjam,2025_09,Ganjam,548,92621.6,6.77,14648,13003,187668,10.93,23.32,16.37,34913.32,82.1,8.3,11.4,7.08,9.14,8.98,LST_ODISHA_2025_09.tif,2.0,4.0,1.0,3.0,0.25,2.0,5,21-388
Ganjam,2025_10,Ganjam,548,1135895.7,44.23,14648,13003,187668,10.93,23.32,16.37,34913.32,82.1,8.3,11.4,7.08,9.14,8.98,LST_ODISHA_2025_10.tif,4.0,4.0,1.0,3.0,0.62,4.0,3,21-388
Ganjam,2025_11,Ganjam,548,0.0,4.17,14648,13003,187668,10.93,23.32,16.37,34913.32,82.1,8.3,11.4,7.08,9.14,8.98,LST_ODISHA_2025_11.tif,4.0,4.0,1.0,3.0,0.62,4.0,4,21-388
Ganjam,2025_12,Ganjam,548,0.0,0.0,14648,13003,187668,10.93,23.32,16.37,34913.32,82.1,8.3,11.4,7.08,9.14,8.98,LST_ODISHA_2025_12.tif,3.0,4.0,1.0,3.0,0.52,3.0,4,21-388
Ganjam,2026_01,Ganjam,548,0.0,0.0,15106,13040,189608,10.93,23.32,16.37,34913.32,82.1,8.3,11.4,7.08,9.14,8.98,LST_ODISHA_2026_01.tif,3.0,4.0,1.0,3.0,0.52,3.0,5,21-388
Ganjam,2026_02,Ganjam,548,0.0,0.0,15106,13040,189608,10.93,23.32,16.37,34913.32,82.1,8.3,11.4,7.08,9.14,8.98,LST_ODISHA_2026_02.tif,3.0,4.0,1.0,3.0,0.52,3.0,4,21-388
Ganjam,2026_03,Ganjam,548,0.0,23.8,15106,13040,189608,10.93,23.32,16.37,34913.32,82.1,8.3,11.4,7.08,9.14,8.98,LST_ODISHA_2026_03.tif,2.0,4.0,1.0,3.0,0.4,2.0,4,21-388
Jagatsinghapur,2021_01,Jagatsinghapur,225,0.0,0.0,13049,8220,159663,10.26,15.76,17.94,30376.62,78.3,9.05,11.59,7.13,7.36,8.78,LST_ODISHA_2021_01.tif,3.0,3.0,1.0,3.0,0.2,1.0,5,21-380
Jagatsinghapur,2021_02,Jagatsinghapur,225,0.0,0.38,13049,8220,159663,10.26,15.76,17.94,30376.62,78.3,9.05,11.59,7.13,7.36,8.78,LST_ODISHA_2021_02.tif,3.0,3.0,1.0,3.0,0.3,2.0,5,21-380
Jagatsinghapur,2021_03,Jagatsinghapur,225,159145.0,33.14,13049,8220,159663,10.26,15.76,17.94,30376.62,78.3,9.05,11.59,7.13,7.36,8.78,LST_ODISHA_2021_03.tif,3.0,3.0,1.0,3.0,0.5,3.0,4,21-380
Jagatsinghapur,2021_04,Jagatsinghapur,225,500100.38,0.0,13049,8220,159663,10.26,15.76,17.94,30376.62,78.3,9.05,11.59,7.13,7.36,8.78,LST_ODISHA_2021_04.tif,3.0,3.0,1.0,3.0,0.31,2.0,3,21-380
Jagatsinghapur,2021_05,Jagatsinghapur,225,558319.25,1.14,13049,8220,159663,10.26,15.76,17.94,30376.62,78.3,9.05,11.59,7.13,7.36,8.78,LST_ODISHA_2021_05.tif,2.0,3.0,1.0,3.0,0.24,2.0,3,21-380
Jagatsinghapur,2021_06,Jagatsinghapur,225,0.0,3.08,13049,8220,159663,10.26,15.76,17.94,30376.62,78.3,9.05,11.59,7.13,7.36,8.78,LST_ODISHA_2021_06.tif,4.0,3.0,1.0,3.0,0.54,3.0,1,21-380
Jagatsinghapur,2021_07,Jagatsinghapur,225,0.0,17.91,13049,8220,159663,10.26,15.76,17.94,30376.62,78.3,9.05,11.59,7.13,7.36,8.78,LST_ODISHA_2021_07.tif,3.0,3.0,1.0,3.0,0.45,3.0,0,21-380
Jagatsinghapur,2021_08,Jagatsinghapur,225,0.0,24.62,13049,8220,159663,10.26,15.76,17.94,30376.62,78.3,9.05,11.59,7.13,7.36,8.78,LST_ODISHA_2021_08.tif,4.0,3.0,1.0,3.0,0.61,4.0,0,21-380
Jagatsinghapur,2021_09,Jagatsinghapur,225,0.0,2.49,13049,8220,159663,10.26,15.76,17.94,30376.62,78.3,9.05,11.59,7.13,7.36,8.78,LST_ODISHA_2021_09.tif,3.0,3.0,1.0,3.0,0.5,3.0,2,21-380
Jagatsinghapur,2021_10,Jagatsinghapur,225,0.0,48.29,13049,8220,159663,10.26,15.76,17.94,30376.62,78.3,9.05,11.59,7.13,7.36,8.78,LST_ODISHA_2021_10.tif,2.0,3.0,1.0,3.0,0.39,2.0,4,21-380
Jagatsinghapur,2021_11,Jagatsinghapur,225,0.0,1.76,13049,8220,159663,10.26,15.76,17.94,30376.62,78.3,9.05,11.59,7.13,7.36,8.78,LST_ODISHA_2021_11.tif,3.0,3.0,1.0,3.0,0.42,3.0,3,21-380
Jagatsinghapur,2021_12,Jagatsinghapur,225,0.0,0.0,13049,8220,159663,10.26,15.76,17.94,30376.62,78.3,9.05,11.59,7.13,7.36,8.78,LST_ODISHA_2021_12.tif,3.0,3.0,1.0,3.0,0.31,2.0,3,21-380
Jagatsinghapur,2022_01,Jagatsinghapur,225,0.0,0.0,13438,8197,160814,10.26,15.76,17.94,30376.62,78.3,9.05,11.59,7.13,7.36,8.78,LST_ODISHA_2022_01.tif,3.0,3.0,1.0,3.0,0.5,3.0,4,21-380
Jagatsinghapur,2022_02,Jagatsinghapur,225,0.0,0.0,13438,8197,160814,10.26,15.76,17.94,30376.62,78.3,9.05,11.59,7.13,7.36,8.78,LST_ODISHA_2022_02.tif,3.0,3.0,1.0,3.0,0.5,3.0,4,21-380
Jagatsinghapur,2022_03,Jagatsinghapur,225,1.12,35.6,13438,8197,160814,10.26,15.76,17.94,30376.62,78.3,9.05,11.59,7.13,7.36,8.78,LST_ODISHA_2022_03.tif,2.0,3.0,1.0,3.0,0.39,2.0,2,21-380
Jagatsinghapur,2022_04,Jagatsinghapur,225,0.0,5.62,13438,8197,160814,10.26,15.76,17.94,30376.62,78.3,9.05,11.59,7.13,7.36,8.78,LST_ODISHA_2022_04.tif,5.0,3.0,1.0,3.0,0.69,4.0,1,21-380
Jagatsinghapur,2022_05,Jagatsinghapur,225,0.0,4.9,13438,8197,160814,10.26,15.76,17.94,30376.62,78.3,9.05,11.59,7.13,7.36,8.78,LST_ODISHA_2022_05.tif,2.0,3.0,1.0,3.0,0.39,2.0,3,21-380
Jagatsinghapur,2022_06,Jagatsinghapur,225,0.0,10.23,13438,8197,160814,10.26,15.76,17.94,30376.62,78.3,9.05,11.59,7.13,7.36,8.78,LST_ODISHA_2022_06.tif,2.0,3.0,1.0,3.0,0.39,2.0,2,21-380
Jagatsinghapur,2022_07,Jagatsinghapur,225,0.0,7.05,13438,8197,160814,10.26,15.76,17.94,30376.62,78.3,9.05,11.59,7.13,7.36,8.78,LST_ODISHA_2022_07.tif,1.0,3.0,1.0,3.0,0.31,2.0,0,21-380
Jagatsinghapur,2022_08,Jagatsinghapur,225,0.0,24.19,13438,8197,160814,10.26,15.76,17.94,30376.62,78.3,9.05,11.59,7.13,7.36,8.78,LST_ODISHA_2022_08.tif,4.0,3.0,1.0,3.0,0.61,4.0,4,21-380
Jagatsinghapur,2022_09,Jagatsinghapur,225,0.0,9.55,13438,8197,160814,10.26,15.76,17.94,30376.62,78.3,9.05,11.59,7.13,7.36,8.78,LST_ODISHA_2022_09.tif,3.0,3.0,1.0,3.0,0.42,3.0,1,21-380
Jagatsinghapur,2022_10,Jagatsinghapur,225,0.0,29.67,13438,8197,160814,10.26,15.76,17.94,30376.62,78.3,9.05,11.59,7.13,7.36,8.78,LST_ODISHA_2022_10.tif,3.0,3.0,1.0,3.0,0.5,3.0,2,21-380
Jagatsinghapur,2022_11,Jagatsinghapur,225,0.0,0.0,13438,8197,160814,10.26,15.76,17.94,30376.62,78.3,9.05,11.59,7.13,7.36,8.78,LST_ODISHA_2022_11.tif,3.0,3.0,1.0,3.0,0.31,2.0,4,21-380
Jagatsinghapur,2022_12,Jagatsinghapur,225,0.0,0.0,13438,8197,160814,10.26,15.76,17.94,30376.62,78.3,9.05,11.59,7.13,7.36,8.78,LST_ODISHA_2022_12.tif,3.0,3.0,1.0,3.0,0.31,2.0,4,21-380
Jagatsinghapur,2023_01,Jagatsinghapur,225,0.0,0.0,13827,8173,161965,10.26,15.76,17.94,30376.62,78.3,9.05,11.59,7.13,7.36,8.78,LST_ODISHA_2023_01.tif,3.0,3.0,1.0,3.0,0.5,3.0,5,21-380
Jagatsinghapur,2023_02,Jagatsinghapur,225,0.0,0.23,13827,8173,161965,10.26,15.76,17.94,30376.62,78.3,9.05,11.59,7.13,7.36,8.78,LST_ODISHA_2023_02.tif,5.0,3.0,1.0,3.0,0.69,4.0,5,21-380
Jagatsinghapur,2023_03,Jagatsinghapur,225,0.0,16.22,13827,8173,161965,10.26,15.76,17.94,30376.62,78.3,9.05,11.59,7.13,7.36,8.78,LST_ODISHA_2023_03.tif,4.0,3.0,1.0,3.0,0.69,4.0,3,21-380
Jagatsinghapur,2023_04,Jagatsinghapur,225,0.0,5.72,13827,8173,161965,10.26,15.76,17.94,30376.62,78.3,9.05,11.59,7.13,7.36,8.78,LST_ODISHA_2023_04.tif,5.0,3.0,1.0,3.0,0.66,4.0,2,21-380
Jagatsinghapur,2023_05,Jagatsinghapur,225,0.0,18.31,13827,8173,161965,10.26,15.76,17.94,30376.62,78.3,9.05,11.59,7.13,7.36,8.78,LST_ODISHA_2023_05.tif,5.0,3.0,1.0,3.0,0.66,4.0,3,21-380
Jagatsinghapur,2023_06,Jagatsinghapur,225,0.0,33.58,13827,8173,161965,10.26,15.76,17.94,30376.62,78.3,9.05,11.59,7.13,7.36,8.78,LST_ODISHA_2023_06.tif,5.0,3.0,1.0,3.0,0.66,4.0,4,21-380
Jagatsinghapur,2023_07,Jagatsinghapur,225,0.0,38.81,13827,8173,161965,10.26,15.76,17.94,30376.62,78.3,9.05,11.59,7.13,7.36,8.78,LST_ODISHA_2023_07.tif,4.0,3.0,1.0,3.0,0.57,3.0,0,21-380
Jagatsinghapur,2023_08,Jagatsinghapur,225,0.0,25.08,13827,8173,161965,10.26,15.76,17.94,30376.62,78.3,9.05,11.59,7.13,7.36,8.78,LST_ODISHA_2023_08.tif,5.0,3.0,1.0,3.0,0.66,4.0,0,21-380
Jagatsinghapur,2023_09,Jagatsinghapur,225,0.0,24.57,13827,8173,161965,10.26,15.76,17.94,30376.62,78.3,9.05,11.59,7.13,7.36,8.78,LST_ODISHA_2023_09.tif,2.0,3.0,1.0,3.0,0.24,2.0,4,21-380
Jagatsinghapur,2023_10,Jagatsinghapur,225,0.0,46.05,13827,8173,161965,10.26,15.76,17.94,30376.62,78.3,9.05,11.59,7.13,7.36,8.78,LST_ODISHA_2023_10.tif,4.0,3.0,1.0,3.0,0.57,3.0,5,21-380
Jagatsinghapur,2023_11,Jagatsinghapur,225,0.0,4.03,13827,8173,161965,10.26,15.76,17.94,30376.62,78.3,9.05,11.59,7.13,7.36,8.78,LST_ODISHA_2023_11.tif,2.0,3.0,1.0,3.0,0.1,1.0,3,21-380
Jagatsinghapur,2023_12,Jagatsinghapur,225,0.0,0.0,13827,8173,161965,10.26,15.76,17.94,30376.62,78.3,9.05,11.59,7.13,7.36,8.78,LST_ODISHA_2023_12.tif,3.0,3.0,1.0,3.0,0.1,1.0,4,21-380
Jagatsinghapur,2024_01,Jagatsinghapur,225,0.0,0.0,14216,8150,163116,10.26,15.76,17.94,30376.62,78.3,9.05,11.59,7.13,7.36,8.78,LST_ODISHA_2024_01.tif,3.0,3.0,1.0,3.0,0.2,1.0,3,21-380
Jagatsinghapur,2024_02,Jagatsinghapur,225,0.0,0.42,14216,8150,163116,10.26,15.76,17.94,30376.62,78.3,9.05,11.59,7.13,7.36,8.78,LST_ODISHA_2024_02.tif,3.0,3.0,1.0,3.0,0.42,3.0,5,21-380
Jagatsinghapur,2024_03,Jagatsinghapur,225,82312.5,41.85,14216,8150,163116,10.26,15.76,17.94,30376.62,78.3,9.05,11.59,7.13,7.36,8.78,LST_ODISHA_2024_03.tif,4.0,3.0,1.0,3.0,0.61,4.0,3,21-380
Jagatsinghapur,2024_04,Jagatsinghapur,225,124743.88,20.78,14216,8150,163116,10.26,15.76,17.94,30376.62,78.3,9.05,11.59,7.13,7.36,8.78,LST_ODISHA_2024_04.tif,5.0,3.0,1.0,3.0,0.69,4.0,3,21-380
Jagatsinghapur,2024_05,Jagatsinghapur,225,0.0,29.99,14216,8150,163116,10.26,15.76,17.94,30376.62,78.3,9.05,11.59,7.13,7.36,8.78,LST_ODISHA_2024_05.tif,3.0,3.0,1.0,4.0,0.5,3.0,4,21-380
Jagatsinghapur,2024_06,Jagatsinghapur,225,427984.62,33.82,14216,8150,163116,10.26,15.76,17.94,30376.62,78.3,9.05,11.59,7.13,7.36,8.78,LST_ODISHA_2024_06.tif,3.0,3.0,1.0,3.0,0.45,3.0,1,21-380
Jagatsinghapur,2024_07,Jagatsinghapur,225,0.0,22.25,14216,8150,163116,10.26,15.76,17.94,30376.62,78.3,9.05,11.59,7.13,7.36,8.78,LST_ODISHA_2024_07.tif,3.0,3.0,1.0,3.0,0.54,3.0,0,21-380
Jagatsinghapur,2024_08,Jagatsinghapur,225,0.0,7.3,14216,8150,163116,10.26,15.76,17.94,30376.62,78.3,9.05,11.59,7.13,7.36,8.78,LST_ODISHA_2024_08.tif,3.0,3.0,1.0,4.0,0.42,3.0,4,21-380
Jagatsinghapur,2024_09,Jagatsinghapur,225,0.0,20.0,14216,8150,163116,10.26,15.76,17.94,30376.62,78.3,9.05,11.59,7.13,7.36,8.78,LST_ODISHA_2024_09.tif,3.0,3.0,1.0,4.0,0.5,3.0,4,21-380
Jagatsinghapur,2024_10,Jagatsinghapur,225,0.0,68.53,14216,8150,163116,10.26,15.76,17.94,30376.62,78.3,9.05,11.59,7.13,7.36,8.78,LST_ODISHA_2024_10.tif,2.0,3.0,1.0,4.0,0.39,2.0,4,21-380
Jagatsinghapur,2024_11,Jagatsinghapur,225,420357.75,4.38,14216,8150,163116,10.26,15.76,17.94,30376.62,78.3,9.05,11.59,7.13,7.36,8.78,LST_ODISHA_2024_11.tif,4.0,3.0,1.0,4.0,0.58,3.0,4,21-380
Jagatsinghapur,2024_12,Jagatsinghapur,225,0.0,0.0,14216,8150,163116,10.26,15.76,17.94,30376.62,78.3,9.05,11.59,7.13,7.36,8.78,LST_ODISHA_2024_12.tif,3.0,3.0,1.0,4.0,0.31,2.0,4,21-380
Jagatsinghapur,2025_01,Jagatsinghapur,225,0.0,0.0,14604,8127,164267,10.26,15.76,17.94,30376.62,78.3,9.05,11.59,7.13,7.36,8.78,LST_ODISHA_2025_01.tif,3.0,3.0,2.0,4.0,0.6,4.0,5,21-380
Jagatsinghapur,2025_02,Jagatsinghapur,225,0.0,0.0,14604,8127,164267,10.26,15.76,17.94,30376.62,78.3,9.05,11.59,7.13,7.36,8.78,LST_ODISHA_2025_02.tif,3.0,3.0,2.0,4.0,0.34,2.0,3,21-380
Jagatsinghapur,2025_03,Jagatsinghapur,225,0.0,40.33,14604,8127,164267,10.26,15.76,17.94,30376.62,78.3,9.05,11.59,7.13,7.36,8.78,LST_ODISHA_2025_03.tif,3.0,3.0,2.0,4.0,0.55,3.0,2,21-380
Jagatsinghapur,2025_04,Jagatsinghapur,225,0.0,4.66,14604,8127,164267,10.26,15.76,17.94,30376.62,78.3,9.05,11.59,7.13,7.36,8.78,LST_ODISHA_2025_04.tif,3.0,3.0,2.0,3.0,0.46,3.0,2,21-380
Jagatsinghapur,2025_05,Jagatsinghapur,225,0.0,1.01,14604,8127,164267,10.26,15.76,17.94,30376.62,78.3,9.05,11.59,7.13,7.36,8.78,LST_ODISHA_2025_05.tif,2.0,3.0,2.0,3.0,0.34,2.0,4,21-380
Jagatsinghapur,2025_06,Jagatsinghapur,225,0.0,4.01,14604,8127,164267,10.26,15.76,17.94,30376.62,78.3,9.05,11.59,7.13,7.36,8.78,LST_ODISHA_2025_06.tif,4.0,3.0,2.0,3.0,0.64,4.0,0,21-380
Jagatsinghapur,2025_07,Jagatsinghapur,225,44659.12,17.92,14604,8127,164267,10.26,15.76,17.94,30376.62,78.3,9.05,11.59,7.13,7.36,8.78,LST_ODISHA_2025_07.tif,2.0,3.0,2.0,3.0,0.42,3.0,0,21-380
Jagatsinghapur,2025_08,Jagatsinghapur,225,0.0,18.54,14604,8127,164267,10.26,15.76,17.94,30376.62,78.3,9.05,11.59,7.13,7.36,8.78,LST_ODISHA_2025_08.tif,1.0,3.0,2.0,3.0,0.34,2.0,3,21-380
Jagatsinghapur,2025_09,Jagatsinghapur,225,0.0,7.38,14604,8127,164267,10.26,15.76,17.94,30376.62,78.3,9.05,11.59,7.13,7.36,8.78,LST_ODISHA_2025_09.tif,2.0,3.0,2.0,4.0,0.34,2.0,4,21-380
Jagatsinghapur,2025_10,Jagatsinghapur,225,0.0,41.06,14604,8127,164267,10.26,15.76,17.94,30376.62,78.3,9.05,11.59,7.13,7.36,8.78,LST_ODISHA_2025_10.tif,3.0,3.0,2.0,3.0,0.55,3.0,4,21-380
Jagatsinghapur,2025_11,Jagatsinghapur,225,0.0,3.42,14604,8127,164267,10.26,15.76,17.94,30376.62,78.3,9.05,11.59,7.13,7.36,8.78,LST_ODISHA_2025_11.tif,4.0,3.0,2.0,3.0,0.68,4.0,5,21-380
Jagatsinghapur,2025_12,Jagatsinghapur,225,0.0,0.0,14604,8127,164267,10.26,15.76,17.94,30376.62,78.3,9.05,11.59,7.13,7.36,8.78,LST_ODISHA_2025_12.tif,3.0,3.0,2.0,3.0,0.6,4.0,4,21-380
Jagatsinghapur,2026_01,Jagatsinghapur,225,0.0,0.0,14993,8104,165418,10.26,15.76,17.94,30376.62,78.3,9.05,11.59,7.13,7.36,8.78,LST_ODISHA_2026_01.tif,3.0,3.0,2.0,3.0,0.6,4.0,4,21-380
Jagatsinghapur,2026_02,Jagatsinghapur,225,0.0,0.0,14993,8104,165418,10.26,15.76,17.94,30376.62,78.3,9.05,11.59,7.13,7.36,8.78,LST_ODISHA_2026_02.tif,3.0,3.0,2.0,3.0,0.6,4.0,5,21-380
Jagatsinghapur,2026_03,Jagatsinghapur,225,0.0,24.46,14993,8104,165418,10.26,15.76,17.94,30376.62,78.3,9.05,11.59,7.13,7.36,8.78,LST_ODISHA_2026_03.tif,2.0,3.0,2.0,3.0,0.42,3.0,3,21-380
Jajapur,2021_01,Jajapur,329,0.0,0.0,14174,13430,207512,9.89,9.31,16.05,41134.6,85.5,7.72,9.61,6.1,7.16,7.65,LST_ODISHA_2021_01.tif,3.0,4.0,5.0,3.0,0.9,5.0,4,21-382
Jajapur,2021_02,Jajapur,329,0.0,0.11,14174,13430,207512,9.89,9.31,16.05,41134.6,85.5,7.72,9.61,6.1,7.16,7.65,LST_ODISHA_2021_02.tif,3.0,4.0,5.0,3.0,0.48,3.0,5,21-382
Jajapur,2021_03,Jajapur,329,1600165.4,34.7,14174,13430,207512,9.89,9.31,16.05,41134.6,85.5,7.72,9.61,6.1,7.16,7.65,LST_ODISHA_2021_03.tif,4.0,4.0,5.0,2.0,0.73,4.0,5,21-382
Jajapur,2021_04,Jajapur,329,82074.09,0.0,14174,13430,207512,9.89,9.31,16.05,41134.6,85.5,7.72,9.61,6.1,7.16,7.65,LST_ODISHA_2021_04.tif,3.0,4.0,5.0,3.0,0.42,3.0,4,21-382
Jajapur,2021_05,Jajapur,329,314282.91,1.86,14174,13430,207512,9.89,9.31,16.05,41134.6,85.5,7.72,9.61,6.1,7.16,7.65,LST_ODISHA_2021_05.tif,3.0,4.0,5.0,3.0,0.51,3.0,2,21-382
Jajapur,2021_06,Jajapur,329,0.0,0.76,14174,13430,207512,9.89,9.31,16.05,41134.6,85.5,7.72,9.61,6.1,7.16,7.65,LST_ODISHA_2021_06.tif,2.0,4.0,5.0,3.0,0.38,2.0,2,21-382
Jajapur,2021_07,Jajapur,329,0.0,20.4,14174,13430,207512,9.89,9.31,16.05,41134.6,85.5,7.72,9.61,6.1,7.16,7.65,LST_ODISHA_2021_07.tif,4.0,4.0,5.0,4.0,0.8,5.0,0,21-382
Jajapur,2021_08,Jajapur,329,0.0,23.41,14174,13430,207512,9.89,9.31,16.05,41134.6,85.5,7.72,9.61,6.1,7.16,7.65,LST_ODISHA_2021_08.tif,4.0,4.0,5.0,3.0,0.8,5.0,1,21-382
Jajapur,2021_09,Jajapur,329,0.0,1.25,14174,13430,207512,9.89,9.31,16.05,41134.6,85.5,7.72,9.61,6.1,7.16,7.65,LST_ODISHA_2021_09.tif,2.0,4.0,5.0,3.0,0.51,3.0,3,21-382
Jajapur,2021_10,Jajapur,329,0.0,51.84,14174,13430,207512,9.89,9.31,16.05,41134.6,85.5,7.72,9.61,6.1,7.16,7.65,LST_ODISHA_2021_10.tif,3.0,4.0,5.0,3.0,0.64,4.0,5,21-382
Jajapur,2021_11,Jajapur,329,0.0,1.74,14174,13430,207512,9.89,9.31,16.05,41134.6,85.5,7.72,9.61,6.1,7.16,7.65,LST_ODISHA_2021_11.tif,3.0,4.0,5.0,3.0,0.55,3.0,5,21-382
Jajapur,2021_12,Jajapur,329,843500.0,0.0,14174,13430,207512,9.89,9.31,16.05,41134.6,85.5,7.72,9.61,6.1,7.16,7.65,LST_ODISHA_2021_12.tif,3.0,4.0,5.0,3.0,0.42,3.0,4,21-382
Jajapur,2022_01,Jajapur,329,0.0,0.0,14679,13475,209822,9.89,9.31,16.05,41134.6,85.5,7.72,9.61,6.1,7.16,7.65,LST_ODISHA_2022_01.tif,3.0,4.0,5.0,3.0,0.92,5.0,4,21-382
Jajapur,2022_02,Jajapur,329,0.0,0.0,14679,13475,209822,9.89,9.31,16.05,41134.6,85.5,7.72,9.61,6.1,7.16,7.65,LST_ODISHA_2022_02.tif,3.0,4.0,5.0,3.0,0.92,5.0,3,21-382
Jajapur,2022_03,Jajapur,329,37613.2,38.68,14679,13475,209822,9.89,9.31,16.05,41134.6,85.5,7.72,9.61,6.1,7.16,7.65,LST_ODISHA_2022_03.tif,4.0,4.0,5.0,3.0,0.8,5.0,3,21-382
Jajapur,2022_04,Jajapur,329,0.0,4.37,14679,13475,209822,9.89,9.31,16.05,41134.6,85.5,7.72,9.61,6.1,7.16,7.65,LST_ODISHA_2022_04.tif,4.0,4.0,5.0,3.0,0.74,4.0,3,21-382
Jajapur,2022_05,Jajapur,329,0.0,5.5,14679,13475,209822,9.89,9.31,16.05,41134.6,85.5,7.72,9.61,6.1,7.16,7.65,LST_ODISHA_2022_05.tif,2.0,4.0,5.0,3.0,0.51,3.0,3,21-382
Jajapur,2022_06,Jajapur,329,0.0,14.5,14679,13475,209822,9.89,9.31,16.05,41134.6,85.5,7.72,9.61,6.1,7.16,7.65,LST_ODISHA_2022_06.tif,2.0,4.0,5.0,3.0,0.51,3.0,2,21-382
Jajapur,2022_07,Jajapur,329,0.0,9.1,14679,13475,209822,9.89,9.31,16.05,41134.6,85.5,7.72,9.61,6.1,7.16,7.65,LST_ODISHA_2022_07.tif,2.0,4.0,5.0,3.0,0.51,3.0,0,21-382
Jajapur,2022_08,Jajapur,329,0.0,20.41,14679,13475,209822,9.89,9.31,16.05,41134.6,85.5,7.72,9.61,6.1,7.16,7.65,LST_ODISHA_2022_08.tif,3.0,4.0,5.0,3.0,0.64,4.0,1,21-382
Jajapur,2022_09,Jajapur,329,0.0,9.39,14679,13475,209822,9.89,9.31,16.05,41134.6,85.5,7.72,9.61,6.1,7.16,7.65,LST_ODISHA_2022_09.tif,3.0,4.0,5.0,3.0,0.55,3.0,2,21-382
Jajapur,2022_10,Jajapur,329,0.0,34.38,14679,13475,209822,9.89,9.31,16.05,41134.6,85.5,7.72,9.61,6.1,7.16,7.65,LST_ODISHA_2022_10.tif,4.0,4.0,5.0,3.0,0.8,5.0,5,21-382
Jajapur,2022_11,Jajapur,329,0.0,0.0,14679,13475,209822,9.89,9.31,16.05,41134.6,85.5,7.72,9.61,6.1,7.16,7.65,LST_ODISHA_2022_11.tif,3.0,4.0,5.0,3.0,0.42,3.0,5,21-382
Jajapur,2022_12,Jajapur,329,0.0,0.0,14679,13475,209822,9.89,9.31,16.05,41134.6,85.5,7.72,9.61,6.1,7.16,7.65,LST_ODISHA_2022_12.tif,3.0,4.0,5.0,3.0,0.42,3.0,5,21-382
Jajapur,2023_01,Jajapur,329,0.0,0.0,15183,13520,212133,9.89,9.31,16.05,41134.6,85.5,7.72,9.61,6.1,7.16,7.65,LST_ODISHA_2023_01.tif,3.0,4.0,5.0,3.0,0.92,5.0,5,21-382
Jajapur,2023_02,Jajapur,329,0.0,0.0,15183,13520,212133,9.89,9.31,16.05,41134.6,85.5,7.72,9.61,6.1,7.16,7.65,LST_ODISHA_2023_02.tif,3.0,4.0,5.0,3.0,0.42,3.0,5,21-382
Jajapur,2023_03,Jajapur,329,35799.9,16.06,15183,13520,212133,9.89,9.31,16.05,41134.6,85.5,7.72,9.61,6.1,7.16,7.65,LST_ODISHA_2023_03.tif,4.0,4.0,5.0,3.0,0.95,5.0,4,21-382
Jajapur,2023_04,Jajapur,329,0.0,0.25,15183,13520,212133,9.89,9.31,16.05,41134.6,85.5,7.72,9.61,6.1,7.16,7.65,LST_ODISHA_2023_04.tif,3.0,4.0,5.0,3.0,0.35,2.0,3,21-382
Jajapur,2023_05,Jajapur,329,0.0,13.66,15183,13520,212133,9.89,9.31,16.05,41134.6,85.5,7.72,9.61,6.1,7.16,7.65,LST_ODISHA_2023_05.tif,4.0,4.0,5.0,3.0,0.72,4.0,2,21-382
Jajapur,2023_06,Jajapur,329,0.0,24.91,15183,13520,212133,9.89,9.31,16.05,41134.6,85.5,7.72,9.61,6.1,7.16,7.65,LST_ODISHA_2023_06.tif,3.0,4.0,5.0,3.0,0.48,3.0,3,21-382
Jajapur,2023_07,Jajapur,329,0.0,39.79,15183,13520,212133,9.89,9.31,16.05,41134.6,85.5,7.72,9.61,6.1,7.16,7.65,LST_ODISHA_2023_07.tif,4.0,4.0,5.0,3.0,0.78,4.0,3,21-382
Jajapur,2023_08,Jajapur,329,0.0,22.2,15183,13520,212133,9.89,9.31,16.05,41134.6,85.5,7.72,9.61,6.1,7.16,7.65,LST_ODISHA_2023_08.tif,4.0,4.0,5.0,3.0,0.78,4.0,2,21-382
Jajapur,2023_09,Jajapur,329,0.0,27.84,15183,13520,212133,9.89,9.31,16.05,41134.6,85.5,7.72,9.61,6.1,7.16,7.65,LST_ODISHA_2023_09.tif,3.0,4.0,5.0,3.0,0.59,3.0,4,21-382
Jajapur,2023_10,Jajapur,329,0.0,44.44,15183,13520,212133,9.89,9.31,16.05,41134.6,85.5,7.72,9.61,6.1,7.16,7.65,LST_ODISHA_2023_10.tif,4.0,4.0,5.0,3.0,0.78,4.0,5,21-382
Jajapur,2023_11,Jajapur,329,0.0,4.55,15183,13520,212133,9.89,9.31,16.05,41134.6,85.5,7.72,9.61,6.1,7.16,7.65,LST_ODISHA_2023_11.tif,3.0,4.0,5.0,3.0,0.48,3.0,5,21-382
Jajapur,2023_12,Jajapur,329,0.0,0.0,15183,13520,212133,9.89,9.31,16.05,41134.6,85.5,7.72,9.61,6.1,7.16,7.65,LST_ODISHA_2023_12.tif,3.0,4.0,5.0,3.0,0.35,2.0,5,21-382
Jajapur,2024_01,Jajapur,329,0.0,0.0,15688,13566,214443,9.89,9.31,16.05,41134.6,85.5,7.72,9.61,6.1,7.16,7.65,LST_ODISHA_2024_01.tif,3.0,4.0,5.0,3.0,0.9,5.0,4,21-382
Jajapur,2024_02,Jajapur,329,0.0,0.87,15688,13566,214443,9.89,9.31,16.05,41134.6,85.5,7.72,9.61,6.1,7.16,7.65,LST_ODISHA_2024_02.tif,5.0,4.0,5.0,3.0,0.95,5.0,5,21-382
Jajapur,2024_03,Jajapur,329,1843804.65,45.46,15688,13566,214443,9.89,9.31,16.05,41134.6,85.5,7.72,9.61,6.1,7.16,7.65,LST_ODISHA_2024_03.tif,5.0,4.0,5.0,3.0,0.95,5.0,4,21-382
Jajapur,2024_04,Jajapur,329,1575178.3,8.34,15688,13566,214443,9.89,9.31,16.05,41134.6,85.5,7.72,9.61,6.1,7.16,7.65,LST_ODISHA_2024_04.tif,3.0,4.0,5.0,3.0,0.55,3.0,4,21-382
Jajapur,2024_05,Jajapur,329,0.0,27.23,15688,13566,214443,9.89,9.31,16.05,41134.6,85.5,7.72,9.61,6.1,7.16,7.65,LST_ODISHA_2024_05.tif,2.0,4.0,5.0,3.0,0.47,3.0,1,21-382
Jajapur,2024_06,Jajapur,329,0.0,37.87,15688,13566,214443,9.89,9.31,16.05,41134.6,85.5,7.72,9.61,6.1,7.16,7.65,LST_ODISHA_2024_06.tif,3.0,4.0,5.0,3.0,0.6,4.0,3,21-382
Jajapur,2024_07,Jajapur,329,0.0,23.78,15688,13566,214443,9.89,9.31,16.05,41134.6,85.5,7.72,9.61,6.1,7.16,7.65,LST_ODISHA_2024_07.tif,4.0,4.0,5.0,3.0,0.87,5.0,4,21-382
Jajapur,2024_08,Jajapur,329,0.0,6.42,15688,13566,214443,9.89,9.31,16.05,41134.6,85.5,7.72,9.61,6.1,7.16,7.65,LST_ODISHA_2024_08.tif,3.0,4.0,5.0,3.0,0.51,3.0,3,21-382
Jajapur,2024_09,Jajapur,329,0.0,21.09,15688,13566,214443,9.89,9.31,16.05,41134.6,85.5,7.72,9.61,6.1,7.16,7.65,LST_ODISHA_2024_09.tif,4.0,4.0,5.0,3.0,0.76,4.0,1,21-382
Jajapur,2024_10,Jajapur,329,1494752.17,73.38,15688,13566,214443,9.89,9.31,16.05,41134.6,85.5,7.72,9.61,6.1,7.16,7.65,LST_ODISHA_2024_10.tif,3.0,4.0,5.0,3.0,0.6,4.0,5,21-382
Jajapur,2024_11,Jajapur,329,0.0,2.53,15688,13566,214443,9.89,9.31,16.05,41134.6,85.5,7.72,9.61,6.1,7.16,7.65,LST_ODISHA_2024_11.tif,3.0,4.0,5.0,3.0,0.51,3.0,5,21-382
Jajapur,2024_12,Jajapur,329,0.0,0.0,15688,13566,214443,9.89,9.31,16.05,41134.6,85.5,7.72,9.61,6.1,7.16,7.65,LST_ODISHA_2024_12.tif,3.0,4.0,5.0,3.0,0.38,2.0,5,21-382
Jajapur,2025_01,Jajapur,329,0.0,0.0,16193,13611,216753,9.89,9.31,16.05,41134.6,85.5,7.72,9.61,6.1,7.16,7.65,LST_ODISHA_2025_01.tif,3.0,4.0,3.0,3.0,0.68,4.0,5,21-382
Jajapur,2025_02,Jajapur,329,0.0,0.0,16193,13611,216753,9.89,9.31,16.05,41134.6,85.5,7.72,9.61,6.1,7.16,7.65,LST_ODISHA_2025_02.tif,3.0,4.0,3.0,3.0,0.33,2.0,4,21-382
Jajapur,2025_03,Jajapur,329,1245000.0,40.34,16193,13611,216753,9.89,9.31,16.05,41134.6,85.5,7.72,9.61,6.1,7.16,7.65,LST_ODISHA_2025_03.tif,3.0,4.0,3.0,3.0,0.56,3.0,3,21-382
Jajapur,2025_04,Jajapur,329,0.0,10.73,16193,13611,216753,9.89,9.31,16.05,41134.6,85.5,7.72,9.61,6.1,7.16,7.65,LST_ODISHA_2025_04.tif,5.0,4.0,3.0,3.0,0.87,5.0,2,21-382
Jajapur,2025_05,Jajapur,329,0.0,3.42,16193,13611,216753,9.89,9.31,16.05,41134.6,85.5,7.72,9.61,6.1,7.16,7.65,LST_ODISHA_2025_05.tif,2.0,4.0,3.0,3.0,0.38,2.0,4,21-382
Jajapur,2025_06,Jajapur,329,0.0,2.42,16193,13611,216753,9.89,9.31,16.05,41134.6,85.5,7.72,9.61,6.1,7.16,7.65,LST_ODISHA_2025_06.tif,3.0,4.0,3.0,3.0,0.51,3.0,3,21-382
Jajapur,2025_07,Jajapur,329,0.0,17.74,16193,13611,216753,9.89,9.31,16.05,41134.6,85.5,7.72,9.61,6.1,7.16,7.65,LST_ODISHA_2025_07.tif,2.0,4.0,3.0,3.0,0.47,3.0,0,21-382
Jajapur,2025_08,Jajapur,329,0.0,26.64,16193,13611,216753,9.89,9.31,16.05,41134.6,85.5,7.72,9.61,6.1,7.16,7.65,LST_ODISHA_2025_08.tif,4.0,4.0,3.0,3.0,0.76,4.0,5,21-382
Jajapur,2025_09,Jajapur,329,0.0,12.52,16193,13611,216753,9.89,9.31,16.05,41134.6,85.5,7.72,9.61,6.1,7.16,7.65,LST_ODISHA_2025_09.tif,3.0,4.0,3.0,4.0,0.51,3.0,5,21-382
Jajapur,2025_10,Jajapur,329,0.0,41.01,16193,13611,216753,9.89,9.31,16.05,41134.6,85.5,7.72,9.61,6.1,7.16,7.65,LST_ODISHA_2025_10.tif,3.0,4.0,3.0,3.0,0.6,4.0,5,21-382
Jajapur,2025_11,Jajapur,329,0.0,3.98,16193,13611,216753,9.89,9.31,16.05,41134.6,85.5,7.72,9.61,6.1,7.16,7.65,LST_ODISHA_2025_11.tif,4.0,4.0,3.0,3.0,0.76,4.0,5,21-382
Jajapur,2025_12,Jajapur,329,0.0,0.0,16193,13611,216753,9.89,9.31,16.05,41134.6,85.5,7.72,9.61,6.1,7.16,7.65,LST_ODISHA_2025_12.tif,3.0,4.0,3.0,3.0,0.78,4.0,5,21-382
Jajapur,2026_01,Jajapur,329,0.0,0.0,16697,13656,219064,9.89,9.31,16.05,41134.6,85.5,7.72,9.61,6.1,7.16,7.65,LST_ODISHA_2026_01.tif,3.0,4.0,3.0,3.0,0.78,4.0,5,21-382
Jajapur,2026_02,Jajapur,329,0.0,0.0,16697,13656,219064,9.89,9.31,16.05,41134.6,85.5,7.72,9.61,6.1,7.16,7.65,LST_ODISHA_2026_02.tif,3.0,4.0,3.0,3.0,0.78,4.0,5,21-382
Jajapur,2026_03,Jajapur,329,0.0,35.85,16697,13656,219064,9.89,9.31,16.05,41134.6,85.5,7.72,9.61,6.1,7.16,7.65,LST_ODISHA_2026_03.tif,5.0,4.0,3.0,3.0,0.87,5.0,4,21-382
Jharsuguda,2021_01,Jharsuguda,81,0.0,0.0,7861,8143,130123,10.82,12.09,9.84,18584.0,82.2,8.64,12.1,4.57,4.95,7.56,LST_ODISHA_2021_01.tif,3.0,2.0,1.0,3.0,0.1,1.0,2,21-371
Jharsuguda,2021_02,Jharsuguda,81,0.0,0.5,7861,8143,130123,10.82,12.09,9.84,18584.0,82.2,8.64,12.1,4.57,4.95,7.56,LST_ODISHA_2021_02.tif,4.0,2.0,1.0,3.0,0.52,3.0,2,21-371
Jharsuguda,2021_03,Jharsuguda,81,37575.4,34.39,7861,8143,130123,10.82,12.09,9.84,18584.0,82.2,8.64,12.1,4.57,4.95,7.56,LST_ODISHA_2021_03.tif,4.0,2.0,1.0,3.0,0.6,4.0,3,21-371
Jharsuguda,2021_04,Jharsuguda,81,0.0,0.0,7861,8143,130123,10.82,12.09,9.84,18584.0,82.2,8.64,12.1,4.57,4.95,7.56,LST_ODISHA_2021_04.tif,3.0,2.0,1.0,3.0,0.31,2.0,4,21-371
Jharsuguda,2021_05,Jharsuguda,81,0.0,4.98,7861,8143,130123,10.82,12.09,9.84,18584.0,82.2,8.64,12.1,4.57,4.95,7.56,LST_ODISHA_2021_05.tif,5.0,2.0,1.0,4.0,0.68,4.0,2,21-371
Jharsuguda,2021_06,Jharsuguda,81,0.0,0.86,7861,8143,130123,10.82,12.09,9.84,18584.0,82.2,8.64,12.1,4.57,4.95,7.56,LST_ODISHA_2021_06.tif,2.0,2.0,1.0,4.0,0.31,2.0,3,21-371
Jharsuguda,2021_07,Jharsuguda,81,0.0,17.15,7861,8143,130123,10.82,12.09,9.84,18584.0,82.2,8.64,12.1,4.57,4.95,7.56,LST_ODISHA_2021_07.tif,3.0,2.0,1.0,4.0,0.49,3.0,3,21-371
Jharsuguda,2021_08,Jharsuguda,81,75347.4,18.94,7861,8143,130123,10.82,12.09,9.84,18584.0,82.2,8.64,12.1,4.57,4.95,7.56,LST_ODISHA_2021_08.tif,2.0,2.0,1.0,3.0,0.38,2.0,3,21-371
Jharsuguda,2021_09,Jharsuguda,81,0.0,3.03,7861,8143,130123,10.82,12.09,9.84,18584.0,82.2,8.64,12.1,4.57,4.95,7.56,LST_ODISHA_2021_09.tif,3.0,2.0,1.0,3.0,0.49,3.0,1,21-371
Jharsuguda,2021_10,Jharsuguda,81,0.0,52.7,7861,8143,130123,10.82,12.09,9.84,18584.0,82.2,8.64,12.1,4.57,4.95,7.56,LST_ODISHA_2021_10.tif,3.0,2.0,1.0,3.0,0.49,3.0,4,21-371
Jharsuguda,2021_11,Jharsuguda,81,0.0,0.67,7861,8143,130123,10.82,12.09,9.84,18584.0,82.2,8.64,12.1,4.57,4.95,7.56,LST_ODISHA_2021_11.tif,2.0,2.0,1.0,3.0,0.31,2.0,5,21-371
Jharsuguda,2021_12,Jharsuguda,81,0.0,0.0,7861,8143,130123,10.82,12.09,9.84,18584.0,82.2,8.64,12.1,4.57,4.95,7.56,LST_ODISHA_2021_12.tif,3.0,2.0,1.0,3.0,0.31,2.0,3,21-371
Jharsuguda,2022_01,Jharsuguda,81,0.0,0.0,8157,8184,131616,10.82,12.09,9.84,18584.0,82.2,8.64,12.1,4.57,4.95,7.56,LST_ODISHA_2022_01.tif,3.0,2.0,1.0,3.0,0.48,3.0,2,21-371
Jharsuguda,2022_02,Jharsuguda,81,0.0,0.0,8157,8184,131616,10.82,12.09,9.84,18584.0,82.2,8.64,12.1,4.57,4.95,7.56,LST_ODISHA_2022_02.tif,3.0,2.0,1.0,3.0,0.48,3.0,2,21-371
Jharsuguda,2022_03,Jharsuguda,81,0.0,38.9,8157,8184,131616,10.82,12.09,9.84,18584.0,82.2,8.64,12.1,4.57,4.95,7.56,LST_ODISHA_2022_03.tif,4.0,2.0,1.0,3.0,0.6,4.0,1,21-371
Jharsuguda,2022_04,Jharsuguda,81,0.0,0.0,8157,8184,131616,10.82,12.09,9.84,18584.0,82.2,8.64,12.1,4.57,4.95,7.56,LST_ODISHA_2022_04.tif,2.0,2.0,1.0,3.0,0.31,2.0,3,21-371
Jharsuguda,2022_05,Jharsuguda,81,0.0,18.66,8157,8184,131616,10.82,12.09,9.84,18584.0,82.2,8.64,12.1,4.57,4.95,7.56,LST_ODISHA_2022_05.tif,5.0,2.0,1.0,3.0,0.68,4.0,4,21-371
Jharsuguda,2022_06,Jharsuguda,81,0.0,22.5,8157,8184,131616,10.82,12.09,9.84,18584.0,82.2,8.64,12.1,4.57,4.95,7.56,LST_ODISHA_2022_06.tif,4.0,2.0,1.0,3.0,0.6,4.0,4,21-371
Jharsuguda,2022_07,Jharsuguda,81,0.0,11.64,8157,8184,131616,10.82,12.09,9.84,18584.0,82.2,8.64,12.1,4.57,4.95,7.56,LST_ODISHA_2022_07.tif,3.0,2.0,1.0,3.0,0.49,3.0,3,21-371
Jharsuguda,2022_08,Jharsuguda,81,0.0,20.95,8157,8184,131616,10.82,12.09,9.84,18584.0,82.2,8.64,12.1,4.57,4.95,7.56,LST_ODISHA_2022_08.tif,3.0,2.0,1.0,3.0,0.49,3.0,1,21-371
Jharsuguda,2022_09,Jharsuguda,81,0.0,7.24,8157,8184,131616,10.82,12.09,9.84,18584.0,82.2,8.64,12.1,4.57,4.95,7.56,LST_ODISHA_2022_09.tif,2.0,2.0,1.0,3.0,0.31,2.0,3,21-371
Jharsuguda,2022_10,Jharsuguda,81,0.0,33.06,8157,8184,131616,10.82,12.09,9.84,18584.0,82.2,8.64,12.1,4.57,4.95,7.56,LST_ODISHA_2022_10.tif,4.0,2.0,1.0,3.0,0.6,4.0,4,21-371
Jharsuguda,2022_11,Jharsuguda,81,0.0,0.0,8157,8184,131616,10.82,12.09,9.84,18584.0,82.2,8.64,12.1,4.57,4.95,7.56,LST_ODISHA_2022_11.tif,3.0,2.0,1.0,3.0,0.31,2.0,3,21-371
Jharsuguda,2022_12,Jharsuguda,81,0.0,0.0,8157,8184,131616,10.82,12.09,9.84,18584.0,82.2,8.64,12.1,4.57,4.95,7.56,LST_ODISHA_2022_12.tif,3.0,2.0,1.0,3.0,0.31,2.0,3,21-371
Jharsuguda,2023_01,Jharsuguda,81,242375.2,0.0,8453,8226,133110,10.82,12.09,9.84,18584.0,82.2,8.64,12.1,4.57,4.95,7.56,LST_ODISHA_2023_01.tif,3.0,2.0,1.0,3.0,0.48,3.0,2,21-371
Jharsuguda,2023_02,Jharsuguda,81,0.0,0.0,8453,8226,133110,10.82,12.09,9.84,18584.0,82.2,8.64,12.1,4.57,4.95,7.56,LST_ODISHA_2023_02.tif,3.0,2.0,1.0,3.0,0.31,2.0,3,21-371
Jharsuguda,2023_03,Jharsuguda,81,0.0,11.24,8453,8226,133110,10.82,12.09,9.84,18584.0,82.2,8.64,12.1,4.57,4.95,7.56,LST_ODISHA_2023_03.tif,3.0,2.0,1.0,3.0,0.57,3.0,3,21-371
Jharsuguda,2023_04,Jharsuguda,81,0.0,0.0,8453,8226,133110,10.82,12.09,9.84,18584.0,82.2,8.64,12.1,4.57,4.95,7.56,LST_ODISHA_2023_04.tif,3.0,2.0,1.0,3.0,0.05,1.0,3,21-371
Jharsuguda,2023_05,Jharsuguda,81,0.0,2.02,8453,8226,133110,10.82,12.09,9.84,18584.0,82.2,8.64,12.1,4.57,4.95,7.56,LST_ODISHA_2023_05.tif,2.0,2.0,1.0,3.0,0.05,1.0,4,21-371
Jharsuguda,2023_06,Jharsuguda,81,0.0,26.23,8453,8226,133110,10.82,12.09,9.84,18584.0,82.2,8.64,12.1,4.57,4.95,7.56,LST_ODISHA_2023_06.tif,3.0,2.0,1.0,3.0,0.28,2.0,4,21-371
Jharsuguda,2023_07,Jharsuguda,81,0.0,42.95,8453,8226,133110,10.82,12.09,9.84,18584.0,82.2,8.64,12.1,4.57,4.95,7.56,LST_ODISHA_2023_07.tif,5.0,2.0,1.0,3.0,0.65,4.0,2,21-371
Jharsuguda,2023_08,Jharsuguda,81,0.0,13.2,8453,8226,133110,10.82,12.09,9.84,18584.0,82.2,8.64,12.1,4.57,4.95,7.56,LST_ODISHA_2023_08.tif,1.0,2.0,1.0,3.0,0.05,1.0,2,21-371
Jharsuguda,2023_09,Jharsuguda,81,0.0,31.31,8453,8226,133110,10.82,12.09,9.84,18584.0,82.2,8.64,12.1,4.57,4.95,7.56,LST_ODISHA_2023_09.tif,4.0,2.0,1.0,3.0,0.56,3.0,2,21-371
Jharsuguda,2023_10,Jharsuguda,81,0.0,40.24,8453,8226,133110,10.82,12.09,9.84,18584.0,82.2,8.64,12.1,4.57,4.95,7.56,LST_ODISHA_2023_10.tif,2.0,2.0,1.0,3.0,0.22,2.0,4,21-371
Jharsuguda,2023_11,Jharsuguda,81,0.0,2.43,8453,8226,133110,10.82,12.09,9.84,18584.0,82.2,8.64,12.1,4.57,4.95,7.56,LST_ODISHA_2023_11.tif,2.0,2.0,1.0,3.0,0.05,1.0,3,21-371
Jharsuguda,2023_12,Jharsuguda,81,0.0,0.0,8453,8226,133110,10.82,12.09,9.84,18584.0,82.2,8.64,12.1,4.57,4.95,7.56,LST_ODISHA_2023_12.tif,3.0,2.0,1.0,3.0,0.05,1.0,2,21-371
Jharsuguda,2024_01,Jharsuguda,81,0.0,0.0,8750,8267,134603,10.82,12.09,9.84,18584.0,82.2,8.64,12.1,4.57,4.95,7.56,LST_ODISHA_2024_01.tif,3.0,2.0,1.0,3.0,0.1,1.0,2,21-371
Jharsuguda,2024_02,Jharsuguda,81,0.0,0.0,8750,8267,134603,10.82,12.09,9.84,18584.0,82.2,8.64,12.1,4.57,4.95,7.56,LST_ODISHA_2024_02.tif,2.0,2.0,1.0,3.0,0.31,2.0,2,21-371
Jharsuguda,2024_03,Jharsuguda,81,100000.0,32.17,8750,8267,134603,10.82,12.09,9.84,18584.0,82.2,8.64,12.1,4.57,4.95,7.56,LST_ODISHA_2024_03.tif,2.0,2.0,1.0,3.0,0.38,2.0,1,21-371
Jharsuguda,2024_04,Jharsuguda,81,0.0,1.85,8750,8267,134603,10.82,12.09,9.84,18584.0,82.2,8.64,12.1,4.57,4.95,7.56,LST_ODISHA_2024_04.tif,2.0,2.0,1.0,3.0,0.31,2.0,2,21-371
Jharsuguda,2024_05,Jharsuguda,81,0.0,27.84,8750,8267,134603,10.82,12.09,9.84,18584.0,82.2,8.64,12.1,4.57,4.95,7.56,LST_ODISHA_2024_05.tif,3.0,2.0,1.0,4.0,0.49,3.0,4,21-371
Jharsuguda,2024_06,Jharsuguda,81,0.0,58.55,8750,8267,134603,10.82,12.09,9.84,18584.0,82.2,8.64,12.1,4.57,4.95,7.56,LST_ODISHA_2024_06.tif,5.0,2.0,1.0,4.0,0.68,4.0,3,21-371
Jharsuguda,2024_07,Jharsuguda,81,399780.0,28.25,8750,8267,134603,10.82,12.09,9.84,18584.0,82.2,8.64,12.1,4.57,4.95,7.56,LST_ODISHA_2024_07.tif,4.0,2.0,1.0,4.0,0.68,4.0,5,21-371
Jharsuguda,2024_08,Jharsuguda,81,0.0,4.18,8750,8267,134603,10.82,12.09,9.84,18584.0,82.2,8.64,12.1,4.57,4.95,7.56,LST_ODISHA_2024_08.tif,2.0,2.0,1.0,4.0,0.31,2.0,3,21-371
Jharsuguda,2024_09,Jharsuguda,81,0.0,24.71,8750,8267,134603,10.82,12.09,9.84,18584.0,82.2,8.64,12.1,4.57,4.95,7.56,LST_ODISHA_2024_09.tif,4.0,2.0,1.0,4.0,0.6,4.0,2,21-371
Jharsuguda,2024_10,Jharsuguda,81,0.0,70.9,8750,8267,134603,10.82,12.09,9.84,18584.0,82.2,8.64,12.1,4.57,4.95,7.56,LST_ODISHA_2024_10.tif,3.0,2.0,1.0,4.0,0.49,3.0,5,21-371
Jharsuguda,2024_11,Jharsuguda,81,0.0,1.98,8750,8267,134603,10.82,12.09,9.84,18584.0,82.2,8.64,12.1,4.57,4.95,7.56,LST_ODISHA_2024_11.tif,2.0,2.0,1.0,4.0,0.31,2.0,4,21-371
Jharsuguda,2024_12,Jharsuguda,81,0.0,0.0,8750,8267,134603,10.82,12.09,9.84,18584.0,82.2,8.64,12.1,4.57,4.95,7.56,LST_ODISHA_2024_12.tif,3.0,2.0,1.0,4.0,0.31,2.0,3,21-371
Jharsuguda,2025_01,Jharsuguda,81,0.0,0.0,9046,8309,136096,10.82,12.09,9.84,18584.0,82.2,8.64,12.1,4.57,4.95,7.56,LST_ODISHA_2025_01.tif,3.0,2.0,1.0,4.0,0.48,3.0,3,21-371
Jharsuguda,2025_02,Jharsuguda,81,0.0,0.0,9046,8309,136096,10.82,12.09,9.84,18584.0,82.2,8.64,12.1,4.57,4.95,7.56,LST_ODISHA_2025_02.tif,3.0,2.0,1.0,4.0,0.31,2.0,3,21-371
Jharsuguda,2025_03,Jharsuguda,81,0.0,44.25,9046,8309,136096,10.82,12.09,9.84,18584.0,82.2,8.64,12.1,4.57,4.95,7.56,LST_ODISHA_2025_03.tif,4.0,2.0,1.0,4.0,0.6,4.0,3,21-371
Jharsuguda,2025_04,Jharsuguda,81,0.0,0.0,9046,8309,136096,10.82,12.09,9.84,18584.0,82.2,8.64,12.1,4.57,4.95,7.56,LST_ODISHA_2025_04.tif,2.0,2.0,1.0,3.0,0.31,2.0,4,21-371
Jharsuguda,2025_05,Jharsuguda,81,0.0,12.22,9046,8309,136096,10.82,12.09,9.84,18584.0,82.2,8.64,12.1,4.57,4.95,7.56,LST_ODISHA_2025_05.tif,4.0,2.0,1.0,3.0,0.57,3.0,4,21-371
Jharsuguda,2025_06,Jharsuguda,81,0.0,4.11,9046,8309,136096,10.82,12.09,9.84,18584.0,82.2,8.64,12.1,4.57,4.95,7.56,LST_ODISHA_2025_06.tif,4.0,2.0,1.0,3.0,0.57,3.0,5,21-371
Jharsuguda,2025_07,Jharsuguda,81,0.0,20.0,9046,8309,136096,10.82,12.09,9.84,18584.0,82.2,8.64,12.1,4.57,4.95,7.56,LST_ODISHA_2025_07.tif,3.0,2.0,1.0,3.0,0.49,3.0,3,21-371
Jharsuguda,2025_08,Jharsuguda,81,0.0,20.51,9046,8309,136096,10.82,12.09,9.84,18584.0,82.2,8.64,12.1,4.57,4.95,7.56,LST_ODISHA_2025_08.tif,2.0,2.0,1.0,3.0,0.38,2.0,3,21-371
Jharsuguda,2025_09,Jharsuguda,81,0.0,24.6,9046,8309,136096,10.82,12.09,9.84,18584.0,82.2,8.64,12.1,4.57,4.95,7.56,LST_ODISHA_2025_09.tif,5.0,2.0,1.0,4.0,0.68,4.0,3,21-371
Jharsuguda,2025_10,Jharsuguda,81,256377.6,38.77,9046,8309,136096,10.82,12.09,9.84,18584.0,82.2,8.64,12.1,4.57,4.95,7.56,LST_ODISHA_2025_10.tif,2.0,2.0,1.0,3.0,0.38,2.0,5,21-371
Jharsuguda,2025_11,Jharsuguda,81,0.0,0.94,9046,8309,136096,10.82,12.09,9.84,18584.0,82.2,8.64,12.1,4.57,4.95,7.56,LST_ODISHA_2025_11.tif,2.0,2.0,1.0,3.0,0.38,2.0,4,21-371
Jharsuguda,2025_12,Jharsuguda,81,0.0,0.0,9046,8309,136096,10.82,12.09,9.84,18584.0,82.2,8.64,12.1,4.57,4.95,7.56,LST_ODISHA_2025_12.tif,3.0,2.0,1.0,3.0,0.48,3.0,3,21-371
Jharsuguda,2026_01,Jharsuguda,81,0.0,0.0,9342,8350,137589,10.82,12.09,9.84,18584.0,82.2,8.64,12.1,4.57,4.95,7.56,LST_ODISHA_2026_01.tif,3.0,2.0,1.0,3.0,0.48,3.0,3,21-371
Jharsuguda,2026_02,Jharsuguda,81,0.0,0.0,9342,8350,137589,10.82,12.09,9.84,18584.0,82.2,8.64,12.1,4.57,4.95,7.56,LST_ODISHA_2026_02.tif,3.0,2.0,1.0,3.0,0.48,3.0,2,21-371
Jharsuguda,2026_03,Jharsuguda,81,0.0,31.18,9342,8350,137589,10.82,12.09,9.84,18584.0,82.2,8.64,12.1,4.57,4.95,7.56,LST_ODISHA_2026_03.tif,4.0,2.0,1.0,3.0,0.6,4.0,2,21-371
Kalahandi,2021_01,Kalahandi,298,0.0,0.0,9235,12054,145733,9.69,7.32,10.35,32274.54,95.7,5.95,6.94,7.75,6.07,6.68,LST_ODISHA_2021_01.tif,3.0,3.0,5.0,3.0,0.8,5.0,4,21-395
Kalahandi,2021_02,Kalahandi,298,0.0,0.0,9235,12054,145733,9.69,7.32,10.35,32274.54,95.7,5.95,6.94,7.75,6.07,6.68,LST_ODISHA_2021_02.tif,2.0,3.0,5.0,3.0,0.34,2.0,4,21-395
Kalahandi,2021_03,Kalahandi,298,0.0,25.92,9235,12054,145733,9.69,7.32,10.35,32274.54,95.7,5.95,6.94,7.75,6.07,6.68,LST_ODISHA_2021_03.tif,2.0,3.0,5.0,3.0,0.5,3.0,4,21-395
Kalahandi,2021_04,Kalahandi,298,2904583.38,0.0,9235,12054,145733,9.69,7.32,10.35,32274.54,95.7,5.95,6.94,7.75,6.07,6.68,LST_ODISHA_2021_04.tif,3.0,3.0,5.0,3.0,0.42,3.0,4,21-395
Kalahandi,2021_05,Kalahandi,298,0.0,1.27,9235,12054,145733,9.69,7.32,10.35,32274.54,95.7,5.95,6.94,7.75,6.07,6.68,LST_ODISHA_2021_05.tif,2.0,3.0,5.0,3.0,0.38,2.0,4,21-395
Kalahandi,2021_06,Kalahandi,298,0.0,1.56,9235,12054,145733,9.69,7.32,10.35,32274.54,95.7,5.95,6.94,7.75,6.07,6.68,LST_ODISHA_2021_06.tif,3.0,3.0,5.0,3.0,0.5,3.0,5,21-395
Kalahandi,2021_07,Kalahandi,298,1101857.23,18.23,9235,12054,145733,9.69,7.32,10.35,32274.54,95.7,5.95,6.94,7.75,6.07,6.68,LST_ODISHA_2021_07.tif,3.0,3.0,5.0,3.0,0.59,3.0,2,21-395
Kalahandi,2021_08,Kalahandi,298,0.0,22.79,9235,12054,145733,9.69,7.32,10.35,32274.54,95.7,5.95,6.94,7.75,6.07,6.68,LST_ODISHA_2021_08.tif,3.0,3.0,5.0,3.0,0.63,4.0,2,21-395
Kalahandi,2021_09,Kalahandi,298,2251596.74,5.91,9235,12054,145733,9.69,7.32,10.35,32274.54,95.7,5.95,6.94,7.75,6.07,6.68,LST_ODISHA_2021_09.tif,4.0,3.0,5.0,3.0,0.79,4.0,4,21-395
Kalahandi,2021_10,Kalahandi,298,0.0,53.06,9235,12054,145733,9.69,7.32,10.35,32274.54,95.7,5.95,6.94,7.75,6.07,6.68,LST_ODISHA_2021_10.tif,3.0,3.0,5.0,3.0,0.63,4.0,4,21-395
Kalahandi,2021_11,Kalahandi,298,0.0,3.16,9235,12054,145733,9.69,7.32,10.35,32274.54,95.7,5.95,6.94,7.75,6.07,6.68,LST_ODISHA_2021_11.tif,4.0,3.0,5.0,3.0,0.73,4.0,3,21-395
Kalahandi,2021_12,Kalahandi,298,0.0,0.0,9235,12054,145733,9.69,7.32,10.35,32274.54,95.7,5.95,6.94,7.75,6.07,6.68,LST_ODISHA_2021_12.tif,3.0,3.0,5.0,3.0,0.42,3.0,4,21-395
Kalahandi,2022_01,Kalahandi,298,0.0,0.0,9622,12166,148112,9.69,7.32,10.35,32274.54,95.7,5.95,6.94,7.75,6.07,6.68,LST_ODISHA_2022_01.tif,3.0,3.0,5.0,3.0,0.85,5.0,4,21-395
Kalahandi,2022_02,Kalahandi,298,15298815.2,0.0,9622,12166,148112,9.69,7.32,10.35,32274.54,95.7,5.95,6.94,7.75,6.07,6.68,LST_ODISHA_2022_02.tif,3.0,3.0,5.0,3.0,0.85,5.0,4,21-395
Kalahandi,2022_03,Kalahandi,298,0.0,36.17,9622,12166,148112,9.69,7.32,10.35,32274.54,95.7,5.95,6.94,7.75,6.07,6.68,LST_ODISHA_2022_03.tif,3.0,3.0,5.0,3.0,0.63,4.0,5,21-395
Kalahandi,2022_04,Kalahandi,298,0.0,0.52,9622,12166,148112,9.69,7.32,10.35,32274.54,95.7,5.95,6.94,7.75,6.07,6.68,LST_ODISHA_2022_04.tif,2.0,3.0,5.0,3.0,0.42,3.0,4,21-395
Kalahandi,2022_05,Kalahandi,298,0.0,14.06,9622,12166,148112,9.69,7.32,10.35,32274.54,95.7,5.95,6.94,7.75,6.07,6.68,LST_ODISHA_2022_05.tif,4.0,3.0,5.0,3.0,0.79,4.0,4,21-395
Kalahandi,2022_06,Kalahandi,298,0.0,15.13,9622,12166,148112,9.69,7.32,10.35,32274.54,95.7,5.95,6.94,7.75,6.07,6.68,LST_ODISHA_2022_06.tif,3.0,3.0,5.0,3.0,0.63,4.0,4,21-395
Kalahandi,2022_07,Kalahandi,298,0.0,10.94,9622,12166,148112,9.69,7.32,10.35,32274.54,95.7,5.95,6.94,7.75,6.07,6.68,LST_ODISHA_2022_07.tif,3.0,3.0,5.0,3.0,0.63,4.0,4,21-395
Kalahandi,2022_08,Kalahandi,298,0.0,24.42,9622,12166,148112,9.69,7.32,10.35,32274.54,95.7,5.95,6.94,7.75,6.07,6.68,LST_ODISHA_2022_08.tif,4.0,3.0,5.0,3.0,0.79,4.0,4,21-395
Kalahandi,2022_09,Kalahandi,298,0.0,11.52,9622,12166,148112,9.69,7.32,10.35,32274.54,95.7,5.95,6.94,7.75,6.07,6.68,LST_ODISHA_2022_09.tif,4.0,3.0,5.0,3.0,0.73,4.0,4,21-395
Kalahandi,2022_10,Kalahandi,298,0.0,31.52,9622,12166,148112,9.69,7.32,10.35,32274.54,95.7,5.95,6.94,7.75,6.07,6.68,LST_ODISHA_2022_10.tif,3.0,3.0,5.0,3.0,0.63,4.0,3,21-395
Kalahandi,2022_11,Kalahandi,298,0.0,0.03,9622,12166,148112,9.69,7.32,10.35,32274.54,95.7,5.95,6.94,7.75,6.07,6.68,LST_ODISHA_2022_11.tif,3.0,3.0,5.0,3.0,0.42,3.0,3,21-395
Kalahandi,2022_12,Kalahandi,298,0.0,0.42,9622,12166,148112,9.69,7.32,10.35,32274.54,95.7,5.95,6.94,7.75,6.07,6.68,LST_ODISHA_2022_12.tif,4.0,3.0,5.0,3.0,0.63,4.0,4,21-395
Kalahandi,2023_01,Kalahandi,298,0.0,0.0,10009,12278,150491,9.69,7.32,10.35,32274.54,95.7,5.95,6.94,7.75,6.07,6.68,LST_ODISHA_2023_01.tif,3.0,3.0,5.0,3.0,0.85,5.0,3,21-395
Kalahandi,2023_02,Kalahandi,298,0.0,0.0,10009,12278,150491,9.69,7.32,10.35,32274.54,95.7,5.95,6.94,7.75,6.07,6.68,LST_ODISHA_2023_02.tif,3.0,3.0,5.0,3.0,0.42,3.0,4,21-395
Kalahandi,2023_03,Kalahandi,298,0.0,8.29,10009,12278,150491,9.69,7.32,10.35,32274.54,95.7,5.95,6.94,7.75,6.07,6.68,LST_ODISHA_2023_03.tif,2.0,3.0,5.0,3.0,0.54,3.0,3,21-395
Kalahandi,2023_04,Kalahandi,298,0.0,0.0,10009,12278,150491,9.69,7.32,10.35,32274.54,95.7,5.95,6.94,7.75,6.07,6.68,LST_ODISHA_2023_04.tif,3.0,3.0,5.0,3.0,0.34,2.0,3,21-395
Kalahandi,2023_05,Kalahandi,298,0.0,2.65,10009,12278,150491,9.69,7.32,10.35,32274.54,95.7,5.95,6.94,7.75,6.07,6.68,LST_ODISHA_2023_05.tif,2.0,3.0,5.0,3.0,0.34,2.0,4,21-395
Kalahandi,2023_06,Kalahandi,298,0.0,19.64,10009,12278,150491,9.69,7.32,10.35,32274.54,95.7,5.95,6.94,7.75,6.07,6.68,LST_ODISHA_2023_06.tif,2.0,3.0,5.0,3.0,0.34,2.0,4,21-395
Kalahandi,2023_07,Kalahandi,298,0.0,30.87,10009,12278,150491,9.69,7.32,10.35,32274.54,95.7,5.95,6.94,7.75,6.07,6.68,LST_ODISHA_2023_07.tif,2.0,3.0,5.0,3.0,0.43,3.0,4,21-395
Kalahandi,2023_08,Kalahandi,298,0.0,16.13,10009,12278,150491,9.69,7.32,10.35,32274.54,95.7,5.95,6.94,7.75,6.07,6.68,LST_ODISHA_2023_08.tif,2.0,3.0,5.0,3.0,0.43,3.0,4,21-395
Kalahandi,2023_09,Kalahandi,298,0.0,29.49,10009,12278,150491,9.69,7.32,10.35,32274.54,95.7,5.95,6.94,7.75,6.07,6.68,LST_ODISHA_2023_09.tif,3.0,3.0,5.0,3.0,0.58,3.0,2,21-395
Kalahandi,2023_10,Kalahandi,298,0.0,35.26,10009,12278,150491,9.69,7.32,10.35,32274.54,95.7,5.95,6.94,7.75,6.07,6.68,LST_ODISHA_2023_10.tif,1.0,3.0,5.0,3.0,0.34,2.0,3,21-395
Kalahandi,2023_11,Kalahandi,298,0.0,8.09,10009,12278,150491,9.69,7.32,10.35,32274.54,95.7,5.95,6.94,7.75,6.07,6.68,LST_ODISHA_2023_11.tif,4.0,3.0,5.0,3.0,0.7,4.0,3,21-395
Kalahandi,2023_12,Kalahandi,298,0.0,0.0,10009,12278,150491,9.69,7.32,10.35,32274.54,95.7,5.95,6.94,7.75,6.07,6.68,LST_ODISHA_2023_12.tif,3.0,3.0,5.0,3.0,0.34,2.0,3,21-395
Kalahandi,2024_01,Kalahandi,298,0.0,0.0,10395,12390,152870,9.69,7.32,10.35,32274.54,95.7,5.95,6.94,7.75,6.07,6.68,LST_ODISHA_2024_01.tif,3.0,3.0,5.0,3.0,0.8,5.0,4,21-395
Kalahandi,2024_02,Kalahandi,298,0.0,0.1,10395,12390,152870,9.69,7.32,10.35,32274.54,95.7,5.95,6.94,7.75,6.07,6.68,LST_ODISHA_2024_02.tif,2.0,3.0,5.0,3.0,0.42,3.0,4,21-395
Kalahandi,2024_03,Kalahandi,298,0.0,35.2,10395,12390,152870,9.69,7.32,10.35,32274.54,95.7,5.95,6.94,7.75,6.07,6.68,LST_ODISHA_2024_03.tif,3.0,3.0,5.0,3.0,0.63,4.0,3,21-395
Kalahandi,2024_04,Kalahandi,298,584935.09,5.34,10395,12390,152870,9.69,7.32,10.35,32274.54,95.7,5.95,6.94,7.75,6.07,6.68,LST_ODISHA_2024_04.tif,3.0,3.0,5.0,3.0,0.54,3.0,3,21-395
Kalahandi,2024_05,Kalahandi,298,392683.16,31.33,10395,12390,152870,9.69,7.32,10.35,32274.54,95.7,5.95,6.94,7.75,6.07,6.68,LST_ODISHA_2024_05.tif,3.0,3.0,5.0,3.0,0.59,3.0,4,21-395
Kalahandi,2024_06,Kalahandi,298,0.0,37.96,10395,12390,152870,9.69,7.32,10.35,32274.54,95.7,5.95,6.94,7.75,6.07,6.68,LST_ODISHA_2024_06.tif,3.0,3.0,5.0,3.0,0.59,3.0,3,21-395
Kalahandi,2024_07,Kalahandi,298,1050151.66,9.06,10395,12390,152870,9.69,7.32,10.35,32274.54,95.7,5.95,6.94,7.75,6.07,6.68,LST_ODISHA_2024_07.tif,2.0,3.0,5.0,3.0,0.5,3.0,0,21-395
Kalahandi,2024_08,Kalahandi,298,0.0,7.74,10395,12390,152870,9.69,7.32,10.35,32274.54,95.7,5.95,6.94,7.75,6.07,6.68,LST_ODISHA_2024_08.tif,3.0,3.0,5.0,3.0,0.5,3.0,3,21-395
Kalahandi,2024_09,Kalahandi,298,0.0,17.43,10395,12390,152870,9.69,7.32,10.35,32274.54,95.7,5.95,6.94,7.75,6.07,6.68,LST_ODISHA_2024_09.tif,3.0,3.0,5.0,3.0,0.59,3.0,3,21-395
Kalahandi,2024_10,Kalahandi,298,0.0,74.36,10395,12390,152870,9.69,7.32,10.35,32274.54,95.7,5.95,6.94,7.75,6.07,6.68,LST_ODISHA_2024_10.tif,4.0,3.0,5.0,3.0,0.75,4.0,4,21-395
Kalahandi,2024_11,Kalahandi,298,0.0,2.52,10395,12390,152870,9.69,7.32,10.35,32274.54,95.7,5.95,6.94,7.75,6.07,6.68,LST_ODISHA_2024_11.tif,3.0,3.0,5.0,3.0,0.5,3.0,3,21-395
Kalahandi,2024_12,Kalahandi,298,0.0,0.04,10395,12390,152870,9.69,7.32,10.35,32274.54,95.7,5.95,6.94,7.75,6.07,6.68,LST_ODISHA_2024_12.tif,3.0,3.0,5.0,3.0,0.38,2.0,3,21-395
Kalahandi,2025_01,Kalahandi,298,1094217.59,0.0,10782,12502,155248,9.69,7.32,10.35,32274.54,95.7,5.95,6.94,7.75,6.07,6.68,LST_ODISHA_2025_01.tif,3.0,3.0,3.0,3.0,0.65,4.0,3,21-395
Kalahandi,2025_02,Kalahandi,298,0.0,0.0,10782,12502,155248,9.69,7.32,10.35,32274.54,95.7,5.95,6.94,7.75,6.07,6.68,LST_ODISHA_2025_02.tif,3.0,3.0,3.0,3.0,0.32,2.0,4,21-395
Kalahandi,2025_03,Kalahandi,298,3316366.94,45.88,10782,12502,155248,9.69,7.32,10.35,32274.54,95.7,5.95,6.94,7.75,6.07,6.68,LST_ODISHA_2025_03.tif,4.0,3.0,3.0,3.0,0.71,4.0,3,21-395
Kalahandi,2025_04,Kalahandi,298,16480.46,1.32,10782,12502,155248,9.69,7.32,10.35,32274.54,95.7,5.95,6.94,7.75,6.07,6.68,LST_ODISHA_2025_04.tif,2.0,3.0,3.0,3.0,0.38,2.0,4,21-395
Kalahandi,2025_05,Kalahandi,298,0.0,9.47,10782,12502,155248,9.69,7.32,10.35,32274.54,95.7,5.95,6.94,7.75,6.07,6.68,LST_ODISHA_2025_05.tif,4.0,3.0,3.0,3.0,0.7,4.0,4,21-395
Kalahandi,2025_06,Kalahandi,298,0.0,0.64,10782,12502,155248,9.69,7.32,10.35,32274.54,95.7,5.95,6.94,7.75,6.07,6.68,LST_ODISHA_2025_06.tif,2.0,3.0,3.0,3.0,0.38,2.0,3,21-395
Kalahandi,2025_07,Kalahandi,298,0.0,27.34,10782,12502,155248,9.69,7.32,10.35,32274.54,95.7,5.95,6.94,7.75,6.07,6.68,LST_ODISHA_2025_07.tif,5.0,3.0,3.0,3.0,0.85,5.0,1,21-395
Kalahandi,2025_08,Kalahandi,298,0.0,27.61,10782,12502,155248,9.69,7.32,10.35,32274.54,95.7,5.95,6.94,7.75,6.07,6.68,LST_ODISHA_2025_08.tif,4.0,3.0,3.0,3.0,0.75,4.0,1,21-395
Kalahandi,2025_09,Kalahandi,298,0.0,14.16,10782,12502,155248,9.69,7.32,10.35,32274.54,95.7,5.95,6.94,7.75,6.07,6.68,LST_ODISHA_2025_09.tif,3.0,3.0,3.0,4.0,0.5,3.0,4,21-395
Kalahandi,2025_10,Kalahandi,298,0.0,39.77,10782,12502,155248,9.69,7.32,10.35,32274.54,95.7,5.95,6.94,7.75,6.07,6.68,LST_ODISHA_2025_10.tif,2.0,3.0,3.0,3.0,0.46,3.0,2,21-395
Kalahandi,2025_11,Kalahandi,298,0.0,1.61,10782,12502,155248,9.69,7.32,10.35,32274.54,95.7,5.95,6.94,7.75,6.07,6.68,LST_ODISHA_2025_11.tif,2.0,3.0,3.0,3.0,0.46,3.0,3,21-395
Kalahandi,2025_12,Kalahandi,298,0.0,0.0,10782,12502,155248,9.69,7.32,10.35,32274.54,95.7,5.95,6.94,7.75,6.07,6.68,LST_ODISHA_2025_12.tif,3.0,3.0,3.0,3.0,0.75,4.0,3,21-395
Kalahandi,2026_01,Kalahandi,298,0.0,0.0,11168,12614,157627,9.69,7.32,10.35,32274.54,95.7,5.95,6.94,7.75,6.07,6.68,LST_ODISHA_2026_01.tif,3.0,3.0,3.0,3.0,0.75,4.0,4,21-395
Kalahandi,2026_02,Kalahandi,298,0.0,0.0,11168,12614,157627,9.69,7.32,10.35,32274.54,95.7,5.95,6.94,7.75,6.07,6.68,LST_ODISHA_2026_02.tif,3.0,3.0,3.0,3.0,0.75,4.0,3,21-395
Kalahandi,2026_03,Kalahandi,298,0.0,24.18,11168,12614,157627,9.69,7.32,10.35,32274.54,95.7,5.95,6.94,7.75,6.07,6.68,LST_ODISHA_2026_03.tif,2.0,3.0,3.0,3.0,0.46,3.0,4,21-395
Kandhamal,2021_01,Kandhamal,213,0.0,0.0,3820,6117,70227,9.3,9.54,14.92,13734.33,85.0,5.22,4.86,5.72,6.2,5.5,LST_ODISHA_2021_01.tif,3.0,1.0,1.0,3.0,0.0,1.0,1,21-390
Kandhamal,2021_02,Kandhamal,213,0.0,0.0,3820,6117,70227,9.3,9.54,14.92,13734.33,85.0,5.22,4.86,5.72,6.2,5.5,LST_ODISHA_2021_02.tif,2.0,1.0,1.0,3.0,0.0,1.0,1,21-390
Kandhamal,2021_03,Kandhamal,213,0.0,31.54,3820,6117,70227,9.3,9.54,14.92,13734.33,85.0,5.22,4.86,5.72,6.2,5.5,LST_ODISHA_2021_03.tif,3.0,1.0,1.0,3.0,0.48,3.0,1,21-390
Kandhamal,2021_04,Kandhamal,213,2924513.75,0.0,3820,6117,70227,9.3,9.54,14.92,13734.33,85.0,5.22,4.86,5.72,6.2,5.5,LST_ODISHA_2021_04.tif,3.0,1.0,1.0,3.0,0.3,2.0,1,21-390
Kandhamal,2021_05,Kandhamal,213,1373019.0,0.72,3820,6117,70227,9.3,9.54,14.92,13734.33,85.0,5.22,4.86,5.72,6.2,5.5,LST_ODISHA_2021_05.tif,2.0,1.0,1.0,3.0,0.22,2.0,1,21-390
Kandhamal,2021_06,Kandhamal,213,950837.83,0.16,3820,6117,70227,9.3,9.54,14.92,13734.33,85.0,5.22,4.86,5.72,6.2,5.5,LST_ODISHA_2021_06.tif,2.0,1.0,1.0,3.0,0.22,2.0,2,21-390
Kandhamal,2021_07,Kandhamal,213,0.0,19.55,3820,6117,70227,9.3,9.54,14.92,13734.33,85.0,5.22,4.86,5.72,6.2,5.5,LST_ODISHA_2021_07.tif,4.0,1.0,1.0,3.0,0.56,3.0,3,21-390
Kandhamal,2021_08,Kandhamal,213,0.0,25.07,3820,6117,70227,9.3,9.54,14.92,13734.33,85.0,5.22,4.86,5.72,6.2,5.5,LST_ODISHA_2021_08.tif,4.0,1.0,1.0,3.0,0.6,3.0,4,21-390
Kandhamal,2021_09,Kandhamal,213,0.0,8.11,3820,6117,70227,9.3,9.54,14.92,13734.33,85.0,5.22,4.86,5.72,6.2,5.5,LST_ODISHA_2021_09.tif,5.0,1.0,1.0,3.0,0.67,4.0,2,21-390
Kandhamal,2021_10,Kandhamal,213,0.0,55.48,3820,6117,70227,9.3,9.54,14.92,13734.33,85.0,5.22,4.86,5.72,6.2,5.5,LST_ODISHA_2021_10.tif,4.0,1.0,1.0,3.0,0.6,3.0,1,21-390
Kandhamal,2021_11,Kandhamal,213,1323869.75,1.83,3820,6117,70227,9.3,9.54,14.92,13734.33,85.0,5.22,4.86,5.72,6.2,5.5,LST_ODISHA_2021_11.tif,3.0,1.0,1.0,3.0,0.41,3.0,1,21-390
Kandhamal,2021_12,Kandhamal,213,0.0,0.0,3820,6117,70227,9.3,9.54,14.92,13734.33,85.0,5.22,4.86,5.72,6.2,5.5,LST_ODISHA_2021_12.tif,3.0,1.0,1.0,3.0,0.3,2.0,1,21-390
Kandhamal,2022_01,Kandhamal,213,0.0,0.0,3974,6157,71117,9.3,9.54,14.92,13734.33,85.0,5.22,4.86,5.72,6.2,5.5,LST_ODISHA_2022_01.tif,3.0,1.0,1.0,3.0,0.47,3.0,1,21-390
Kandhamal,2022_02,Kandhamal,213,0.0,0.0,3974,6157,71117,9.3,9.54,14.92,13734.33,85.0,5.22,4.86,5.72,6.2,5.5,LST_ODISHA_2022_02.tif,3.0,1.0,1.0,3.0,0.47,3.0,1,21-390
Kandhamal,2022_03,Kandhamal,213,0.0,34.76,3974,6157,71117,9.3,9.54,14.92,13734.33,85.0,5.22,4.86,5.72,6.2,5.5,LST_ODISHA_2022_03.tif,2.0,1.0,1.0,3.0,0.37,2.0,1,21-390
Kandhamal,2022_04,Kandhamal,213,0.0,2.18,3974,6157,71117,9.3,9.54,14.92,13734.33,85.0,5.22,4.86,5.72,6.2,5.5,LST_ODISHA_2022_04.tif,3.0,1.0,1.0,3.0,0.41,3.0,2,21-390
Kandhamal,2022_05,Kandhamal,213,400519.08,12.57,3974,6157,71117,9.3,9.54,14.92,13734.33,85.0,5.22,4.86,5.72,6.2,5.5,LST_ODISHA_2022_05.tif,3.0,1.0,1.0,3.0,0.48,3.0,2,21-390
Kandhamal,2022_06,Kandhamal,213,0.0,19.04,3974,6157,71117,9.3,9.54,14.92,13734.33,85.0,5.22,4.86,5.72,6.2,5.5,LST_ODISHA_2022_06.tif,3.0,1.0,1.0,3.0,0.48,3.0,1,21-390
Kandhamal,2022_07,Kandhamal,213,0.0,9.72,3974,6157,71117,9.3,9.54,14.92,13734.33,85.0,5.22,4.86,5.72,6.2,5.5,LST_ODISHA_2022_07.tif,2.0,1.0,1.0,3.0,0.37,2.0,3,21-390
Kandhamal,2022_08,Kandhamal,213,0.0,20.84,3974,6157,71117,9.3,9.54,14.92,13734.33,85.0,5.22,4.86,5.72,6.2,5.5,LST_ODISHA_2022_08.tif,3.0,1.0,1.0,3.0,0.48,3.0,3,21-390
Kandhamal,2022_09,Kandhamal,213,0.0,7.53,3974,6157,71117,9.3,9.54,14.92,13734.33,85.0,5.22,4.86,5.72,6.2,5.5,LST_ODISHA_2022_09.tif,2.0,1.0,1.0,3.0,0.3,2.0,2,21-390
Kandhamal,2022_10,Kandhamal,213,0.0,25.77,3974,6157,71117,9.3,9.54,14.92,13734.33,85.0,5.22,4.86,5.72,6.2,5.5,LST_ODISHA_2022_10.tif,2.0,1.0,1.0,3.0,0.37,2.0,1,21-390
Kandhamal,2022_11,Kandhamal,213,0.0,0.34,3974,6157,71117,9.3,9.54,14.92,13734.33,85.0,5.22,4.86,5.72,6.2,5.5,LST_ODISHA_2022_11.tif,3.0,1.0,1.0,3.0,0.3,2.0,1,21-390
Kandhamal,2022_12,Kandhamal,213,0.0,0.81,3974,6157,71117,9.3,9.54,14.92,13734.33,85.0,5.22,4.86,5.72,6.2,5.5,LST_ODISHA_2022_12.tif,4.0,1.0,1.0,3.0,0.48,3.0,1,21-390
Kandhamal,2023_01,Kandhamal,213,0.0,0.0,4127,6196,72008,9.3,9.54,14.92,13734.33,85.0,5.22,4.86,5.72,6.2,5.5,LST_ODISHA_2023_01.tif,3.0,1.0,1.0,3.0,0.47,3.0,1,21-390
Kandhamal,2023_02,Kandhamal,213,0.0,0.04,4127,6196,72008,9.3,9.54,14.92,13734.33,85.0,5.22,4.86,5.72,6.2,5.5,LST_ODISHA_2023_02.tif,3.0,1.0,1.0,3.0,0.3,2.0,1,21-390
Kandhamal,2023_03,Kandhamal,213,41679.67,5.68,4127,6196,72008,9.3,9.54,14.92,13734.33,85.0,5.22,4.86,5.72,6.2,5.5,LST_ODISHA_2023_03.tif,1.0,1.0,1.0,3.0,0.3,2.0,1,21-390
Kandhamal,2023_04,Kandhamal,213,0.0,0.0,4127,6196,72008,9.3,9.54,14.92,13734.33,85.0,5.22,4.86,5.72,6.2,5.5,LST_ODISHA_2023_04.tif,3.0,1.0,1.0,3.0,0.0,1.0,1,21-390
Kandhamal,2023_05,Kandhamal,213,0.0,1.35,4127,6196,72008,9.3,9.54,14.92,13734.33,85.0,5.22,4.86,5.72,6.2,5.5,LST_ODISHA_2023_05.tif,2.0,1.0,1.0,3.0,0.0,1.0,1,21-390
Kandhamal,2023_06,Kandhamal,213,0.0,16.96,4127,6196,72008,9.3,9.54,14.92,13734.33,85.0,5.22,4.86,5.72,6.2,5.5,LST_ODISHA_2023_06.tif,2.0,1.0,1.0,3.0,0.0,1.0,2,21-390
Kandhamal,2023_07,Kandhamal,213,0.0,25.68,4127,6196,72008,9.3,9.54,14.92,13734.33,85.0,5.22,4.86,5.72,6.2,5.5,LST_ODISHA_2023_07.tif,1.0,1.0,1.0,3.0,0.0,1.0,3,21-390
Kandhamal,2023_08,Kandhamal,213,0.0,14.79,4127,6196,72008,9.3,9.54,14.92,13734.33,85.0,5.22,4.86,5.72,6.2,5.5,LST_ODISHA_2023_08.tif,2.0,1.0,1.0,3.0,0.21,2.0,1,21-390
Kandhamal,2023_09,Kandhamal,213,0.0,23.08,4127,6196,72008,9.3,9.54,14.92,13734.33,85.0,5.22,4.86,5.72,6.2,5.5,LST_ODISHA_2023_09.tif,2.0,1.0,1.0,3.0,0.21,2.0,1,21-390
Kandhamal,2023_10,Kandhamal,213,0.0,42.08,4127,6196,72008,9.3,9.54,14.92,13734.33,85.0,5.22,4.86,5.72,6.2,5.5,LST_ODISHA_2023_10.tif,3.0,1.0,1.0,3.0,0.4,2.0,1,21-390
Kandhamal,2023_11,Kandhamal,213,0.0,7.59,4127,6196,72008,9.3,9.54,14.92,13734.33,85.0,5.22,4.86,5.72,6.2,5.5,LST_ODISHA_2023_11.tif,4.0,1.0,1.0,3.0,0.51,3.0,1,21-390
Kandhamal,2023_12,Kandhamal,213,0.0,0.03,4127,6196,72008,9.3,9.54,14.92,13734.33,85.0,5.22,4.86,5.72,6.2,5.5,LST_ODISHA_2023_12.tif,5.0,1.0,1.0,3.0,0.64,4.0,1,21-390
Kandhamal,2024_01,Kandhamal,213,0.0,0.0,4281,6235,72898,9.3,9.54,14.92,13734.33,85.0,5.22,4.86,5.72,6.2,5.5,LST_ODISHA_2024_01.tif,3.0,1.0,1.0,3.0,0.0,1.0,2,21-390
Kandhamal,2024_02,Kandhamal,213,0.0,0.02,4281,6235,72898,9.3,9.54,14.92,13734.33,85.0,5.22,4.86,5.72,6.2,5.5,LST_ODISHA_2024_02.tif,2.0,1.0,1.0,3.0,0.3,2.0,2,21-390
Kandhamal,2024_03,Kandhamal,213,0.0,30.71,4281,6235,72898,9.3,9.54,14.92,13734.33,85.0,5.22,4.86,5.72,6.2,5.5,LST_ODISHA_2024_03.tif,2.0,1.0,1.0,3.0,0.37,2.0,2,21-390
Kandhamal,2024_04,Kandhamal,213,0.0,6.23,4281,6235,72898,9.3,9.54,14.92,13734.33,85.0,5.22,4.86,5.72,6.2,5.5,LST_ODISHA_2024_04.tif,3.0,1.0,1.0,3.0,0.41,3.0,2,21-390
Kandhamal,2024_05,Kandhamal,213,0.0,29.93,4281,6235,72898,9.3,9.54,14.92,13734.33,85.0,5.22,4.86,5.72,6.2,5.5,LST_ODISHA_2024_05.tif,3.0,1.0,1.0,4.0,0.48,3.0,1,21-390
Kandhamal,2024_06,Kandhamal,213,0.0,37.3,4281,6235,72898,9.3,9.54,14.92,13734.33,85.0,5.22,4.86,5.72,6.2,5.5,LST_ODISHA_2024_06.tif,3.0,1.0,1.0,4.0,0.48,3.0,1,21-390
Kandhamal,2024_07,Kandhamal,213,0.0,16.31,4281,6235,72898,9.3,9.54,14.92,13734.33,85.0,5.22,4.86,5.72,6.2,5.5,LST_ODISHA_2024_07.tif,3.0,1.0,1.0,4.0,0.56,3.0,4,21-390
Kandhamal,2024_08,Kandhamal,213,0.0,5.84,4281,6235,72898,9.3,9.54,14.92,13734.33,85.0,5.22,4.86,5.72,6.2,5.5,LST_ODISHA_2024_08.tif,3.0,1.0,1.0,4.0,0.41,3.0,2,21-390
Kandhamal,2024_09,Kandhamal,213,0.0,18.64,4281,6235,72898,9.3,9.54,14.92,13734.33,85.0,5.22,4.86,5.72,6.2,5.5,LST_ODISHA_2024_09.tif,3.0,1.0,1.0,4.0,0.48,3.0,1,21-390
Kandhamal,2024_10,Kandhamal,213,0.0,72.66,4281,6235,72898,9.3,9.54,14.92,13734.33,85.0,5.22,4.86,5.72,6.2,5.5,LST_ODISHA_2024_10.tif,3.0,1.0,1.0,4.0,0.48,3.0,1,21-390
Kandhamal,2024_11,Kandhamal,213,1541418.17,2.92,4281,6235,72898,9.3,9.54,14.92,13734.33,85.0,5.22,4.86,5.72,6.2,5.5,LST_ODISHA_2024_11.tif,3.0,1.0,1.0,3.0,0.35,2.0,1,21-390
Kandhamal,2024_12,Kandhamal,213,0.0,0.03,4281,6235,72898,9.3,9.54,14.92,13734.33,85.0,5.22,4.86,5.72,6.2,5.5,LST_ODISHA_2024_12.tif,3.0,1.0,1.0,3.0,0.22,2.0,1,21-390
Kandhamal,2025_01,Kandhamal,213,0.0,0.0,4434,6275,73788,9.3,9.54,14.92,13734.33,85.0,5.22,4.86,5.72,6.2,5.5,LST_ODISHA_2025_01.tif,3.0,1.0,3.0,3.0,0.58,3.0,1,21-390
Kandhamal,2025_02,Kandhamal,213,0.0,0.03,4434,6275,73788,9.3,9.54,14.92,13734.33,85.0,5.22,4.86,5.72,6.2,5.5,LST_ODISHA_2025_02.tif,3.0,1.0,3.0,3.0,0.31,2.0,1,21-390
Kandhamal,2025_03,Kandhamal,213,0.0,41.06,4434,6275,73788,9.3,9.54,14.92,13734.33,85.0,5.22,4.86,5.72,6.2,5.5,LST_ODISHA_2025_03.tif,3.0,1.0,3.0,4.0,0.57,3.0,2,21-390
Kandhamal,2025_04,Kandhamal,213,59417.92,2.61,4434,6275,73788,9.3,9.54,14.92,13734.33,85.0,5.22,4.86,5.72,6.2,5.5,LST_ODISHA_2025_04.tif,3.0,1.0,3.0,3.0,0.48,3.0,2,21-390
Kandhamal,2025_05,Kandhamal,213,117157.25,4.16,4434,6275,73788,9.3,9.54,14.92,13734.33,85.0,5.22,4.86,5.72,6.2,5.5,LST_ODISHA_2025_05.tif,2.0,1.0,3.0,3.0,0.36,2.0,1,21-390
Kandhamal,2025_06,Kandhamal,213,0.0,0.08,4434,6275,73788,9.3,9.54,14.92,13734.33,85.0,5.22,4.86,5.72,6.2,5.5,LST_ODISHA_2025_06.tif,2.0,1.0,3.0,3.0,0.36,2.0,1,21-390
Kandhamal,2025_07,Kandhamal,213,479253.07,25.04,4434,6275,73788,9.3,9.54,14.92,13734.33,85.0,5.22,4.86,5.72,6.2,5.5,LST_ODISHA_2025_07.tif,4.0,1.0,3.0,3.0,0.71,4.0,3,21-390
Kandhamal,2025_08,Kandhamal,213,0.0,23.64,4434,6275,73788,9.3,9.54,14.92,13734.33,85.0,5.22,4.86,5.72,6.2,5.5,LST_ODISHA_2025_08.tif,3.0,1.0,3.0,3.0,0.57,3.0,2,21-390
Kandhamal,2025_09,Kandhamal,213,584175.42,14.03,4434,6275,73788,9.3,9.54,14.92,13734.33,85.0,5.22,4.86,5.72,6.2,5.5,LST_ODISHA_2025_09.tif,3.0,1.0,3.0,3.0,0.44,3.0,1,21-390
Kandhamal,2025_10,Kandhamal,213,1396114.42,39.78,4434,6275,73788,9.3,9.54,14.92,13734.33,85.0,5.22,4.86,5.72,6.2,5.5,LST_ODISHA_2025_10.tif,2.0,1.0,3.0,3.0,0.45,3.0,1,21-390
Kandhamal,2025_11,Kandhamal,213,0.0,1.59,4434,6275,73788,9.3,9.54,14.92,13734.33,85.0,5.22,4.86,5.72,6.2,5.5,LST_ODISHA_2025_11.tif,2.0,1.0,3.0,3.0,0.45,3.0,1,21-390
Kandhamal,2025_12,Kandhamal,213,0.0,0.0,4434,6275,73788,9.3,9.54,14.92,13734.33,85.0,5.22,4.86,5.72,6.2,5.5,LST_ODISHA_2025_12.tif,3.0,1.0,3.0,3.0,0.67,4.0,1,21-390
Kandhamal,2026_01,Kandhamal,213,0.0,0.0,4588,6314,74678,9.3,9.54,14.92,13734.33,85.0,5.22,4.86,5.72,6.2,5.5,LST_ODISHA_2026_01.tif,3.0,1.0,3.0,3.0,0.67,4.0,1,21-390
Kandhamal,2026_02,Kandhamal,213,0.0,0.0,4588,6314,74678,9.3,9.54,14.92,13734.33,85.0,5.22,4.86,5.72,6.2,5.5,LST_ODISHA_2026_02.tif,3.0,1.0,3.0,3.0,0.67,4.0,1,21-390
Kandhamal,2026_03,Kandhamal,213,0.0,23.1,4588,6314,74678,9.3,9.54,14.92,13734.33,85.0,5.22,4.86,5.72,6.2,5.5,LST_ODISHA_2026_03.tif,2.0,1.0,3.0,3.0,0.45,3.0,2,21-390
Kendrapara,2021_01,Kendrapara,278,0.0,0.0,19784,14476,190709,10.75,19.39,14.14,36704.44,81.0,7.36,11.31,5.4,6.91,7.74,LST_ODISHA_2021_01.tif,3.0,4.0,1.0,3.0,0.27,2.0,3,21-379
Kendrapara,2021_02,Kendrapara,278,0.0,0.08,19784,14476,190709,10.75,19.39,14.14,36704.44,81.0,7.36,11.31,5.4,6.91,7.74,LST_ODISHA_2021_02.tif,3.0,4.0,1.0,3.0,0.31,2.0,4,21-379
Kendrapara,2021_03,Kendrapara,278,0.0,33.25,19784,14476,190709,10.75,19.39,14.14,36704.44,81.0,7.36,11.31,5.4,6.91,7.74,LST_ODISHA_2021_03.tif,3.0,4.0,1.0,3.0,0.51,3.0,3,21-379
Kendrapara,2021_04,Kendrapara,278,2257444.0,0.0,19784,14476,190709,10.75,19.39,14.14,36704.44,81.0,7.36,11.31,5.4,6.91,7.74,LST_ODISHA_2021_04.tif,3.0,4.0,1.0,3.0,0.32,2.0,2,21-379
Kendrapara,2021_05,Kendrapara,278,0.0,0.6,19784,14476,190709,10.75,19.39,14.14,36704.44,81.0,7.36,11.31,5.4,6.91,7.74,LST_ODISHA_2021_05.tif,2.0,4.0,1.0,3.0,0.25,2.0,2,21-379
Kendrapara,2021_06,Kendrapara,278,0.0,2.74,19784,14476,190709,10.75,19.39,14.14,36704.44,81.0,7.36,11.31,5.4,6.91,7.74,LST_ODISHA_2021_06.tif,4.0,4.0,1.0,3.0,0.55,3.0,1,21-379
Kendrapara,2021_07,Kendrapara,278,0.0,18.41,19784,14476,190709,10.75,19.39,14.14,36704.44,81.0,7.36,11.31,5.4,6.91,7.74,LST_ODISHA_2021_07.tif,3.0,4.0,1.0,3.0,0.46,3.0,0,21-379
Kendrapara,2021_08,Kendrapara,278,2783319.56,23.82,19784,14476,190709,10.75,19.39,14.14,36704.44,81.0,7.36,11.31,5.4,6.91,7.74,LST_ODISHA_2021_08.tif,4.0,4.0,1.0,3.0,0.62,4.0,0,21-379
Kendrapara,2021_09,Kendrapara,278,0.0,3.01,19784,14476,190709,10.75,19.39,14.14,36704.44,81.0,7.36,11.31,5.4,6.91,7.74,LST_ODISHA_2021_09.tif,3.0,4.0,1.0,3.0,0.51,3.0,2,21-379
Kendrapara,2021_10,Kendrapara,278,0.0,47.62,19784,14476,190709,10.75,19.39,14.14,36704.44,81.0,7.36,11.31,5.4,6.91,7.74,LST_ODISHA_2021_10.tif,1.0,4.0,1.0,3.0,0.32,2.0,3,21-379
Kendrapara,2021_11,Kendrapara,278,0.0,1.31,19784,14476,190709,10.75,19.39,14.14,36704.44,81.0,7.36,11.31,5.4,6.91,7.74,LST_ODISHA_2021_11.tif,3.0,4.0,1.0,3.0,0.43,3.0,3,21-379
Kendrapara,2021_12,Kendrapara,278,0.0,0.0,19784,14476,190709,10.75,19.39,14.14,36704.44,81.0,7.36,11.31,5.4,6.91,7.74,LST_ODISHA_2021_12.tif,3.0,4.0,1.0,3.0,0.32,2.0,3,21-379
Kendrapara,2022_01,Kendrapara,278,0.0,0.0,20452,14500,192570,10.75,19.39,14.14,36704.44,81.0,7.36,11.31,5.4,6.91,7.74,LST_ODISHA_2022_01.tif,3.0,4.0,1.0,3.0,0.52,3.0,3,21-379
Kendrapara,2022_02,Kendrapara,278,0.0,0.0,20452,14500,192570,10.75,19.39,14.14,36704.44,81.0,7.36,11.31,5.4,6.91,7.74,LST_ODISHA_2022_02.tif,3.0,4.0,1.0,3.0,0.52,3.0,3,21-379
Kendrapara,2022_03,Kendrapara,278,0.0,34.93,20452,14500,192570,10.75,19.39,14.14,36704.44,81.0,7.36,11.31,5.4,6.91,7.74,LST_ODISHA_2022_03.tif,2.0,4.0,1.0,3.0,0.4,2.0,1,21-379
Kendrapara,2022_04,Kendrapara,278,0.0,5.37,20452,14500,192570,10.75,19.39,14.14,36704.44,81.0,7.36,11.31,5.4,6.91,7.74,LST_ODISHA_2022_04.tif,5.0,4.0,1.0,3.0,0.69,4.0,1,21-379
Kendrapara,2022_05,Kendrapara,278,0.0,4.29,20452,14500,192570,10.75,19.39,14.14,36704.44,81.0,7.36,11.31,5.4,6.91,7.74,LST_ODISHA_2022_05.tif,2.0,4.0,1.0,3.0,0.4,2.0,2,21-379
Kendrapara,2022_06,Kendrapara,278,0.0,8.91,20452,14500,192570,10.75,19.39,14.14,36704.44,81.0,7.36,11.31,5.4,6.91,7.74,LST_ODISHA_2022_06.tif,1.0,4.0,1.0,3.0,0.32,2.0,2,21-379
Kendrapara,2022_07,Kendrapara,278,0.0,7.65,20452,14500,192570,10.75,19.39,14.14,36704.44,81.0,7.36,11.31,5.4,6.91,7.74,LST_ODISHA_2022_07.tif,1.0,4.0,1.0,3.0,0.32,2.0,0,21-379
Kendrapara,2022_08,Kendrapara,278,0.0,21.74,20452,14500,192570,10.75,19.39,14.14,36704.44,81.0,7.36,11.31,5.4,6.91,7.74,LST_ODISHA_2022_08.tif,4.0,4.0,1.0,3.0,0.62,4.0,3,21-379
Kendrapara,2022_09,Kendrapara,278,0.0,9.4,20452,14500,192570,10.75,19.39,14.14,36704.44,81.0,7.36,11.31,5.4,6.91,7.74,LST_ODISHA_2022_09.tif,3.0,4.0,1.0,3.0,0.43,3.0,3,21-379
Kendrapara,2022_10,Kendrapara,278,0.0,30.68,20452,14500,192570,10.75,19.39,14.14,36704.44,81.0,7.36,11.31,5.4,6.91,7.74,LST_ODISHA_2022_10.tif,3.0,4.0,1.0,3.0,0.51,3.0,2,21-379
Kendrapara,2022_11,Kendrapara,278,67538.22,0.0,20452,14500,192570,10.75,19.39,14.14,36704.44,81.0,7.36,11.31,5.4,6.91,7.74,LST_ODISHA_2022_11.tif,3.0,4.0,1.0,3.0,0.32,2.0,3,21-379
Kendrapara,2022_12,Kendrapara,278,0.0,0.0,20452,14500,192570,10.75,19.39,14.14,36704.44,81.0,7.36,11.31,5.4,6.91,7.74,LST_ODISHA_2022_12.tif,3.0,4.0,1.0,3.0,0.32,2.0,4,21-379
Kendrapara,2023_01,Kendrapara,278,0.0,0.0,21121,14524,194430,10.75,19.39,14.14,36704.44,81.0,7.36,11.31,5.4,6.91,7.74,LST_ODISHA_2023_01.tif,3.0,4.0,1.0,3.0,0.52,3.0,3,21-379
Kendrapara,2023_02,Kendrapara,278,0.0,0.02,21121,14524,194430,10.75,19.39,14.14,36704.44,81.0,7.36,11.31,5.4,6.91,7.74,LST_ODISHA_2023_02.tif,3.0,4.0,1.0,3.0,0.32,2.0,4,21-379
Kendrapara,2023_03,Kendrapara,278,0.0,14.36,21121,14524,194430,10.75,19.39,14.14,36704.44,81.0,7.36,11.31,5.4,6.91,7.74,LST_ODISHA_2023_03.tif,4.0,4.0,1.0,3.0,0.69,4.0,2,21-379
Kendrapara,2023_04,Kendrapara,278,0.0,2.62,21121,14524,194430,10.75,19.39,14.14,36704.44,81.0,7.36,11.31,5.4,6.91,7.74,LST_ODISHA_2023_04.tif,4.0,4.0,1.0,3.0,0.43,3.0,2,21-379
Kendrapara,2023_05,Kendrapara,278,0.0,13.65,21121,14524,194430,10.75,19.39,14.14,36704.44,81.0,7.36,11.31,5.4,6.91,7.74,LST_ODISHA_2023_05.tif,4.0,4.0,1.0,3.0,0.53,3.0,3,21-379
Kendrapara,2023_06,Kendrapara,278,0.0,25.36,21121,14524,194430,10.75,19.39,14.14,36704.44,81.0,7.36,11.31,5.4,6.91,7.74,LST_ODISHA_2023_06.tif,3.0,4.0,1.0,3.0,0.31,2.0,3,21-379
Kendrapara,2023_07,Kendrapara,278,0.0,36.81,21121,14524,194430,10.75,19.39,14.14,36704.44,81.0,7.36,11.31,5.4,6.91,7.74,LST_ODISHA_2023_07.tif,3.0,4.0,1.0,3.0,0.43,3.0,0,21-379
Kendrapara,2023_08,Kendrapara,278,0.0,23.4,21121,14524,194430,10.75,19.39,14.14,36704.44,81.0,7.36,11.31,5.4,6.91,7.74,LST_ODISHA_2023_08.tif,4.0,4.0,1.0,3.0,0.58,3.0,3,21-379
Kendrapara,2023_09,Kendrapara,278,0.0,25.26,21121,14524,194430,10.75,19.39,14.14,36704.44,81.0,7.36,11.31,5.4,6.91,7.74,LST_ODISHA_2023_09.tif,2.0,4.0,1.0,3.0,0.26,2.0,4,21-379
Kendrapara,2023_10,Kendrapara,278,0.0,43.68,21121,14524,194430,10.75,19.39,14.14,36704.44,81.0,7.36,11.31,5.4,6.91,7.74,LST_ODISHA_2023_10.tif,3.0,4.0,1.0,3.0,0.43,3.0,4,21-379
Kendrapara,2023_11,Kendrapara,278,0.0,3.4,21121,14524,194430,10.75,19.39,14.14,36704.44,81.0,7.36,11.31,5.4,6.91,7.74,LST_ODISHA_2023_11.tif,2.0,4.0,1.0,3.0,0.14,1.0,2,21-379
Kendrapara,2023_12,Kendrapara,278,0.0,0.0,21121,14524,194430,10.75,19.39,14.14,36704.44,81.0,7.36,11.31,5.4,6.91,7.74,LST_ODISHA_2023_12.tif,3.0,4.0,1.0,3.0,0.14,1.0,4,21-379
Kendrapara,2024_01,Kendrapara,278,0.0,0.0,21789,14547,196291,10.75,19.39,14.14,36704.44,81.0,7.36,11.31,5.4,6.91,7.74,LST_ODISHA_2024_01.tif,3.0,4.0,1.0,3.0,0.27,2.0,4,21-379
Kendrapara,2024_02,Kendrapara,278,0.0,1.38,21789,14547,196291,10.75,19.39,14.14,36704.44,81.0,7.36,11.31,5.4,6.91,7.74,LST_ODISHA_2024_02.tif,5.0,4.0,1.0,3.0,0.69,4.0,4,21-379
Kendrapara,2024_03,Kendrapara,278,79821844.22,41.65,21789,14547,196291,10.75,19.39,14.14,36704.44,81.0,7.36,11.31,5.4,6.91,7.74,LST_ODISHA_2024_03.tif,4.0,4.0,1.0,1.0,0.51,3.0,2,21-379
Kendrapara,2024_04,Kendrapara,278,11835528.15,18.82,21789,14547,196291,10.75,19.39,14.14,36704.44,81.0,7.36,11.31,5.4,6.91,7.74,LST_ODISHA_2024_04.tif,5.0,4.0,1.0,1.0,0.59,3.0,2,21-379
Kendrapara,2024_05,Kendrapara,278,96597.56,25.16,21789,14547,196291,10.75,19.39,14.14,36704.44,81.0,7.36,11.31,5.4,6.91,7.74,LST_ODISHA_2024_05.tif,2.0,4.0,1.0,1.0,0.23,2.0,1,21-379
Kendrapara,2024_06,Kendrapara,278,445996.78,35.4,21789,14547,196291,10.75,19.39,14.14,36704.44,81.0,7.36,11.31,5.4,6.91,7.74,LST_ODISHA_2024_06.tif,3.0,4.0,1.0,1.0,0.38,2.0,1,21-379
Kendrapara,2024_07,Kendrapara,278,0.0,20.71,21789,14547,196291,10.75,19.39,14.14,36704.44,81.0,7.36,11.31,5.4,6.91,7.74,LST_ODISHA_2024_07.tif,3.0,4.0,1.0,1.0,0.47,3.0,0,21-379
Kendrapara,2024_08,Kendrapara,278,697562.57,8.24,21789,14547,196291,10.75,19.39,14.14,36704.44,81.0,7.36,11.31,5.4,6.91,7.74,LST_ODISHA_2024_08.tif,3.0,4.0,1.0,2.0,0.32,2.0,0,21-379
Kendrapara,2024_09,Kendrapara,278,0.0,19.64,21789,14547,196291,10.75,19.39,14.14,36704.44,81.0,7.36,11.31,5.4,6.91,7.74,LST_ODISHA_2024_09.tif,3.0,4.0,1.0,2.0,0.42,3.0,2,21-379
Kendrapara,2024_10,Kendrapara,278,1652084.57,66.3,21789,14547,196291,10.75,19.39,14.14,36704.44,81.0,7.36,11.31,5.4,6.91,7.74,LST_ODISHA_2024_10.tif,1.0,4.0,1.0,2.0,0.18,1.0,4,21-379
Kendrapara,2024_11,Kendrapara,278,0.0,2.38,21789,14547,196291,10.75,19.39,14.14,36704.44,81.0,7.36,11.31,5.4,6.91,7.74,LST_ODISHA_2024_11.tif,3.0,4.0,1.0,2.0,0.32,2.0,4,21-379
Kendrapara,2024_12,Kendrapara,278,0.0,0.0,21789,14547,196291,10.75,19.39,14.14,36704.44,81.0,7.36,11.31,5.4,6.91,7.74,LST_ODISHA_2024_12.tif,3.0,4.0,1.0,2.0,0.18,1.0,3,21-379
Kendrapara,2025_01,Kendrapara,278,0.0,0.0,22457,14571,198152,10.75,19.39,14.14,36704.44,81.0,7.36,11.31,5.4,6.91,7.74,LST_ODISHA_2025_01.tif,3.0,4.0,1.0,2.0,0.29,2.0,4,21-379
Kendrapara,2025_02,Kendrapara,278,392818.22,0.0,22457,14571,198152,10.75,19.39,14.14,36704.44,81.0,7.36,11.31,5.4,6.91,7.74,LST_ODISHA_2025_02.tif,3.0,4.0,1.0,2.0,0.18,1.0,2,21-379
Kendrapara,2025_03,Kendrapara,278,0.0,38.99,22457,14571,198152,10.75,19.39,14.14,36704.44,81.0,7.36,11.31,5.4,6.91,7.74,LST_ODISHA_2025_03.tif,2.0,4.0,1.0,2.0,0.27,2.0,2,21-379
Kendrapara,2025_04,Kendrapara,278,230388.22,6.62,22457,14571,198152,10.75,19.39,14.14,36704.44,81.0,7.36,11.31,5.4,6.91,7.74,LST_ODISHA_2025_04.tif,4.0,4.0,1.0,3.0,0.59,3.0,1,21-379
Kendrapara,2025_05,Kendrapara,278,7608072.22,1.0,22457,14571,198152,10.75,19.39,14.14,36704.44,81.0,7.36,11.31,5.4,6.91,7.74,LST_ODISHA_2025_05.tif,2.0,4.0,1.0,2.0,0.21,2.0,3,21-379
Kendrapara,2025_06,Kendrapara,278,0.0,1.81,22457,14571,198152,10.75,19.39,14.14,36704.44,81.0,7.36,11.31,5.4,6.91,7.74,LST_ODISHA_2025_06.tif,3.0,4.0,1.0,2.0,0.34,2.0,1,21-379
Kendrapara,2025_07,Kendrapara,278,8529176.78,14.26,22457,14571,198152,10.75,19.39,14.14,36704.44,81.0,7.36,11.31,5.4,6.91,7.74,LST_ODISHA_2025_07.tif,2.0,4.0,1.0,1.0,0.23,2.0,2,21-379
Kendrapara,2025_08,Kendrapara,278,0.0,21.1,22457,14571,198152,10.75,19.39,14.14,36704.44,81.0,7.36,11.31,5.4,6.91,7.74,LST_ODISHA_2025_08.tif,2.0,4.0,1.0,1.0,0.23,2.0,0,21-379
Kendrapara,2025_09,Kendrapara,278,392390.11,7.17,22457,14571,198152,10.75,19.39,14.14,36704.44,81.0,7.36,11.31,5.4,6.91,7.74,LST_ODISHA_2025_09.tif,2.0,4.0,1.0,1.0,0.13,1.0,4,21-379
Kendrapara,2025_10,Kendrapara,278,0.0,38.52,22457,14571,198152,10.75,19.39,14.14,36704.44,81.0,7.36,11.31,5.4,6.91,7.74,LST_ODISHA_2025_10.tif,2.0,4.0,1.0,2.0,0.3,2.0,4,21-379
Kendrapara,2025_11,Kendrapara,278,0.0,3.6,22457,14571,198152,10.75,19.39,14.14,36704.44,81.0,7.36,11.31,5.4,6.91,7.74,LST_ODISHA_2025_11.tif,4.0,4.0,1.0,2.0,0.57,3.0,4,21-379
Kendrapara,2025_12,Kendrapara,278,0.0,0.0,22457,14571,198152,10.75,19.39,14.14,36704.44,81.0,7.36,11.31,5.4,6.91,7.74,LST_ODISHA_2025_12.tif,3.0,4.0,1.0,2.0,0.36,2.0,4,21-379
Kendrapara,2026_01,Kendrapara,278,0.0,0.0,23125,14595,200013,10.75,19.39,14.14,36704.44,81.0,7.36,11.31,5.4,6.91,7.74,LST_ODISHA_2026_01.tif,3.0,4.0,1.0,2.0,0.36,2.0,3,21-379
Kendrapara,2026_02,Kendrapara,278,0.0,0.0,23125,14595,200013,10.75,19.39,14.14,36704.44,81.0,7.36,11.31,5.4,6.91,7.74,LST_ODISHA_2026_02.tif,3.0,4.0,1.0,2.0,0.36,2.0,4,21-379
Kendrapara,2026_03,Kendrapara,278,0.0,28.47,23125,14595,200013,10.75,19.39,14.14,36704.44,81.0,7.36,11.31,5.4,6.91,7.74,LST_ODISHA_2026_03.tif,3.0,4.0,1.0,2.0,0.44,3.0,2,21-379
Kendujhar,2021_01,Kendujhar,420,0.0,0.0,8623,13608,164696,8.44,11.67,15.69,28465.85,93.5,4.72,7.69,5.36,5.23,5.75,LST_ODISHA_2021_01.tif,3.0,3.0,4.0,3.0,0.69,4.0,2,21-375
Kendujhar,2021_02,Kendujhar,420,0.0,1.36,8623,13608,164696,8.44,11.67,15.69,28465.85,93.5,4.72,7.69,5.36,5.23,5.75,LST_ODISHA_2021_02.tif,5.0,3.0,4.0,3.0,0.86,5.0,4,21-375
Kendujhar,2021_03,Kendujhar,420,0.0,42.39,8623,13608,164696,8.44,11.67,15.69,28465.85,93.5,4.72,7.69,5.36,5.23,5.75,LST_ODISHA_2021_03.tif,5.0,3.0,4.0,3.0,0.87,5.0,4,21-375
Kendujhar,2021_04,Kendujhar,420,0.0,0.0,8623,13608,164696,8.44,11.67,15.69,28465.85,93.5,4.72,7.69,5.36,5.23,5.75,LST_ODISHA_2021_04.tif,3.0,3.0,4.0,3.0,0.39,2.0,4,21-375
Kendujhar,2021_05,Kendujhar,420,0.0,2.35,8623,13608,164696,8.44,11.67,15.69,28465.85,93.5,4.72,7.69,5.36,5.23,5.75,LST_ODISHA_2021_05.tif,3.0,3.0,4.0,4.0,0.51,3.0,1,21-375
Kendujhar,2021_06,Kendujhar,420,0.0,1.21,8623,13608,164696,8.44,11.67,15.69,28465.85,93.5,4.72,7.69,5.36,5.23,5.75,LST_ODISHA_2021_06.tif,3.0,3.0,4.0,4.0,0.51,3.0,1,21-375
Kendujhar,2021_07,Kendujhar,420,261816.0,24.1,8623,13608,164696,8.44,11.67,15.69,28465.85,93.5,4.72,7.69,5.36,5.23,5.75,LST_ODISHA_2021_07.tif,5.0,3.0,4.0,4.0,0.87,5.0,1,21-375
Kendujhar,2021_08,Kendujhar,420,0.0,20.59,8623,13608,164696,8.44,11.67,15.69,28465.85,93.5,4.72,7.69,5.36,5.23,5.75,LST_ODISHA_2021_08.tif,2.0,3.0,4.0,3.0,0.47,3.0,3,21-375
Kendujhar,2021_09,Kendujhar,420,205474670.35,1.6,8623,13608,164696,8.44,11.67,15.69,28465.85,93.5,4.72,7.69,5.36,5.23,5.75,LST_ODISHA_2021_09.tif,2.0,3.0,4.0,1.0,0.34,2.0,3,21-375
Kendujhar,2021_10,Kendujhar,420,0.0,51.77,8623,13608,164696,8.44,11.67,15.69,28465.85,93.5,4.72,7.69,5.36,5.23,5.75,LST_ODISHA_2021_10.tif,3.0,3.0,4.0,1.0,0.47,3.0,2,21-375
Kendujhar,2021_11,Kendujhar,420,4461535.38,0.23,8623,13608,164696,8.44,11.67,15.69,28465.85,93.5,4.72,7.69,5.36,5.23,5.75,LST_ODISHA_2021_11.tif,2.0,3.0,4.0,1.0,0.26,2.0,3,21-375
Kendujhar,2021_12,Kendujhar,420,0.0,0.0,8623,13608,164696,8.44,11.67,15.69,28465.85,93.5,4.72,7.69,5.36,5.23,5.75,LST_ODISHA_2021_12.tif,3.0,3.0,4.0,1.0,0.26,2.0,2,21-375
Kendujhar,2022_01,Kendujhar,420,713481.15,0.0,8972,13710,166988,8.44,11.67,15.69,28465.85,93.5,4.72,7.69,5.36,5.23,5.75,LST_ODISHA_2022_01.tif,3.0,3.0,4.0,1.0,0.43,3.0,2,21-375
Kendujhar,2022_02,Kendujhar,420,0.0,0.0,8972,13710,166988,8.44,11.67,15.69,28465.85,93.5,4.72,7.69,5.36,5.23,5.75,LST_ODISHA_2022_02.tif,3.0,3.0,4.0,1.0,0.43,3.0,2,21-375
Kendujhar,2022_03,Kendujhar,420,0.0,39.71,8972,13710,166988,8.44,11.67,15.69,28465.85,93.5,4.72,7.69,5.36,5.23,5.75,LST_ODISHA_2022_03.tif,4.0,3.0,4.0,1.0,0.59,3.0,2,21-375
Kendujhar,2022_04,Kendujhar,420,0.0,2.54,8972,13710,166988,8.44,11.67,15.69,28465.85,93.5,4.72,7.69,5.36,5.23,5.75,LST_ODISHA_2022_04.tif,3.0,3.0,4.0,3.0,0.51,3.0,3,21-375
Kendujhar,2022_05,Kendujhar,420,0.0,12.96,8972,13710,166988,8.44,11.67,15.69,28465.85,93.5,4.72,7.69,5.36,5.23,5.75,LST_ODISHA_2022_05.tif,3.0,3.0,4.0,3.0,0.6,4.0,3,21-375
Kendujhar,2022_06,Kendujhar,420,0.0,23.43,8972,13710,166988,8.44,11.67,15.69,28465.85,93.5,4.72,7.69,5.36,5.23,5.75,LST_ODISHA_2022_06.tif,4.0,3.0,4.0,3.0,0.76,4.0,1,21-375
Kendujhar,2022_07,Kendujhar,420,0.0,12.04,8972,13710,166988,8.44,11.67,15.69,28465.85,93.5,4.72,7.69,5.36,5.23,5.75,LST_ODISHA_2022_07.tif,4.0,3.0,4.0,3.0,0.76,4.0,2,21-375
Kendujhar,2022_08,Kendujhar,420,0.0,16.48,8972,13710,166988,8.44,11.67,15.69,28465.85,93.5,4.72,7.69,5.36,5.23,5.75,LST_ODISHA_2022_08.tif,2.0,3.0,4.0,3.0,0.47,3.0,4,21-375
Kendujhar,2022_09,Kendujhar,420,0.0,8.96,8972,13710,166988,8.44,11.67,15.69,28465.85,93.5,4.72,7.69,5.36,5.23,5.75,LST_ODISHA_2022_09.tif,3.0,3.0,4.0,3.0,0.51,3.0,4,21-375
Kendujhar,2022_10,Kendujhar,420,0.0,31.51,8972,13710,166988,8.44,11.67,15.69,28465.85,93.5,4.72,7.69,5.36,5.23,5.75,LST_ODISHA_2022_10.tif,3.0,3.0,4.0,3.0,0.6,4.0,3,21-375
Kendujhar,2022_11,Kendujhar,420,1233153.08,0.0,8972,13710,166988,8.44,11.67,15.69,28465.85,93.5,4.72,7.69,5.36,5.23,5.75,LST_ODISHA_2022_11.tif,3.0,3.0,4.0,3.0,0.39,2.0,3,21-375
Kendujhar,2022_12,Kendujhar,420,0.0,0.0,8972,13710,166988,8.44,11.67,15.69,28465.85,93.5,4.72,7.69,5.36,5.23,5.75,LST_ODISHA_2022_12.tif,3.0,3.0,4.0,3.0,0.39,2.0,3,21-375
Kendujhar,2023_01,Kendujhar,420,0.0,0.0,9321,13813,169281,8.44,11.67,15.69,28465.85,93.5,4.72,7.69,5.36,5.23,5.75,LST_ODISHA_2023_01.tif,3.0,3.0,4.0,3.0,0.78,4.0,3,21-375
Kendujhar,2023_02,Kendujhar,420,2684862.15,0.15,9321,13813,169281,8.44,11.67,15.69,28465.85,93.5,4.72,7.69,5.36,5.23,5.75,LST_ODISHA_2023_02.tif,4.0,3.0,4.0,3.0,0.6,4.0,4,21-375
Kendujhar,2023_03,Kendujhar,420,69062.46,12.84,9321,13813,169281,8.44,11.67,15.69,28465.85,93.5,4.72,7.69,5.36,5.23,5.75,LST_ODISHA_2023_03.tif,3.0,3.0,4.0,3.0,0.71,4.0,3,21-375
Kendujhar,2023_04,Kendujhar,420,0.0,0.0,9321,13813,169281,8.44,11.67,15.69,28465.85,93.5,4.72,7.69,5.36,5.23,5.75,LST_ODISHA_2023_04.tif,3.0,3.0,4.0,3.0,0.28,2.0,3,21-375
Kendujhar,2023_05,Kendujhar,420,0.0,7.29,9321,13813,169281,8.44,11.67,15.69,28465.85,93.5,4.72,7.69,5.36,5.23,5.75,LST_ODISHA_2023_05.tif,3.0,3.0,4.0,3.0,0.43,3.0,2,21-375
Kendujhar,2023_06,Kendujhar,420,0.0,25.11,9321,13813,169281,8.44,11.67,15.69,28465.85,93.5,4.72,7.69,5.36,5.23,5.75,LST_ODISHA_2023_06.tif,3.0,3.0,4.0,3.0,0.43,3.0,2,21-375
Kendujhar,2023_07,Kendujhar,420,0.0,35.68,9321,13813,169281,8.44,11.67,15.69,28465.85,93.5,4.72,7.69,5.36,5.23,5.75,LST_ODISHA_2023_07.tif,3.0,3.0,4.0,3.0,0.55,3.0,1,21-375
Kendujhar,2023_08,Kendujhar,420,0.0,19.18,9321,13813,169281,8.44,11.67,15.69,28465.85,93.5,4.72,7.69,5.36,5.23,5.75,LST_ODISHA_2023_08.tif,3.0,3.0,4.0,3.0,0.55,3.0,5,21-375
Kendujhar,2023_09,Kendujhar,420,0.0,26.42,9321,13813,169281,8.44,11.67,15.69,28465.85,93.5,4.72,7.69,5.36,5.23,5.75,LST_ODISHA_2023_09.tif,2.0,3.0,4.0,3.0,0.38,2.0,4,21-375
Kendujhar,2023_10,Kendujhar,420,0.0,41.84,9321,13813,169281,8.44,11.67,15.69,28465.85,93.5,4.72,7.69,5.36,5.23,5.75,LST_ODISHA_2023_10.tif,3.0,3.0,4.0,3.0,0.55,3.0,3,21-375
Kendujhar,2023_11,Kendujhar,420,0.0,3.85,9321,13813,169281,8.44,11.67,15.69,28465.85,93.5,4.72,7.69,5.36,5.23,5.75,LST_ODISHA_2023_11.tif,2.0,3.0,4.0,3.0,0.28,2.0,2,21-375
Kendujhar,2023_12,Kendujhar,420,0.0,0.0,9321,13813,169281,8.44,11.67,15.69,28465.85,93.5,4.72,7.69,5.36,5.23,5.75,LST_ODISHA_2023_12.tif,3.0,3.0,4.0,3.0,0.28,2.0,2,21-375
Kendujhar,2024_01,Kendujhar,420,0.0,0.0,9669,13915,171573,8.44,11.67,15.69,28465.85,93.5,4.72,7.69,5.36,5.23,5.75,LST_ODISHA_2024_01.tif,3.0,3.0,4.0,3.0,0.69,4.0,2,21-375
Kendujhar,2024_02,Kendujhar,420,74155.81,0.16,9669,13915,171573,8.44,11.67,15.69,28465.85,93.5,4.72,7.69,5.36,5.23,5.75,LST_ODISHA_2024_02.tif,3.0,3.0,4.0,2.0,0.44,3.0,2,21-375
Kendujhar,2024_03,Kendujhar,420,2331425.06,34.83,9669,13915,171573,8.44,11.67,15.69,28465.85,93.5,4.72,7.69,5.36,5.23,5.75,LST_ODISHA_2024_03.tif,3.0,3.0,4.0,3.0,0.6,4.0,3,21-375
Kendujhar,2024_04,Kendujhar,420,17650.62,2.82,9669,13915,171573,8.44,11.67,15.69,28465.85,93.5,4.72,7.69,5.36,5.23,5.75,LST_ODISHA_2024_04.tif,2.0,3.0,4.0,3.0,0.39,2.0,3,21-375
Kendujhar,2024_05,Kendujhar,420,5473065.27,24.95,9669,13915,171573,8.44,11.67,15.69,28465.85,93.5,4.72,7.69,5.36,5.23,5.75,LST_ODISHA_2024_05.tif,2.0,3.0,4.0,2.0,0.37,2.0,1,21-375
Kendujhar,2024_06,Kendujhar,420,0.0,48.36,9669,13915,171573,8.44,11.67,15.69,28465.85,93.5,4.72,7.69,5.36,5.23,5.75,LST_ODISHA_2024_06.tif,4.0,3.0,4.0,2.0,0.66,4.0,3,21-375
Kendujhar,2024_07,Kendujhar,420,0.0,21.85,9669,13915,171573,8.44,11.67,15.69,28465.85,93.5,4.72,7.69,5.36,5.23,5.75,LST_ODISHA_2024_07.tif,3.0,3.0,4.0,2.0,0.61,4.0,3,21-375
Kendujhar,2024_08,Kendujhar,420,0.0,6.06,9669,13915,171573,8.44,11.67,15.69,28465.85,93.5,4.72,7.69,5.36,5.23,5.75,LST_ODISHA_2024_08.tif,3.0,3.0,4.0,3.0,0.46,3.0,4,21-375
Kendujhar,2024_09,Kendujhar,420,0.0,22.04,9669,13915,171573,8.44,11.67,15.69,28465.85,93.5,4.72,7.69,5.36,5.23,5.75,LST_ODISHA_2024_09.tif,4.0,3.0,4.0,3.0,0.72,4.0,1,21-375
Kendujhar,2024_10,Kendujhar,420,0.0,73.88,9669,13915,171573,8.44,11.67,15.69,28465.85,93.5,4.72,7.69,5.36,5.23,5.75,LST_ODISHA_2024_10.tif,3.0,3.0,4.0,3.0,0.56,3.0,3,21-375
Kendujhar,2024_11,Kendujhar,420,0.0,1.92,9669,13915,171573,8.44,11.67,15.69,28465.85,93.5,4.72,7.69,5.36,5.23,5.75,LST_ODISHA_2024_11.tif,2.0,3.0,4.0,3.0,0.33,2.0,3,21-375
Kendujhar,2024_12,Kendujhar,420,0.0,0.0,9669,13915,171573,8.44,11.67,15.69,28465.85,93.5,4.72,7.69,5.36,5.23,5.75,LST_ODISHA_2024_12.tif,3.0,3.0,4.0,3.0,0.33,2.0,2,21-375
Kendujhar,2025_01,Kendujhar,420,0.0,0.0,10018,14018,173866,8.44,11.67,15.69,28465.85,93.5,4.72,7.69,5.36,5.23,5.75,LST_ODISHA_2025_01.tif,3.0,3.0,3.0,3.0,0.65,4.0,2,21-375
Kendujhar,2025_02,Kendujhar,420,0.0,0.0,10018,14018,173866,8.44,11.67,15.69,28465.85,93.5,4.72,7.69,5.36,5.23,5.75,LST_ODISHA_2025_02.tif,3.0,3.0,3.0,3.0,0.32,2.0,3,21-375
Kendujhar,2025_03,Kendujhar,420,216265.0,39.72,10018,14018,173866,8.44,11.67,15.69,28465.85,93.5,4.72,7.69,5.36,5.23,5.75,LST_ODISHA_2025_03.tif,3.0,3.0,3.0,3.0,0.55,3.0,2,21-375
Kendujhar,2025_04,Kendujhar,420,2030424.77,3.93,10018,14018,173866,8.44,11.67,15.69,28465.85,93.5,4.72,7.69,5.36,5.23,5.75,LST_ODISHA_2025_04.tif,3.0,3.0,3.0,3.0,0.5,3.0,2,21-375
Kendujhar,2025_05,Kendujhar,420,0.0,6.47,10018,14018,173866,8.44,11.67,15.69,28465.85,93.5,4.72,7.69,5.36,5.23,5.75,LST_ODISHA_2025_05.tif,3.0,3.0,3.0,3.0,0.5,3.0,1,21-375
Kendujhar,2025_06,Kendujhar,420,0.0,2.3,10018,14018,173866,8.44,11.67,15.69,28465.85,93.5,4.72,7.69,5.36,5.23,5.75,LST_ODISHA_2025_06.tif,3.0,3.0,3.0,3.0,0.5,3.0,3,21-375
Kendujhar,2025_07,Kendujhar,420,0.0,18.91,10018,14018,173866,8.44,11.67,15.69,28465.85,93.5,4.72,7.69,5.36,5.23,5.75,LST_ODISHA_2025_07.tif,3.0,3.0,3.0,3.0,0.59,3.0,5,21-375
Kendujhar,2025_08,Kendujhar,420,0.0,20.6,10018,14018,173866,8.44,11.67,15.69,28465.85,93.5,4.72,7.69,5.36,5.23,5.75,LST_ODISHA_2025_08.tif,2.0,3.0,3.0,3.0,0.46,3.0,4,21-375
Kendujhar,2025_09,Kendujhar,420,1576577.69,16.08,10018,14018,173866,8.44,11.67,15.69,28465.85,93.5,4.72,7.69,5.36,5.23,5.75,LST_ODISHA_2025_09.tif,3.0,3.0,3.0,3.0,0.45,3.0,3,21-375
Kendujhar,2025_10,Kendujhar,420,0.0,43.91,10018,14018,173866,8.44,11.67,15.69,28465.85,93.5,4.72,7.69,5.36,5.23,5.75,LST_ODISHA_2025_10.tif,4.0,3.0,3.0,3.0,0.75,4.0,2,21-375
Kendujhar,2025_11,Kendujhar,420,0.0,2.48,10018,14018,173866,8.44,11.67,15.69,28465.85,93.5,4.72,7.69,5.36,5.23,5.75,LST_ODISHA_2025_11.tif,3.0,3.0,3.0,3.0,0.59,3.0,3,21-375
Kendujhar,2025_12,Kendujhar,420,0.0,0.0,10018,14018,173866,8.44,11.67,15.69,28465.85,93.5,4.72,7.69,5.36,5.23,5.75,LST_ODISHA_2025_12.tif,3.0,3.0,3.0,3.0,0.75,4.0,2,21-375
Kendujhar,2026_01,Kendujhar,420,0.0,0.0,10367,14120,176158,8.44,11.67,15.69,28465.85,93.5,4.72,7.69,5.36,5.23,5.75,LST_ODISHA_2026_01.tif,3.0,3.0,3.0,3.0,0.75,4.0,3,21-375
Kendujhar,2026_02,Kendujhar,420,0.0,0.0,10367,14120,176158,8.44,11.67,15.69,28465.85,93.5,4.72,7.69,5.36,5.23,5.75,LST_ODISHA_2026_02.tif,3.0,3.0,3.0,3.0,0.75,4.0,3,21-375
Kendujhar,2026_03,Kendujhar,420,0.0,33.02,10367,14120,176158,8.44,11.67,15.69,28465.85,93.5,4.72,7.69,5.36,5.23,5.75,LST_ODISHA_2026_03.tif,4.0,3.0,3.0,3.0,0.75,4.0,2,21-375
Khordha,2021_01,Khordha,249,0.0,0.0,17840,16058,261367,11.4,17.97,11.4,57644.7,67.5,11.85,14.59,3.79,4.99,8.8,LST_ODISHA_2021_01.tif,3.0,5.0,1.0,3.0,0.33,2.0,5,21-386
Khordha,2021_02,Khordha,249,0.0,0.04,17840,16058,261367,11.4,17.97,11.4,57644.7,67.5,11.85,14.59,3.79,4.99,8.8,LST_ODISHA_2021_02.tif,2.0,5.0,1.0,3.0,0.18,1.0,5,21-386
Khordha,2021_03,Khordha,249,0.0,28.62,17840,16058,261367,11.4,17.97,11.4,57644.7,67.5,11.85,14.59,3.79,4.99,8.8,LST_ODISHA_2021_03.tif,2.0,5.0,1.0,3.0,0.4,3.0,4,21-386
Khordha,2021_04,Khordha,249,2370834.66,0.0,17840,16058,261367,11.4,17.97,11.4,57644.7,67.5,11.85,14.59,3.79,4.99,8.8,LST_ODISHA_2021_04.tif,3.0,5.0,1.0,3.0,0.33,2.0,3,21-386
Khordha,2021_05,Khordha,249,808077.7,2.3,17840,16058,261367,11.4,17.97,11.4,57644.7,67.5,11.85,14.59,3.79,4.99,8.8,LST_ODISHA_2021_05.tif,3.0,5.0,1.0,3.0,0.39,2.0,2,21-386
Khordha,2021_06,Khordha,249,0.0,0.97,17840,16058,261367,11.4,17.97,11.4,57644.7,67.5,11.85,14.59,3.79,4.99,8.8,LST_ODISHA_2021_06.tif,3.0,5.0,1.0,3.0,0.39,2.0,3,21-386
Khordha,2021_07,Khordha,249,333144.2,15.72,17840,16058,261367,11.4,17.97,11.4,57644.7,67.5,11.85,14.59,3.79,4.99,8.8,LST_ODISHA_2021_07.tif,2.0,5.0,1.0,3.0,0.35,2.0,3,21-386
Khordha,2021_08,Khordha,249,0.0,21.94,17840,16058,261367,11.4,17.97,11.4,57644.7,67.5,11.85,14.59,3.79,4.99,8.8,LST_ODISHA_2021_08.tif,3.0,5.0,1.0,3.0,0.52,3.0,3,21-386
Khordha,2021_09,Khordha,249,1171331.2,1.79,17840,16058,261367,11.4,17.97,11.4,57644.7,67.5,11.85,14.59,3.79,4.99,8.8,LST_ODISHA_2021_09.tif,2.0,5.0,1.0,3.0,0.4,3.0,2,21-386
Khordha,2021_10,Khordha,249,0.0,46.9,17840,16058,261367,11.4,17.97,11.4,57644.7,67.5,11.85,14.59,3.79,4.99,8.8,LST_ODISHA_2021_10.tif,1.0,5.0,1.0,3.0,0.33,2.0,4,21-386
Khordha,2021_11,Khordha,249,0.0,2.01,17840,16058,261367,11.4,17.97,11.4,57644.7,67.5,11.85,14.59,3.79,4.99,8.8,LST_ODISHA_2021_11.tif,3.0,5.0,1.0,3.0,0.44,3.0,4,21-386
Khordha,2021_12,Khordha,249,2399080.6,0.0,17840,16058,261367,11.4,17.97,11.4,57644.7,67.5,11.85,14.59,3.79,4.99,8.8,LST_ODISHA_2021_12.tif,3.0,5.0,1.0,3.0,0.33,2.0,3,21-386
Khordha,2022_01,Khordha,249,4.65,0.0,18571,16213,265852,11.4,17.97,11.4,57644.7,67.5,11.85,14.59,3.79,4.99,8.8,LST_ODISHA_2022_01.tif,3.0,5.0,1.0,3.0,0.53,3.0,4,21-386
Khordha,2022_02,Khordha,249,0.0,0.0,18571,16213,265852,11.4,17.97,11.4,57644.7,67.5,11.85,14.59,3.79,4.99,8.8,LST_ODISHA_2022_02.tif,3.0,5.0,1.0,3.0,0.53,3.0,4,21-386
Khordha,2022_03,Khordha,249,0.0,33.22,18571,16213,265852,11.4,17.97,11.4,57644.7,67.5,11.85,14.59,3.79,4.99,8.8,LST_ODISHA_2022_03.tif,1.0,5.0,1.0,3.0,0.33,2.0,3,21-386
Khordha,2022_04,Khordha,249,0.0,4.97,18571,16213,265852,11.4,17.97,11.4,57644.7,67.5,11.85,14.59,3.79,4.99,8.8,LST_ODISHA_2022_04.tif,4.0,5.0,1.0,3.0,0.59,3.0,2,21-386
Khordha,2022_05,Khordha,249,0.0,3.29,18571,16213,265852,11.4,17.97,11.4,57644.7,67.5,11.85,14.59,3.79,4.99,8.8,LST_ODISHA_2022_05.tif,2.0,5.0,1.0,3.0,0.4,3.0,2,21-386
Khordha,2022_06,Khordha,249,0.0,10.55,18571,16213,265852,11.4,17.97,11.4,57644.7,67.5,11.85,14.59,3.79,4.99,8.8,LST_ODISHA_2022_06.tif,2.0,5.0,1.0,3.0,0.4,3.0,1,21-386
Khordha,2022_07,Khordha,249,0.0,7.87,18571,16213,265852,11.4,17.97,11.4,57644.7,67.5,11.85,14.59,3.79,4.99,8.8,LST_ODISHA_2022_07.tif,1.0,5.0,1.0,3.0,0.33,2.0,3,21-386
Khordha,2022_08,Khordha,249,11285871.0,17.09,18571,16213,265852,11.4,17.97,11.4,57644.7,67.5,11.85,14.59,3.79,4.99,8.8,LST_ODISHA_2022_08.tif,2.0,5.0,1.0,3.0,0.4,3.0,2,21-386
Khordha,2022_09,Khordha,249,7278430.6,7.44,18571,16213,265852,11.4,17.97,11.4,57644.7,67.5,11.85,14.59,3.79,4.99,8.8,LST_ODISHA_2022_09.tif,2.0,5.0,1.0,3.0,0.33,2.0,4,21-386
Khordha,2022_10,Khordha,249,0.0,27.31,18571,16213,265852,11.4,17.97,11.4,57644.7,67.5,11.85,14.59,3.79,4.99,8.8,LST_ODISHA_2022_10.tif,2.0,5.0,1.0,3.0,0.4,3.0,5,21-386
Khordha,2022_11,Khordha,249,0.0,0.02,18571,16213,265852,11.4,17.97,11.4,57644.7,67.5,11.85,14.59,3.79,4.99,8.8,LST_ODISHA_2022_11.tif,3.0,5.0,1.0,3.0,0.33,2.0,5,21-386
Khordha,2022_12,Khordha,249,0.0,0.0,18571,16213,265852,11.4,17.97,11.4,57644.7,67.5,11.85,14.59,3.79,4.99,8.8,LST_ODISHA_2022_12.tif,3.0,5.0,1.0,3.0,0.33,2.0,5,21-386
Khordha,2023_01,Khordha,249,0.0,0.0,19302,16368,270338,11.4,17.97,11.4,57644.7,67.5,11.85,14.59,3.79,4.99,8.8,LST_ODISHA_2023_01.tif,3.0,5.0,1.0,3.0,0.53,3.0,5,21-386
Khordha,2023_02,Khordha,249,0.0,0.0,19302,16368,270338,11.4,17.97,11.4,57644.7,67.5,11.85,14.59,3.79,4.99,8.8,LST_ODISHA_2023_02.tif,3.0,5.0,1.0,3.0,0.33,2.0,5,21-386
Khordha,2023_03,Khordha,249,136946.84,14.12,19302,16368,270338,11.4,17.97,11.4,57644.7,67.5,11.85,14.59,3.79,4.99,8.8,LST_ODISHA_2023_03.tif,4.0,5.0,1.0,3.0,0.7,4.0,4,21-386
Khordha,2023_04,Khordha,249,0.0,0.82,19302,16368,270338,11.4,17.97,11.4,57644.7,67.5,11.85,14.59,3.79,4.99,8.8,LST_ODISHA_2023_04.tif,3.0,5.0,1.0,3.0,0.18,1.0,2,21-386
Khordha,2023_05,Khordha,249,0.0,12.82,19302,16368,270338,11.4,17.97,11.4,57644.7,67.5,11.85,14.59,3.79,4.99,8.8,LST_ODISHA_2023_05.tif,4.0,5.0,1.0,3.0,0.54,3.0,3,21-386
Khordha,2023_06,Khordha,249,0.0,26.3,19302,16368,270338,11.4,17.97,11.4,57644.7,67.5,11.85,14.59,3.79,4.99,8.8,LST_ODISHA_2023_06.tif,3.0,5.0,1.0,3.0,0.33,2.0,3,21-386
Khordha,2023_07,Khordha,249,0.0,36.42,19302,16368,270338,11.4,17.97,11.4,57644.7,67.5,11.85,14.59,3.79,4.99,8.8,LST_ODISHA_2023_07.tif,3.0,5.0,1.0,3.0,0.44,3.0,0,21-386
Khordha,2023_08,Khordha,249,0.0,18.72,19302,16368,270338,11.4,17.97,11.4,57644.7,67.5,11.85,14.59,3.79,4.99,8.8,LST_ODISHA_2023_08.tif,3.0,5.0,1.0,3.0,0.44,3.0,2,21-386
Khordha,2023_09,Khordha,249,0.0,30.5,19302,16368,270338,11.4,17.97,11.4,57644.7,67.5,11.85,14.59,3.79,4.99,8.8,LST_ODISHA_2023_09.tif,3.0,5.0,1.0,3.0,0.44,3.0,5,21-386
Khordha,2023_10,Khordha,249,0.0,40.44,19302,16368,270338,11.4,17.97,11.4,57644.7,67.5,11.85,14.59,3.79,4.99,8.8,LST_ODISHA_2023_10.tif,2.0,5.0,1.0,3.0,0.28,2.0,5,21-386
Khordha,2023_11,Khordha,249,0.0,4.34,19302,16368,270338,11.4,17.97,11.4,57644.7,67.5,11.85,14.59,3.79,4.99,8.8,LST_ODISHA_2023_11.tif,3.0,5.0,1.0,3.0,0.33,2.0,5,21-386
Khordha,2023_12,Khordha,249,0.0,0.0,19302,16368,270338,11.4,17.97,11.4,57644.7,67.5,11.85,14.59,3.79,4.99,8.8,LST_ODISHA_2023_12.tif,3.0,5.0,1.0,3.0,0.18,1.0,5,21-386
Khordha,2024_01,Khordha,249,0.0,0.0,20033,16523,274823,11.4,17.97,11.4,57644.7,67.5,11.85,14.59,3.79,4.99,8.8,LST_ODISHA_2024_01.tif,3.0,5.0,1.0,3.0,0.33,2.0,5,21-386
Khordha,2024_02,Khordha,249,0.0,0.17,20033,16523,274823,11.4,17.97,11.4,57644.7,67.5,11.85,14.59,3.79,4.99,8.8,LST_ODISHA_2024_02.tif,3.0,5.0,1.0,3.0,0.44,3.0,5,21-386
Khordha,2024_03,Khordha,249,2820161.84,40.72,20033,16523,274823,11.4,17.97,11.4,57644.7,67.5,11.85,14.59,3.79,4.99,8.8,LST_ODISHA_2024_03.tif,4.0,5.0,1.0,3.0,0.63,4.0,3,21-386
Khordha,2024_04,Khordha,249,1827636.17,11.21,20033,16523,274823,11.4,17.97,11.4,57644.7,67.5,11.85,14.59,3.79,4.99,8.8,LST_ODISHA_2024_04.tif,4.0,5.0,1.0,3.0,0.59,3.0,2,21-386
Khordha,2024_05,Khordha,249,15097.0,30.14,20033,16523,274823,11.4,17.97,11.4,57644.7,67.5,11.85,14.59,3.79,4.99,8.8,LST_ODISHA_2024_05.tif,3.0,5.0,1.0,3.0,0.47,3.0,1,21-386
Khordha,2024_06,Khordha,249,0.0,30.85,20033,16523,274823,11.4,17.97,11.4,57644.7,67.5,11.85,14.59,3.79,4.99,8.8,LST_ODISHA_2024_06.tif,2.0,5.0,1.0,3.0,0.35,2.0,4,21-386
Khordha,2024_07,Khordha,249,1586566.5,18.37,20033,16523,274823,11.4,17.97,11.4,57644.7,67.5,11.85,14.59,3.79,4.99,8.8,LST_ODISHA_2024_07.tif,3.0,5.0,1.0,3.0,0.56,3.0,0,21-386
Khordha,2024_08,Khordha,249,980647.7,7.56,20033,16523,274823,11.4,17.97,11.4,57644.7,67.5,11.85,14.59,3.79,4.99,8.8,LST_ODISHA_2024_08.tif,3.0,5.0,1.0,3.0,0.39,2.0,2,21-386
Khordha,2024_09,Khordha,249,0.0,16.43,20033,16523,274823,11.4,17.97,11.4,57644.7,67.5,11.85,14.59,3.79,4.99,8.8,LST_ODISHA_2024_09.tif,2.0,5.0,1.0,3.0,0.35,2.0,4,21-386
Khordha,2024_10,Khordha,249,1308749.0,63.65,20033,16523,274823,11.4,17.97,11.4,57644.7,67.5,11.85,14.59,3.79,4.99,8.8,LST_ODISHA_2024_10.tif,1.0,5.0,1.0,3.0,0.27,2.0,5,21-386
Khordha,2024_11,Khordha,249,87272.2,3.79,20033,16523,274823,11.4,17.97,11.4,57644.7,67.5,11.85,14.59,3.79,4.99,8.8,LST_ODISHA_2024_11.tif,4.0,5.0,1.0,3.0,0.56,3.0,5,21-386
Khordha,2024_12,Khordha,249,0.0,0.0,20033,16523,274823,11.4,17.97,11.4,57644.7,67.5,11.85,14.59,3.79,4.99,8.8,LST_ODISHA_2024_12.tif,3.0,5.0,1.0,3.0,0.27,2.0,4,21-386
Khordha,2025_01,Khordha,249,817884.6,0.0,20764,16678,279309,11.4,17.97,11.4,57644.7,67.5,11.85,14.59,3.79,4.99,8.8,LST_ODISHA_2025_01.tif,3.0,5.0,1.0,3.0,0.44,3.0,4,21-386
Khordha,2025_02,Khordha,249,194425.76,0.12,20764,16678,279309,11.4,17.97,11.4,57644.7,67.5,11.85,14.59,3.79,4.99,8.8,LST_ODISHA_2025_02.tif,4.0,5.0,1.0,3.0,0.47,3.0,3,21-386
Khordha,2025_03,Khordha,249,0.0,34.97,20764,16678,279309,11.4,17.97,11.4,57644.7,67.5,11.85,14.59,3.79,4.99,8.8,LST_ODISHA_2025_03.tif,1.0,5.0,1.0,3.0,0.27,2.0,2,21-386
Khordha,2025_04,Khordha,249,3746435.4,7.93,20764,16678,279309,11.4,17.97,11.4,57644.7,67.5,11.85,14.59,3.79,4.99,8.8,LST_ODISHA_2025_04.tif,4.0,5.0,1.0,3.0,0.59,3.0,2,21-386
Khordha,2025_05,Khordha,249,71544.68,3.57,20764,16678,279309,11.4,17.97,11.4,57644.7,67.5,11.85,14.59,3.79,4.99,8.8,LST_ODISHA_2025_05.tif,2.0,5.0,1.0,3.0,0.33,2.0,4,21-386
Khordha,2025_06,Khordha,249,0.0,2.38,20764,16678,279309,11.4,17.97,11.4,57644.7,67.5,11.85,14.59,3.79,4.99,8.8,LST_ODISHA_2025_06.tif,3.0,5.0,1.0,3.0,0.44,3.0,2,21-386
Khordha,2025_07,Khordha,249,0.0,16.34,20764,16678,279309,11.4,17.97,11.4,57644.7,67.5,11.85,14.59,3.79,4.99,8.8,LST_ODISHA_2025_07.tif,2.0,5.0,1.0,3.0,0.4,3.0,4,21-386
Khordha,2025_08,Khordha,249,0.0,22.14,20764,16678,279309,11.4,17.97,11.4,57644.7,67.5,11.85,14.59,3.79,4.99,8.8,LST_ODISHA_2025_08.tif,3.0,5.0,1.0,3.0,0.52,3.0,3,21-386
Khordha,2025_09,Khordha,249,0.0,6.94,20764,16678,279309,11.4,17.97,11.4,57644.7,67.5,11.85,14.59,3.79,4.99,8.8,LST_ODISHA_2025_09.tif,2.0,5.0,1.0,3.0,0.27,2.0,5,21-386
Khordha,2025_10,Khordha,249,2112422.71,39.2,20764,16678,279309,11.4,17.97,11.4,57644.7,67.5,11.85,14.59,3.79,4.99,8.8,LST_ODISHA_2025_10.tif,2.0,5.0,1.0,3.0,0.4,3.0,5,21-386
Khordha,2025_11,Khordha,249,0.0,2.76,20764,16678,279309,11.4,17.97,11.4,57644.7,67.5,11.85,14.59,3.79,4.99,8.8,LST_ODISHA_2025_11.tif,3.0,5.0,1.0,3.0,0.52,3.0,5,21-386
Khordha,2025_12,Khordha,249,0.0,0.0,20764,16678,279309,11.4,17.97,11.4,57644.7,67.5,11.85,14.59,3.79,4.99,8.8,LST_ODISHA_2025_12.tif,3.0,5.0,1.0,3.0,0.53,3.0,4,21-386
Khordha,2026_01,Khordha,249,0.0,0.0,21495,16833,283794,11.4,17.97,11.4,57644.7,67.5,11.85,14.59,3.79,4.99,8.8,LST_ODISHA_2026_01.tif,3.0,5.0,1.0,3.0,0.53,3.0,5,21-386
Khordha,2026_02,Khordha,249,0.0,0.0,21495,16833,283794,11.4,17.97,11.4,57644.7,67.5,11.85,14.59,3.79,4.99,8.8,LST_ODISHA_2026_02.tif,3.0,5.0,1.0,3.0,0.53,3.0,5,21-386
Khordha,2026_03,Khordha,249,0.0,23.17,21495,16833,283794,11.4,17.97,11.4,57644.7,67.5,11.85,14.59,3.79,4.99,8.8,LST_ODISHA_2026_03.tif,2.0,5.0,1.0,3.0,0.4,3.0,3,21-386
Koraput,2021_01,Koraput,366,0.0,0.0,5594,10658,114404,9.67,12.54,14.56,22611.79,93.2,2.85,5.29,6.69,6.4,5.31,LST_ODISHA_2021_01.tif,3.0,2.0,1.0,3.0,0.1,1.0,4,21-398
Koraput,2021_02,Koraput,366,0.0,0.38,5594,10658,114404,9.67,12.54,14.56,22611.79,93.2,2.85,5.29,6.69,6.4,5.31,LST_ODISHA_2021_02.tif,3.0,2.0,1.0,3.0,0.28,2.0,4,21-398
Koraput,2021_03,Koraput,366,0.0,33.06,5594,10658,114404,9.67,12.54,14.56,22611.79,93.2,2.85,5.29,6.69,6.4,5.31,LST_ODISHA_2021_03.tif,3.0,2.0,1.0,3.0,0.49,3.0,3,21-398
Koraput,2021_04,Koraput,366,18506884.07,0.0,5594,10658,114404,9.67,12.54,14.56,22611.79,93.2,2.85,5.29,6.69,6.4,5.31,LST_ODISHA_2021_04.tif,3.0,2.0,1.0,1.0,0.05,1.0,1,21-398
Koraput,2021_05,Koraput,366,3478605.0,1.88,5594,10658,114404,9.67,12.54,14.56,22611.79,93.2,2.85,5.29,6.69,6.4,5.31,LST_ODISHA_2021_05.tif,3.0,2.0,1.0,1.0,0.26,2.0,2,21-398
Koraput,2021_06,Koraput,366,40285.43,0.0,5594,10658,114404,9.67,12.54,14.56,22611.79,93.2,2.85,5.29,6.69,6.4,5.31,LST_ODISHA_2021_06.tif,2.0,2.0,1.0,1.0,0.05,1.0,2,21-398
Koraput,2021_07,Koraput,366,1931077.36,14.03,5594,10658,114404,9.67,12.54,14.56,22611.79,93.2,2.85,5.29,6.69,6.4,5.31,LST_ODISHA_2021_07.tif,2.0,2.0,1.0,1.0,0.2,1.0,3,21-398
Koraput,2021_08,Koraput,366,0.0,21.47,5594,10658,114404,9.67,12.54,14.56,22611.79,93.2,2.85,5.29,6.69,6.4,5.31,LST_ODISHA_2021_08.tif,3.0,2.0,1.0,3.0,0.49,3.0,5,21-398
Koraput,2021_09,Koraput,366,1818761.86,4.04,5594,10658,114404,9.67,12.54,14.56,22611.79,93.2,2.85,5.29,6.69,6.4,5.31,LST_ODISHA_2021_09.tif,3.0,2.0,1.0,3.0,0.49,3.0,1,21-398
Koraput,2021_10,Koraput,366,0.0,55.84,5594,10658,114404,9.67,12.54,14.56,22611.79,93.2,2.85,5.29,6.69,6.4,5.31,LST_ODISHA_2021_10.tif,4.0,2.0,1.0,3.0,0.6,4.0,2,21-398
Koraput,2021_11,Koraput,366,0.0,4.32,5594,10658,114404,9.67,12.54,14.56,22611.79,93.2,2.85,5.29,6.69,6.4,5.31,LST_ODISHA_2021_11.tif,4.0,2.0,1.0,3.0,0.57,3.0,3,21-398
Koraput,2021_12,Koraput,366,0.0,0.0,5594,10658,114404,9.67,12.54,14.56,22611.79,93.2,2.85,5.29,6.69,6.4,5.31,LST_ODISHA_2021_12.tif,3.0,2.0,1.0,3.0,0.31,2.0,4,21-398
Koraput,2022_01,Koraput,366,0.0,0.0,5835,10752,116179,9.67,12.54,14.56,22611.79,93.2,2.85,5.29,6.69,6.4,5.31,LST_ODISHA_2022_01.tif,3.0,2.0,1.0,3.0,0.48,3.0,4,21-398
Koraput,2022_02,Koraput,366,0.0,0.0,5835,10752,116179,9.67,12.54,14.56,22611.79,93.2,2.85,5.29,6.69,6.4,5.31,LST_ODISHA_2022_02.tif,3.0,2.0,1.0,3.0,0.48,3.0,5,21-398
Koraput,2022_03,Koraput,366,0.0,37.52,5835,10752,116179,9.67,12.54,14.56,22611.79,93.2,2.85,5.29,6.69,6.4,5.31,LST_ODISHA_2022_03.tif,3.0,2.0,1.0,3.0,0.49,3.0,4,21-398
Koraput,2022_04,Koraput,366,0.0,2.25,5835,10752,116179,9.67,12.54,14.56,22611.79,93.2,2.85,5.29,6.69,6.4,5.31,LST_ODISHA_2022_04.tif,3.0,2.0,1.0,3.0,0.41,3.0,2,21-398
Koraput,2022_05,Koraput,366,194938.79,11.04,5835,10752,116179,9.67,12.54,14.56,22611.79,93.2,2.85,5.29,6.69,6.4,5.31,LST_ODISHA_2022_05.tif,3.0,2.0,1.0,3.0,0.49,3.0,2,21-398
Koraput,2022_06,Koraput,366,0.0,18.32,5835,10752,116179,9.67,12.54,14.56,22611.79,93.2,2.85,5.29,6.69,6.4,5.31,LST_ODISHA_2022_06.tif,3.0,2.0,1.0,3.0,0.49,3.0,2,21-398
Koraput,2022_07,Koraput,366,0.0,11.94,5835,10752,116179,9.67,12.54,14.56,22611.79,93.2,2.85,5.29,6.69,6.4,5.31,LST_ODISHA_2022_07.tif,4.0,2.0,1.0,3.0,0.6,4.0,4,21-398
Koraput,2022_08,Koraput,366,0.0,24.68,5835,10752,116179,9.67,12.54,14.56,22611.79,93.2,2.85,5.29,6.69,6.4,5.31,LST_ODISHA_2022_08.tif,5.0,2.0,1.0,3.0,0.68,4.0,2,21-398
Koraput,2022_09,Koraput,366,0.0,16.12,5835,10752,116179,9.67,12.54,14.56,22611.79,93.2,2.85,5.29,6.69,6.4,5.31,LST_ODISHA_2022_09.tif,5.0,2.0,1.0,3.0,0.68,4.0,4,21-398
Koraput,2022_10,Koraput,366,0.0,24.62,5835,10752,116179,9.67,12.54,14.56,22611.79,93.2,2.85,5.29,6.69,6.4,5.31,LST_ODISHA_2022_10.tif,1.0,2.0,1.0,3.0,0.31,2.0,2,21-398
Koraput,2022_11,Koraput,366,0.0,2.51,5835,10752,116179,9.67,12.54,14.56,22611.79,93.2,2.85,5.29,6.69,6.4,5.31,LST_ODISHA_2022_11.tif,5.0,2.0,1.0,3.0,0.68,4.0,3,21-398
Koraput,2022_12,Koraput,366,1016163.78,1.72,5835,10752,116179,9.67,12.54,14.56,22611.79,93.2,2.85,5.29,6.69,6.4,5.31,LST_ODISHA_2022_12.tif,5.0,2.0,1.0,3.0,0.68,4.0,4,21-398
Koraput,2023_01,Koraput,366,0.0,0.0,6077,10846,117954,9.67,12.54,14.56,22611.79,93.2,2.85,5.29,6.69,6.4,5.31,LST_ODISHA_2023_01.tif,3.0,2.0,1.0,3.0,0.48,3.0,4,21-398
Koraput,2023_02,Koraput,366,0.0,0.02,6077,10846,117954,9.67,12.54,14.56,22611.79,93.2,2.85,5.29,6.69,6.4,5.31,LST_ODISHA_2023_02.tif,3.0,2.0,1.0,3.0,0.31,2.0,4,21-398
Koraput,2023_03,Koraput,366,0.0,5.31,6077,10846,117954,9.67,12.54,14.56,22611.79,93.2,2.85,5.29,6.69,6.4,5.31,LST_ODISHA_2023_03.tif,1.0,2.0,1.0,3.0,0.31,2.0,2,21-398
Koraput,2023_04,Koraput,366,0.0,0.18,6077,10846,117954,9.67,12.54,14.56,22611.79,93.2,2.85,5.29,6.69,6.4,5.31,LST_ODISHA_2023_04.tif,3.0,2.0,1.0,3.0,0.05,1.0,1,21-398
Koraput,2023_05,Koraput,366,0.0,3.81,6077,10846,117954,9.67,12.54,14.56,22611.79,93.2,2.85,5.29,6.69,6.4,5.31,LST_ODISHA_2023_05.tif,2.0,2.0,1.0,3.0,0.05,1.0,1,21-398
Koraput,2023_06,Koraput,366,0.0,19.52,6077,10846,117954,9.67,12.54,14.56,22611.79,93.2,2.85,5.29,6.69,6.4,5.31,LST_ODISHA_2023_06.tif,2.0,2.0,1.0,3.0,0.05,1.0,2,21-398
Koraput,2023_07,Koraput,366,0.0,24.57,6077,10846,117954,9.67,12.54,14.56,22611.79,93.2,2.85,5.29,6.69,6.4,5.31,LST_ODISHA_2023_07.tif,1.0,2.0,1.0,3.0,0.05,1.0,3,21-398
Koraput,2023_08,Koraput,366,0.0,15.28,6077,10846,117954,9.67,12.54,14.56,22611.79,93.2,2.85,5.29,6.69,6.4,5.31,LST_ODISHA_2023_08.tif,2.0,2.0,1.0,3.0,0.22,2.0,3,21-398
Koraput,2023_09,Koraput,366,0.0,27.88,6077,10846,117954,9.67,12.54,14.56,22611.79,93.2,2.85,5.29,6.69,6.4,5.31,LST_ODISHA_2023_09.tif,3.0,2.0,1.0,3.0,0.41,3.0,2,21-398
Koraput,2023_10,Koraput,366,0.0,45.92,6077,10846,117954,9.67,12.54,14.56,22611.79,93.2,2.85,5.29,6.69,6.4,5.31,LST_ODISHA_2023_10.tif,4.0,2.0,1.0,3.0,0.56,3.0,3,21-398
Koraput,2023_11,Koraput,366,0.0,13.76,6077,10846,117954,9.67,12.54,14.56,22611.79,93.2,2.85,5.29,6.69,6.4,5.31,LST_ODISHA_2023_11.tif,5.0,2.0,1.0,3.0,0.65,4.0,3,21-398
Koraput,2023_12,Koraput,366,0.0,0.09,6077,10846,117954,9.67,12.54,14.56,22611.79,93.2,2.85,5.29,6.69,6.4,5.31,LST_ODISHA_2023_12.tif,5.0,2.0,1.0,3.0,0.65,4.0,3,21-398
Koraput,2024_01,Koraput,366,0.0,0.0,6319,10940,119729,9.67,12.54,14.56,22611.79,93.2,2.85,5.29,6.69,6.4,5.31,LST_ODISHA_2024_01.tif,3.0,2.0,1.0,3.0,0.1,1.0,4,21-398
Koraput,2024_02,Koraput,366,0.0,0.48,6319,10940,119729,9.67,12.54,14.56,22611.79,93.2,2.85,5.29,6.69,6.4,5.31,LST_ODISHA_2024_02.tif,3.0,2.0,1.0,3.0,0.41,3.0,4,21-398
Koraput,2024_03,Koraput,366,67437.36,35.01,6319,10940,119729,9.67,12.54,14.56,22611.79,93.2,2.85,5.29,6.69,6.4,5.31,LST_ODISHA_2024_03.tif,3.0,2.0,1.0,3.0,0.49,3.0,4,21-398
Koraput,2024_04,Koraput,366,7383352.78,11.54,6319,10940,119729,9.67,12.54,14.56,22611.79,93.2,2.85,5.29,6.69,6.4,5.31,LST_ODISHA_2024_04.tif,4.0,2.0,1.0,1.0,0.45,3.0,2,21-398
Koraput,2024_05,Koraput,366,0.0,41.49,6319,10940,119729,9.67,12.54,14.56,22611.79,93.2,2.85,5.29,6.69,6.4,5.31,LST_ODISHA_2024_05.tif,5.0,2.0,1.0,1.0,0.58,3.0,1,21-398
Koraput,2024_06,Koraput,366,0.0,14.93,6319,10940,119729,9.67,12.54,14.56,22611.79,93.2,2.85,5.29,6.69,6.4,5.31,LST_ODISHA_2024_06.tif,1.0,2.0,1.0,1.0,0.05,1.0,1,21-398
Koraput,2024_07,Koraput,366,4222794.89,1.19,6319,10940,119729,9.67,12.54,14.56,22611.79,93.2,2.85,5.29,6.69,6.4,5.31,LST_ODISHA_2024_07.tif,1.0,2.0,1.0,1.0,0.05,1.0,2,21-398
Koraput,2024_08,Koraput,366,0.0,14.88,6319,10940,119729,9.67,12.54,14.56,22611.79,93.2,2.85,5.29,6.69,6.4,5.31,LST_ODISHA_2024_08.tif,5.0,2.0,1.0,1.0,0.58,3.0,3,21-398
Koraput,2024_09,Koraput,366,0.0,14.07,6319,10940,119729,9.67,12.54,14.56,22611.79,93.2,2.85,5.29,6.69,6.4,5.31,LST_ODISHA_2024_09.tif,2.0,2.0,1.0,2.0,0.24,2.0,1,21-398
Koraput,2024_10,Koraput,366,25500.93,75.85,6319,10940,119729,9.67,12.54,14.56,22611.79,93.2,2.85,5.29,6.69,6.4,5.31,LST_ODISHA_2024_10.tif,4.0,2.0,1.0,2.0,0.53,3.0,2,21-398
Koraput,2024_11,Koraput,366,0.0,8.48,6319,10940,119729,9.67,12.54,14.56,22611.79,93.2,2.85,5.29,6.69,6.4,5.31,LST_ODISHA_2024_11.tif,5.0,2.0,1.0,2.0,0.62,4.0,3,21-398
Koraput,2024_12,Koraput,366,0.0,1.32,6319,10940,119729,9.67,12.54,14.56,22611.79,93.2,2.85,5.29,6.69,6.4,5.31,LST_ODISHA_2024_12.tif,5.0,2.0,1.0,2.0,0.62,4.0,3,21-398
Koraput,2025_01,Koraput,366,212187.03,0.0,6560,11033,121504,9.67,12.54,14.56,22611.79,93.2,2.85,5.29,6.69,6.4,5.31,LST_ODISHA_2025_01.tif,3.0,2.0,2.0,2.0,0.32,2.0,4,21-398
Koraput,2025_02,Koraput,366,542870.22,0.03,6560,11033,121504,9.67,12.54,14.56,22611.79,93.2,2.85,5.29,6.69,6.4,5.31,LST_ODISHA_2025_02.tif,3.0,2.0,2.0,2.0,0.18,1.0,4,21-398
Koraput,2025_03,Koraput,366,0.0,46.14,6560,11033,121504,9.67,12.54,14.56,22611.79,93.2,2.85,5.29,6.69,6.4,5.31,LST_ODISHA_2025_03.tif,4.0,2.0,2.0,2.0,0.58,3.0,3,21-398
Koraput,2025_04,Koraput,366,450146.91,3.44,6560,11033,121504,9.67,12.54,14.56,22611.79,93.2,2.85,5.29,6.69,6.4,5.31,LST_ODISHA_2025_04.tif,3.0,2.0,2.0,3.0,0.45,3.0,2,21-398
Koraput,2025_05,Koraput,366,888636.51,4.66,6560,11033,121504,9.67,12.54,14.56,22611.79,93.2,2.85,5.29,6.69,6.4,5.31,LST_ODISHA_2025_05.tif,3.0,2.0,2.0,3.0,0.45,3.0,1,21-398
Koraput,2025_06,Koraput,366,0.0,0.43,6560,11033,121504,9.67,12.54,14.56,22611.79,93.2,2.85,5.29,6.69,6.4,5.31,LST_ODISHA_2025_06.tif,2.0,2.0,2.0,3.0,0.33,2.0,1,21-398
Koraput,2025_07,Koraput,366,0.0,25.91,6560,11033,121504,9.67,12.54,14.56,22611.79,93.2,2.85,5.29,6.69,6.4,5.31,LST_ODISHA_2025_07.tif,4.0,2.0,2.0,3.0,0.67,4.0,2,21-398
Koraput,2025_08,Koraput,366,0.0,27.43,6560,11033,121504,9.67,12.54,14.56,22611.79,93.2,2.85,5.29,6.69,6.4,5.31,LST_ODISHA_2025_08.tif,4.0,2.0,2.0,3.0,0.67,4.0,3,21-398
Koraput,2025_09,Koraput,366,0.0,15.72,6560,11033,121504,9.67,12.54,14.56,22611.79,93.2,2.85,5.29,6.69,6.4,5.31,LST_ODISHA_2025_09.tif,3.0,2.0,2.0,3.0,0.39,2.0,2,21-398
Koraput,2025_10,Koraput,366,0.0,38.87,6560,11033,121504,9.67,12.54,14.56,22611.79,93.2,2.85,5.29,6.69,6.4,5.31,LST_ODISHA_2025_10.tif,2.0,2.0,2.0,3.0,0.41,3.0,1,21-398
Koraput,2025_11,Koraput,366,0.0,4.76,6560,11033,121504,9.67,12.54,14.56,22611.79,93.2,2.85,5.29,6.69,6.4,5.31,LST_ODISHA_2025_11.tif,5.0,2.0,2.0,3.0,0.75,4.0,3,21-398
Koraput,2025_12,Koraput,366,0.0,0.0,6560,11033,121504,9.67,12.54,14.56,22611.79,93.2,2.85,5.29,6.69,6.4,5.31,LST_ODISHA_2025_12.tif,3.0,2.0,2.0,3.0,0.58,3.0,4,21-398
Koraput,2026_01,Koraput,366,0.0,0.0,6802,11127,123278,9.67,12.54,14.56,22611.79,93.2,2.85,5.29,6.69,6.4,5.31,LST_ODISHA_2026_01.tif,3.0,2.0,2.0,3.0,0.58,3.0,4,21-398
Koraput,2026_02,Koraput,366,0.0,0.0,6802,11127,123278,9.67,12.54,14.56,22611.79,93.2,2.85,5.29,6.69,6.4,5.31,LST_ODISHA_2026_02.tif,3.0,2.0,2.0,3.0,0.58,3.0,2,21-398
Koraput,2026_03,Koraput,366,0.0,23.76,6802,11127,123278,9.67,12.54,14.56,22611.79,93.2,2.85,5.29,6.69,6.4,5.31,LST_ODISHA_2026_03.tif,2.0,2.0,2.0,3.0,0.41,3.0,3,21-398
Malkangiri,2021_01,Malkangiri,178,0.0,0.0,5278,11288,110539,9.32,11.11,16.6,19937.43,99.8,3.64,5.98,4.92,6.28,5.2,LST_ODISHA_2021_01.tif,3.0,2.0,1.0,3.0,0.1,1.0,4,21-399
Malkangiri,2021_02,Malkangiri,178,0.0,0.09,5278,11288,110539,9.32,11.11,16.6,19937.43,99.8,3.64,5.98,4.92,6.28,5.2,LST_ODISHA_2021_02.tif,3.0,2.0,1.0,3.0,0.28,2.0,4,21-399
Malkangiri,2021_03,Malkangiri,178,0.0,32.48,5278,11288,110539,9.32,11.11,16.6,19937.43,99.8,3.64,5.98,4.92,6.28,5.2,LST_ODISHA_2021_03.tif,3.0,2.0,1.0,3.0,0.49,3.0,4,21-399
Malkangiri,2021_04,Malkangiri,178,0.0,0.0,5278,11288,110539,9.32,11.11,16.6,19937.43,99.8,3.64,5.98,4.92,6.28,5.2,LST_ODISHA_2021_04.tif,3.0,2.0,1.0,3.0,0.31,2.0,2,21-399
Malkangiri,2021_05,Malkangiri,178,0.0,4.17,5278,11288,110539,9.32,11.11,16.6,19937.43,99.8,3.64,5.98,4.92,6.28,5.2,LST_ODISHA_2021_05.tif,4.0,2.0,1.0,4.0,0.57,3.0,2,21-399
Malkangiri,2021_06,Malkangiri,178,0.0,0.28,5278,11288,110539,9.32,11.11,16.6,19937.43,99.8,3.64,5.98,4.92,6.28,5.2,LST_ODISHA_2021_06.tif,2.0,2.0,1.0,4.0,0.31,2.0,3,21-399
Malkangiri,2021_07,Malkangiri,178,80217.67,10.2,5278,11288,110539,9.32,11.11,16.6,19937.43,99.8,3.64,5.98,4.92,6.28,5.2,LST_ODISHA_2021_07.tif,1.0,2.0,1.0,4.0,0.31,2.0,3,21-399
Malkangiri,2021_08,Malkangiri,178,0.0,18.27,5278,11288,110539,9.32,11.11,16.6,19937.43,99.8,3.64,5.98,4.92,6.28,5.2,LST_ODISHA_2021_08.tif,1.0,2.0,1.0,3.0,0.31,2.0,5,21-399
Malkangiri,2021_09,Malkangiri,178,0.0,3.07,5278,11288,110539,9.32,11.11,16.6,19937.43,99.8,3.64,5.98,4.92,6.28,5.2,LST_ODISHA_2021_09.tif,3.0,2.0,1.0,3.0,0.49,3.0,1,21-399
Malkangiri,2021_10,Malkangiri,178,0.0,57.04,5278,11288,110539,9.32,11.11,16.6,19937.43,99.8,3.64,5.98,4.92,6.28,5.2,LST_ODISHA_2021_10.tif,5.0,2.0,1.0,3.0,0.68,4.0,4,21-399
Malkangiri,2021_11,Malkangiri,178,0.0,9.32,5278,11288,110539,9.32,11.11,16.6,19937.43,99.8,3.64,5.98,4.92,6.28,5.2,LST_ODISHA_2021_11.tif,5.0,2.0,1.0,3.0,0.68,4.0,3,21-399
Malkangiri,2021_12,Malkangiri,178,3186912.71,0.0,5278,11288,110539,9.32,11.11,16.6,19937.43,99.8,3.64,5.98,4.92,6.28,5.2,LST_ODISHA_2021_12.tif,3.0,2.0,1.0,3.0,0.31,2.0,5,21-399
Malkangiri,2022_01,Malkangiri,178,0.0,0.0,5524,11443,112587,9.32,11.11,16.6,19937.43,99.8,3.64,5.98,4.92,6.28,5.2,LST_ODISHA_2022_01.tif,3.0,2.0,1.0,3.0,0.48,3.0,5,21-399
Malkangiri,2022_02,Malkangiri,178,0.0,0.0,5524,11443,112587,9.32,11.11,16.6,19937.43,99.8,3.64,5.98,4.92,6.28,5.2,LST_ODISHA_2022_02.tif,3.0,2.0,1.0,3.0,0.48,3.0,5,21-399
Malkangiri,2022_03,Malkangiri,178,0.0,40.24,5524,11443,112587,9.32,11.11,16.6,19937.43,99.8,3.64,5.98,4.92,6.28,5.2,LST_ODISHA_2022_03.tif,5.0,2.0,1.0,3.0,0.68,4.0,5,21-399
Malkangiri,2022_04,Malkangiri,178,2422297.0,1.27,5524,11443,112587,9.32,11.11,16.6,19937.43,99.8,3.64,5.98,4.92,6.28,5.2,LST_ODISHA_2022_04.tif,2.0,2.0,1.0,3.0,0.31,2.0,3,21-399
Malkangiri,2022_05,Malkangiri,178,0.0,11.94,5524,11443,112587,9.32,11.11,16.6,19937.43,99.8,3.64,5.98,4.92,6.28,5.2,LST_ODISHA_2022_05.tif,3.0,2.0,1.0,3.0,0.49,3.0,3,21-399
Malkangiri,2022_06,Malkangiri,178,0.0,16.34,5524,11443,112587,9.32,11.11,16.6,19937.43,99.8,3.64,5.98,4.92,6.28,5.2,LST_ODISHA_2022_06.tif,3.0,2.0,1.0,3.0,0.49,3.0,3,21-399
Malkangiri,2022_07,Malkangiri,178,0.0,11.54,5524,11443,112587,9.32,11.11,16.6,19937.43,99.8,3.64,5.98,4.92,6.28,5.2,LST_ODISHA_2022_07.tif,3.0,2.0,1.0,3.0,0.49,3.0,4,21-399
Malkangiri,2022_08,Malkangiri,178,0.0,22.36,5524,11443,112587,9.32,11.11,16.6,19937.43,99.8,3.64,5.98,4.92,6.28,5.2,LST_ODISHA_2022_08.tif,4.0,2.0,1.0,3.0,0.6,4.0,2,21-399
Malkangiri,2022_09,Malkangiri,178,0.0,17.85,5524,11443,112587,9.32,11.11,16.6,19937.43,99.8,3.64,5.98,4.92,6.28,5.2,LST_ODISHA_2022_09.tif,5.0,2.0,1.0,3.0,0.68,4.0,5,21-399
Malkangiri,2022_10,Malkangiri,178,0.0,31.49,5524,11443,112587,9.32,11.11,16.6,19937.43,99.8,3.64,5.98,4.92,6.28,5.2,LST_ODISHA_2022_10.tif,3.0,2.0,1.0,3.0,0.49,3.0,4,21-399
Malkangiri,2022_11,Malkangiri,178,0.0,1.48,5524,11443,112587,9.32,11.11,16.6,19937.43,99.8,3.64,5.98,4.92,6.28,5.2,LST_ODISHA_2022_11.tif,5.0,2.0,1.0,3.0,0.68,4.0,4,21-399
Malkangiri,2022_12,Malkangiri,178,0.0,0.01,5524,11443,112587,9.32,11.11,16.6,19937.43,99.8,3.64,5.98,4.92,6.28,5.2,LST_ODISHA_2022_12.tif,3.0,2.0,1.0,3.0,0.31,2.0,5,21-399
Malkangiri,2023_01,Malkangiri,178,0.0,0.0,5771,11598,114635,9.32,11.11,16.6,19937.43,99.8,3.64,5.98,4.92,6.28,5.2,LST_ODISHA_2023_01.tif,3.0,2.0,1.0,3.0,0.48,3.0,4,21-399
Malkangiri,2023_02,Malkangiri,178,0.0,0.0,5771,11598,114635,9.32,11.11,16.6,19937.43,99.8,3.64,5.98,4.92,6.28,5.2,LST_ODISHA_2023_02.tif,3.0,2.0,1.0,3.0,0.31,2.0,5,21-399
Malkangiri,2023_03,Malkangiri,178,0.0,9.05,5771,11598,114635,9.32,11.11,16.6,19937.43,99.8,3.64,5.98,4.92,6.28,5.2,LST_ODISHA_2023_03.tif,2.0,2.0,1.0,3.0,0.41,3.0,5,21-399
Malkangiri,2023_04,Malkangiri,178,0.0,0.0,5771,11598,114635,9.32,11.11,16.6,19937.43,99.8,3.64,5.98,4.92,6.28,5.2,LST_ODISHA_2023_04.tif,3.0,2.0,1.0,3.0,0.05,1.0,2,21-399
Malkangiri,2023_05,Malkangiri,178,0.0,10.78,5771,11598,114635,9.32,11.11,16.6,19937.43,99.8,3.64,5.98,4.92,6.28,5.2,LST_ODISHA_2023_05.tif,4.0,2.0,1.0,3.0,0.52,3.0,2,21-399
Malkangiri,2023_06,Malkangiri,178,0.0,23.51,5771,11598,114635,9.32,11.11,16.6,19937.43,99.8,3.64,5.98,4.92,6.28,5.2,LST_ODISHA_2023_06.tif,3.0,2.0,1.0,3.0,0.28,2.0,4,21-399
Malkangiri,2023_07,Malkangiri,178,0.0,24.04,5771,11598,114635,9.32,11.11,16.6,19937.43,99.8,3.64,5.98,4.92,6.28,5.2,LST_ODISHA_2023_07.tif,1.0,2.0,1.0,3.0,0.05,1.0,2,21-399
Malkangiri,2023_08,Malkangiri,178,0.0,22.98,5771,11598,114635,9.32,11.11,16.6,19937.43,99.8,3.64,5.98,4.92,6.28,5.2,LST_ODISHA_2023_08.tif,4.0,2.0,1.0,3.0,0.56,3.0,4,21-399
Malkangiri,2023_09,Malkangiri,178,0.0,31.14,5771,11598,114635,9.32,11.11,16.6,19937.43,99.8,3.64,5.98,4.92,6.28,5.2,LST_ODISHA_2023_09.tif,4.0,2.0,1.0,3.0,0.56,3.0,3,21-399
Malkangiri,2023_10,Malkangiri,178,0.0,41.02,5771,11598,114635,9.32,11.11,16.6,19937.43,99.8,3.64,5.98,4.92,6.28,5.2,LST_ODISHA_2023_10.tif,3.0,2.0,1.0,3.0,0.41,3.0,5,21-399
Malkangiri,2023_11,Malkangiri,178,0.0,11.73,5771,11598,114635,9.32,11.11,16.6,19937.43,99.8,3.64,5.98,4.92,6.28,5.2,LST_ODISHA_2023_11.tif,5.0,2.0,1.0,3.0,0.65,4.0,4,21-399
Malkangiri,2023_12,Malkangiri,178,0.0,0.0,5771,11598,114635,9.32,11.11,16.6,19937.43,99.8,3.64,5.98,4.92,6.28,5.2,LST_ODISHA_2023_12.tif,3.0,2.0,1.0,3.0,0.05,1.0,4,21-399
Malkangiri,2024_01,Malkangiri,178,0.0,0.0,6018,11753,116683,9.32,11.11,16.6,19937.43,99.8,3.64,5.98,4.92,6.28,5.2,LST_ODISHA_2024_01.tif,3.0,2.0,1.0,3.0,0.1,1.0,5,21-399
Malkangiri,2024_02,Malkangiri,178,0.0,1.38,6018,11753,116683,9.32,11.11,16.6,19937.43,99.8,3.64,5.98,4.92,6.28,5.2,LST_ODISHA_2024_02.tif,5.0,2.0,1.0,3.0,0.68,4.0,5,21-399
Malkangiri,2024_03,Malkangiri,178,40821.57,39.23,6018,11753,116683,9.32,11.11,16.6,19937.43,99.8,3.64,5.98,4.92,6.28,5.2,LST_ODISHA_2024_03.tif,4.0,2.0,1.0,3.0,0.6,4.0,5,21-399
Malkangiri,2024_04,Malkangiri,178,181508.86,12.34,6018,11753,116683,9.32,11.11,16.6,19937.43,99.8,3.64,5.98,4.92,6.28,5.2,LST_ODISHA_2024_04.tif,4.0,2.0,1.0,3.0,0.57,3.0,5,21-399
Malkangiri,2024_05,Malkangiri,178,0.0,50.81,6018,11753,116683,9.32,11.11,16.6,19937.43,99.8,3.64,5.98,4.92,6.28,5.2,LST_ODISHA_2024_05.tif,5.0,2.0,1.0,4.0,0.68,4.0,4,21-399
Malkangiri,2024_06,Malkangiri,178,0.0,14.03,6018,11753,116683,9.32,11.11,16.6,19937.43,99.8,3.64,5.98,4.92,6.28,5.2,LST_ODISHA_2024_06.tif,1.0,2.0,1.0,4.0,0.31,2.0,1,21-399
Malkangiri,2024_07,Malkangiri,178,0.0,1.32,6018,11753,116683,9.32,11.11,16.6,19937.43,99.8,3.64,5.98,4.92,6.28,5.2,LST_ODISHA_2024_07.tif,1.0,2.0,1.0,4.0,0.31,2.0,2,21-399
Malkangiri,2024_08,Malkangiri,178,204115.14,17.46,6018,11753,116683,9.32,11.11,16.6,19937.43,99.8,3.64,5.98,4.92,6.28,5.2,LST_ODISHA_2024_08.tif,5.0,2.0,1.0,4.0,0.68,4.0,3,21-399
Malkangiri,2024_09,Malkangiri,178,0.0,8.97,6018,11753,116683,9.32,11.11,16.6,19937.43,99.8,3.64,5.98,4.92,6.28,5.2,LST_ODISHA_2024_09.tif,1.0,2.0,1.0,4.0,0.31,2.0,4,21-399
Malkangiri,2024_10,Malkangiri,178,0.0,79.78,6018,11753,116683,9.32,11.11,16.6,19937.43,99.8,3.64,5.98,4.92,6.28,5.2,LST_ODISHA_2024_10.tif,5.0,2.0,1.0,4.0,0.68,4.0,4,21-399
Malkangiri,2024_11,Malkangiri,178,0.0,5.66,6018,11753,116683,9.32,11.11,16.6,19937.43,99.8,3.64,5.98,4.92,6.28,5.2,LST_ODISHA_2024_11.tif,5.0,2.0,1.0,4.0,0.68,4.0,4,21-399
Malkangiri,2024_12,Malkangiri,178,0.0,1.23,6018,11753,116683,9.32,11.11,16.6,19937.43,99.8,3.64,5.98,4.92,6.28,5.2,LST_ODISHA_2024_12.tif,5.0,2.0,1.0,4.0,0.68,4.0,4,21-399
Malkangiri,2025_01,Malkangiri,178,40805.94,0.0,6264,11909,118731,9.32,11.11,16.6,19937.43,99.8,3.64,5.98,4.92,6.28,5.2,LST_ODISHA_2025_01.tif,3.0,2.0,1.0,4.0,0.48,3.0,4,21-399
Malkangiri,2025_02,Malkangiri,178,0.0,0.4,6264,11909,118731,9.32,11.11,16.6,19937.43,99.8,3.64,5.98,4.92,6.28,5.2,LST_ODISHA_2025_02.tif,5.0,2.0,1.0,4.0,0.68,4.0,4,21-399
Malkangiri,2025_03,Malkangiri,178,0.0,53.1,6264,11909,118731,9.32,11.11,16.6,19937.43,99.8,3.64,5.98,4.92,6.28,5.2,LST_ODISHA_2025_03.tif,5.0,2.0,1.0,4.0,0.68,4.0,4,21-399
Malkangiri,2025_04,Malkangiri,178,0.0,3.92,6264,11909,118731,9.32,11.11,16.6,19937.43,99.8,3.64,5.98,4.92,6.28,5.2,LST_ODISHA_2025_04.tif,3.0,2.0,1.0,3.0,0.41,3.0,3,21-399
Malkangiri,2025_05,Malkangiri,178,681793.14,7.04,6264,11909,118731,9.32,11.11,16.6,19937.43,99.8,3.64,5.98,4.92,6.28,5.2,LST_ODISHA_2025_05.tif,3.0,2.0,1.0,3.0,0.41,3.0,2,21-399
Malkangiri,2025_06,Malkangiri,178,0.0,1.42,6264,11909,118731,9.32,11.11,16.6,19937.43,99.8,3.64,5.98,4.92,6.28,5.2,LST_ODISHA_2025_06.tif,2.0,2.0,1.0,3.0,0.31,2.0,3,21-399
Malkangiri,2025_07,Malkangiri,178,219299.72,23.8,6264,11909,118731,9.32,11.11,16.6,19937.43,99.8,3.64,5.98,4.92,6.28,5.2,LST_ODISHA_2025_07.tif,4.0,2.0,1.0,3.0,0.6,4.0,3,21-399
Malkangiri,2025_08,Malkangiri,178,0.0,22.85,6264,11909,118731,9.32,11.11,16.6,19937.43,99.8,3.64,5.98,4.92,6.28,5.2,LST_ODISHA_2025_08.tif,3.0,2.0,1.0,3.0,0.49,3.0,4,21-399
Malkangiri,2025_09,Malkangiri,178,8457438.31,12.37,6264,11909,118731,9.32,11.11,16.6,19937.43,99.8,3.64,5.98,4.92,6.28,5.2,LST_ODISHA_2025_09.tif,3.0,2.0,1.0,2.0,0.29,2.0,5,21-399
Malkangiri,2025_10,Malkangiri,178,0.0,42.06,6264,11909,118731,9.32,11.11,16.6,19937.43,99.8,3.64,5.98,4.92,6.28,5.2,LST_ODISHA_2025_10.tif,3.0,2.0,1.0,3.0,0.49,3.0,3,21-399
Malkangiri,2025_11,Malkangiri,178,0.0,4.29,6264,11909,118731,9.32,11.11,16.6,19937.43,99.8,3.64,5.98,4.92,6.28,5.2,LST_ODISHA_2025_11.tif,4.0,2.0,1.0,3.0,0.6,4.0,5,21-399
Malkangiri,2025_12,Malkangiri,178,0.0,0.0,6264,11909,118731,9.32,11.11,16.6,19937.43,99.8,3.64,5.98,4.92,6.28,5.2,LST_ODISHA_2025_12.tif,3.0,2.0,1.0,3.0,0.48,3.0,5,21-399
Malkangiri,2026_01,Malkangiri,178,0.0,0.0,6511,12064,120779,9.32,11.11,16.6,19937.43,99.8,3.64,5.98,4.92,6.28,5.2,LST_ODISHA_2026_01.tif,3.0,2.0,1.0,3.0,0.48,3.0,5,21-399
Malkangiri,2026_02,Malkangiri,178,0.0,0.0,6511,12064,120779,9.32,11.11,16.6,19937.43,99.8,3.64,5.98,4.92,6.28,5.2,LST_ODISHA_2026_02.tif,3.0,2.0,1.0,3.0,0.48,3.0,4,21-399
Malkangiri,2026_03,Malkangiri,178,0.0,24.25,6511,12064,120779,9.32,11.11,16.6,19937.43,99.8,3.64,5.98,4.92,6.28,5.2,LST_ODISHA_2026_03.tif,2.0,2.0,1.0,3.0,0.38,2.0,5,21-399
Mayurbhanj,2021_01,Mayurbhanj,684,0.0,0.0,5670,7929,112700,9.47,10.76,12.74,20521.04,88.8,3.8,6.66,8.86,7.76,6.77,LST_ODISHA_2021_01.tif,3.0,2.0,1.0,3.0,0.1,1.0,1,21-376
Mayurbhanj,2021_02,Mayurbhanj,684,0.0,1.6,5670,7929,112700,9.47,10.76,12.74,20521.04,88.8,3.8,6.66,8.86,7.76,6.77,LST_ODISHA_2021_02.tif,5.0,2.0,1.0,3.0,0.65,4.0,3,21-376
Mayurbhanj,2021_03,Mayurbhanj,684,0.0,44.85,5670,7929,112700,9.47,10.76,12.74,20521.04,88.8,3.8,6.66,8.86,7.76,6.77,LST_ODISHA_2021_03.tif,5.0,2.0,1.0,3.0,0.68,4.0,3,21-376
Mayurbhanj,2021_04,Mayurbhanj,684,9043622.04,0.0,5670,7929,112700,9.47,10.76,12.74,20521.04,88.8,3.8,6.66,8.86,7.76,6.77,LST_ODISHA_2021_04.tif,3.0,2.0,1.0,1.0,0.05,1.0,3,21-376
Mayurbhanj,2021_05,Mayurbhanj,684,1229310.23,3.03,5670,7929,112700,9.47,10.76,12.74,20521.04,88.8,3.8,6.66,8.86,7.76,6.77,LST_ODISHA_2021_05.tif,3.0,2.0,1.0,1.0,0.26,2.0,1,21-376
Mayurbhanj,2021_06,Mayurbhanj,684,4316429.81,3.49,5670,7929,112700,9.47,10.76,12.74,20521.04,88.8,3.8,6.66,8.86,7.76,6.77,LST_ODISHA_2021_06.tif,4.0,2.0,1.0,1.0,0.45,3.0,1,21-376
Mayurbhanj,2021_07,Mayurbhanj,684,5498355.96,25.15,5670,7929,112700,9.47,10.76,12.74,20521.04,88.8,3.8,6.66,8.86,7.76,6.77,LST_ODISHA_2021_07.tif,5.0,2.0,1.0,1.0,0.58,3.0,1,21-376
Mayurbhanj,2021_08,Mayurbhanj,684,74469091.58,19.91,5670,7929,112700,9.47,10.76,12.74,20521.04,88.8,3.8,6.66,8.86,7.76,6.77,LST_ODISHA_2021_08.tif,2.0,2.0,1.0,1.0,0.2,1.0,4,21-376
Mayurbhanj,2021_09,Mayurbhanj,684,2294756.96,1.23,5670,7929,112700,9.47,10.76,12.74,20521.04,88.8,3.8,6.66,8.86,7.76,6.77,LST_ODISHA_2021_09.tif,2.0,2.0,1.0,1.0,0.2,1.0,2,21-376
Mayurbhanj,2021_10,Mayurbhanj,684,0.0,50.23,5670,7929,112700,9.47,10.76,12.74,20521.04,88.8,3.8,6.66,8.86,7.76,6.77,LST_ODISHA_2021_10.tif,2.0,2.0,1.0,1.0,0.2,1.0,1,21-376
Mayurbhanj,2021_11,Mayurbhanj,684,0.0,0.17,5670,7929,112700,9.47,10.76,12.74,20521.04,88.8,3.8,6.66,8.86,7.76,6.77,LST_ODISHA_2021_11.tif,2.0,2.0,1.0,1.0,0.05,1.0,2,21-376
Mayurbhanj,2021_12,Mayurbhanj,684,0.0,0.01,5670,7929,112700,9.47,10.76,12.74,20521.04,88.8,3.8,6.66,8.86,7.76,6.77,LST_ODISHA_2021_12.tif,5.0,2.0,1.0,1.0,0.58,3.0,1,21-376
Mayurbhanj,2022_01,Mayurbhanj,684,0.0,0.0,5890,7976,114087,9.47,10.76,12.74,20521.04,88.8,3.8,6.66,8.86,7.76,6.77,LST_ODISHA_2022_01.tif,3.0,2.0,1.0,1.0,0.08,1.0,1,21-376
Mayurbhanj,2022_02,Mayurbhanj,684,0.0,0.0,5890,7976,114087,9.47,10.76,12.74,20521.04,88.8,3.8,6.66,8.86,7.76,6.77,LST_ODISHA_2022_02.tif,3.0,2.0,1.0,1.0,0.08,1.0,1,21-376
Mayurbhanj,2022_03,Mayurbhanj,684,0.0,41.11,5890,7976,114087,9.47,10.76,12.74,20521.04,88.8,3.8,6.66,8.86,7.76,6.77,LST_ODISHA_2022_03.tif,5.0,2.0,1.0,1.0,0.58,3.0,1,21-376
Mayurbhanj,2022_04,Mayurbhanj,684,236604.19,2.83,5890,7976,114087,9.47,10.76,12.74,20521.04,88.8,3.8,6.66,8.86,7.76,6.77,LST_ODISHA_2022_04.tif,3.0,2.0,1.0,3.0,0.41,3.0,2,21-376
Mayurbhanj,2022_05,Mayurbhanj,684,700911.54,14.02,5890,7976,114087,9.47,10.76,12.74,20521.04,88.8,3.8,6.66,8.86,7.76,6.77,LST_ODISHA_2022_05.tif,4.0,2.0,1.0,3.0,0.6,4.0,2,21-376
Mayurbhanj,2022_06,Mayurbhanj,684,0.0,24.47,5890,7976,114087,9.47,10.76,12.74,20521.04,88.8,3.8,6.66,8.86,7.76,6.77,LST_ODISHA_2022_06.tif,4.0,2.0,1.0,3.0,0.6,4.0,1,21-376
Mayurbhanj,2022_07,Mayurbhanj,684,0.0,11.04,5890,7976,114087,9.47,10.76,12.74,20521.04,88.8,3.8,6.66,8.86,7.76,6.77,LST_ODISHA_2022_07.tif,3.0,2.0,1.0,3.0,0.49,3.0,2,21-376
Mayurbhanj,2022_08,Mayurbhanj,684,0.0,13.92,5890,7976,114087,9.47,10.76,12.74,20521.04,88.8,3.8,6.66,8.86,7.76,6.77,LST_ODISHA_2022_08.tif,1.0,2.0,1.0,3.0,0.31,2.0,4,21-376
Mayurbhanj,2022_09,Mayurbhanj,684,2003158.46,9.04,5890,7976,114087,9.47,10.76,12.74,20521.04,88.8,3.8,6.66,8.86,7.76,6.77,LST_ODISHA_2022_09.tif,3.0,2.0,1.0,3.0,0.41,3.0,4,21-376
Mayurbhanj,2022_10,Mayurbhanj,684,0.0,31.54,5890,7976,114087,9.47,10.76,12.74,20521.04,88.8,3.8,6.66,8.86,7.76,6.77,LST_ODISHA_2022_10.tif,3.0,2.0,1.0,3.0,0.49,3.0,2,21-376
Mayurbhanj,2022_11,Mayurbhanj,684,0.0,0.01,5890,7976,114087,9.47,10.76,12.74,20521.04,88.8,3.8,6.66,8.86,7.76,6.77,LST_ODISHA_2022_11.tif,3.0,2.0,1.0,3.0,0.31,2.0,2,21-376
Mayurbhanj,2022_12,Mayurbhanj,684,0.0,0.0,5890,7976,114087,9.47,10.76,12.74,20521.04,88.8,3.8,6.66,8.86,7.76,6.77,LST_ODISHA_2022_12.tif,3.0,2.0,1.0,3.0,0.31,2.0,2,21-376
Mayurbhanj,2023_01,Mayurbhanj,684,0.0,0.0,6111,8022,115475,9.47,10.76,12.74,20521.04,88.8,3.8,6.66,8.86,7.76,6.77,LST_ODISHA_2023_01.tif,3.0,2.0,1.0,3.0,0.48,3.0,2,21-376
Mayurbhanj,2023_02,Mayurbhanj,684,0.0,0.53,6111,8022,115475,9.47,10.76,12.74,20521.04,88.8,3.8,6.66,8.86,7.76,6.77,LST_ODISHA_2023_02.tif,5.0,2.0,1.0,3.0,0.68,4.0,3,21-376
Mayurbhanj,2023_03,Mayurbhanj,684,0.0,13.41,6111,8022,115475,9.47,10.76,12.74,20521.04,88.8,3.8,6.66,8.86,7.76,6.77,LST_ODISHA_2023_03.tif,4.0,2.0,1.0,3.0,0.68,4.0,3,21-376
Mayurbhanj,2023_04,Mayurbhanj,684,0.0,0.0,6111,8022,115475,9.47,10.76,12.74,20521.04,88.8,3.8,6.66,8.86,7.76,6.77,LST_ODISHA_2023_04.tif,3.0,2.0,1.0,3.0,0.05,1.0,3,21-376
Mayurbhanj,2023_05,Mayurbhanj,684,0.0,6.14,6111,8022,115475,9.47,10.76,12.74,20521.04,88.8,3.8,6.66,8.86,7.76,6.77,LST_ODISHA_2023_05.tif,3.0,2.0,1.0,3.0,0.28,2.0,2,21-376
Mayurbhanj,2023_06,Mayurbhanj,684,0.0,22.35,6111,8022,115475,9.47,10.76,12.74,20521.04,88.8,3.8,6.66,8.86,7.76,6.77,LST_ODISHA_2023_06.tif,3.0,2.0,1.0,3.0,0.28,2.0,2,21-376
Mayurbhanj,2023_07,Mayurbhanj,684,0.0,34.04,6111,8022,115475,9.47,10.76,12.74,20521.04,88.8,3.8,6.66,8.86,7.76,6.77,LST_ODISHA_2023_07.tif,3.0,2.0,1.0,3.0,0.41,3.0,3,21-376
Mayurbhanj,2023_08,Mayurbhanj,684,0.0,19.69,6111,8022,115475,9.47,10.76,12.74,20521.04,88.8,3.8,6.66,8.86,7.76,6.77,LST_ODISHA_2023_08.tif,3.0,2.0,1.0,3.0,0.41,3.0,3,21-376
Mayurbhanj,2023_09,Mayurbhanj,684,0.0,25.77,6111,8022,115475,9.47,10.76,12.74,20521.04,88.8,3.8,6.66,8.86,7.76,6.77,LST_ODISHA_2023_09.tif,2.0,2.0,1.0,3.0,0.22,2.0,3,21-376
Mayurbhanj,2023_10,Mayurbhanj,684,0.0,41.7,6111,8022,115475,9.47,10.76,12.74,20521.04,88.8,3.8,6.66,8.86,7.76,6.77,LST_ODISHA_2023_10.tif,3.0,2.0,1.0,3.0,0.41,3.0,3,21-376
Mayurbhanj,2023_11,Mayurbhanj,684,0.0,3.26,6111,8022,115475,9.47,10.76,12.74,20521.04,88.8,3.8,6.66,8.86,7.76,6.77,LST_ODISHA_2023_11.tif,2.0,2.0,1.0,3.0,0.05,1.0,2,21-376
Mayurbhanj,2023_12,Mayurbhanj,684,0.0,0.02,6111,8022,115475,9.47,10.76,12.74,20521.04,88.8,3.8,6.66,8.86,7.76,6.77,LST_ODISHA_2023_12.tif,4.0,2.0,1.0,3.0,0.41,3.0,1,21-376
Mayurbhanj,2024_01,Mayurbhanj,684,0.0,0.0,6332,8068,116862,9.47,10.76,12.74,20521.04,88.8,3.8,6.66,8.86,7.76,6.77,LST_ODISHA_2024_01.tif,3.0,2.0,1.0,3.0,0.1,1.0,1,21-376
Mayurbhanj,2024_02,Mayurbhanj,684,0.0,0.08,6332,8068,116862,9.47,10.76,12.74,20521.04,88.8,3.8,6.66,8.86,7.76,6.77,LST_ODISHA_2024_02.tif,2.0,2.0,1.0,3.0,0.31,2.0,1,21-376
Mayurbhanj,2024_03,Mayurbhanj,684,0.0,34.81,6332,8068,116862,9.47,10.76,12.74,20521.04,88.8,3.8,6.66,8.86,7.76,6.77,LST_ODISHA_2024_03.tif,3.0,2.0,1.0,3.0,0.49,3.0,1,21-376
Mayurbhanj,2024_04,Mayurbhanj,684,577442.3,2.66,6332,8068,116862,9.47,10.76,12.74,20521.04,88.8,3.8,6.66,8.86,7.76,6.77,LST_ODISHA_2024_04.tif,2.0,2.0,1.0,3.0,0.31,2.0,2,21-376
Mayurbhanj,2024_05,Mayurbhanj,684,8310.23,23.94,6332,8068,116862,9.47,10.76,12.74,20521.04,88.8,3.8,6.66,8.86,7.76,6.77,LST_ODISHA_2024_05.tif,2.0,2.0,1.0,3.0,0.31,2.0,1,21-376
Mayurbhanj,2024_06,Mayurbhanj,684,58588.31,55.62,6332,8068,116862,9.47,10.76,12.74,20521.04,88.8,3.8,6.66,8.86,7.76,6.77,LST_ODISHA_2024_06.tif,4.0,2.0,1.0,3.0,0.57,3.0,3,21-376
Mayurbhanj,2024_07,Mayurbhanj,684,0.0,24.97,6332,8068,116862,9.47,10.76,12.74,20521.04,88.8,3.8,6.66,8.86,7.76,6.77,LST_ODISHA_2024_07.tif,4.0,2.0,1.0,3.0,0.65,4.0,2,21-376
Mayurbhanj,2024_08,Mayurbhanj,684,212233.73,8.14,6332,8068,116862,9.47,10.76,12.74,20521.04,88.8,3.8,6.66,8.86,7.76,6.77,LST_ODISHA_2024_08.tif,3.0,2.0,1.0,3.0,0.35,2.0,4,21-376
Mayurbhanj,2024_09,Mayurbhanj,684,299275.46,23.41,6332,8068,116862,9.47,10.76,12.74,20521.04,88.8,3.8,6.66,8.86,7.76,6.77,LST_ODISHA_2024_09.tif,4.0,2.0,1.0,3.0,0.57,3.0,1,21-376
Mayurbhanj,2024_10,Mayurbhanj,684,0.0,74.37,6332,8068,116862,9.47,10.76,12.74,20521.04,88.8,3.8,6.66,8.86,7.76,6.77,LST_ODISHA_2024_10.tif,4.0,2.0,1.0,3.0,0.57,3.0,3,21-376
Mayurbhanj,2024_11,Mayurbhanj,684,0.0,1.94,6332,8068,116862,9.47,10.76,12.74,20521.04,88.8,3.8,6.66,8.86,7.76,6.77,LST_ODISHA_2024_11.tif,2.0,2.0,1.0,3.0,0.23,2.0,2,21-376
Mayurbhanj,2024_12,Mayurbhanj,684,0.0,0.0,6332,8068,116862,9.47,10.76,12.74,20521.04,88.8,3.8,6.66,8.86,7.76,6.77,LST_ODISHA_2024_12.tif,3.0,2.0,1.0,3.0,0.23,2.0,1,21-376
Mayurbhanj,2025_01,Mayurbhanj,684,30556.69,0.0,6553,8115,118249,9.47,10.76,12.74,20521.04,88.8,3.8,6.66,8.86,7.76,6.77,LST_ODISHA_2025_01.tif,3.0,2.0,1.0,3.0,0.38,2.0,1,21-376
Mayurbhanj,2025_02,Mayurbhanj,684,434028.27,0.0,6553,8115,118249,9.47,10.76,12.74,20521.04,88.8,3.8,6.66,8.86,7.76,6.77,LST_ODISHA_2025_02.tif,3.0,2.0,1.0,3.0,0.23,2.0,1,21-376
Mayurbhanj,2025_03,Mayurbhanj,684,385928.12,38.13,6553,8115,118249,9.47,10.76,12.74,20521.04,88.8,3.8,6.66,8.86,7.76,6.77,LST_ODISHA_2025_03.tif,2.0,2.0,1.0,3.0,0.31,2.0,2,21-376
Mayurbhanj,2025_04,Mayurbhanj,684,0.0,3.66,6553,8115,118249,9.47,10.76,12.74,20521.04,88.8,3.8,6.66,8.86,7.76,6.77,LST_ODISHA_2025_04.tif,3.0,2.0,1.0,3.0,0.41,3.0,1,21-376
Mayurbhanj,2025_05,Mayurbhanj,684,5403915.15,7.89,6553,8115,118249,9.47,10.76,12.74,20521.04,88.8,3.8,6.66,8.86,7.76,6.77,LST_ODISHA_2025_05.tif,3.0,2.0,1.0,1.0,0.26,2.0,1,21-376
Mayurbhanj,2025_06,Mayurbhanj,684,0.0,2.09,6553,8115,118249,9.47,10.76,12.74,20521.04,88.8,3.8,6.66,8.86,7.76,6.77,LST_ODISHA_2025_06.tif,3.0,2.0,1.0,1.0,0.26,2.0,3,21-376
Mayurbhanj,2025_07,Mayurbhanj,684,0.0,15.65,6553,8115,118249,9.47,10.76,12.74,20521.04,88.8,3.8,6.66,8.86,7.76,6.77,LST_ODISHA_2025_07.tif,2.0,2.0,1.0,1.0,0.2,1.0,3,21-376
Mayurbhanj,2025_08,Mayurbhanj,684,0.0,18.61,6553,8115,118249,9.47,10.76,12.74,20521.04,88.8,3.8,6.66,8.86,7.76,6.77,LST_ODISHA_2025_08.tif,2.0,2.0,1.0,1.0,0.2,1.0,5,21-376
Mayurbhanj,2025_09,Mayurbhanj,684,21442.31,14.08,6553,8115,118249,9.47,10.76,12.74,20521.04,88.8,3.8,6.66,8.86,7.76,6.77,LST_ODISHA_2025_09.tif,3.0,2.0,1.0,1.0,0.26,2.0,3,21-376
Mayurbhanj,2025_10,Mayurbhanj,684,0.0,43.75,6553,8115,118249,9.47,10.76,12.74,20521.04,88.8,3.8,6.66,8.86,7.76,6.77,LST_ODISHA_2025_10.tif,4.0,2.0,1.0,2.0,0.55,3.0,2,21-376
Mayurbhanj,2025_11,Mayurbhanj,684,0.0,2.4,6553,8115,118249,9.47,10.76,12.74,20521.04,88.8,3.8,6.66,8.86,7.76,6.77,LST_ODISHA_2025_11.tif,3.0,2.0,1.0,2.0,0.42,3.0,2,21-376
Mayurbhanj,2025_12,Mayurbhanj,684,0.0,0.0,6553,8115,118249,9.47,10.76,12.74,20521.04,88.8,3.8,6.66,8.86,7.76,6.77,LST_ODISHA_2025_12.tif,3.0,2.0,1.0,2.0,0.3,2.0,1,21-376
Mayurbhanj,2026_01,Mayurbhanj,684,0.0,0.0,6773,8161,119637,9.47,10.76,12.74,20521.04,88.8,3.8,6.66,8.86,7.76,6.77,LST_ODISHA_2026_01.tif,3.0,2.0,1.0,2.0,0.3,2.0,1,21-376
Mayurbhanj,2026_02,Mayurbhanj,684,0.0,0.0,6773,8161,119637,9.47,10.76,12.74,20521.04,88.8,3.8,6.66,8.86,7.76,6.77,LST_ODISHA_2026_02.tif,3.0,2.0,1.0,2.0,0.3,2.0,2,21-376
Mayurbhanj,2026_03,Mayurbhanj,684,0.0,34.62,6773,8161,119637,9.47,10.76,12.74,20521.04,88.8,3.8,6.66,8.86,7.76,6.77,LST_ODISHA_2026_03.tif,4.0,2.0,1.0,2.0,0.55,3.0,1,21-376
Nabarangpur,2021_01,Nabarangpur,335,0.0,0.0,6801,13787,144942,10.8,12.99,13.45,27465.0,98.1,2.88,4.86,3.98,3.4,3.78,LST_ODISHA_2021_01.tif,3.0,3.0,1.0,3.0,0.2,1.0,5,21-397
Nabarangpur,2021_02,Nabarangpur,335,0.0,0.0,6801,13787,144942,10.8,12.99,13.45,27465.0,98.1,2.88,4.86,3.98,3.4,3.78,LST_ODISHA_2021_02.tif,2.0,3.0,1.0,3.0,0.1,1.0,5,21-397
Nabarangpur,2021_03,Nabarangpur,335,0.0,32.17,6801,13787,144942,10.8,12.99,13.45,27465.0,98.1,2.88,4.86,3.98,3.4,3.78,LST_ODISHA_2021_03.tif,3.0,3.0,1.0,3.0,0.5,3.0,5,21-397
Nabarangpur,2021_04,Nabarangpur,335,390142.62,0.0,6801,13787,144942,10.8,12.99,13.45,27465.0,98.1,2.88,4.86,3.98,3.4,3.78,LST_ODISHA_2021_04.tif,3.0,3.0,1.0,3.0,0.31,2.0,4,21-397
Nabarangpur,2021_05,Nabarangpur,335,22779.2,0.74,6801,13787,144942,10.8,12.99,13.45,27465.0,98.1,2.88,4.86,3.98,3.4,3.78,LST_ODISHA_2021_05.tif,2.0,3.0,1.0,3.0,0.24,2.0,3,21-397
Nabarangpur,2021_06,Nabarangpur,335,0.0,0.0,6801,13787,144942,10.8,12.99,13.45,27465.0,98.1,2.88,4.86,3.98,3.4,3.78,LST_ODISHA_2021_06.tif,2.0,3.0,1.0,3.0,0.24,2.0,3,21-397
Nabarangpur,2021_07,Nabarangpur,335,0.0,16.08,6801,13787,144942,10.8,12.99,13.45,27465.0,98.1,2.88,4.86,3.98,3.4,3.78,LST_ODISHA_2021_07.tif,3.0,3.0,1.0,4.0,0.5,3.0,3,21-397
Nabarangpur,2021_08,Nabarangpur,335,224627.8,19.64,6801,13787,144942,10.8,12.99,13.45,27465.0,98.1,2.88,4.86,3.98,3.4,3.78,LST_ODISHA_2021_08.tif,2.0,3.0,1.0,3.0,0.39,2.0,4,21-397
Nabarangpur,2021_09,Nabarangpur,335,55969.6,2.96,6801,13787,144942,10.8,12.99,13.45,27465.0,98.1,2.88,4.86,3.98,3.4,3.78,LST_ODISHA_2021_09.tif,3.0,3.0,1.0,3.0,0.5,3.0,3,21-397
Nabarangpur,2021_10,Nabarangpur,335,0.0,52.4,6801,13787,144942,10.8,12.99,13.45,27465.0,98.1,2.88,4.86,3.98,3.4,3.78,LST_ODISHA_2021_10.tif,3.0,3.0,1.0,3.0,0.5,3.0,4,21-397
Nabarangpur,2021_11,Nabarangpur,335,0.0,4.01,6801,13787,144942,10.8,12.99,13.45,27465.0,98.1,2.88,4.86,3.98,3.4,3.78,LST_ODISHA_2021_11.tif,4.0,3.0,1.0,3.0,0.58,3.0,4,21-397
Nabarangpur,2021_12,Nabarangpur,335,0.0,0.0,6801,13787,144942,10.8,12.99,13.45,27465.0,98.1,2.88,4.86,3.98,3.4,3.78,LST_ODISHA_2021_12.tif,3.0,3.0,1.0,3.0,0.31,2.0,5,21-397
Nabarangpur,2022_01,Nabarangpur,335,0.0,0.0,7096,13927,147386,10.8,12.99,13.45,27465.0,98.1,2.88,4.86,3.98,3.4,3.78,LST_ODISHA_2022_01.tif,3.0,3.0,1.0,3.0,0.5,3.0,5,21-397
Nabarangpur,2022_02,Nabarangpur,335,0.0,0.0,7096,13927,147386,10.8,12.99,13.45,27465.0,98.1,2.88,4.86,3.98,3.4,3.78,LST_ODISHA_2022_02.tif,3.0,3.0,1.0,3.0,0.5,3.0,5,21-397
Nabarangpur,2022_03,Nabarangpur,335,0.0,37.1,7096,13927,147386,10.8,12.99,13.45,27465.0,98.1,2.88,4.86,3.98,3.4,3.78,LST_ODISHA_2022_03.tif,3.0,3.0,1.0,3.0,0.5,3.0,5,21-397
Nabarangpur,2022_04,Nabarangpur,335,0.0,1.04,7096,13927,147386,10.8,12.99,13.45,27465.0,98.1,2.88,4.86,3.98,3.4,3.78,LST_ODISHA_2022_04.tif,2.0,3.0,1.0,3.0,0.31,2.0,4,21-397
Nabarangpur,2022_05,Nabarangpur,335,0.0,11.69,7096,13927,147386,10.8,12.99,13.45,27465.0,98.1,2.88,4.86,3.98,3.4,3.78,LST_ODISHA_2022_05.tif,3.0,3.0,1.0,3.0,0.5,3.0,4,21-397
Nabarangpur,2022_06,Nabarangpur,335,3191196.8,14.21,7096,13927,147386,10.8,12.99,13.45,27465.0,98.1,2.88,4.86,3.98,3.4,3.78,LST_ODISHA_2022_06.tif,2.0,3.0,1.0,3.0,0.39,2.0,4,21-397
Nabarangpur,2022_07,Nabarangpur,335,0.0,11.83,7096,13927,147386,10.8,12.99,13.45,27465.0,98.1,2.88,4.86,3.98,3.4,3.78,LST_ODISHA_2022_07.tif,4.0,3.0,1.0,3.0,0.61,4.0,4,21-397
Nabarangpur,2022_08,Nabarangpur,335,0.0,25.4,7096,13927,147386,10.8,12.99,13.45,27465.0,98.1,2.88,4.86,3.98,3.4,3.78,LST_ODISHA_2022_08.tif,5.0,3.0,1.0,3.0,0.69,4.0,3,21-397
Nabarangpur,2022_09,Nabarangpur,335,0.0,13.58,7096,13927,147386,10.8,12.99,13.45,27465.0,98.1,2.88,4.86,3.98,3.4,3.78,LST_ODISHA_2022_09.tif,5.0,3.0,1.0,3.0,0.69,4.0,2,21-397
Nabarangpur,2022_10,Nabarangpur,335,0.0,30.84,7096,13927,147386,10.8,12.99,13.45,27465.0,98.1,2.88,4.86,3.98,3.4,3.78,LST_ODISHA_2022_10.tif,3.0,3.0,1.0,3.0,0.5,3.0,3,21-397
Nabarangpur,2022_11,Nabarangpur,335,0.0,0.29,7096,13927,147386,10.8,12.99,13.45,27465.0,98.1,2.88,4.86,3.98,3.4,3.78,LST_ODISHA_2022_11.tif,3.0,3.0,1.0,3.0,0.31,2.0,4,21-397
Nabarangpur,2022_12,Nabarangpur,335,0.0,0.49,7096,13927,147386,10.8,12.99,13.45,27465.0,98.1,2.88,4.86,3.98,3.4,3.78,LST_ODISHA_2022_12.tif,4.0,3.0,1.0,3.0,0.5,3.0,5,21-397
Nabarangpur,2023_01,Nabarangpur,335,0.0,0.0,7392,14067,149830,10.8,12.99,13.45,27465.0,98.1,2.88,4.86,3.98,3.4,3.78,LST_ODISHA_2023_01.tif,3.0,3.0,1.0,3.0,0.5,3.0,5,21-397
Nabarangpur,2023_02,Nabarangpur,335,0.0,0.06,7392,14067,149830,10.8,12.99,13.45,27465.0,98.1,2.88,4.86,3.98,3.4,3.78,LST_ODISHA_2023_02.tif,3.0,3.0,1.0,3.0,0.31,2.0,5,21-397
Nabarangpur,2023_03,Nabarangpur,335,0.0,4.57,7392,14067,149830,10.8,12.99,13.45,27465.0,98.1,2.88,4.86,3.98,3.4,3.78,LST_ODISHA_2023_03.tif,1.0,3.0,1.0,3.0,0.31,2.0,4,21-397
Nabarangpur,2023_04,Nabarangpur,335,0.0,0.0,7392,14067,149830,10.8,12.99,13.45,27465.0,98.1,2.88,4.86,3.98,3.4,3.78,LST_ODISHA_2023_04.tif,3.0,3.0,1.0,3.0,0.1,1.0,3,21-397
Nabarangpur,2023_05,Nabarangpur,335,0.0,1.41,7392,14067,149830,10.8,12.99,13.45,27465.0,98.1,2.88,4.86,3.98,3.4,3.78,LST_ODISHA_2023_05.tif,2.0,3.0,1.0,3.0,0.1,1.0,3,21-397
Nabarangpur,2023_06,Nabarangpur,335,0.0,19.13,7392,14067,149830,10.8,12.99,13.45,27465.0,98.1,2.88,4.86,3.98,3.4,3.78,LST_ODISHA_2023_06.tif,2.0,3.0,1.0,3.0,0.1,1.0,4,21-397
Nabarangpur,2023_07,Nabarangpur,335,0.0,25.31,7392,14067,149830,10.8,12.99,13.45,27465.0,98.1,2.88,4.86,3.98,3.4,3.78,LST_ODISHA_2023_07.tif,1.0,3.0,1.0,3.0,0.1,1.0,2,21-397
Nabarangpur,2023_08,Nabarangpur,335,0.0,13.04,7392,14067,149830,10.8,12.99,13.45,27465.0,98.1,2.88,4.86,3.98,3.4,3.78,LST_ODISHA_2023_08.tif,1.0,3.0,1.0,3.0,0.1,1.0,2,21-397
Nabarangpur,2023_09,Nabarangpur,335,0.0,26.0,7392,14067,149830,10.8,12.99,13.45,27465.0,98.1,2.88,4.86,3.98,3.4,3.78,LST_ODISHA_2023_09.tif,2.0,3.0,1.0,3.0,0.24,2.0,1,21-397
Nabarangpur,2023_10,Nabarangpur,335,0.0,35.52,7392,14067,149830,10.8,12.99,13.45,27465.0,98.1,2.88,4.86,3.98,3.4,3.78,LST_ODISHA_2023_10.tif,1.0,3.0,1.0,3.0,0.1,1.0,4,21-397
Nabarangpur,2023_11,Nabarangpur,335,0.0,9.63,7392,14067,149830,10.8,12.99,13.45,27465.0,98.1,2.88,4.86,3.98,3.4,3.78,LST_ODISHA_2023_11.tif,4.0,3.0,1.0,3.0,0.52,3.0,5,21-397
Nabarangpur,2023_12,Nabarangpur,335,0.0,0.0,7392,14067,149830,10.8,12.99,13.45,27465.0,98.1,2.88,4.86,3.98,3.4,3.78,LST_ODISHA_2023_12.tif,3.0,3.0,1.0,3.0,0.1,1.0,4,21-397
Nabarangpur,2024_01,Nabarangpur,335,0.0,0.0,7688,14208,152275,10.8,12.99,13.45,27465.0,98.1,2.88,4.86,3.98,3.4,3.78,LST_ODISHA_2024_01.tif,3.0,3.0,1.0,3.0,0.2,1.0,5,21-397
Nabarangpur,2024_02,Nabarangpur,335,0.0,0.01,7688,14208,152275,10.8,12.99,13.45,27465.0,98.1,2.88,4.86,3.98,3.4,3.78,LST_ODISHA_2024_02.tif,2.0,3.0,1.0,3.0,0.31,2.0,5,21-397
Nabarangpur,2024_03,Nabarangpur,335,0.0,33.73,7688,14208,152275,10.8,12.99,13.45,27465.0,98.1,2.88,4.86,3.98,3.4,3.78,LST_ODISHA_2024_03.tif,2.0,3.0,1.0,3.0,0.39,2.0,4,21-397
Nabarangpur,2024_04,Nabarangpur,335,0.0,6.55,7688,14208,152275,10.8,12.99,13.45,27465.0,98.1,2.88,4.86,3.98,3.4,3.78,LST_ODISHA_2024_04.tif,3.0,3.0,1.0,3.0,0.42,3.0,4,21-397
Nabarangpur,2024_05,Nabarangpur,335,0.0,33.54,7688,14208,152275,10.8,12.99,13.45,27465.0,98.1,2.88,4.86,3.98,3.4,3.78,LST_ODISHA_2024_05.tif,4.0,3.0,1.0,4.0,0.61,4.0,4,21-397
Nabarangpur,2024_06,Nabarangpur,335,0.0,21.84,7688,14208,152275,10.8,12.99,13.45,27465.0,98.1,2.88,4.86,3.98,3.4,3.78,LST_ODISHA_2024_06.tif,2.0,3.0,1.0,4.0,0.39,2.0,3,21-397
Nabarangpur,2024_07,Nabarangpur,335,0.0,2.31,7688,14208,152275,10.8,12.99,13.45,27465.0,98.1,2.88,4.86,3.98,3.4,3.78,LST_ODISHA_2024_07.tif,1.0,3.0,1.0,4.0,0.31,2.0,0,21-397
Nabarangpur,2024_08,Nabarangpur,335,18717960.27,10.78,7688,14208,152275,10.8,12.99,13.45,27465.0,98.1,2.88,4.86,3.98,3.4,3.78,LST_ODISHA_2024_08.tif,4.0,3.0,1.0,1.0,0.46,3.0,2,21-397
Nabarangpur,2024_09,Nabarangpur,335,0.0,12.99,7688,14208,152275,10.8,12.99,13.45,27465.0,98.1,2.88,4.86,3.98,3.4,3.78,LST_ODISHA_2024_09.tif,1.0,3.0,1.0,1.0,0.09,1.0,1,21-397
Nabarangpur,2024_10,Nabarangpur,335,0.0,75.75,7688,14208,152275,10.8,12.99,13.45,27465.0,98.1,2.88,4.86,3.98,3.4,3.78,LST_ODISHA_2024_10.tif,4.0,3.0,1.0,2.0,0.54,3.0,5,21-397
Nabarangpur,2024_11,Nabarangpur,335,0.0,2.56,7688,14208,152275,10.8,12.99,13.45,27465.0,98.1,2.88,4.86,3.98,3.4,3.78,LST_ODISHA_2024_11.tif,3.0,3.0,1.0,2.0,0.3,2.0,5,21-397
Nabarangpur,2024_12,Nabarangpur,335,0.0,0.5,7688,14208,152275,10.8,12.99,13.45,27465.0,98.1,2.88,4.86,3.98,3.4,3.78,LST_ODISHA_2024_12.tif,4.0,3.0,1.0,2.0,0.41,3.0,5,21-397
Nabarangpur,2025_01,Nabarangpur,335,100378.4,0.0,7984,14348,154719,10.8,12.99,13.45,27465.0,98.1,2.88,4.86,3.98,3.4,3.78,LST_ODISHA_2025_01.tif,3.0,3.0,1.0,2.0,0.25,2.0,5,21-397
Nabarangpur,2025_02,Nabarangpur,335,0.0,0.0,7984,14348,154719,10.8,12.99,13.45,27465.0,98.1,2.88,4.86,3.98,3.4,3.78,LST_ODISHA_2025_02.tif,3.0,3.0,1.0,2.0,0.15,1.0,5,21-397
Nabarangpur,2025_03,Nabarangpur,335,40631.0,52.11,7984,14348,154719,10.8,12.99,13.45,27465.0,98.1,2.88,4.86,3.98,3.4,3.78,LST_ODISHA_2025_03.tif,5.0,3.0,1.0,2.0,0.62,4.0,4,21-397
Nabarangpur,2025_04,Nabarangpur,335,0.0,2.28,7984,14348,154719,10.8,12.99,13.45,27465.0,98.1,2.88,4.86,3.98,3.4,3.78,LST_ODISHA_2025_04.tif,2.0,3.0,1.0,3.0,0.31,2.0,3,21-397
Nabarangpur,2025_05,Nabarangpur,335,1882554.9,4.08,7984,14348,154719,10.8,12.99,13.45,27465.0,98.1,2.88,4.86,3.98,3.4,3.78,LST_ODISHA_2025_05.tif,2.0,3.0,1.0,3.0,0.31,2.0,3,21-397
Nabarangpur,2025_06,Nabarangpur,335,0.0,0.84,7984,14348,154719,10.8,12.99,13.45,27465.0,98.1,2.88,4.86,3.98,3.4,3.78,LST_ODISHA_2025_06.tif,2.0,3.0,1.0,3.0,0.31,2.0,2,21-397
Nabarangpur,2025_07,Nabarangpur,335,0.0,23.94,7984,14348,154719,10.8,12.99,13.45,27465.0,98.1,2.88,4.86,3.98,3.4,3.78,LST_ODISHA_2025_07.tif,4.0,3.0,1.0,3.0,0.61,4.0,1,21-397
Nabarangpur,2025_08,Nabarangpur,335,0.0,26.06,7984,14348,154719,10.8,12.99,13.45,27465.0,98.1,2.88,4.86,3.98,3.4,3.78,LST_ODISHA_2025_08.tif,4.0,3.0,1.0,3.0,0.61,4.0,3,21-397
Nabarangpur,2025_09,Nabarangpur,335,0.0,13.81,7984,14348,154719,10.8,12.99,13.45,27465.0,98.1,2.88,4.86,3.98,3.4,3.78,LST_ODISHA_2025_09.tif,3.0,3.0,1.0,3.0,0.36,2.0,2,21-397
Nabarangpur,2025_10,Nabarangpur,335,57630.5,38.32,7984,14348,154719,10.8,12.99,13.45,27465.0,98.1,2.88,4.86,3.98,3.4,3.78,LST_ODISHA_2025_10.tif,2.0,3.0,1.0,3.0,0.39,2.0,2,21-397
Nabarangpur,2025_11,Nabarangpur,335,0.0,2.94,7984,14348,154719,10.8,12.99,13.45,27465.0,98.1,2.88,4.86,3.98,3.4,3.78,LST_ODISHA_2025_11.tif,3.0,3.0,1.0,3.0,0.5,3.0,5,21-397
Nabarangpur,2025_12,Nabarangpur,335,0.0,0.0,7984,14348,154719,10.8,12.99,13.45,27465.0,98.1,2.88,4.86,3.98,3.4,3.78,LST_ODISHA_2025_12.tif,3.0,3.0,1.0,3.0,0.5,3.0,5,21-397
Nabarangpur,2026_01,Nabarangpur,335,0.0,0.0,8279,14489,157163,10.8,12.99,13.45,27465.0,98.1,2.88,4.86,3.98,3.4,3.78,LST_ODISHA_2026_01.tif,3.0,3.0,1.0,3.0,0.5,3.0,5,21-397
Nabarangpur,2026_02,Nabarangpur,335,0.0,0.0,8279,14489,157163,10.8,12.99,13.45,27465.0,98.1,2.88,4.86,3.98,3.4,3.78,LST_ODISHA_2026_02.tif,3.0,3.0,1.0,3.0,0.5,3.0,4,21-397
Nabarangpur,2026_03,Nabarangpur,335,0.0,26.7,8279,14489,157163,10.8,12.99,13.45,27465.0,98.1,2.88,4.86,3.98,3.4,3.78,LST_ODISHA_2026_03.tif,3.0,3.0,1.0,3.0,0.5,3.0,5,21-397
Nayagarh,2021_01,Nayagarh,201,0.0,0.0,10423,8673,127926,10.48,9.95,12.14,27756.75,87.5,9.73,12.49,5.93,4.96,8.28,LST_ODISHA_2021_01.tif,3.0,2.0,1.0,3.0,0.1,1.0,3,21-385
Nayagarh,2021_02,Nayagarh,201,0.0,0.0,10423,8673,127926,10.48,9.95,12.14,27756.75,87.5,9.73,12.49,5.93,4.96,8.28,LST_ODISHA_2021_02.tif,2.0,2.0,1.0,3.0,0.05,1.0,4,21-385
Nayagarh,2021_03,Nayagarh,201,0.0,32.21,10423,8673,127926,10.48,9.95,12.14,27756.75,87.5,9.73,12.49,5.93,4.96,8.28,LST_ODISHA_2021_03.tif,3.0,2.0,1.0,3.0,0.49,3.0,3,21-385
Nayagarh,2021_04,Nayagarh,201,28456.12,0.0,10423,8673,127926,10.48,9.95,12.14,27756.75,87.5,9.73,12.49,5.93,4.96,8.28,LST_ODISHA_2021_04.tif,3.0,2.0,1.0,3.0,0.31,2.0,3,21-385
Nayagarh,2021_05,Nayagarh,201,0.0,3.03,10423,8673,127926,10.48,9.95,12.14,27756.75,87.5,9.73,12.49,5.93,4.96,8.28,LST_ODISHA_2021_05.tif,3.0,2.0,1.0,4.0,0.41,3.0,3,21-385
Nayagarh,2021_06,Nayagarh,201,0.0,0.43,10423,8673,127926,10.48,9.95,12.14,27756.75,87.5,9.73,12.49,5.93,4.96,8.28,LST_ODISHA_2021_06.tif,2.0,2.0,1.0,4.0,0.31,2.0,4,21-385
Nayagarh,2021_07,Nayagarh,201,0.0,17.47,10423,8673,127926,10.48,9.95,12.14,27756.75,87.5,9.73,12.49,5.93,4.96,8.28,LST_ODISHA_2021_07.tif,3.0,2.0,1.0,4.0,0.49,3.0,1,21-385
Nayagarh,2021_08,Nayagarh,201,0.0,24.86,10423,8673,127926,10.48,9.95,12.14,27756.75,87.5,9.73,12.49,5.93,4.96,8.28,LST_ODISHA_2021_08.tif,4.0,2.0,1.0,3.0,0.6,4.0,4,21-385
Nayagarh,2021_09,Nayagarh,201,0.0,4.76,10423,8673,127926,10.48,9.95,12.14,27756.75,87.5,9.73,12.49,5.93,4.96,8.28,LST_ODISHA_2021_09.tif,4.0,2.0,1.0,3.0,0.6,4.0,1,21-385
Nayagarh,2021_10,Nayagarh,201,0.0,55.97,10423,8673,127926,10.48,9.95,12.14,27756.75,87.5,9.73,12.49,5.93,4.96,8.28,LST_ODISHA_2021_10.tif,4.0,2.0,1.0,3.0,0.6,4.0,2,21-385
Nayagarh,2021_11,Nayagarh,201,0.0,2.07,10423,8673,127926,10.48,9.95,12.14,27756.75,87.5,9.73,12.49,5.93,4.96,8.28,LST_ODISHA_2021_11.tif,3.0,2.0,1.0,3.0,0.41,3.0,2,21-385
Nayagarh,2021_12,Nayagarh,201,0.0,0.0,10423,8673,127926,10.48,9.95,12.14,27756.75,87.5,9.73,12.49,5.93,4.96,8.28,LST_ODISHA_2021_12.tif,3.0,2.0,1.0,3.0,0.31,2.0,2,21-385
Nayagarh,2022_01,Nayagarh,201,0.0,0.0,10788,8698,129306,10.48,9.95,12.14,27756.75,87.5,9.73,12.49,5.93,4.96,8.28,LST_ODISHA_2022_01.tif,3.0,2.0,1.0,3.0,0.48,3.0,3,21-385
Nayagarh,2022_02,Nayagarh,201,0.0,0.0,10788,8698,129306,10.48,9.95,12.14,27756.75,87.5,9.73,12.49,5.93,4.96,8.28,LST_ODISHA_2022_02.tif,3.0,2.0,1.0,3.0,0.48,3.0,3,21-385
Nayagarh,2022_03,Nayagarh,201,0.0,35.91,10788,8698,129306,10.48,9.95,12.14,27756.75,87.5,9.73,12.49,5.93,4.96,8.28,LST_ODISHA_2022_03.tif,3.0,2.0,1.0,3.0,0.49,3.0,2,21-385
Nayagarh,2022_04,Nayagarh,201,0.0,4.44,10788,8698,129306,10.48,9.95,12.14,27756.75,87.5,9.73,12.49,5.93,4.96,8.28,LST_ODISHA_2022_04.tif,4.0,2.0,1.0,3.0,0.57,3.0,2,21-385
Nayagarh,2022_05,Nayagarh,201,0.0,6.8,10788,8698,129306,10.48,9.95,12.14,27756.75,87.5,9.73,12.49,5.93,4.96,8.28,LST_ODISHA_2022_05.tif,2.0,2.0,1.0,3.0,0.38,2.0,3,21-385
Nayagarh,2022_06,Nayagarh,201,0.0,19.75,10788,8698,129306,10.48,9.95,12.14,27756.75,87.5,9.73,12.49,5.93,4.96,8.28,LST_ODISHA_2022_06.tif,4.0,2.0,1.0,3.0,0.6,4.0,1,21-385
Nayagarh,2022_07,Nayagarh,201,0.0,13.18,10788,8698,129306,10.48,9.95,12.14,27756.75,87.5,9.73,12.49,5.93,4.96,8.28,LST_ODISHA_2022_07.tif,4.0,2.0,1.0,3.0,0.6,4.0,3,21-385
Nayagarh,2022_08,Nayagarh,201,0.0,19.44,10788,8698,129306,10.48,9.95,12.14,27756.75,87.5,9.73,12.49,5.93,4.96,8.28,LST_ODISHA_2022_08.tif,3.0,2.0,1.0,3.0,0.49,3.0,4,21-385
Nayagarh,2022_09,Nayagarh,201,0.0,7.84,10788,8698,129306,10.48,9.95,12.14,27756.75,87.5,9.73,12.49,5.93,4.96,8.28,LST_ODISHA_2022_09.tif,2.0,2.0,1.0,3.0,0.31,2.0,4,21-385
Nayagarh,2022_10,Nayagarh,201,0.0,28.42,10788,8698,129306,10.48,9.95,12.14,27756.75,87.5,9.73,12.49,5.93,4.96,8.28,LST_ODISHA_2022_10.tif,2.0,2.0,1.0,3.0,0.38,2.0,3,21-385
Nayagarh,2022_11,Nayagarh,201,0.0,0.0,10788,8698,129306,10.48,9.95,12.14,27756.75,87.5,9.73,12.49,5.93,4.96,8.28,LST_ODISHA_2022_11.tif,3.0,2.0,1.0,3.0,0.31,2.0,3,21-385
Nayagarh,2022_12,Nayagarh,201,0.0,0.0,10788,8698,129306,10.48,9.95,12.14,27756.75,87.5,9.73,12.49,5.93,4.96,8.28,LST_ODISHA_2022_12.tif,3.0,2.0,1.0,3.0,0.31,2.0,4,21-385
Nayagarh,2023_01,Nayagarh,201,0.0,0.0,11153,8723,130686,10.48,9.95,12.14,27756.75,87.5,9.73,12.49,5.93,4.96,8.28,LST_ODISHA_2023_01.tif,3.0,2.0,1.0,3.0,0.48,3.0,3,21-385
Nayagarh,2023_02,Nayagarh,201,0.0,0.0,11153,8723,130686,10.48,9.95,12.14,27756.75,87.5,9.73,12.49,5.93,4.96,8.28,LST_ODISHA_2023_02.tif,3.0,2.0,1.0,3.0,0.31,2.0,4,21-385
Nayagarh,2023_03,Nayagarh,201,0.0,13.25,11153,8723,130686,10.48,9.95,12.14,27756.75,87.5,9.73,12.49,5.93,4.96,8.28,LST_ODISHA_2023_03.tif,4.0,2.0,1.0,3.0,0.68,4.0,3,21-385
Nayagarh,2023_04,Nayagarh,201,0.0,0.02,11153,8723,130686,10.48,9.95,12.14,27756.75,87.5,9.73,12.49,5.93,4.96,8.28,LST_ODISHA_2023_04.tif,3.0,2.0,1.0,3.0,0.05,1.0,2,21-385
Nayagarh,2023_05,Nayagarh,201,0.0,10.98,11153,8723,130686,10.48,9.95,12.14,27756.75,87.5,9.73,12.49,5.93,4.96,8.28,LST_ODISHA_2023_05.tif,4.0,2.0,1.0,3.0,0.52,3.0,3,21-385
Nayagarh,2023_06,Nayagarh,201,0.0,21.98,11153,8723,130686,10.48,9.95,12.14,27756.75,87.5,9.73,12.49,5.93,4.96,8.28,LST_ODISHA_2023_06.tif,3.0,2.0,1.0,3.0,0.28,2.0,3,21-385
Nayagarh,2023_07,Nayagarh,201,0.0,36.7,11153,8723,130686,10.48,9.95,12.14,27756.75,87.5,9.73,12.49,5.93,4.96,8.28,LST_ODISHA_2023_07.tif,3.0,2.0,1.0,3.0,0.41,3.0,1,21-385
Nayagarh,2023_08,Nayagarh,201,0.0,18.43,11153,8723,130686,10.48,9.95,12.14,27756.75,87.5,9.73,12.49,5.93,4.96,8.28,LST_ODISHA_2023_08.tif,3.0,2.0,1.0,3.0,0.41,3.0,1,21-385
Nayagarh,2023_09,Nayagarh,201,0.0,33.72,11153,8723,130686,10.48,9.95,12.14,27756.75,87.5,9.73,12.49,5.93,4.96,8.28,LST_ODISHA_2023_09.tif,4.0,2.0,1.0,3.0,0.56,3.0,4,21-385
Nayagarh,2023_10,Nayagarh,201,0.0,43.66,11153,8723,130686,10.48,9.95,12.14,27756.75,87.5,9.73,12.49,5.93,4.96,8.28,LST_ODISHA_2023_10.tif,3.0,2.0,1.0,3.0,0.41,3.0,4,21-385
Nayagarh,2023_11,Nayagarh,201,0.0,5.91,11153,8723,130686,10.48,9.95,12.14,27756.75,87.5,9.73,12.49,5.93,4.96,8.28,LST_ODISHA_2023_11.tif,3.0,2.0,1.0,3.0,0.28,2.0,3,21-385
Nayagarh,2023_12,Nayagarh,201,0.0,0.0,11153,8723,130686,10.48,9.95,12.14,27756.75,87.5,9.73,12.49,5.93,4.96,8.28,LST_ODISHA_2023_12.tif,3.0,2.0,1.0,3.0,0.05,1.0,3,21-385
Nayagarh,2024_01,Nayagarh,201,0.0,0.0,11518,8749,132066,10.48,9.95,12.14,27756.75,87.5,9.73,12.49,5.93,4.96,8.28,LST_ODISHA_2024_01.tif,3.0,2.0,1.0,3.0,0.1,1.0,3,21-385
Nayagarh,2024_02,Nayagarh,201,0.0,0.34,11518,8749,132066,10.48,9.95,12.14,27756.75,87.5,9.73,12.49,5.93,4.96,8.28,LST_ODISHA_2024_02.tif,3.0,2.0,1.0,3.0,0.41,3.0,5,21-385
Nayagarh,2024_03,Nayagarh,201,0.0,42.02,11518,8749,132066,10.48,9.95,12.14,27756.75,87.5,9.73,12.49,5.93,4.96,8.28,LST_ODISHA_2024_03.tif,4.0,2.0,1.0,3.0,0.6,4.0,4,21-385
Nayagarh,2024_04,Nayagarh,201,633225.62,6.16,11518,8749,132066,10.48,9.95,12.14,27756.75,87.5,9.73,12.49,5.93,4.96,8.28,LST_ODISHA_2024_04.tif,3.0,2.0,1.0,3.0,0.41,3.0,3,21-385
Nayagarh,2024_05,Nayagarh,201,0.0,33.53,11518,8749,132066,10.48,9.95,12.14,27756.75,87.5,9.73,12.49,5.93,4.96,8.28,LST_ODISHA_2024_05.tif,4.0,2.0,1.0,3.0,0.57,3.0,2,21-385
Nayagarh,2024_06,Nayagarh,201,0.0,37.15,11518,8749,132066,10.48,9.95,12.14,27756.75,87.5,9.73,12.49,5.93,4.96,8.28,LST_ODISHA_2024_06.tif,3.0,2.0,1.0,3.0,0.45,3.0,3,21-385
Nayagarh,2024_07,Nayagarh,201,0.0,19.54,11518,8749,132066,10.48,9.95,12.14,27756.75,87.5,9.73,12.49,5.93,4.96,8.28,LST_ODISHA_2024_07.tif,3.0,2.0,1.0,3.0,0.54,3.0,1,21-385
Nayagarh,2024_08,Nayagarh,201,0.0,9.49,11518,8749,132066,10.48,9.95,12.14,27756.75,87.5,9.73,12.49,5.93,4.96,8.28,LST_ODISHA_2024_08.tif,4.0,2.0,1.0,4.0,0.57,3.0,1,21-385
Nayagarh,2024_09,Nayagarh,201,0.0,17.86,11518,8749,132066,10.48,9.95,12.14,27756.75,87.5,9.73,12.49,5.93,4.96,8.28,LST_ODISHA_2024_09.tif,3.0,2.0,1.0,4.0,0.49,3.0,5,21-385
Nayagarh,2024_10,Nayagarh,201,0.0,72.44,11518,8749,132066,10.48,9.95,12.14,27756.75,87.5,9.73,12.49,5.93,4.96,8.28,LST_ODISHA_2024_10.tif,3.0,2.0,1.0,4.0,0.49,3.0,3,21-385
Nayagarh,2024_11,Nayagarh,201,0.0,3.68,11518,8749,132066,10.48,9.95,12.14,27756.75,87.5,9.73,12.49,5.93,4.96,8.28,LST_ODISHA_2024_11.tif,4.0,2.0,1.0,4.0,0.57,3.0,3,21-385
Nayagarh,2024_12,Nayagarh,201,0.0,0.0,11518,8749,132066,10.48,9.95,12.14,27756.75,87.5,9.73,12.49,5.93,4.96,8.28,LST_ODISHA_2024_12.tif,3.0,2.0,1.0,4.0,0.31,2.0,3,21-385
Nayagarh,2025_01,Nayagarh,201,44687.75,0.0,11883,8774,133446,10.48,9.95,12.14,27756.75,87.5,9.73,12.49,5.93,4.96,8.28,LST_ODISHA_2025_01.tif,3.0,2.0,1.0,4.0,0.48,3.0,3,21-385
Nayagarh,2025_02,Nayagarh,201,0.0,0.02,11883,8774,133446,10.48,9.95,12.14,27756.75,87.5,9.73,12.49,5.93,4.96,8.28,LST_ODISHA_2025_02.tif,3.0,2.0,1.0,4.0,0.31,2.0,3,21-385
Nayagarh,2025_03,Nayagarh,201,0.0,39.66,11883,8774,133446,10.48,9.95,12.14,27756.75,87.5,9.73,12.49,5.93,4.96,8.28,LST_ODISHA_2025_03.tif,3.0,2.0,1.0,4.0,0.49,3.0,3,21-385
Nayagarh,2025_04,Nayagarh,201,331117.25,8.82,11883,8774,133446,10.48,9.95,12.14,27756.75,87.5,9.73,12.49,5.93,4.96,8.28,LST_ODISHA_2025_04.tif,5.0,2.0,1.0,3.0,0.68,4.0,2,21-385
Nayagarh,2025_05,Nayagarh,201,0.0,3.92,11883,8774,133446,10.48,9.95,12.14,27756.75,87.5,9.73,12.49,5.93,4.96,8.28,LST_ODISHA_2025_05.tif,2.0,2.0,1.0,3.0,0.31,2.0,3,21-385
Nayagarh,2025_06,Nayagarh,201,0.0,1.41,11883,8774,133446,10.48,9.95,12.14,27756.75,87.5,9.73,12.49,5.93,4.96,8.28,LST_ODISHA_2025_06.tif,2.0,2.0,1.0,3.0,0.31,2.0,2,21-385
Nayagarh,2025_07,Nayagarh,201,0.0,22.92,11883,8774,133446,10.48,9.95,12.14,27756.75,87.5,9.73,12.49,5.93,4.96,8.28,LST_ODISHA_2025_07.tif,4.0,2.0,1.0,3.0,0.6,4.0,3,21-385
Nayagarh,2025_08,Nayagarh,201,0.0,29.13,11883,8774,133446,10.48,9.95,12.14,27756.75,87.5,9.73,12.49,5.93,4.96,8.28,LST_ODISHA_2025_08.tif,5.0,2.0,1.0,3.0,0.68,4.0,2,21-385
Nayagarh,2025_09,Nayagarh,201,0.0,11.9,11883,8774,133446,10.48,9.95,12.14,27756.75,87.5,9.73,12.49,5.93,4.96,8.28,LST_ODISHA_2025_09.tif,3.0,2.0,1.0,3.0,0.35,2.0,4,21-385
Nayagarh,2025_10,Nayagarh,201,0.0,46.95,11883,8774,133446,10.48,9.95,12.14,27756.75,87.5,9.73,12.49,5.93,4.96,8.28,LST_ODISHA_2025_10.tif,5.0,2.0,1.0,3.0,0.68,4.0,3,21-385
Nayagarh,2025_11,Nayagarh,201,0.0,2.56,11883,8774,133446,10.48,9.95,12.14,27756.75,87.5,9.73,12.49,5.93,4.96,8.28,LST_ODISHA_2025_11.tif,3.0,2.0,1.0,3.0,0.49,3.0,4,21-385
Nayagarh,2025_12,Nayagarh,201,0.0,0.0,11883,8774,133446,10.48,9.95,12.14,27756.75,87.5,9.73,12.49,5.93,4.96,8.28,LST_ODISHA_2025_12.tif,3.0,2.0,1.0,3.0,0.48,3.0,3,21-385
Nayagarh,2026_01,Nayagarh,201,0.0,0.0,12248,8799,134826,10.48,9.95,12.14,27756.75,87.5,9.73,12.49,5.93,4.96,8.28,LST_ODISHA_2026_01.tif,3.0,2.0,1.0,3.0,0.48,3.0,4,21-385
Nayagarh,2026_02,Nayagarh,201,0.0,0.0,12248,8799,134826,10.48,9.95,12.14,27756.75,87.5,9.73,12.49,5.93,4.96,8.28,LST_ODISHA_2026_02.tif,3.0,2.0,1.0,3.0,0.48,3.0,4,21-385
Nayagarh,2026_03,Nayagarh,201,0.0,27.1,12248,8799,134826,10.48,9.95,12.14,27756.75,87.5,9.73,12.49,5.93,4.96,8.28,LST_ODISHA_2026_03.tif,3.0,2.0,1.0,3.0,0.49,3.0,4,21-385
Nuapada,2021_01,Nuapada,114,0.0,0.0,9936,12214,142315,9.56,9.3,7.64,32710.6,91.9,4.71,5.24,5.99,5.67,5.4,LST_ODISHA_2021_01.tif,3.0,3.0,1.0,3.0,0.2,1.0,5,21-394
Nuapada,2021_02,Nuapada,114,0.0,0.0,9936,12214,142315,9.56,9.3,7.64,32710.6,91.9,4.71,5.24,5.99,5.67,5.4,LST_ODISHA_2021_02.tif,2.0,3.0,1.0,3.0,0.1,1.0,5,21-394
Nuapada,2021_03,Nuapada,114,0.0,27.27,9936,12214,142315,9.56,9.3,7.64,32710.6,91.9,4.71,5.24,5.99,5.67,5.4,LST_ODISHA_2021_03.tif,2.0,3.0,1.0,3.0,0.39,2.0,5,21-394
Nuapada,2021_04,Nuapada,114,51253606.2,0.0,9936,12214,142315,9.56,9.3,7.64,32710.6,91.9,4.71,5.24,5.99,5.67,5.4,LST_ODISHA_2021_04.tif,3.0,3.0,1.0,1.0,0.09,1.0,5,21-394
Nuapada,2021_05,Nuapada,114,13138295.0,0.12,9936,12214,142315,9.56,9.3,7.64,32710.6,91.9,4.71,5.24,5.99,5.67,5.4,LST_ODISHA_2021_05.tif,2.0,3.0,1.0,1.0,0.09,1.0,4,21-394
Nuapada,2021_06,Nuapada,114,17198245.8,2.11,9936,12214,142315,9.56,9.3,7.64,32710.6,91.9,4.71,5.24,5.99,5.67,5.4,LST_ODISHA_2021_06.tif,3.0,3.0,1.0,1.0,0.27,2.0,4,21-394
Nuapada,2021_07,Nuapada,114,10686318.4,15.46,9936,12214,142315,9.56,9.3,7.64,32710.6,91.9,4.71,5.24,5.99,5.67,5.4,LST_ODISHA_2021_07.tif,2.0,3.0,1.0,1.0,0.21,2.0,2,21-394
Nuapada,2021_08,Nuapada,114,0.0,20.09,9936,12214,142315,9.56,9.3,7.64,32710.6,91.9,4.71,5.24,5.99,5.67,5.4,LST_ODISHA_2021_08.tif,2.0,3.0,1.0,2.0,0.28,2.0,4,21-394
Nuapada,2021_09,Nuapada,114,0.0,4.92,9936,12214,142315,9.56,9.3,7.64,32710.6,91.9,4.71,5.24,5.99,5.67,5.4,LST_ODISHA_2021_09.tif,4.0,3.0,1.0,3.0,0.61,4.0,3,21-394
Nuapada,2021_10,Nuapada,114,0.0,53.26,9936,12214,142315,9.56,9.3,7.64,32710.6,91.9,4.71,5.24,5.99,5.67,5.4,LST_ODISHA_2021_10.tif,3.0,3.0,1.0,3.0,0.5,3.0,5,21-394
Nuapada,2021_11,Nuapada,114,0.0,1.89,9936,12214,142315,9.56,9.3,7.64,32710.6,91.9,4.71,5.24,5.99,5.67,5.4,LST_ODISHA_2021_11.tif,3.0,3.0,1.0,3.0,0.42,3.0,5,21-394
Nuapada,2021_12,Nuapada,114,2899921.0,0.0,9936,12214,142315,9.56,9.3,7.64,32710.6,91.9,4.71,5.24,5.99,5.67,5.4,LST_ODISHA_2021_12.tif,3.0,3.0,1.0,3.0,0.31,2.0,4,21-394
Nuapada,2022_01,Nuapada,114,0.0,0.0,10332,12296,144384,9.56,9.3,7.64,32710.6,91.9,4.71,5.24,5.99,5.67,5.4,LST_ODISHA_2022_01.tif,3.0,3.0,1.0,3.0,0.5,3.0,4,21-394
Nuapada,2022_02,Nuapada,114,0.0,0.0,10332,12296,144384,9.56,9.3,7.64,32710.6,91.9,4.71,5.24,5.99,5.67,5.4,LST_ODISHA_2022_02.tif,3.0,3.0,1.0,3.0,0.5,3.0,4,21-394
Nuapada,2022_03,Nuapada,114,0.0,37.57,10332,12296,144384,9.56,9.3,7.64,32710.6,91.9,4.71,5.24,5.99,5.67,5.4,LST_ODISHA_2022_03.tif,3.0,3.0,1.0,3.0,0.5,3.0,5,21-394
Nuapada,2022_04,Nuapada,114,0.0,0.46,10332,12296,144384,9.56,9.3,7.64,32710.6,91.9,4.71,5.24,5.99,5.67,5.4,LST_ODISHA_2022_04.tif,2.0,3.0,1.0,3.0,0.31,2.0,5,21-394
Nuapada,2022_05,Nuapada,114,5684165.6,14.13,10332,12296,144384,9.56,9.3,7.64,32710.6,91.9,4.71,5.24,5.99,5.67,5.4,LST_ODISHA_2022_05.tif,4.0,3.0,1.0,3.0,0.61,4.0,5,21-394
Nuapada,2022_06,Nuapada,114,3962737.6,12.01,10332,12296,144384,9.56,9.3,7.64,32710.6,91.9,4.71,5.24,5.99,5.67,5.4,LST_ODISHA_2022_06.tif,2.0,3.0,1.0,3.0,0.39,2.0,5,21-394
Nuapada,2022_07,Nuapada,114,0.0,13.85,10332,12296,144384,9.56,9.3,7.64,32710.6,91.9,4.71,5.24,5.99,5.67,5.4,LST_ODISHA_2022_07.tif,5.0,3.0,1.0,3.0,0.69,4.0,5,21-394
Nuapada,2022_08,Nuapada,114,0.0,23.46,10332,12296,144384,9.56,9.3,7.64,32710.6,91.9,4.71,5.24,5.99,5.67,5.4,LST_ODISHA_2022_08.tif,4.0,3.0,1.0,3.0,0.61,4.0,4,21-394
Nuapada,2022_09,Nuapada,114,0.0,10.73,10332,12296,144384,9.56,9.3,7.64,32710.6,91.9,4.71,5.24,5.99,5.67,5.4,LST_ODISHA_2022_09.tif,4.0,3.0,1.0,3.0,0.58,3.0,4,21-394
Nuapada,2022_10,Nuapada,114,0.0,33.47,10332,12296,144384,9.56,9.3,7.64,32710.6,91.9,4.71,5.24,5.99,5.67,5.4,LST_ODISHA_2022_10.tif,4.0,3.0,1.0,3.0,0.61,4.0,4,21-394
Nuapada,2022_11,Nuapada,114,0.0,0.0,10332,12296,144384,9.56,9.3,7.64,32710.6,91.9,4.71,5.24,5.99,5.67,5.4,LST_ODISHA_2022_11.tif,3.0,3.0,1.0,3.0,0.31,2.0,4,21-394
Nuapada,2022_12,Nuapada,114,0.0,0.03,10332,12296,144384,9.56,9.3,7.64,32710.6,91.9,4.71,5.24,5.99,5.67,5.4,LST_ODISHA_2022_12.tif,3.0,3.0,1.0,3.0,0.31,2.0,5,21-394
Nuapada,2023_01,Nuapada,114,0.0,0.0,10727,12379,146454,9.56,9.3,7.64,32710.6,91.9,4.71,5.24,5.99,5.67,5.4,LST_ODISHA_2023_01.tif,3.0,3.0,1.0,3.0,0.5,3.0,4,21-394
Nuapada,2023_02,Nuapada,114,0.0,0.12,10727,12379,146454,9.56,9.3,7.64,32710.6,91.9,4.71,5.24,5.99,5.67,5.4,LST_ODISHA_2023_02.tif,4.0,3.0,1.0,3.0,0.5,3.0,5,21-394
Nuapada,2023_03,Nuapada,114,0.0,6.7,10727,12379,146454,9.56,9.3,7.64,32710.6,91.9,4.71,5.24,5.99,5.67,5.4,LST_ODISHA_2023_03.tif,2.0,3.0,1.0,3.0,0.42,3.0,5,21-394
Nuapada,2023_04,Nuapada,114,0.0,0.0,10727,12379,146454,9.56,9.3,7.64,32710.6,91.9,4.71,5.24,5.99,5.67,5.4,LST_ODISHA_2023_04.tif,3.0,3.0,1.0,3.0,0.1,1.0,5,21-394
Nuapada,2023_05,Nuapada,114,0.0,1.31,10727,12379,146454,9.56,9.3,7.64,32710.6,91.9,4.71,5.24,5.99,5.67,5.4,LST_ODISHA_2023_05.tif,2.0,3.0,1.0,3.0,0.1,1.0,5,21-394
Nuapada,2023_06,Nuapada,114,0.0,18.7,10727,12379,146454,9.56,9.3,7.64,32710.6,91.9,4.71,5.24,5.99,5.67,5.4,LST_ODISHA_2023_06.tif,2.0,3.0,1.0,3.0,0.1,1.0,5,21-394
Nuapada,2023_07,Nuapada,114,0.0,28.31,10727,12379,146454,9.56,9.3,7.64,32710.6,91.9,4.71,5.24,5.99,5.67,5.4,LST_ODISHA_2023_07.tif,2.0,3.0,1.0,3.0,0.24,2.0,2,21-394
Nuapada,2023_08,Nuapada,114,0.0,13.64,10727,12379,146454,9.56,9.3,7.64,32710.6,91.9,4.71,5.24,5.99,5.67,5.4,LST_ODISHA_2023_08.tif,2.0,3.0,1.0,3.0,0.24,2.0,2,21-394
Nuapada,2023_09,Nuapada,114,0.0,22.02,10727,12379,146454,9.56,9.3,7.64,32710.6,91.9,4.71,5.24,5.99,5.67,5.4,LST_ODISHA_2023_09.tif,1.0,3.0,1.0,3.0,0.1,1.0,2,21-394
Nuapada,2023_10,Nuapada,114,0.0,38.3,10727,12379,146454,9.56,9.3,7.64,32710.6,91.9,4.71,5.24,5.99,5.67,5.4,LST_ODISHA_2023_10.tif,2.0,3.0,1.0,3.0,0.24,2.0,4,21-394
Nuapada,2023_11,Nuapada,114,0.0,5.26,10727,12379,146454,9.56,9.3,7.64,32710.6,91.9,4.71,5.24,5.99,5.67,5.4,LST_ODISHA_2023_11.tif,3.0,3.0,1.0,3.0,0.3,2.0,4,21-394
Nuapada,2023_12,Nuapada,114,0.0,0.0,10727,12379,146454,9.56,9.3,7.64,32710.6,91.9,4.71,5.24,5.99,5.67,5.4,LST_ODISHA_2023_12.tif,3.0,3.0,1.0,3.0,0.1,1.0,3,21-394
Nuapada,2024_01,Nuapada,114,0.0,0.0,11123,12461,148524,9.56,9.3,7.64,32710.6,91.9,4.71,5.24,5.99,5.67,5.4,LST_ODISHA_2024_01.tif,3.0,3.0,1.0,3.0,0.2,1.0,4,21-394
Nuapada,2024_02,Nuapada,114,0.0,0.03,11123,12461,148524,9.56,9.3,7.64,32710.6,91.9,4.71,5.24,5.99,5.67,5.4,LST_ODISHA_2024_02.tif,2.0,3.0,1.0,3.0,0.31,2.0,5,21-394
Nuapada,2024_03,Nuapada,114,0.0,28.54,11123,12461,148524,9.56,9.3,7.64,32710.6,91.9,4.71,5.24,5.99,5.67,5.4,LST_ODISHA_2024_03.tif,1.0,3.0,1.0,3.0,0.31,2.0,4,21-394
Nuapada,2024_04,Nuapada,114,0.0,2.81,11123,12461,148524,9.56,9.3,7.64,32710.6,91.9,4.71,5.24,5.99,5.67,5.4,LST_ODISHA_2024_04.tif,2.0,3.0,1.0,3.0,0.31,2.0,4,21-394
Nuapada,2024_05,Nuapada,114,0.0,29.35,11123,12461,148524,9.56,9.3,7.64,32710.6,91.9,4.71,5.24,5.99,5.67,5.4,LST_ODISHA_2024_05.tif,3.0,3.0,1.0,4.0,0.5,3.0,5,21-394
Nuapada,2024_06,Nuapada,114,0.0,43.91,11123,12461,148524,9.56,9.3,7.64,32710.6,91.9,4.71,5.24,5.99,5.67,5.4,LST_ODISHA_2024_06.tif,3.0,3.0,1.0,4.0,0.5,3.0,5,21-394
Nuapada,2024_07,Nuapada,114,0.0,15.44,11123,12461,148524,9.56,9.3,7.64,32710.6,91.9,4.71,5.24,5.99,5.67,5.4,LST_ODISHA_2024_07.tif,3.0,3.0,1.0,4.0,0.58,3.0,0,21-394
Nuapada,2024_08,Nuapada,114,16447379.57,7.56,11123,12461,148524,9.56,9.3,7.64,32710.6,91.9,4.71,5.24,5.99,5.67,5.4,LST_ODISHA_2024_08.tif,3.0,3.0,1.0,2.0,0.3,2.0,2,21-394
Nuapada,2024_09,Nuapada,114,0.0,17.48,11123,12461,148524,9.56,9.3,7.64,32710.6,91.9,4.71,5.24,5.99,5.67,5.4,LST_ODISHA_2024_09.tif,3.0,3.0,1.0,3.0,0.45,3.0,3,21-394
Nuapada,2024_10,Nuapada,114,0.0,71.98,11123,12461,148524,9.56,9.3,7.64,32710.6,91.9,4.71,5.24,5.99,5.67,5.4,LST_ODISHA_2024_10.tif,3.0,3.0,1.0,3.0,0.45,3.0,4,21-394
Nuapada,2024_11,Nuapada,114,0.0,1.51,11123,12461,148524,9.56,9.3,7.64,32710.6,91.9,4.71,5.24,5.99,5.67,5.4,LST_ODISHA_2024_11.tif,2.0,3.0,1.0,3.0,0.24,2.0,4,21-394
Nuapada,2024_12,Nuapada,114,0.0,0.0,11123,12461,148524,9.56,9.3,7.64,32710.6,91.9,4.71,5.24,5.99,5.67,5.4,LST_ODISHA_2024_12.tif,3.0,3.0,1.0,3.0,0.24,2.0,4,21-394
Nuapada,2025_01,Nuapada,114,0.0,0.0,11519,12544,150594,9.56,9.3,7.64,32710.6,91.9,4.71,5.24,5.99,5.67,5.4,LST_ODISHA_2025_01.tif,3.0,3.0,1.0,3.0,0.4,2.0,5,21-394
Nuapada,2025_02,Nuapada,114,0.0,0.0,11519,12544,150594,9.56,9.3,7.64,32710.6,91.9,4.71,5.24,5.99,5.67,5.4,LST_ODISHA_2025_02.tif,3.0,3.0,1.0,3.0,0.24,2.0,5,21-394
Nuapada,2025_03,Nuapada,114,10011381.33,47.46,11519,12544,150594,9.56,9.3,7.64,32710.6,91.9,4.71,5.24,5.99,5.67,5.4,LST_ODISHA_2025_03.tif,4.0,3.0,1.0,2.0,0.54,3.0,4,21-394
Nuapada,2025_04,Nuapada,114,0.0,1.5,11519,12544,150594,9.56,9.3,7.64,32710.6,91.9,4.71,5.24,5.99,5.67,5.4,LST_ODISHA_2025_04.tif,2.0,3.0,1.0,3.0,0.31,2.0,4,21-394
Nuapada,2025_05,Nuapada,114,0.0,6.28,11519,12544,150594,9.56,9.3,7.64,32710.6,91.9,4.71,5.24,5.99,5.67,5.4,LST_ODISHA_2025_05.tif,3.0,3.0,1.0,3.0,0.42,3.0,4,21-394
Nuapada,2025_06,Nuapada,114,0.0,1.7,11519,12544,150594,9.56,9.3,7.64,32710.6,91.9,4.71,5.24,5.99,5.67,5.4,LST_ODISHA_2025_06.tif,3.0,3.0,1.0,3.0,0.42,3.0,4,21-394
Nuapada,2025_07,Nuapada,114,0.0,22.37,11519,12544,150594,9.56,9.3,7.64,32710.6,91.9,4.71,5.24,5.99,5.67,5.4,LST_ODISHA_2025_07.tif,3.0,3.0,1.0,3.0,0.5,3.0,0,21-394
Nuapada,2025_08,Nuapada,114,0.0,22.84,11519,12544,150594,9.56,9.3,7.64,32710.6,91.9,4.71,5.24,5.99,5.67,5.4,LST_ODISHA_2025_08.tif,3.0,3.0,1.0,3.0,0.5,3.0,4,21-394
Nuapada,2025_09,Nuapada,114,307290.66,15.32,11519,12544,150594,9.56,9.3,7.64,32710.6,91.9,4.71,5.24,5.99,5.67,5.4,LST_ODISHA_2025_09.tif,3.0,3.0,1.0,3.0,0.36,2.0,3,21-394
Nuapada,2025_10,Nuapada,114,0.0,38.08,11519,12544,150594,9.56,9.3,7.64,32710.6,91.9,4.71,5.24,5.99,5.67,5.4,LST_ODISHA_2025_10.tif,2.0,3.0,1.0,3.0,0.39,2.0,3,21-394
Nuapada,2025_11,Nuapada,114,0.0,1.47,11519,12544,150594,9.56,9.3,7.64,32710.6,91.9,4.71,5.24,5.99,5.67,5.4,LST_ODISHA_2025_11.tif,2.0,3.0,1.0,3.0,0.39,2.0,4,21-394
Nuapada,2025_12,Nuapada,114,0.0,0.0,11519,12544,150594,9.56,9.3,7.64,32710.6,91.9,4.71,5.24,5.99,5.67,5.4,LST_ODISHA_2025_12.tif,3.0,3.0,1.0,3.0,0.5,3.0,4,21-394
Nuapada,2026_01,Nuapada,114,0.0,0.0,11914,12626,152664,9.56,9.3,7.64,32710.6,91.9,4.71,5.24,5.99,5.67,5.4,LST_ODISHA_2026_01.tif,3.0,3.0,1.0,3.0,0.5,3.0,4,21-394
Nuapada,2026_02,Nuapada,114,0.0,0.0,11914,12626,152664,9.56,9.3,7.64,32710.6,91.9,4.71,5.24,5.99,5.67,5.4,LST_ODISHA_2026_02.tif,3.0,3.0,1.0,3.0,0.5,3.0,4,21-394
Nuapada,2026_03,Nuapada,114,0.0,31.17,11914,12626,152664,9.56,9.3,7.64,32710.6,91.9,4.71,5.24,5.99,5.67,5.4,LST_ODISHA_2026_03.tif,4.0,3.0,1.0,3.0,0.61,4.0,5,21-394
Puri,2021_01,Puri,295,0.0,0.0,12146,8936,171755,10.8,11.76,13.65,37220.73,77.5,10.57,12.25,4.92,5.44,8.3,LST_ODISHA_2021_01.tif,3.0,3.0,1.0,3.0,0.2,1.0,5,21-387
Puri,2021_02,Puri,295,0.0,0.79,12146,8936,171755,10.8,11.76,13.65,37220.73,77.5,10.57,12.25,4.92,5.44,8.3,LST_ODISHA_2021_02.tif,4.0,3.0,1.0,3.0,0.52,3.0,3,21-387
Puri,2021_03,Puri,295,0.0,32.87,12146,8936,171755,10.8,11.76,13.65,37220.73,77.5,10.57,12.25,4.92,5.44,8.3,LST_ODISHA_2021_03.tif,3.0,3.0,1.0,3.0,0.5,3.0,1,21-387
Puri,2021_04,Puri,295,7889971.18,0.02,12146,8936,171755,10.8,11.76,13.65,37220.73,77.5,10.57,12.25,4.92,5.44,8.3,LST_ODISHA_2021_04.tif,5.0,3.0,1.0,2.0,0.64,4.0,2,21-387
Puri,2021_05,Puri,295,6901761.73,1.88,12146,8936,171755,10.8,11.76,13.65,37220.73,77.5,10.57,12.25,4.92,5.44,8.3,LST_ODISHA_2021_05.tif,3.0,3.0,1.0,2.0,0.3,2.0,2,21-387
Puri,2021_06,Puri,295,24201286.27,3.61,12146,8936,171755,10.8,11.76,13.65,37220.73,77.5,10.57,12.25,4.92,5.44,8.3,LST_ODISHA_2021_06.tif,5.0,3.0,1.0,1.0,0.58,3.0,3,21-387
Puri,2021_07,Puri,295,8756983.0,14.06,12146,8936,171755,10.8,11.76,13.65,37220.73,77.5,10.57,12.25,4.92,5.44,8.3,LST_ODISHA_2021_07.tif,2.0,3.0,1.0,1.0,0.21,2.0,4,21-387
Puri,2021_08,Puri,295,1662550.64,22.82,12146,8936,171755,10.8,11.76,13.65,37220.73,77.5,10.57,12.25,4.92,5.44,8.3,LST_ODISHA_2021_08.tif,3.0,3.0,1.0,2.0,0.43,3.0,4,21-387
Puri,2021_09,Puri,295,4803164.64,0.94,12146,8936,171755,10.8,11.76,13.65,37220.73,77.5,10.57,12.25,4.92,5.44,8.3,LST_ODISHA_2021_09.tif,2.0,3.0,1.0,3.0,0.39,2.0,3,21-387
Puri,2021_10,Puri,295,3603937.09,44.54,12146,8936,171755,10.8,11.76,13.65,37220.73,77.5,10.57,12.25,4.92,5.44,8.3,LST_ODISHA_2021_10.tif,1.0,3.0,1.0,2.0,0.2,1.0,4,21-387
Puri,2021_11,Puri,295,1010414.91,1.96,12146,8936,171755,10.8,11.76,13.65,37220.73,77.5,10.57,12.25,4.92,5.44,8.3,LST_ODISHA_2021_11.tif,3.0,3.0,1.0,2.0,0.33,2.0,4,21-387
Puri,2021_12,Puri,295,4771306.27,0.0,12146,8936,171755,10.8,11.76,13.65,37220.73,77.5,10.57,12.25,4.92,5.44,8.3,LST_ODISHA_2021_12.tif,3.0,3.0,1.0,2.0,0.2,1.0,3,21-387
Puri,2022_01,Puri,295,8248864.54,0.0,12583,8971,173854,10.8,11.76,13.65,37220.73,77.5,10.57,12.25,4.92,5.44,8.3,LST_ODISHA_2022_01.tif,3.0,3.0,1.0,2.0,0.33,2.0,4,21-387
Puri,2022_02,Puri,295,3998801.36,0.0,12583,8971,173854,10.8,11.76,13.65,37220.73,77.5,10.57,12.25,4.92,5.44,8.3,LST_ODISHA_2022_02.tif,3.0,3.0,1.0,2.0,0.33,2.0,4,21-387
Puri,2022_03,Puri,295,0.0,32.38,12583,8971,173854,10.8,11.76,13.65,37220.73,77.5,10.57,12.25,4.92,5.44,8.3,LST_ODISHA_2022_03.tif,1.0,3.0,1.0,2.0,0.2,1.0,1,21-387
Puri,2022_04,Puri,295,0.0,2.59,12583,8971,173854,10.8,11.76,13.65,37220.73,77.5,10.57,12.25,4.92,5.44,8.3,LST_ODISHA_2022_04.tif,3.0,3.0,1.0,3.0,0.42,3.0,1,21-387
Puri,2022_05,Puri,295,0.0,4.88,12583,8971,173854,10.8,11.76,13.65,37220.73,77.5,10.57,12.25,4.92,5.44,8.3,LST_ODISHA_2022_05.tif,2.0,3.0,1.0,3.0,0.39,2.0,2,21-387
Puri,2022_06,Puri,295,1583148.91,9.48,12583,8971,173854,10.8,11.76,13.65,37220.73,77.5,10.57,12.25,4.92,5.44,8.3,LST_ODISHA_2022_06.tif,1.0,3.0,1.0,3.0,0.31,2.0,1,21-387
Puri,2022_07,Puri,295,0.0,8.07,12583,8971,173854,10.8,11.76,13.65,37220.73,77.5,10.57,12.25,4.92,5.44,8.3,LST_ODISHA_2022_07.tif,1.0,3.0,1.0,3.0,0.31,2.0,4,21-387
Puri,2022_08,Puri,295,94780.54,19.08,12583,8971,173854,10.8,11.76,13.65,37220.73,77.5,10.57,12.25,4.92,5.44,8.3,LST_ODISHA_2022_08.tif,3.0,3.0,1.0,3.0,0.5,3.0,4,21-387
Puri,2022_09,Puri,295,0.0,7.01,12583,8971,173854,10.8,11.76,13.65,37220.73,77.5,10.57,12.25,4.92,5.44,8.3,LST_ODISHA_2022_09.tif,2.0,3.0,1.0,3.0,0.31,2.0,4,21-387
Puri,2022_10,Puri,295,0.0,27.32,12583,8971,173854,10.8,11.76,13.65,37220.73,77.5,10.57,12.25,4.92,5.44,8.3,LST_ODISHA_2022_10.tif,2.0,3.0,1.0,3.0,0.39,2.0,5,21-387
Puri,2022_11,Puri,295,0.0,0.01,12583,8971,173854,10.8,11.76,13.65,37220.73,77.5,10.57,12.25,4.92,5.44,8.3,LST_ODISHA_2022_11.tif,3.0,3.0,1.0,3.0,0.31,2.0,4,21-387
Puri,2022_12,Puri,295,0.0,0.0,12583,8971,173854,10.8,11.76,13.65,37220.73,77.5,10.57,12.25,4.92,5.44,8.3,LST_ODISHA_2022_12.tif,3.0,3.0,1.0,3.0,0.31,2.0,5,21-387
Puri,2023_01,Puri,295,0.0,0.0,13020,9006,175954,10.8,11.76,13.65,37220.73,77.5,10.57,12.25,4.92,5.44,8.3,LST_ODISHA_2023_01.tif,3.0,3.0,1.0,3.0,0.5,3.0,4,21-387
Puri,2023_02,Puri,295,0.0,0.15,13020,9006,175954,10.8,11.76,13.65,37220.73,77.5,10.57,12.25,4.92,5.44,8.3,LST_ODISHA_2023_02.tif,4.0,3.0,1.0,3.0,0.5,3.0,3,21-387
Puri,2023_03,Puri,295,97850.18,14.67,13020,9006,175954,10.8,11.76,13.65,37220.73,77.5,10.57,12.25,4.92,5.44,8.3,LST_ODISHA_2023_03.tif,4.0,3.0,1.0,3.0,0.69,4.0,2,21-387
Puri,2023_04,Puri,295,0.0,5.83,13020,9006,175954,10.8,11.76,13.65,37220.73,77.5,10.57,12.25,4.92,5.44,8.3,LST_ODISHA_2023_04.tif,5.0,3.0,1.0,3.0,0.66,4.0,2,21-387
Puri,2023_05,Puri,295,0.0,20.33,13020,9006,175954,10.8,11.76,13.65,37220.73,77.5,10.57,12.25,4.92,5.44,8.3,LST_ODISHA_2023_05.tif,5.0,3.0,1.0,3.0,0.66,4.0,3,21-387
Puri,2023_06,Puri,295,0.0,43.04,13020,9006,175954,10.8,11.76,13.65,37220.73,77.5,10.57,12.25,4.92,5.44,8.3,LST_ODISHA_2023_06.tif,5.0,3.0,1.0,3.0,0.66,4.0,4,21-387
Puri,2023_07,Puri,295,0.0,34.02,13020,9006,175954,10.8,11.76,13.65,37220.73,77.5,10.57,12.25,4.92,5.44,8.3,LST_ODISHA_2023_07.tif,3.0,3.0,1.0,3.0,0.42,3.0,0,21-387
Puri,2023_08,Puri,295,0.0,27.07,13020,9006,175954,10.8,11.76,13.65,37220.73,77.5,10.57,12.25,4.92,5.44,8.3,LST_ODISHA_2023_08.tif,5.0,3.0,1.0,3.0,0.66,4.0,0,21-387
Puri,2023_09,Puri,295,0.0,26.11,13020,9006,175954,10.8,11.76,13.65,37220.73,77.5,10.57,12.25,4.92,5.44,8.3,LST_ODISHA_2023_09.tif,2.0,3.0,1.0,3.0,0.24,2.0,5,21-387
Puri,2023_10,Puri,295,0.0,45.36,13020,9006,175954,10.8,11.76,13.65,37220.73,77.5,10.57,12.25,4.92,5.44,8.3,LST_ODISHA_2023_10.tif,4.0,3.0,1.0,3.0,0.57,3.0,5,21-387
Puri,2023_11,Puri,295,0.0,5.14,13020,9006,175954,10.8,11.76,13.65,37220.73,77.5,10.57,12.25,4.92,5.44,8.3,LST_ODISHA_2023_11.tif,3.0,3.0,1.0,3.0,0.3,2.0,4,21-387
Puri,2023_12,Puri,295,0.0,0.0,13020,9006,175954,10.8,11.76,13.65,37220.73,77.5,10.57,12.25,4.92,5.44,8.3,LST_ODISHA_2023_12.tif,3.0,3.0,1.0,3.0,0.1,1.0,5,21-387
Puri,2024_01,Puri,295,0.0,0.0,13456,9041,178053,10.8,11.76,13.65,37220.73,77.5,10.57,12.25,4.92,5.44,8.3,LST_ODISHA_2024_01.tif,3.0,3.0,1.0,3.0,0.2,1.0,4,21-387
Puri,2024_02,Puri,295,498720.9,0.42,13456,9041,178053,10.8,11.76,13.65,37220.73,77.5,10.57,12.25,4.92,5.44,8.3,LST_ODISHA_2024_02.tif,3.0,3.0,1.0,1.0,0.27,2.0,4,21-387
Puri,2024_03,Puri,295,1750801.57,38.3,13456,9041,178053,10.8,11.76,13.65,37220.73,77.5,10.57,12.25,4.92,5.44,8.3,LST_ODISHA_2024_03.tif,3.0,3.0,1.0,3.0,0.5,3.0,1,21-387
Puri,2024_04,Puri,295,12500404.84,18.78,13456,9041,178053,10.8,11.76,13.65,37220.73,77.5,10.57,12.25,4.92,5.44,8.3,LST_ODISHA_2024_04.tif,5.0,3.0,1.0,1.0,0.58,3.0,1,21-387
Puri,2024_05,Puri,295,648096.45,30.57,13456,9041,178053,10.8,11.76,13.65,37220.73,77.5,10.57,12.25,4.92,5.44,8.3,LST_ODISHA_2024_05.tif,3.0,3.0,1.0,1.0,0.37,2.0,3,21-387
Puri,2024_06,Puri,295,671162.54,29.46,13456,9041,178053,10.8,11.76,13.65,37220.73,77.5,10.57,12.25,4.92,5.44,8.3,LST_ODISHA_2024_06.tif,2.0,3.0,1.0,1.0,0.21,2.0,3,21-387
Puri,2024_07,Puri,295,732677.27,20.26,13456,9041,178053,10.8,11.76,13.65,37220.73,77.5,10.57,12.25,4.92,5.44,8.3,LST_ODISHA_2024_07.tif,3.0,3.0,1.0,1.0,0.46,3.0,0,21-387
Puri,2024_08,Puri,295,0.0,6.9,13456,9041,178053,10.8,11.76,13.65,37220.73,77.5,10.57,12.25,4.92,5.44,8.3,LST_ODISHA_2024_08.tif,3.0,3.0,1.0,1.0,0.27,2.0,3,21-387
Puri,2024_09,Puri,295,19882916.45,15.46,13456,9041,178053,10.8,11.76,13.65,37220.73,77.5,10.57,12.25,4.92,5.44,8.3,LST_ODISHA_2024_09.tif,2.0,3.0,1.0,1.0,0.21,2.0,5,21-387
Puri,2024_10,Puri,295,5407008.18,62.64,13456,9041,178053,10.8,11.76,13.65,37220.73,77.5,10.57,12.25,4.92,5.44,8.3,LST_ODISHA_2024_10.tif,1.0,3.0,1.0,1.0,0.09,1.0,5,21-387
Puri,2024_11,Puri,295,0.0,3.79,13456,9041,178053,10.8,11.76,13.65,37220.73,77.5,10.57,12.25,4.92,5.44,8.3,LST_ODISHA_2024_11.tif,4.0,3.0,1.0,1.0,0.46,3.0,5,21-387
Puri,2024_12,Puri,295,0.0,0.0,13456,9041,178053,10.8,11.76,13.65,37220.73,77.5,10.57,12.25,4.92,5.44,8.3,LST_ODISHA_2024_12.tif,3.0,3.0,1.0,1.0,0.09,1.0,4,21-387
Puri,2025_01,Puri,295,5445695.09,0.0,13893,9075,180152,10.8,11.76,13.65,37220.73,77.5,10.57,12.25,4.92,5.44,8.3,LST_ODISHA_2025_01.tif,3.0,3.0,1.0,1.0,0.15,1.0,4,21-387
Puri,2025_02,Puri,295,100230.43,0.36,13893,9075,180152,10.8,11.76,13.65,37220.73,77.5,10.57,12.25,4.92,5.44,8.3,LST_ODISHA_2025_02.tif,5.0,3.0,1.0,1.0,0.58,3.0,2,21-387
Puri,2025_03,Puri,295,0.0,36.92,13893,9075,180152,10.8,11.76,13.65,37220.73,77.5,10.57,12.25,4.92,5.44,8.3,LST_ODISHA_2025_03.tif,2.0,3.0,1.0,1.0,0.21,2.0,1,21-387
Puri,2025_04,Puri,295,27579490.82,2.91,13893,9075,180152,10.8,11.76,13.65,37220.73,77.5,10.57,12.25,4.92,5.44,8.3,LST_ODISHA_2025_04.tif,3.0,3.0,1.0,1.0,0.27,2.0,1,21-387
Puri,2025_05,Puri,295,0.0,4.88,13893,9075,180152,10.8,11.76,13.65,37220.73,77.5,10.57,12.25,4.92,5.44,8.3,LST_ODISHA_2025_05.tif,3.0,3.0,1.0,1.0,0.27,2.0,3,21-387
Puri,2025_06,Puri,295,0.0,6.66,13893,9075,180152,10.8,11.76,13.65,37220.73,77.5,10.57,12.25,4.92,5.44,8.3,LST_ODISHA_2025_06.tif,5.0,3.0,1.0,1.0,0.58,3.0,1,21-387
Puri,2025_07,Puri,295,0.0,14.11,13893,9075,180152,10.8,11.76,13.65,37220.73,77.5,10.57,12.25,4.92,5.44,8.3,LST_ODISHA_2025_07.tif,2.0,3.0,1.0,1.0,0.21,2.0,4,21-387
Puri,2025_08,Puri,295,0.0,18.72,13893,9075,180152,10.8,11.76,13.65,37220.73,77.5,10.57,12.25,4.92,5.44,8.3,LST_ODISHA_2025_08.tif,2.0,3.0,1.0,1.0,0.21,2.0,5,21-387
Puri,2025_09,Puri,295,280552.18,7.33,13893,9075,180152,10.8,11.76,13.65,37220.73,77.5,10.57,12.25,4.92,5.44,8.3,LST_ODISHA_2025_09.tif,2.0,3.0,1.0,1.0,0.09,1.0,5,21-387
Puri,2025_10,Puri,295,13379652.52,37.2,13893,9075,180152,10.8,11.76,13.65,37220.73,77.5,10.57,12.25,4.92,5.44,8.3,LST_ODISHA_2025_10.tif,1.0,3.0,1.0,1.0,0.09,1.0,5,21-387
Puri,2025_11,Puri,295,0.0,2.74,13893,9075,180152,10.8,11.76,13.65,37220.73,77.5,10.57,12.25,4.92,5.44,8.3,LST_ODISHA_2025_11.tif,3.0,3.0,1.0,1.0,0.37,2.0,5,21-387
Puri,2025_12,Puri,295,0.0,0.0,13893,9075,180152,10.8,11.76,13.65,37220.73,77.5,10.57,12.25,4.92,5.44,8.3,LST_ODISHA_2025_12.tif,3.0,3.0,1.0,1.0,0.15,1.0,5,21-387
Puri,2026_01,Puri,295,0.0,0.0,14330,9110,182252,10.8,11.76,13.65,37220.73,77.5,10.57,12.25,4.92,5.44,8.3,LST_ODISHA_2026_01.tif,3.0,3.0,1.0,1.0,0.15,1.0,5,21-387
Puri,2026_02,Puri,295,0.0,0.0,14330,9110,182252,10.8,11.76,13.65,37220.73,77.5,10.57,12.25,4.92,5.44,8.3,LST_ODISHA_2026_02.tif,3.0,3.0,1.0,1.0,0.15,1.0,3,21-387
Puri,2026_03,Puri,295,0.0,18.41,14330,9110,182252,10.8,11.76,13.65,37220.73,77.5,10.57,12.25,4.92,5.44,8.3,LST_ODISHA_2026_03.tif,1.0,3.0,1.0,1.0,0.09,1.0,1,21-387
Rayagada,2021_01,Rayagada,280,0.0,0.0,5543,9929,104227,9.08,6.99,13.72,22764.73,94.6,5.42,8.4,7.2,8.09,7.28,LST_ODISHA_2021_01.tif,3.0,2.0,1.0,3.0,0.1,1.0,3,21-396
Rayagada,2021_02,Rayagada,280,0.0,0.0,5543,9929,104227,9.08,6.99,13.72,22764.73,94.6,5.42,8.4,7.2,8.09,7.28,LST_ODISHA_2021_02.tif,2.0,2.0,1.0,3.0,0.05,1.0,4,21-396
Rayagada,2021_03,Rayagada,280,0.0,29.46,5543,9929,104227,9.08,6.99,13.72,22764.73,94.6,5.42,8.4,7.2,8.09,7.28,LST_ODISHA_2021_03.tif,3.0,2.0,1.0,3.0,0.49,3.0,3,21-396
Rayagada,2021_04,Rayagada,280,55028.09,0.0,5543,9929,104227,9.08,6.99,13.72,22764.73,94.6,5.42,8.4,7.2,8.09,7.28,LST_ODISHA_2021_04.tif,3.0,2.0,1.0,3.0,0.31,2.0,2,21-396
Rayagada,2021_05,Rayagada,280,1171943.64,1.63,5543,9929,104227,9.08,6.99,13.72,22764.73,94.6,5.42,8.4,7.2,8.09,7.28,LST_ODISHA_2021_05.tif,3.0,2.0,1.0,3.0,0.35,2.0,2,21-396
Rayagada,2021_06,Rayagada,280,0.0,0.03,5543,9929,104227,9.08,6.99,13.72,22764.73,94.6,5.42,8.4,7.2,8.09,7.28,LST_ODISHA_2021_06.tif,2.0,2.0,1.0,3.0,0.23,2.0,3,21-396
Rayagada,2021_07,Rayagada,280,0.0,16.85,5543,9929,104227,9.08,6.99,13.72,22764.73,94.6,5.42,8.4,7.2,8.09,7.28,LST_ODISHA_2021_07.tif,3.0,2.0,1.0,3.0,0.45,3.0,3,21-396
Rayagada,2021_08,Rayagada,280,0.0,25.01,5543,9929,104227,9.08,6.99,13.72,22764.73,94.6,5.42,8.4,7.2,8.09,7.28,LST_ODISHA_2021_08.tif,4.0,2.0,1.0,3.0,0.6,4.0,3,21-396
Rayagada,2021_09,Rayagada,280,0.0,4.91,5543,9929,104227,9.08,6.99,13.72,22764.73,94.6,5.42,8.4,7.2,8.09,7.28,LST_ODISHA_2021_09.tif,4.0,2.0,1.0,3.0,0.6,4.0,4,21-396
Rayagada,2021_10,Rayagada,280,0.0,52.63,5543,9929,104227,9.08,6.99,13.72,22764.73,94.6,5.42,8.4,7.2,8.09,7.28,LST_ODISHA_2021_10.tif,3.0,2.0,1.0,3.0,0.49,3.0,2,21-396
Rayagada,2021_11,Rayagada,280,0.0,2.86,5543,9929,104227,9.08,6.99,13.72,22764.73,94.6,5.42,8.4,7.2,8.09,7.28,LST_ODISHA_2021_11.tif,3.0,2.0,1.0,3.0,0.41,3.0,2,21-396
Rayagada,2021_12,Rayagada,280,146990.73,0.0,5543,9929,104227,9.08,6.99,13.72,22764.73,94.6,5.42,8.4,7.2,8.09,7.28,LST_ODISHA_2021_12.tif,3.0,2.0,1.0,3.0,0.31,2.0,3,21-396
Rayagada,2022_01,Rayagada,280,0.0,0.0,5785,10027,105740,9.08,6.99,13.72,22764.73,94.6,5.42,8.4,7.2,8.09,7.28,LST_ODISHA_2022_01.tif,3.0,2.0,1.0,3.0,0.48,3.0,3,21-396
Rayagada,2022_02,Rayagada,280,0.0,0.0,5785,10027,105740,9.08,6.99,13.72,22764.73,94.6,5.42,8.4,7.2,8.09,7.28,LST_ODISHA_2022_02.tif,3.0,2.0,1.0,3.0,0.48,3.0,3,21-396
Rayagada,2022_03,Rayagada,280,5763304.64,34.98,5785,10027,105740,9.08,6.99,13.72,22764.73,94.6,5.42,8.4,7.2,8.09,7.28,LST_ODISHA_2022_03.tif,2.0,2.0,1.0,3.0,0.38,2.0,4,21-396
Rayagada,2022_04,Rayagada,280,25146184.63,3.26,5785,10027,105740,9.08,6.99,13.72,22764.73,94.6,5.42,8.4,7.2,8.09,7.28,LST_ODISHA_2022_04.tif,4.0,2.0,1.0,1.0,0.45,3.0,2,21-396
Rayagada,2022_05,Rayagada,280,0.0,8.09,5785,10027,105740,9.08,6.99,13.72,22764.73,94.6,5.42,8.4,7.2,8.09,7.28,LST_ODISHA_2022_05.tif,3.0,2.0,1.0,1.0,0.36,2.0,2,21-396
Rayagada,2022_06,Rayagada,280,0.0,17.78,5785,10027,105740,9.08,6.99,13.72,22764.73,94.6,5.42,8.4,7.2,8.09,7.28,LST_ODISHA_2022_06.tif,3.0,2.0,1.0,2.0,0.42,3.0,2,21-396
Rayagada,2022_07,Rayagada,280,357486.73,9.91,5785,10027,105740,9.08,6.99,13.72,22764.73,94.6,5.42,8.4,7.2,8.09,7.28,LST_ODISHA_2022_07.tif,2.0,2.0,1.0,2.0,0.27,2.0,3,21-396
Rayagada,2022_08,Rayagada,280,0.0,20.66,5785,10027,105740,9.08,6.99,13.72,22764.73,94.6,5.42,8.4,7.2,8.09,7.28,LST_ODISHA_2022_08.tif,3.0,2.0,1.0,2.0,0.42,3.0,3,21-396
Rayagada,2022_09,Rayagada,280,0.0,9.54,5785,10027,105740,9.08,6.99,13.72,22764.73,94.6,5.42,8.4,7.2,8.09,7.28,LST_ODISHA_2022_09.tif,3.0,2.0,1.0,2.0,0.32,2.0,4,21-396
Rayagada,2022_10,Rayagada,280,0.0,24.96,5785,10027,105740,9.08,6.99,13.72,22764.73,94.6,5.42,8.4,7.2,8.09,7.28,LST_ODISHA_2022_10.tif,1.0,2.0,1.0,2.0,0.18,1.0,3,21-396
Rayagada,2022_11,Rayagada,280,0.0,0.96,5785,10027,105740,9.08,6.99,13.72,22764.73,94.6,5.42,8.4,7.2,8.09,7.28,LST_ODISHA_2022_11.tif,4.0,2.0,1.0,2.0,0.42,3.0,2,21-396
Rayagada,2022_12,Rayagada,280,0.0,1.17,5785,10027,105740,9.08,6.99,13.72,22764.73,94.6,5.42,8.4,7.2,8.09,7.28,LST_ODISHA_2022_12.tif,5.0,2.0,1.0,2.0,0.64,4.0,4,21-396
Rayagada,2023_01,Rayagada,280,0.0,0.0,6028,10125,107254,9.08,6.99,13.72,22764.73,94.6,5.42,8.4,7.2,8.09,7.28,LST_ODISHA_2023_01.tif,3.0,2.0,1.0,2.0,0.3,2.0,3,21-396
Rayagada,2023_02,Rayagada,280,0.0,0.0,6028,10125,107254,9.08,6.99,13.72,22764.73,94.6,5.42,8.4,7.2,8.09,7.28,LST_ODISHA_2023_02.tif,3.0,2.0,1.0,2.0,0.18,1.0,4,21-396
Rayagada,2023_03,Rayagada,280,0.0,8.86,6028,10125,107254,9.08,6.99,13.72,22764.73,94.6,5.42,8.4,7.2,8.09,7.28,LST_ODISHA_2023_03.tif,2.0,2.0,1.0,2.0,0.32,2.0,3,21-396
Rayagada,2023_04,Rayagada,280,0.0,0.0,6028,10125,107254,9.08,6.99,13.72,22764.73,94.6,5.42,8.4,7.2,8.09,7.28,LST_ODISHA_2023_04.tif,3.0,2.0,1.0,3.0,0.05,1.0,1,21-396
Rayagada,2023_05,Rayagada,280,0.0,6.87,6028,10125,107254,9.08,6.99,13.72,22764.73,94.6,5.42,8.4,7.2,8.09,7.28,LST_ODISHA_2023_05.tif,3.0,2.0,1.0,3.0,0.28,2.0,1,21-396
Rayagada,2023_06,Rayagada,280,0.0,20.03,6028,10125,107254,9.08,6.99,13.72,22764.73,94.6,5.42,8.4,7.2,8.09,7.28,LST_ODISHA_2023_06.tif,2.0,2.0,1.0,3.0,0.05,1.0,2,21-396
Rayagada,2023_07,Rayagada,280,0.0,29.65,6028,10125,107254,9.08,6.99,13.72,22764.73,94.6,5.42,8.4,7.2,8.09,7.28,LST_ODISHA_2023_07.tif,2.0,2.0,1.0,3.0,0.22,2.0,0,21-396
Rayagada,2023_08,Rayagada,280,0.0,17.75,6028,10125,107254,9.08,6.99,13.72,22764.73,94.6,5.42,8.4,7.2,8.09,7.28,LST_ODISHA_2023_08.tif,3.0,2.0,1.0,3.0,0.41,3.0,4,21-396
Rayagada,2023_09,Rayagada,280,0.0,27.55,6028,10125,107254,9.08,6.99,13.72,22764.73,94.6,5.42,8.4,7.2,8.09,7.28,LST_ODISHA_2023_09.tif,3.0,2.0,1.0,3.0,0.41,3.0,3,21-396
Rayagada,2023_10,Rayagada,280,0.0,44.75,6028,10125,107254,9.08,6.99,13.72,22764.73,94.6,5.42,8.4,7.2,8.09,7.28,LST_ODISHA_2023_10.tif,4.0,2.0,1.0,3.0,0.56,3.0,3,21-396
Rayagada,2023_11,Rayagada,280,0.0,9.32,6028,10125,107254,9.08,6.99,13.72,22764.73,94.6,5.42,8.4,7.2,8.09,7.28,LST_ODISHA_2023_11.tif,4.0,2.0,1.0,3.0,0.52,3.0,3,21-396
Rayagada,2023_12,Rayagada,280,0.0,0.01,6028,10125,107254,9.08,6.99,13.72,22764.73,94.6,5.42,8.4,7.2,8.09,7.28,LST_ODISHA_2023_12.tif,3.0,2.0,1.0,3.0,0.05,1.0,3,21-396
Rayagada,2024_01,Rayagada,280,0.0,0.0,6270,10222,108768,9.08,6.99,13.72,22764.73,94.6,5.42,8.4,7.2,8.09,7.28,LST_ODISHA_2024_01.tif,3.0,2.0,1.0,3.0,0.1,1.0,4,21-396
Rayagada,2024_02,Rayagada,280,0.0,0.09,6270,10222,108768,9.08,6.99,13.72,22764.73,94.6,5.42,8.4,7.2,8.09,7.28,LST_ODISHA_2024_02.tif,2.0,2.0,1.0,3.0,0.31,2.0,5,21-396
Rayagada,2024_03,Rayagada,280,0.0,31.14,6270,10222,108768,9.08,6.99,13.72,22764.73,94.6,5.42,8.4,7.2,8.09,7.28,LST_ODISHA_2024_03.tif,2.0,2.0,1.0,3.0,0.38,2.0,4,21-396
Rayagada,2024_04,Rayagada,280,12981.46,8.7,6270,10222,108768,9.08,6.99,13.72,22764.73,94.6,5.42,8.4,7.2,8.09,7.28,LST_ODISHA_2024_04.tif,3.0,2.0,1.0,3.0,0.41,3.0,4,21-396
Rayagada,2024_05,Rayagada,280,0.0,36.14,6270,10222,108768,9.08,6.99,13.72,22764.73,94.6,5.42,8.4,7.2,8.09,7.28,LST_ODISHA_2024_05.tif,4.0,2.0,1.0,4.0,0.6,4.0,2,21-396
Rayagada,2024_06,Rayagada,280,0.0,29.31,6270,10222,108768,9.08,6.99,13.72,22764.73,94.6,5.42,8.4,7.2,8.09,7.28,LST_ODISHA_2024_06.tif,2.0,2.0,1.0,4.0,0.38,2.0,2,21-396
Rayagada,2024_07,Rayagada,280,0.0,12.25,6270,10222,108768,9.08,6.99,13.72,22764.73,94.6,5.42,8.4,7.2,8.09,7.28,LST_ODISHA_2024_07.tif,2.0,2.0,1.0,4.0,0.41,3.0,5,21-396
Rayagada,2024_08,Rayagada,280,525184.73,12.91,6270,10222,108768,9.08,6.99,13.72,22764.73,94.6,5.42,8.4,7.2,8.09,7.28,LST_ODISHA_2024_08.tif,5.0,2.0,1.0,4.0,0.68,4.0,2,21-396
Rayagada,2024_09,Rayagada,280,0.0,16.24,6270,10222,108768,9.08,6.99,13.72,22764.73,94.6,5.42,8.4,7.2,8.09,7.28,LST_ODISHA_2024_09.tif,2.0,2.0,1.0,4.0,0.38,2.0,4,21-396
Rayagada,2024_10,Rayagada,280,0.0,71.71,6270,10222,108768,9.08,6.99,13.72,22764.73,94.6,5.42,8.4,7.2,8.09,7.28,LST_ODISHA_2024_10.tif,3.0,2.0,1.0,4.0,0.49,3.0,3,21-396
Rayagada,2024_11,Rayagada,280,0.0,4.2,6270,10222,108768,9.08,6.99,13.72,22764.73,94.6,5.42,8.4,7.2,8.09,7.28,LST_ODISHA_2024_11.tif,4.0,2.0,1.0,4.0,0.57,3.0,3,21-396
Rayagada,2024_12,Rayagada,280,0.0,0.09,6270,10222,108768,9.08,6.99,13.72,22764.73,94.6,5.42,8.4,7.2,8.09,7.28,LST_ODISHA_2024_12.tif,3.0,2.0,1.0,4.0,0.31,2.0,3,21-396
Rayagada,2025_01,Rayagada,280,0.0,0.0,6513,10320,110281,9.08,6.99,13.72,22764.73,94.6,5.42,8.4,7.2,8.09,7.28,LST_ODISHA_2025_01.tif,3.0,2.0,4.0,4.0,0.79,4.0,3,21-396
Rayagada,2025_02,Rayagada,280,32469.36,0.0,6513,10320,110281,9.08,6.99,13.72,22764.73,94.6,5.42,8.4,7.2,8.09,7.28,LST_ODISHA_2025_02.tif,3.0,2.0,4.0,4.0,0.41,3.0,4,21-396
Rayagada,2025_03,Rayagada,280,177987.91,39.51,6513,10320,110281,9.08,6.99,13.72,22764.73,94.6,5.42,8.4,7.2,8.09,7.28,LST_ODISHA_2025_03.tif,3.0,2.0,4.0,4.0,0.62,4.0,3,21-396
Rayagada,2025_04,Rayagada,280,0.0,5.22,6513,10320,110281,9.08,6.99,13.72,22764.73,94.6,5.42,8.4,7.2,8.09,7.28,LST_ODISHA_2025_04.tif,3.0,2.0,4.0,3.0,0.53,3.0,2,21-396
Rayagada,2025_05,Rayagada,280,28825.66,4.08,6513,10320,110281,9.08,6.99,13.72,22764.73,94.6,5.42,8.4,7.2,8.09,7.28,LST_ODISHA_2025_05.tif,2.0,2.0,4.0,3.0,0.41,3.0,2,21-396
Rayagada,2025_06,Rayagada,280,0.0,0.74,6513,10320,110281,9.08,6.99,13.72,22764.73,94.6,5.42,8.4,7.2,8.09,7.28,LST_ODISHA_2025_06.tif,2.0,2.0,4.0,3.0,0.41,3.0,1,21-396
Rayagada,2025_07,Rayagada,280,4091114.54,29.35,6513,10320,110281,9.08,6.99,13.72,22764.73,94.6,5.42,8.4,7.2,8.09,7.28,LST_ODISHA_2025_07.tif,5.0,2.0,4.0,3.0,0.87,5.0,4,21-396
Rayagada,2025_08,Rayagada,280,0.0,28.68,6513,10320,110281,9.08,6.99,13.72,22764.73,94.6,5.42,8.4,7.2,8.09,7.28,LST_ODISHA_2025_08.tif,5.0,2.0,4.0,3.0,0.87,5.0,5,21-396
Rayagada,2025_09,Rayagada,280,0.0,14.23,6513,10320,110281,9.08,6.99,13.72,22764.73,94.6,5.42,8.4,7.2,8.09,7.28,LST_ODISHA_2025_09.tif,3.0,2.0,4.0,3.0,0.49,3.0,4,21-396
Rayagada,2025_10,Rayagada,280,0.0,44.56,6513,10320,110281,9.08,6.99,13.72,22764.73,94.6,5.42,8.4,7.2,8.09,7.28,LST_ODISHA_2025_10.tif,4.0,2.0,4.0,3.0,0.77,4.0,2,21-396
Rayagada,2025_11,Rayagada,280,0.0,3.46,6513,10320,110281,9.08,6.99,13.72,22764.73,94.6,5.42,8.4,7.2,8.09,7.28,LST_ODISHA_2025_11.tif,4.0,2.0,4.0,3.0,0.77,4.0,3,21-396
Rayagada,2025_12,Rayagada,280,0.0,0.0,6513,10320,110281,9.08,6.99,13.72,22764.73,94.6,5.42,8.4,7.2,8.09,7.28,LST_ODISHA_2025_12.tif,3.0,2.0,4.0,3.0,0.79,4.0,3,21-396
Rayagada,2026_01,Rayagada,280,0.0,0.0,6755,10418,111795,9.08,6.99,13.72,22764.73,94.6,5.42,8.4,7.2,8.09,7.28,LST_ODISHA_2026_01.tif,3.0,2.0,4.0,3.0,0.79,4.0,4,21-396
Rayagada,2026_02,Rayagada,280,0.0,0.0,6755,10418,111795,9.08,6.99,13.72,22764.73,94.6,5.42,8.4,7.2,8.09,7.28,LST_ODISHA_2026_02.tif,3.0,2.0,4.0,3.0,0.79,4.0,2,21-396
Rayagada,2026_03,Rayagada,280,0.0,21.8,6755,10418,111795,9.08,6.99,13.72,22764.73,94.6,5.42,8.4,7.2,8.09,7.28,LST_ODISHA_2026_03.tif,2.0,2.0,4.0,3.0,0.49,3.0,4,21-396
Sambalpur,2021_01,Sambalpur,193,0.0,0.0,10418,10547,140549,10.96,7.8,18.74,24411.89,84.3,4.43,6.37,4.99,4.05,4.96,LST_ODISHA_2021_01.tif,3.0,3.0,1.0,3.0,0.2,1.0,1,21-372
Sambalpur,2021_02,Sambalpur,193,0.0,0.12,10418,10547,140549,10.96,7.8,18.74,24411.89,84.3,4.43,6.37,4.99,4.05,4.96,LST_ODISHA_2021_02.tif,3.0,3.0,1.0,3.0,0.3,2.0,2,21-372
Sambalpur,2021_03,Sambalpur,193,0.0,30.16,10418,10547,140549,10.96,7.8,18.74,24411.89,84.3,4.43,6.37,4.99,4.05,4.96,LST_ODISHA_2021_03.tif,3.0,3.0,1.0,3.0,0.5,3.0,2,21-372
Sambalpur,2021_04,Sambalpur,193,1010216.84,0.0,10418,10547,140549,10.96,7.8,18.74,24411.89,84.3,4.43,6.37,4.99,4.05,4.96,LST_ODISHA_2021_04.tif,3.0,3.0,1.0,3.0,0.31,2.0,3,21-372
Sambalpur,2021_05,Sambalpur,193,16697.78,4.0,10418,10547,140549,10.96,7.8,18.74,24411.89,84.3,4.43,6.37,4.99,4.05,4.96,LST_ODISHA_2021_05.tif,4.0,3.0,1.0,3.0,0.54,3.0,2,21-372
Sambalpur,2021_06,Sambalpur,193,0.0,1.35,10418,10547,140549,10.96,7.8,18.74,24411.89,84.3,4.43,6.37,4.99,4.05,4.96,LST_ODISHA_2021_06.tif,3.0,3.0,1.0,3.0,0.36,2.0,3,21-372
Sambalpur,2021_07,Sambalpur,193,0.0,17.04,10418,10547,140549,10.96,7.8,18.74,24411.89,84.3,4.43,6.37,4.99,4.05,4.96,LST_ODISHA_2021_07.tif,3.0,3.0,1.0,3.0,0.45,3.0,2,21-372
Sambalpur,2021_08,Sambalpur,193,5814724.04,20.22,10418,10547,140549,10.96,7.8,18.74,24411.89,84.3,4.43,6.37,4.99,4.05,4.96,LST_ODISHA_2021_08.tif,2.0,3.0,1.0,3.0,0.39,2.0,2,21-372
Sambalpur,2021_09,Sambalpur,193,0.0,4.37,10418,10547,140549,10.96,7.8,18.74,24411.89,84.3,4.43,6.37,4.99,4.05,4.96,LST_ODISHA_2021_09.tif,4.0,3.0,1.0,3.0,0.61,4.0,2,21-372
Sambalpur,2021_10,Sambalpur,193,0.0,55.28,10418,10547,140549,10.96,7.8,18.74,24411.89,84.3,4.43,6.37,4.99,4.05,4.96,LST_ODISHA_2021_10.tif,4.0,3.0,1.0,3.0,0.61,4.0,3,21-372
Sambalpur,2021_11,Sambalpur,193,0.0,1.55,10418,10547,140549,10.96,7.8,18.74,24411.89,84.3,4.43,6.37,4.99,4.05,4.96,LST_ODISHA_2021_11.tif,3.0,3.0,1.0,3.0,0.42,3.0,3,21-372
Sambalpur,2021_12,Sambalpur,193,0.0,0.0,10418,10547,140549,10.96,7.8,18.74,24411.89,84.3,4.43,6.37,4.99,4.05,4.96,LST_ODISHA_2021_12.tif,3.0,3.0,1.0,3.0,0.31,2.0,2,21-372
Sambalpur,2022_01,Sambalpur,193,0.0,0.0,10805,10590,142131,10.96,7.8,18.74,24411.89,84.3,4.43,6.37,4.99,4.05,4.96,LST_ODISHA_2022_01.tif,3.0,3.0,1.0,3.0,0.5,3.0,1,21-372
Sambalpur,2022_02,Sambalpur,193,8749808.14,0.0,10805,10590,142131,10.96,7.8,18.74,24411.89,84.3,4.43,6.37,4.99,4.05,4.96,LST_ODISHA_2022_02.tif,3.0,3.0,1.0,3.0,0.5,3.0,2,21-372
Sambalpur,2022_03,Sambalpur,193,0.0,38.14,10805,10590,142131,10.96,7.8,18.74,24411.89,84.3,4.43,6.37,4.99,4.05,4.96,LST_ODISHA_2022_03.tif,4.0,3.0,1.0,3.0,0.61,4.0,2,21-372
Sambalpur,2022_04,Sambalpur,193,0.0,0.0,10805,10590,142131,10.96,7.8,18.74,24411.89,84.3,4.43,6.37,4.99,4.05,4.96,LST_ODISHA_2022_04.tif,2.0,3.0,1.0,3.0,0.31,2.0,3,21-372
Sambalpur,2022_05,Sambalpur,193,0.0,17.11,10805,10590,142131,10.96,7.8,18.74,24411.89,84.3,4.43,6.37,4.99,4.05,4.96,LST_ODISHA_2022_05.tif,4.0,3.0,1.0,3.0,0.61,4.0,3,21-372
Sambalpur,2022_06,Sambalpur,193,0.0,21.63,10805,10590,142131,10.96,7.8,18.74,24411.89,84.3,4.43,6.37,4.99,4.05,4.96,LST_ODISHA_2022_06.tif,4.0,3.0,1.0,3.0,0.61,4.0,3,21-372
Sambalpur,2022_07,Sambalpur,193,0.0,11.46,10805,10590,142131,10.96,7.8,18.74,24411.89,84.3,4.43,6.37,4.99,4.05,4.96,LST_ODISHA_2022_07.tif,3.0,3.0,1.0,3.0,0.5,3.0,2,21-372
Sambalpur,2022_08,Sambalpur,193,0.0,19.85,10805,10590,142131,10.96,7.8,18.74,24411.89,84.3,4.43,6.37,4.99,4.05,4.96,LST_ODISHA_2022_08.tif,3.0,3.0,1.0,3.0,0.5,3.0,2,21-372
Sambalpur,2022_09,Sambalpur,193,0.0,7.88,10805,10590,142131,10.96,7.8,18.74,24411.89,84.3,4.43,6.37,4.99,4.05,4.96,LST_ODISHA_2022_09.tif,2.0,3.0,1.0,3.0,0.31,2.0,2,21-372
Sambalpur,2022_10,Sambalpur,193,0.0,34.01,10805,10590,142131,10.96,7.8,18.74,24411.89,84.3,4.43,6.37,4.99,4.05,4.96,LST_ODISHA_2022_10.tif,4.0,3.0,1.0,3.0,0.61,4.0,3,21-372
Sambalpur,2022_11,Sambalpur,193,0.0,0.0,10805,10590,142131,10.96,7.8,18.74,24411.89,84.3,4.43,6.37,4.99,4.05,4.96,LST_ODISHA_2022_11.tif,3.0,3.0,1.0,3.0,0.31,2.0,2,21-372
Sambalpur,2022_12,Sambalpur,193,0.0,0.0,10805,10590,142131,10.96,7.8,18.74,24411.89,84.3,4.43,6.37,4.99,4.05,4.96,LST_ODISHA_2022_12.tif,3.0,3.0,1.0,3.0,0.31,2.0,2,21-372
Sambalpur,2023_01,Sambalpur,193,0.0,0.0,11191,10633,143713,10.96,7.8,18.74,24411.89,84.3,4.43,6.37,4.99,4.05,4.96,LST_ODISHA_2023_01.tif,3.0,3.0,1.0,3.0,0.5,3.0,2,21-372
Sambalpur,2023_02,Sambalpur,193,0.0,0.0,11191,10633,143713,10.96,7.8,18.74,24411.89,84.3,4.43,6.37,4.99,4.05,4.96,LST_ODISHA_2023_02.tif,3.0,3.0,1.0,3.0,0.31,2.0,2,21-372
Sambalpur,2023_03,Sambalpur,193,43098.44,10.26,11191,10633,143713,10.96,7.8,18.74,24411.89,84.3,4.43,6.37,4.99,4.05,4.96,LST_ODISHA_2023_03.tif,3.0,3.0,1.0,3.0,0.58,3.0,2,21-372
Sambalpur,2023_04,Sambalpur,193,0.0,0.0,11191,10633,143713,10.96,7.8,18.74,24411.89,84.3,4.43,6.37,4.99,4.05,4.96,LST_ODISHA_2023_04.tif,3.0,3.0,1.0,3.0,0.1,1.0,3,21-372
Sambalpur,2023_05,Sambalpur,193,0.0,3.5,11191,10633,143713,10.96,7.8,18.74,24411.89,84.3,4.43,6.37,4.99,4.05,4.96,LST_ODISHA_2023_05.tif,2.0,3.0,1.0,3.0,0.1,1.0,4,21-372
Sambalpur,2023_06,Sambalpur,193,0.0,24.71,11191,10633,143713,10.96,7.8,18.74,24411.89,84.3,4.43,6.37,4.99,4.05,4.96,LST_ODISHA_2023_06.tif,3.0,3.0,1.0,3.0,0.3,2.0,4,21-372
Sambalpur,2023_07,Sambalpur,193,0.0,39.04,11191,10633,143713,10.96,7.8,18.74,24411.89,84.3,4.43,6.37,4.99,4.05,4.96,LST_ODISHA_2023_07.tif,4.0,3.0,1.0,3.0,0.57,3.0,2,21-372
Sambalpur,2023_08,Sambalpur,193,0.0,15.22,11191,10633,143713,10.96,7.8,18.74,24411.89,84.3,4.43,6.37,4.99,4.05,4.96,LST_ODISHA_2023_08.tif,2.0,3.0,1.0,3.0,0.24,2.0,2,21-372
Sambalpur,2023_09,Sambalpur,193,0.0,33.26,11191,10633,143713,10.96,7.8,18.74,24411.89,84.3,4.43,6.37,4.99,4.05,4.96,LST_ODISHA_2023_09.tif,4.0,3.0,1.0,3.0,0.57,3.0,2,21-372
Sambalpur,2023_10,Sambalpur,193,0.0,41.82,11191,10633,143713,10.96,7.8,18.74,24411.89,84.3,4.43,6.37,4.99,4.05,4.96,LST_ODISHA_2023_10.tif,3.0,3.0,1.0,3.0,0.42,3.0,3,21-372
Sambalpur,2023_11,Sambalpur,193,0.0,3.17,11191,10633,143713,10.96,7.8,18.74,24411.89,84.3,4.43,6.37,4.99,4.05,4.96,LST_ODISHA_2023_11.tif,2.0,3.0,1.0,3.0,0.1,1.0,2,21-372
Sambalpur,2023_12,Sambalpur,193,0.0,0.0,11191,10633,143713,10.96,7.8,18.74,24411.89,84.3,4.43,6.37,4.99,4.05,4.96,LST_ODISHA_2023_12.tif,3.0,3.0,1.0,3.0,0.1,1.0,1,21-372
Sambalpur,2024_01,Sambalpur,193,0.0,0.0,11577,10676,145295,10.96,7.8,18.74,24411.89,84.3,4.43,6.37,4.99,4.05,4.96,LST_ODISHA_2024_01.tif,3.0,3.0,1.0,3.0,0.2,1.0,2,21-372
Sambalpur,2024_02,Sambalpur,193,0.0,0.0,11577,10676,145295,10.96,7.8,18.74,24411.89,84.3,4.43,6.37,4.99,4.05,4.96,LST_ODISHA_2024_02.tif,2.0,3.0,1.0,3.0,0.31,2.0,1,21-372
Sambalpur,2024_03,Sambalpur,193,532974.0,32.61,11577,10676,145295,10.96,7.8,18.74,24411.89,84.3,4.43,6.37,4.99,4.05,4.96,LST_ODISHA_2024_03.tif,2.0,3.0,1.0,3.0,0.39,2.0,2,21-372
Sambalpur,2024_04,Sambalpur,193,0.0,2.0,11577,10676,145295,10.96,7.8,18.74,24411.89,84.3,4.43,6.37,4.99,4.05,4.96,LST_ODISHA_2024_04.tif,2.0,3.0,1.0,3.0,0.31,2.0,2,21-372
Sambalpur,2024_05,Sambalpur,193,75148.11,28.5,11577,10676,145295,10.96,7.8,18.74,24411.89,84.3,4.43,6.37,4.99,4.05,4.96,LST_ODISHA_2024_05.tif,3.0,3.0,1.0,4.0,0.5,3.0,2,21-372
Sambalpur,2024_06,Sambalpur,193,701914.56,55.02,11577,10676,145295,10.96,7.8,18.74,24411.89,84.3,4.43,6.37,4.99,4.05,4.96,LST_ODISHA_2024_06.tif,4.0,3.0,1.0,3.0,0.58,3.0,3,21-372
Sambalpur,2024_07,Sambalpur,193,0.0,25.82,11577,10676,145295,10.96,7.8,18.74,24411.89,84.3,4.43,6.37,4.99,4.05,4.96,LST_ODISHA_2024_07.tif,4.0,3.0,1.0,3.0,0.66,4.0,2,21-372
Sambalpur,2024_08,Sambalpur,193,9154400.58,3.24,11577,10676,145295,10.96,7.8,18.74,24411.89,84.3,4.43,6.37,4.99,4.05,4.96,LST_ODISHA_2024_08.tif,2.0,3.0,1.0,2.0,0.15,1.0,3,21-372
Sambalpur,2024_09,Sambalpur,193,387151.56,23.58,11577,10676,145295,10.96,7.8,18.74,24411.89,84.3,4.43,6.37,4.99,4.05,4.96,LST_ODISHA_2024_09.tif,4.0,3.0,1.0,3.0,0.58,3.0,3,21-372
Sambalpur,2024_10,Sambalpur,193,0.0,72.0,11577,10676,145295,10.96,7.8,18.74,24411.89,84.3,4.43,6.37,4.99,4.05,4.96,LST_ODISHA_2024_10.tif,3.0,3.0,1.0,3.0,0.45,3.0,4,21-372
Sambalpur,2024_11,Sambalpur,193,0.0,1.96,11577,10676,145295,10.96,7.8,18.74,24411.89,84.3,4.43,6.37,4.99,4.05,4.96,LST_ODISHA_2024_11.tif,2.0,3.0,1.0,3.0,0.24,2.0,3,21-372
Sambalpur,2024_12,Sambalpur,193,0.0,0.0,11577,10676,145295,10.96,7.8,18.74,24411.89,84.3,4.43,6.37,4.99,4.05,4.96,LST_ODISHA_2024_12.tif,3.0,3.0,1.0,3.0,0.24,2.0,2,21-372
Sambalpur,2025_01,Sambalpur,193,269104.0,0.0,11963,10719,146877,10.96,7.8,18.74,24411.89,84.3,4.43,6.37,4.99,4.05,4.96,LST_ODISHA_2025_01.tif,3.0,3.0,1.0,3.0,0.4,2.0,3,21-372
Sambalpur,2025_02,Sambalpur,193,0.0,0.0,11963,10719,146877,10.96,7.8,18.74,24411.89,84.3,4.43,6.37,4.99,4.05,4.96,LST_ODISHA_2025_02.tif,3.0,3.0,1.0,3.0,0.24,2.0,3,21-372
Sambalpur,2025_03,Sambalpur,193,0.0,41.84,11963,10719,146877,10.96,7.8,18.74,24411.89,84.3,4.43,6.37,4.99,4.05,4.96,LST_ODISHA_2025_03.tif,3.0,3.0,1.0,3.0,0.45,3.0,3,21-372
Sambalpur,2025_04,Sambalpur,193,0.0,0.0,11963,10719,146877,10.96,7.8,18.74,24411.89,84.3,4.43,6.37,4.99,4.05,4.96,LST_ODISHA_2025_04.tif,2.0,3.0,1.0,3.0,0.31,2.0,3,21-372
Sambalpur,2025_05,Sambalpur,193,624022.24,12.23,11963,10719,146877,10.96,7.8,18.74,24411.89,84.3,4.43,6.37,4.99,4.05,4.96,LST_ODISHA_2025_05.tif,4.0,3.0,1.0,3.0,0.58,3.0,3,21-372
Sambalpur,2025_06,Sambalpur,193,0.0,3.55,11963,10719,146877,10.96,7.8,18.74,24411.89,84.3,4.43,6.37,4.99,4.05,4.96,LST_ODISHA_2025_06.tif,4.0,3.0,1.0,3.0,0.58,3.0,4,21-372
Sambalpur,2025_07,Sambalpur,193,20533.22,19.19,11963,10719,146877,10.96,7.8,18.74,24411.89,84.3,4.43,6.37,4.99,4.05,4.96,LST_ODISHA_2025_07.tif,3.0,3.0,1.0,3.0,0.5,3.0,4,21-372
Sambalpur,2025_08,Sambalpur,193,0.0,23.66,11963,10719,146877,10.96,7.8,18.74,24411.89,84.3,4.43,6.37,4.99,4.05,4.96,LST_ODISHA_2025_08.tif,3.0,3.0,1.0,3.0,0.5,3.0,3,21-372
Sambalpur,2025_09,Sambalpur,193,0.0,21.1,11963,10719,146877,10.96,7.8,18.74,24411.89,84.3,4.43,6.37,4.99,4.05,4.96,LST_ODISHA_2025_09.tif,4.0,3.0,1.0,3.0,0.54,3.0,2,21-372
Sambalpur,2025_10,Sambalpur,193,298141.33,39.35,11963,10719,146877,10.96,7.8,18.74,24411.89,84.3,4.43,6.37,4.99,4.05,4.96,LST_ODISHA_2025_10.tif,2.0,3.0,1.0,3.0,0.39,2.0,3,21-372
Sambalpur,2025_11,Sambalpur,193,0.0,0.81,11963,10719,146877,10.96,7.8,18.74,24411.89,84.3,4.43,6.37,4.99,4.05,4.96,LST_ODISHA_2025_11.tif,2.0,3.0,1.0,3.0,0.39,2.0,3,21-372
Sambalpur,2025_12,Sambalpur,193,0.0,0.0,11963,10719,146877,10.96,7.8,18.74,24411.89,84.3,4.43,6.37,4.99,4.05,4.96,LST_ODISHA_2025_12.tif,3.0,3.0,1.0,3.0,0.5,3.0,2,21-372
Sambalpur,2026_01,Sambalpur,193,0.0,0.0,12349,10762,148460,10.96,7.8,18.74,24411.89,84.3,4.43,6.37,4.99,4.05,4.96,LST_ODISHA_2026_01.tif,3.0,3.0,1.0,3.0,0.5,3.0,2,21-372
Sambalpur,2026_02,Sambalpur,193,0.0,0.0,12349,10762,148460,10.96,7.8,18.74,24411.89,84.3,4.43,6.37,4.99,4.05,4.96,LST_ODISHA_2026_02.tif,3.0,3.0,1.0,3.0,0.5,3.0,2,21-372
Sambalpur,2026_03,Sambalpur,193,0.0,26.76,12349,10762,148460,10.96,7.8,18.74,24411.89,84.3,4.43,6.37,4.99,4.05,4.96,LST_ODISHA_2026_03.tif,3.0,3.0,1.0,3.0,0.5,3.0,3,21-372
Sonepur,2021_01,Sonepur,112,0.0,0.0,7357,7429,112097,10.36,12.76,17.76,24303.0,95.8,5.94,5.57,4.58,4.03,5.03,LST_ODISHA_2021_01.tif,3.0,2.0,1.0,3.0,0.1,1.0,4,21-392
Sonepur,2021_02,Sonepur,112,0.0,0.0,7357,7429,112097,10.36,12.76,17.76,24303.0,95.8,5.94,5.57,4.58,4.03,5.03,LST_ODISHA_2021_02.tif,2.0,2.0,1.0,3.0,0.05,1.0,4,21-392
Sonepur,2021_03,Sonepur,112,0.0,21.03,7357,7429,112097,10.36,12.76,17.76,24303.0,95.8,5.94,5.57,4.58,4.03,5.03,LST_ODISHA_2021_03.tif,1.0,2.0,1.0,3.0,0.31,2.0,3,21-392
Sonepur,2021_04,Sonepur,112,0.0,0.0,7357,7429,112097,10.36,12.76,17.76,24303.0,95.8,5.94,5.57,4.58,4.03,5.03,LST_ODISHA_2021_04.tif,3.0,2.0,1.0,3.0,0.31,2.0,3,21-392
Sonepur,2021_05,Sonepur,112,0.0,0.65,7357,7429,112097,10.36,12.76,17.76,24303.0,95.8,5.94,5.57,4.58,4.03,5.03,LST_ODISHA_2021_05.tif,2.0,2.0,1.0,4.0,0.31,2.0,4,21-392
Sonepur,2021_06,Sonepur,112,2802287.0,4.27,7357,7429,112097,10.36,12.76,17.76,24303.0,95.8,5.94,5.57,4.58,4.03,5.03,LST_ODISHA_2021_06.tif,5.0,2.0,1.0,3.0,0.65,4.0,5,21-392
Sonepur,2021_07,Sonepur,112,0.0,15.26,7357,7429,112097,10.36,12.76,17.76,24303.0,95.8,5.94,5.57,4.58,4.03,5.03,LST_ODISHA_2021_07.tif,2.0,2.0,1.0,3.0,0.31,2.0,5,21-392
Sonepur,2021_08,Sonepur,112,0.0,21.9,7357,7429,112097,10.36,12.76,17.76,24303.0,95.8,5.94,5.57,4.58,4.03,5.03,LST_ODISHA_2021_08.tif,3.0,2.0,1.0,3.0,0.49,3.0,5,21-392
Sonepur,2021_09,Sonepur,112,0.0,4.83,7357,7429,112097,10.36,12.76,17.76,24303.0,95.8,5.94,5.57,4.58,4.03,5.03,LST_ODISHA_2021_09.tif,4.0,2.0,1.0,3.0,0.6,4.0,3,21-392
Sonepur,2021_10,Sonepur,112,0.0,55.0,7357,7429,112097,10.36,12.76,17.76,24303.0,95.8,5.94,5.57,4.58,4.03,5.03,LST_ODISHA_2021_10.tif,4.0,2.0,1.0,3.0,0.6,4.0,4,21-392
Sonepur,2021_11,Sonepur,112,0.0,2.13,7357,7429,112097,10.36,12.76,17.76,24303.0,95.8,5.94,5.57,4.58,4.03,5.03,LST_ODISHA_2021_11.tif,3.0,2.0,1.0,3.0,0.41,3.0,5,21-392
Sonepur,2021_12,Sonepur,112,0.0,0.0,7357,7429,112097,10.36,12.76,17.76,24303.0,95.8,5.94,5.57,4.58,4.03,5.03,LST_ODISHA_2021_12.tif,3.0,2.0,1.0,3.0,0.31,2.0,4,21-392
Sonepur,2022_01,Sonepur,112,0.0,0.0,7628,7454,113389,10.36,12.76,17.76,24303.0,95.8,5.94,5.57,4.58,4.03,5.03,LST_ODISHA_2022_01.tif,3.0,2.0,1.0,3.0,0.48,3.0,4,21-392
Sonepur,2022_02,Sonepur,112,0.0,0.0,7628,7454,113389,10.36,12.76,17.76,24303.0,95.8,5.94,5.57,4.58,4.03,5.03,LST_ODISHA_2022_02.tif,3.0,2.0,1.0,3.0,0.48,3.0,4,21-392
Sonepur,2022_03,Sonepur,112,0.0,37.7,7628,7454,113389,10.36,12.76,17.76,24303.0,95.8,5.94,5.57,4.58,4.03,5.03,LST_ODISHA_2022_03.tif,3.0,2.0,1.0,3.0,0.49,3.0,3,21-392
Sonepur,2022_04,Sonepur,112,0.0,0.0,7628,7454,113389,10.36,12.76,17.76,24303.0,95.8,5.94,5.57,4.58,4.03,5.03,LST_ODISHA_2022_04.tif,2.0,2.0,1.0,3.0,0.31,2.0,4,21-392
Sonepur,2022_05,Sonepur,112,0.0,17.01,7628,7454,113389,10.36,12.76,17.76,24303.0,95.8,5.94,5.57,4.58,4.03,5.03,LST_ODISHA_2022_05.tif,4.0,2.0,1.0,3.0,0.6,4.0,4,21-392
Sonepur,2022_06,Sonepur,112,0.0,15.17,7628,7454,113389,10.36,12.76,17.76,24303.0,95.8,5.94,5.57,4.58,4.03,5.03,LST_ODISHA_2022_06.tif,3.0,2.0,1.0,3.0,0.49,3.0,4,21-392
Sonepur,2022_07,Sonepur,112,0.0,11.86,7628,7454,113389,10.36,12.76,17.76,24303.0,95.8,5.94,5.57,4.58,4.03,5.03,LST_ODISHA_2022_07.tif,4.0,2.0,1.0,3.0,0.6,4.0,4,21-392
Sonepur,2022_08,Sonepur,112,0.0,21.16,7628,7454,113389,10.36,12.76,17.76,24303.0,95.8,5.94,5.57,4.58,4.03,5.03,LST_ODISHA_2022_08.tif,3.0,2.0,1.0,3.0,0.49,3.0,5,21-392
Sonepur,2022_09,Sonepur,112,0.0,7.88,7628,7454,113389,10.36,12.76,17.76,24303.0,95.8,5.94,5.57,4.58,4.03,5.03,LST_ODISHA_2022_09.tif,2.0,2.0,1.0,3.0,0.31,2.0,4,21-392
Sonepur,2022_10,Sonepur,112,0.0,35.78,7628,7454,113389,10.36,12.76,17.76,24303.0,95.8,5.94,5.57,4.58,4.03,5.03,LST_ODISHA_2022_10.tif,4.0,2.0,1.0,3.0,0.6,4.0,4,21-392
Sonepur,2022_11,Sonepur,112,0.0,0.0,7628,7454,113389,10.36,12.76,17.76,24303.0,95.8,5.94,5.57,4.58,4.03,5.03,LST_ODISHA_2022_11.tif,3.0,2.0,1.0,3.0,0.31,2.0,4,21-392
Sonepur,2022_12,Sonepur,112,0.0,0.0,7628,7454,113389,10.36,12.76,17.76,24303.0,95.8,5.94,5.57,4.58,4.03,5.03,LST_ODISHA_2022_12.tif,3.0,2.0,1.0,3.0,0.31,2.0,5,21-392
Sonepur,2023_01,Sonepur,112,0.0,0.0,7899,7478,114682,10.36,12.76,17.76,24303.0,95.8,5.94,5.57,4.58,4.03,5.03,LST_ODISHA_2023_01.tif,3.0,2.0,1.0,3.0,0.48,3.0,4,21-392
Sonepur,2023_02,Sonepur,112,0.0,0.0,7899,7478,114682,10.36,12.76,17.76,24303.0,95.8,5.94,5.57,4.58,4.03,5.03,LST_ODISHA_2023_02.tif,3.0,2.0,1.0,3.0,0.31,2.0,4,21-392
Sonepur,2023_03,Sonepur,112,0.0,10.05,7899,7478,114682,10.36,12.76,17.76,24303.0,95.8,5.94,5.57,4.58,4.03,5.03,LST_ODISHA_2023_03.tif,3.0,2.0,1.0,3.0,0.57,3.0,3,21-392
Sonepur,2023_04,Sonepur,112,0.0,0.0,7899,7478,114682,10.36,12.76,17.76,24303.0,95.8,5.94,5.57,4.58,4.03,5.03,LST_ODISHA_2023_04.tif,3.0,2.0,1.0,3.0,0.05,1.0,3,21-392
Sonepur,2023_05,Sonepur,112,0.0,4.25,7899,7478,114682,10.36,12.76,17.76,24303.0,95.8,5.94,5.57,4.58,4.03,5.03,LST_ODISHA_2023_05.tif,2.0,2.0,1.0,3.0,0.05,1.0,5,21-392
Sonepur,2023_06,Sonepur,112,0.0,23.21,7899,7478,114682,10.36,12.76,17.76,24303.0,95.8,5.94,5.57,4.58,4.03,5.03,LST_ODISHA_2023_06.tif,3.0,2.0,1.0,3.0,0.28,2.0,5,21-392
Sonepur,2023_07,Sonepur,112,0.0,38.04,7899,7478,114682,10.36,12.76,17.76,24303.0,95.8,5.94,5.57,4.58,4.03,5.03,LST_ODISHA_2023_07.tif,4.0,2.0,1.0,3.0,0.56,3.0,5,21-392
Sonepur,2023_08,Sonepur,112,0.0,19.15,7899,7478,114682,10.36,12.76,17.76,24303.0,95.8,5.94,5.57,4.58,4.03,5.03,LST_ODISHA_2023_08.tif,3.0,2.0,1.0,3.0,0.41,3.0,4,21-392
Sonepur,2023_09,Sonepur,112,0.0,33.15,7899,7478,114682,10.36,12.76,17.76,24303.0,95.8,5.94,5.57,4.58,4.03,5.03,LST_ODISHA_2023_09.tif,4.0,2.0,1.0,3.0,0.56,3.0,4,21-392
Sonepur,2023_10,Sonepur,112,0.0,43.04,7899,7478,114682,10.36,12.76,17.76,24303.0,95.8,5.94,5.57,4.58,4.03,5.03,LST_ODISHA_2023_10.tif,3.0,2.0,1.0,3.0,0.41,3.0,4,21-392
Sonepur,2023_11,Sonepur,112,0.0,4.85,7899,7478,114682,10.36,12.76,17.76,24303.0,95.8,5.94,5.57,4.58,4.03,5.03,LST_ODISHA_2023_11.tif,3.0,2.0,1.0,3.0,0.28,2.0,4,21-392
Sonepur,2023_12,Sonepur,112,0.0,0.0,7899,7478,114682,10.36,12.76,17.76,24303.0,95.8,5.94,5.57,4.58,4.03,5.03,LST_ODISHA_2023_12.tif,3.0,2.0,1.0,3.0,0.05,1.0,4,21-392
Sonepur,2024_01,Sonepur,112,0.0,0.0,8169,7503,115974,10.36,12.76,17.76,24303.0,95.8,5.94,5.57,4.58,4.03,5.03,LST_ODISHA_2024_01.tif,3.0,2.0,1.0,3.0,0.1,1.0,3,21-392
Sonepur,2024_02,Sonepur,112,0.0,0.13,8169,7503,115974,10.36,12.76,17.76,24303.0,95.8,5.94,5.57,4.58,4.03,5.03,LST_ODISHA_2024_02.tif,3.0,2.0,1.0,3.0,0.41,3.0,4,21-392
Sonepur,2024_03,Sonepur,112,317667.18,34.11,8169,7503,115974,10.36,12.76,17.76,24303.0,95.8,5.94,5.57,4.58,4.03,5.03,LST_ODISHA_2024_03.tif,2.0,2.0,1.0,3.0,0.38,2.0,2,21-392
Sonepur,2024_04,Sonepur,112,0.0,3.0,8169,7503,115974,10.36,12.76,17.76,24303.0,95.8,5.94,5.57,4.58,4.03,5.03,LST_ODISHA_2024_04.tif,2.0,2.0,1.0,3.0,0.31,2.0,2,21-392
Sonepur,2024_05,Sonepur,112,0.0,31.24,8169,7503,115974,10.36,12.76,17.76,24303.0,95.8,5.94,5.57,4.58,4.03,5.03,LST_ODISHA_2024_05.tif,3.0,2.0,1.0,4.0,0.49,3.0,4,21-392
Sonepur,2024_06,Sonepur,112,114565.37,53.41,8169,7503,115974,10.36,12.76,17.76,24303.0,95.8,5.94,5.57,4.58,4.03,5.03,LST_ODISHA_2024_06.tif,4.0,2.0,1.0,4.0,0.6,4.0,4,21-392
Sonepur,2024_07,Sonepur,112,0.0,24.44,8169,7503,115974,10.36,12.76,17.76,24303.0,95.8,5.94,5.57,4.58,4.03,5.03,LST_ODISHA_2024_07.tif,4.0,2.0,1.0,4.0,0.68,4.0,0,21-392
Sonepur,2024_08,Sonepur,112,0.0,2.1,8169,7503,115974,10.36,12.76,17.76,24303.0,95.8,5.94,5.57,4.58,4.03,5.03,LST_ODISHA_2024_08.tif,2.0,2.0,1.0,4.0,0.31,2.0,4,21-392
Sonepur,2024_09,Sonepur,112,0.0,21.75,8169,7503,115974,10.36,12.76,17.76,24303.0,95.8,5.94,5.57,4.58,4.03,5.03,LST_ODISHA_2024_09.tif,4.0,2.0,1.0,4.0,0.6,4.0,5,21-392
Sonepur,2024_10,Sonepur,112,0.0,74.94,8169,7503,115974,10.36,12.76,17.76,24303.0,95.8,5.94,5.57,4.58,4.03,5.03,LST_ODISHA_2024_10.tif,4.0,2.0,1.0,4.0,0.6,4.0,5,21-392
Sonepur,2024_11,Sonepur,112,0.0,1.52,8169,7503,115974,10.36,12.76,17.76,24303.0,95.8,5.94,5.57,4.58,4.03,5.03,LST_ODISHA_2024_11.tif,2.0,2.0,1.0,4.0,0.31,2.0,4,21-392
Sonepur,2024_12,Sonepur,112,0.0,0.0,8169,7503,115974,10.36,12.76,17.76,24303.0,95.8,5.94,5.57,4.58,4.03,5.03,LST_ODISHA_2024_12.tif,3.0,2.0,1.0,4.0,0.31,2.0,5,21-392
Sonepur,2025_01,Sonepur,112,0.0,0.0,8440,7528,117267,10.36,12.76,17.76,24303.0,95.8,5.94,5.57,4.58,4.03,5.03,LST_ODISHA_2025_01.tif,3.0,2.0,1.0,4.0,0.48,3.0,5,21-392
Sonepur,2025_02,Sonepur,112,0.0,0.0,8440,7528,117267,10.36,12.76,17.76,24303.0,95.8,5.94,5.57,4.58,4.03,5.03,LST_ODISHA_2025_02.tif,3.0,2.0,1.0,4.0,0.31,2.0,4,21-392
Sonepur,2025_03,Sonepur,112,0.0,42.72,8440,7528,117267,10.36,12.76,17.76,24303.0,95.8,5.94,5.57,4.58,4.03,5.03,LST_ODISHA_2025_03.tif,3.0,2.0,1.0,4.0,0.49,3.0,4,21-392
Sonepur,2025_04,Sonepur,112,410403.5,1.16,8440,7528,117267,10.36,12.76,17.76,24303.0,95.8,5.94,5.57,4.58,4.03,5.03,LST_ODISHA_2025_04.tif,2.0,2.0,1.0,3.0,0.31,2.0,4,21-392
Sonepur,2025_05,Sonepur,112,0.0,16.86,8440,7528,117267,10.36,12.76,17.76,24303.0,95.8,5.94,5.57,4.58,4.03,5.03,LST_ODISHA_2025_05.tif,5.0,2.0,1.0,3.0,0.68,4.0,4,21-392
Sonepur,2025_06,Sonepur,112,0.0,2.04,8440,7528,117267,10.36,12.76,17.76,24303.0,95.8,5.94,5.57,4.58,4.03,5.03,LST_ODISHA_2025_06.tif,3.0,2.0,1.0,3.0,0.41,3.0,5,21-392
Sonepur,2025_07,Sonepur,112,0.0,22.2,8440,7528,117267,10.36,12.76,17.76,24303.0,95.8,5.94,5.57,4.58,4.03,5.03,LST_ODISHA_2025_07.tif,3.0,2.0,1.0,3.0,0.49,3.0,0,21-392
Sonepur,2025_08,Sonepur,112,0.0,25.59,8440,7528,117267,10.36,12.76,17.76,24303.0,95.8,5.94,5.57,4.58,4.03,5.03,LST_ODISHA_2025_08.tif,4.0,2.0,1.0,3.0,0.6,4.0,5,21-392
Sonepur,2025_09,Sonepur,112,0.0,19.07,8440,7528,117267,10.36,12.76,17.76,24303.0,95.8,5.94,5.57,4.58,4.03,5.03,LST_ODISHA_2025_09.tif,4.0,2.0,1.0,3.0,0.54,3.0,4,21-392
Sonepur,2025_10,Sonepur,112,563693.33,42.36,8440,7528,117267,10.36,12.76,17.76,24303.0,95.8,5.94,5.57,4.58,4.03,5.03,LST_ODISHA_2025_10.tif,4.0,2.0,1.0,3.0,0.6,4.0,5,21-392
Sonepur,2025_11,Sonepur,112,0.0,0.51,8440,7528,117267,10.36,12.76,17.76,24303.0,95.8,5.94,5.57,4.58,4.03,5.03,LST_ODISHA_2025_11.tif,1.0,2.0,1.0,3.0,0.31,2.0,5,21-392
Sonepur,2025_12,Sonepur,112,0.0,0.0,8440,7528,117267,10.36,12.76,17.76,24303.0,95.8,5.94,5.57,4.58,4.03,5.03,LST_ODISHA_2025_12.tif,3.0,2.0,1.0,3.0,0.48,3.0,5,21-392
Sonepur,2026_01,Sonepur,112,0.0,0.0,8711,7553,118560,10.36,12.76,17.76,24303.0,95.8,5.94,5.57,4.58,4.03,5.03,LST_ODISHA_2026_01.tif,3.0,2.0,1.0,3.0,0.48,3.0,5,21-392
Sonepur,2026_02,Sonepur,112,0.0,0.0,8711,7553,118560,10.36,12.76,17.76,24303.0,95.8,5.94,5.57,4.58,4.03,5.03,LST_ODISHA_2026_02.tif,3.0,2.0,1.0,3.0,0.48,3.0,4,21-392
Sonepur,2026_03,Sonepur,112,0.0,26.14,8711,7553,118560,10.36,12.76,17.76,24303.0,95.8,5.94,5.57,4.58,4.03,5.03,LST_ODISHA_2026_03.tif,3.0,2.0,1.0,3.0,0.49,3.0,4,21-392
Sundargarh,2021_01,Sundargarh,460,0.0,0.0,7229,9941,140581,8.96,7.51,9.13,20311.82,82.8,5.65,7.32,5.44,6.51,6.23,LST_ODISHA_2021_01.tif,3.0,3.0,1.0,3.0,0.2,1.0,2,21-374
Sundargarh,2021_02,Sundargarh,460,0.0,0.94,7229,9941,140581,8.96,7.51,9.13,20311.82,82.8,5.65,7.32,5.44,6.51,6.23,LST_ODISHA_2021_02.tif,5.0,3.0,1.0,3.0,0.66,4.0,3,21-374
Sundargarh,2021_03,Sundargarh,460,0.0,39.62,7229,9941,140581,8.96,7.51,9.13,20311.82,82.8,5.65,7.32,5.44,6.51,6.23,LST_ODISHA_2021_03.tif,5.0,3.0,1.0,3.0,0.69,4.0,3,21-374
Sundargarh,2021_04,Sundargarh,460,6332.65,0.0,7229,9941,140581,8.96,7.51,9.13,20311.82,82.8,5.65,7.32,5.44,6.51,6.23,LST_ODISHA_2021_04.tif,3.0,3.0,1.0,3.0,0.31,2.0,4,21-374
Sundargarh,2021_05,Sundargarh,460,500717.0,4.83,7229,9941,140581,8.96,7.51,9.13,20311.82,82.8,5.65,7.32,5.44,6.51,6.23,LST_ODISHA_2021_05.tif,5.0,3.0,1.0,3.0,0.66,4.0,2,21-374
Sundargarh,2021_06,Sundargarh,460,0.0,1.35,7229,9941,140581,8.96,7.51,9.13,20311.82,82.8,5.65,7.32,5.44,6.51,6.23,LST_ODISHA_2021_06.tif,3.0,3.0,1.0,3.0,0.36,2.0,2,21-374
Sundargarh,2021_07,Sundargarh,460,1304278.94,18.09,7229,9941,140581,8.96,7.51,9.13,20311.82,82.8,5.65,7.32,5.44,6.51,6.23,LST_ODISHA_2021_07.tif,3.0,3.0,1.0,3.0,0.45,3.0,3,21-374
Sundargarh,2021_08,Sundargarh,460,39435126.65,15.97,7229,9941,140581,8.96,7.51,9.13,20311.82,82.8,5.65,7.32,5.44,6.51,6.23,LST_ODISHA_2021_08.tif,1.0,3.0,1.0,2.0,0.2,1.0,1,21-374
Sundargarh,2021_09,Sundargarh,460,549309.9,2.71,7229,9941,140581,8.96,7.51,9.13,20311.82,82.8,5.65,7.32,5.44,6.51,6.23,LST_ODISHA_2021_09.tif,3.0,3.0,1.0,2.0,0.43,3.0,3,21-374
Sundargarh,2021_10,Sundargarh,460,0.0,52.01,7229,9941,140581,8.96,7.51,9.13,20311.82,82.8,5.65,7.32,5.44,6.51,6.23,LST_ODISHA_2021_10.tif,3.0,3.0,1.0,2.0,0.43,3.0,3,21-374
Sundargarh,2021_11,Sundargarh,460,0.0,0.21,7229,9941,140581,8.96,7.51,9.13,20311.82,82.8,5.65,7.32,5.44,6.51,6.23,LST_ODISHA_2021_11.tif,2.0,3.0,1.0,2.0,0.2,1.0,3,21-374
Sundargarh,2021_12,Sundargarh,460,0.0,0.0,7229,9941,140581,8.96,7.51,9.13,20311.82,82.8,5.65,7.32,5.44,6.51,6.23,LST_ODISHA_2021_12.tif,3.0,3.0,1.0,2.0,0.2,1.0,2,21-374
Sundargarh,2022_01,Sundargarh,460,0.0,0.0,7512,10000,142411,8.96,7.51,9.13,20311.82,82.8,5.65,7.32,5.44,6.51,6.23,LST_ODISHA_2022_01.tif,3.0,3.0,1.0,2.0,0.33,2.0,1,21-374
Sundargarh,2022_02,Sundargarh,460,0.0,0.0,7512,10000,142411,8.96,7.51,9.13,20311.82,82.8,5.65,7.32,5.44,6.51,6.23,LST_ODISHA_2022_02.tif,3.0,3.0,1.0,2.0,0.33,2.0,1,21-374
Sundargarh,2022_03,Sundargarh,460,0.0,40.19,7512,10000,142411,8.96,7.51,9.13,20311.82,82.8,5.65,7.32,5.44,6.51,6.23,LST_ODISHA_2022_03.tif,5.0,3.0,1.0,2.0,0.64,4.0,2,21-374
Sundargarh,2022_04,Sundargarh,460,37761.57,0.43,7512,10000,142411,8.96,7.51,9.13,20311.82,82.8,5.65,7.32,5.44,6.51,6.23,LST_ODISHA_2022_04.tif,2.0,3.0,1.0,3.0,0.31,2.0,4,21-374
Sundargarh,2022_05,Sundargarh,460,0.0,18.71,7512,10000,142411,8.96,7.51,9.13,20311.82,82.8,5.65,7.32,5.44,6.51,6.23,LST_ODISHA_2022_05.tif,5.0,3.0,1.0,3.0,0.69,4.0,3,21-374
Sundargarh,2022_06,Sundargarh,460,0.0,26.29,7512,10000,142411,8.96,7.51,9.13,20311.82,82.8,5.65,7.32,5.44,6.51,6.23,LST_ODISHA_2022_06.tif,5.0,3.0,1.0,3.0,0.69,4.0,3,21-374
Sundargarh,2022_07,Sundargarh,460,0.0,12.43,7512,10000,142411,8.96,7.51,9.13,20311.82,82.8,5.65,7.32,5.44,6.51,6.23,LST_ODISHA_2022_07.tif,4.0,3.0,1.0,3.0,0.61,4.0,3,21-374
Sundargarh,2022_08,Sundargarh,460,0.0,18.85,7512,10000,142411,8.96,7.51,9.13,20311.82,82.8,5.65,7.32,5.44,6.51,6.23,LST_ODISHA_2022_08.tif,3.0,3.0,1.0,3.0,0.5,3.0,4,21-374
Sundargarh,2022_09,Sundargarh,460,0.0,6.47,7512,10000,142411,8.96,7.51,9.13,20311.82,82.8,5.65,7.32,5.44,6.51,6.23,LST_ODISHA_2022_09.tif,2.0,3.0,1.0,3.0,0.31,2.0,3,21-374
Sundargarh,2022_10,Sundargarh,460,0.0,32.97,7512,10000,142411,8.96,7.51,9.13,20311.82,82.8,5.65,7.32,5.44,6.51,6.23,LST_ODISHA_2022_10.tif,4.0,3.0,1.0,3.0,0.61,4.0,3,21-374
Sundargarh,2022_11,Sundargarh,460,0.0,0.0,7512,10000,142411,8.96,7.51,9.13,20311.82,82.8,5.65,7.32,5.44,6.51,6.23,LST_ODISHA_2022_11.tif,3.0,3.0,1.0,3.0,0.31,2.0,2,21-374
Sundargarh,2022_12,Sundargarh,460,0.0,0.0,7512,10000,142411,8.96,7.51,9.13,20311.82,82.8,5.65,7.32,5.44,6.51,6.23,LST_ODISHA_2022_12.tif,3.0,3.0,1.0,3.0,0.31,2.0,2,21-374
Sundargarh,2023_01,Sundargarh,460,6323.6,0.0,7796,10059,144241,8.96,7.51,9.13,20311.82,82.8,5.65,7.32,5.44,6.51,6.23,LST_ODISHA_2023_01.tif,3.0,3.0,1.0,3.0,0.5,3.0,2,21-374
Sundargarh,2023_02,Sundargarh,460,0.0,0.06,7796,10059,144241,8.96,7.51,9.13,20311.82,82.8,5.65,7.32,5.44,6.51,6.23,LST_ODISHA_2023_02.tif,3.0,3.0,1.0,3.0,0.31,2.0,3,21-374
Sundargarh,2023_03,Sundargarh,460,0.0,11.97,7796,10059,144241,8.96,7.51,9.13,20311.82,82.8,5.65,7.32,5.44,6.51,6.23,LST_ODISHA_2023_03.tif,3.0,3.0,1.0,3.0,0.58,3.0,4,21-374
Sundargarh,2023_04,Sundargarh,460,0.0,0.0,7796,10059,144241,8.96,7.51,9.13,20311.82,82.8,5.65,7.32,5.44,6.51,6.23,LST_ODISHA_2023_04.tif,3.0,3.0,1.0,3.0,0.1,1.0,4,21-374
Sundargarh,2023_05,Sundargarh,460,0.0,2.37,7796,10059,144241,8.96,7.51,9.13,20311.82,82.8,5.65,7.32,5.44,6.51,6.23,LST_ODISHA_2023_05.tif,2.0,3.0,1.0,3.0,0.1,1.0,5,21-374
Sundargarh,2023_06,Sundargarh,460,0.0,25.68,7796,10059,144241,8.96,7.51,9.13,20311.82,82.8,5.65,7.32,5.44,6.51,6.23,LST_ODISHA_2023_06.tif,3.0,3.0,1.0,3.0,0.3,2.0,4,21-374
Sundargarh,2023_07,Sundargarh,460,0.0,43.52,7796,10059,144241,8.96,7.51,9.13,20311.82,82.8,5.65,7.32,5.44,6.51,6.23,LST_ODISHA_2023_07.tif,5.0,3.0,1.0,3.0,0.66,4.0,3,21-374
Sundargarh,2023_08,Sundargarh,460,0.0,14.87,7796,10059,144241,8.96,7.51,9.13,20311.82,82.8,5.65,7.32,5.44,6.51,6.23,LST_ODISHA_2023_08.tif,2.0,3.0,1.0,3.0,0.24,2.0,3,21-374
Sundargarh,2023_09,Sundargarh,460,0.0,29.28,7796,10059,144241,8.96,7.51,9.13,20311.82,82.8,5.65,7.32,5.44,6.51,6.23,LST_ODISHA_2023_09.tif,3.0,3.0,1.0,3.0,0.42,3.0,2,21-374
Sundargarh,2023_10,Sundargarh,460,0.0,41.15,7796,10059,144241,8.96,7.51,9.13,20311.82,82.8,5.65,7.32,5.44,6.51,6.23,LST_ODISHA_2023_10.tif,3.0,3.0,1.0,3.0,0.42,3.0,3,21-374
Sundargarh,2023_11,Sundargarh,460,0.0,2.37,7796,10059,144241,8.96,7.51,9.13,20311.82,82.8,5.65,7.32,5.44,6.51,6.23,LST_ODISHA_2023_11.tif,2.0,3.0,1.0,3.0,0.1,1.0,2,21-374
Sundargarh,2023_12,Sundargarh,460,0.0,0.0,7796,10059,144241,8.96,7.51,9.13,20311.82,82.8,5.65,7.32,5.44,6.51,6.23,LST_ODISHA_2023_12.tif,3.0,3.0,1.0,3.0,0.1,1.0,1,21-374
Sundargarh,2024_01,Sundargarh,460,0.0,0.0,8079,10118,146071,8.96,7.51,9.13,20311.82,82.8,5.65,7.32,5.44,6.51,6.23,LST_ODISHA_2024_01.tif,3.0,3.0,1.0,3.0,0.2,1.0,1,21-374
Sundargarh,2024_02,Sundargarh,460,0.0,0.0,8079,10118,146071,8.96,7.51,9.13,20311.82,82.8,5.65,7.32,5.44,6.51,6.23,LST_ODISHA_2024_02.tif,2.0,3.0,1.0,3.0,0.31,2.0,1,21-374
Sundargarh,2024_03,Sundargarh,460,499917.68,30.63,8079,10118,146071,8.96,7.51,9.13,20311.82,82.8,5.65,7.32,5.44,6.51,6.23,LST_ODISHA_2024_03.tif,2.0,3.0,1.0,3.0,0.39,2.0,2,21-374
Sundargarh,2024_04,Sundargarh,460,0.0,1.54,8079,10118,146071,8.96,7.51,9.13,20311.82,82.8,5.65,7.32,5.44,6.51,6.23,LST_ODISHA_2024_04.tif,2.0,3.0,1.0,3.0,0.31,2.0,4,21-374
Sundargarh,2024_05,Sundargarh,460,0.0,25.89,8079,10118,146071,8.96,7.51,9.13,20311.82,82.8,5.65,7.32,5.44,6.51,6.23,LST_ODISHA_2024_05.tif,2.0,3.0,1.0,4.0,0.39,2.0,3,21-374
Sundargarh,2024_06,Sundargarh,460,0.0,56.3,8079,10118,146071,8.96,7.51,9.13,20311.82,82.8,5.65,7.32,5.44,6.51,6.23,LST_ODISHA_2024_06.tif,4.0,3.0,1.0,4.0,0.61,4.0,3,21-374
Sundargarh,2024_07,Sundargarh,460,0.0,28.58,8079,10118,146071,8.96,7.51,9.13,20311.82,82.8,5.65,7.32,5.44,6.51,6.23,LST_ODISHA_2024_07.tif,4.0,3.0,1.0,4.0,0.69,4.0,5,21-374
Sundargarh,2024_08,Sundargarh,460,206631.88,5.62,8079,10118,146071,8.96,7.51,9.13,20311.82,82.8,5.65,7.32,5.44,6.51,6.23,LST_ODISHA_2024_08.tif,3.0,3.0,1.0,4.0,0.42,3.0,3,21-374
Sundargarh,2024_09,Sundargarh,460,0.0,20.7,8079,10118,146071,8.96,7.51,9.13,20311.82,82.8,5.65,7.32,5.44,6.51,6.23,LST_ODISHA_2024_09.tif,3.0,3.0,1.0,4.0,0.5,3.0,3,21-374
Sundargarh,2024_10,Sundargarh,460,0.0,72.16,8079,10118,146071,8.96,7.51,9.13,20311.82,82.8,5.65,7.32,5.44,6.51,6.23,LST_ODISHA_2024_10.tif,3.0,3.0,1.0,4.0,0.5,3.0,4,21-374
Sundargarh,2024_11,Sundargarh,460,0.0,1.94,8079,10118,146071,8.96,7.51,9.13,20311.82,82.8,5.65,7.32,5.44,6.51,6.23,LST_ODISHA_2024_11.tif,2.0,3.0,1.0,4.0,0.31,2.0,3,21-374
Sundargarh,2024_12,Sundargarh,460,0.0,0.0,8079,10118,146071,8.96,7.51,9.13,20311.82,82.8,5.65,7.32,5.44,6.51,6.23,LST_ODISHA_2024_12.tif,3.0,3.0,1.0,4.0,0.31,2.0,2,21-374
Sundargarh,2025_01,Sundargarh,460,6897919.01,0.0,8363,10178,147901,8.96,7.51,9.13,20311.82,82.8,5.65,7.32,5.44,6.51,6.23,LST_ODISHA_2025_01.tif,3.0,3.0,1.0,3.0,0.4,2.0,2,21-374
Sundargarh,2025_02,Sundargarh,460,153745.35,0.0,8363,10178,147901,8.96,7.51,9.13,20311.82,82.8,5.65,7.32,5.44,6.51,6.23,LST_ODISHA_2025_02.tif,3.0,3.0,1.0,3.0,0.24,2.0,3,21-374
Sundargarh,2025_03,Sundargarh,460,0.0,44.82,8363,10178,147901,8.96,7.51,9.13,20311.82,82.8,5.65,7.32,5.44,6.51,6.23,LST_ODISHA_2025_03.tif,4.0,3.0,1.0,3.0,0.58,3.0,3,21-374
Sundargarh,2025_04,Sundargarh,460,0.0,0.06,8363,10178,147901,8.96,7.51,9.13,20311.82,82.8,5.65,7.32,5.44,6.51,6.23,LST_ODISHA_2025_04.tif,2.0,3.0,1.0,3.0,0.31,2.0,3,21-374
Sundargarh,2025_05,Sundargarh,460,0.0,11.75,8363,10178,147901,8.96,7.51,9.13,20311.82,82.8,5.65,7.32,5.44,6.51,6.23,LST_ODISHA_2025_05.tif,4.0,3.0,1.0,3.0,0.58,3.0,3,21-374
Sundargarh,2025_06,Sundargarh,460,0.0,5.0,8363,10178,147901,8.96,7.51,9.13,20311.82,82.8,5.65,7.32,5.44,6.51,6.23,LST_ODISHA_2025_06.tif,5.0,3.0,1.0,3.0,0.69,4.0,3,21-374
Sundargarh,2025_07,Sundargarh,460,0.0,19.39,8363,10178,147901,8.96,7.51,9.13,20311.82,82.8,5.65,7.32,5.44,6.51,6.23,LST_ODISHA_2025_07.tif,3.0,3.0,1.0,3.0,0.5,3.0,4,21-374
Sundargarh,2025_08,Sundargarh,460,0.0,17.4,8363,10178,147901,8.96,7.51,9.13,20311.82,82.8,5.65,7.32,5.44,6.51,6.23,LST_ODISHA_2025_08.tif,1.0,3.0,1.0,3.0,0.31,2.0,4,21-374
Sundargarh,2025_09,Sundargarh,460,0.0,22.57,8363,10178,147901,8.96,7.51,9.13,20311.82,82.8,5.65,7.32,5.44,6.51,6.23,LST_ODISHA_2025_09.tif,5.0,3.0,1.0,4.0,0.69,4.0,3,21-374
Sundargarh,2025_10,Sundargarh,460,0.0,39.51,8363,10178,147901,8.96,7.51,9.13,20311.82,82.8,5.65,7.32,5.44,6.51,6.23,LST_ODISHA_2025_10.tif,2.0,3.0,1.0,3.0,0.39,2.0,4,21-374
Sundargarh,2025_11,Sundargarh,460,0.0,0.83,8363,10178,147901,8.96,7.51,9.13,20311.82,82.8,5.65,7.32,5.44,6.51,6.23,LST_ODISHA_2025_11.tif,2.0,3.0,1.0,3.0,0.39,2.0,3,21-374
Sundargarh,2025_12,Sundargarh,460,0.0,0.0,8363,10178,147901,8.96,7.51,9.13,20311.82,82.8,5.65,7.32,5.44,6.51,6.23,LST_ODISHA_2025_12.tif,3.0,3.0,1.0,3.0,0.5,3.0,2,21-374
Sundargarh,2026_01,Sundargarh,460,0.0,0.0,8646,10237,149732,8.96,7.51,9.13,20311.82,82.8,5.65,7.32,5.44,6.51,6.23,LST_ODISHA_2026_01.tif,3.0,3.0,1.0,3.0,0.5,3.0,2,21-374
Sundargarh,2026_02,Sundargarh,460,0.0,0.0,8646,10237,149732,8.96,7.51,9.13,20311.82,82.8,5.65,7.32,5.44,6.51,6.23,LST_ODISHA_2026_02.tif,3.0,3.0,1.0,3.0,0.5,3.0,2,21-374
Sundargarh,2026_03,Sundargarh,460,0.0,35.7,8646,10237,149732,8.96,7.51,9.13,20311.82,82.8,5.65,7.32,5.44,6.51,6.23,LST_ODISHA_2026_03.tif,5.0,3.0,1.0,3.0,0.69,4.0,3,21-374
