district,timeperiod,district_population,population_z,exposure
Anugul,2021_01,1406704.08984375,-0.2362774467637818,3
Anugul,2021_02,1406704.08984375,-0.2362774467637818,3
Anugul,2021_03,1406704.08984375,-0.2362774467637818,3
Anugul,2021_04,1406704.08984375,-0.2362774467637818,3
Anugul,2021_05,1406704.08984375,-0.2362774467637818,3
Anugul,2021_06,1406704.08984375,-0.2362774467637818,3
Anugul,2021_07,1406704.08984375,-0.2362774467637818,3
Anugul,2021_08,1406704.08984375,-0.2362774467637818,3
Anugul,2021_09,1406704.08984375,-0.2362774467637818,3
Anugul,2021_10,1406704.08984375,-0.2362774467637818,3
Anugul,2021_11,1406704.08984375,-0.2362774467637818,3
Anugul,2021_12,1406704.08984375,-0.2362774467637818,3
Anugul,2022_01,1421588.3656250006,-0.24026470166949027,3
Anugul,2022_02,1421588.3656250006,-0.24026470166949027,3
Anugul,2022_03,1421588.3656250006,-0.24026470166949027,3
Anugul,2022_04,1421588.3656250006,-0.24026470166949027,3
Anugul,2022_05,1421588.3656250006,-0.24026470166949027,3
Anugul,2022_06,1421588.3656250006,-0.24026470166949027,3
Anugul,2022_07,1421588.3656250006,-0.24026470166949027,3
Anugul,2022_08,1421588.3656250006,-0.24026470166949027,3
Anugul,2022_09,1421588.3656250006,-0.24026470166949027,3
Anugul,2022_10,1421588.3656250006,-0.24026470166949027,3
Anugul,2022_11,1421588.3656250006,-0.24026470166949027,3
Anugul,2022_12,1421588.3656250006,-0.24026470166949027,3
Anugul,2023_01,1436472.6414062502,-0.24414739797317905,3
Anugul,2023_02,1436472.6414062502,-0.24414739797317905,3
Anugul,2023_03,1436472.6414062502,-0.24414739797317905,3
Anugul,2023_04,1436472.6414062502,-0.24414739797317905,3
Anugul,2023_05,1436472.6414062502,-0.24414739797317905,3
Anugul,2023_06,1436472.6414062502,-0.24414739797317905,3
Anugul,2023_07,1436472.6414062502,-0.24414739797317905,3
Anugul,2023_08,1436472.6414062502,-0.24414739797317905,3
Anugul,2023_09,1436472.6414062502,-0.24414739797317905,3
Anugul,2023_10,1436472.6414062502,-0.24414739797317905,3
Anugul,2023_11,1436472.6414062502,-0.24414739797317905,3
Anugul,2023_12,1436472.6414062502,-0.24414739797317905,3
Anugul,2024_01,1451356.9171874998,-0.24792924239895706,3
Anugul,2024_02,1451356.9171874998,-0.24792924239895706,3
Anugul,2024_03,1451356.9171874998,-0.24792924239895706,3
Anugul,2024_04,1451356.9171874998,-0.24792924239895706,3
Anugul,2024_05,1451356.9171874998,-0.24792924239895706,3
Anugul,2024_06,1451356.9171874998,-0.24792924239895706,3
Anugul,2024_07,1451356.9171874998,-0.24792924239895706,3
Anugul,2024_08,1451356.9171874998,-0.24792924239895706,3
Anugul,2024_09,1451356.9171874998,-0.24792924239895706,3
Anugul,2024_10,1451356.9171874998,-0.24792924239895706,3
Anugul,2024_11,1451356.9171874998,-0.24792924239895706,3
Anugul,2024_12,1451356.9171874998,-0.24792924239895706,3
Anugul,2025_01,1466241.1929687504,-0.25161378594006767,3
Anugul,2025_02,1466241.1929687504,-0.25161378594006767,3
Anugul,2025_03,1466241.1929687504,-0.25161378594006767,3
Anugul,2025_04,1466241.1929687504,-0.25161378594006767,3
Anugul,2025_05,1466241.1929687504,-0.25161378594006767,3
Anugul,2025_06,1466241.1929687504,-0.25161378594006767,3
Anugul,2025_07,1466241.1929687504,-0.25161378594006767,3
Anugul,2025_08,1466241.1929687504,-0.25161378594006767,3
Anugul,2025_09,1466241.1929687504,-0.25161378594006767,3
Anugul,2025_10,1466241.1929687504,-0.25161378594006767,3
Anugul,2025_11,1466241.1929687504,-0.25161378594006767,3
Anugul,2025_12,1466241.1929687504,-0.25161378594006767,3
Anugul,2026_01,1481125.46875,-0.2552044308277881,3
Anugul,2026_02,1481125.46875,-0.2552044308277881,3
Anugul,2026_03,1481125.46875,-0.2552044308277881,3
Anugul,2026_04,1481125.46875,-0.2552044308277881,3
Anugul,2026_05,1481125.46875,-0.2552044308277881,3
Anugul,2026_06,1481125.46875,-0.2552044308277881,3
Balangir,2021_01,2069657.0234375,0.5604324814475726,4
Balangir,2021_02,2069657.0234375,0.5604324814475726,4
Balangir,2021_03,2069657.0234375,0.5604324814475726,4
Balangir,2021_04,2069657.0234375,0.5604324814475726,4
Balangir,2021_05,2069657.0234375,0.5604324814475726,4
Balangir,2021_06,2069657.0234375,0.5604324814475726,4
Balangir,2021_07,2069657.0234375,0.5604324814475726,4
Balangir,2021_08,2069657.0234375,0.5604324814475726,4
Balangir,2021_09,2069657.0234375,0.5604324814475726,4
Balangir,2021_10,2069657.0234375,0.5604324814475726,4
Balangir,2021_11,2069657.0234375,0.5604324814475726,4
Balangir,2021_12,2069657.0234375,0.5604324814475726,4
Balangir,2022_01,2109615.6742187515,0.5763761500709852,4
Balangir,2022_02,2109615.6742187515,0.5763761500709852,4
Balangir,2022_03,2109615.6742187515,0.5763761500709852,4
Balangir,2022_04,2109615.6742187515,0.5763761500709852,4
Balangir,2022_05,2109615.6742187515,0.5763761500709852,4
Balangir,2022_06,2109615.6742187515,0.5763761500709852,4
Balangir,2022_07,2109615.6742187515,0.5763761500709852,4
Balangir,2022_08,2109615.6742187515,0.5763761500709852,4
Balangir,2022_09,2109615.6742187515,0.5763761500709852,4
Balangir,2022_10,2109615.6742187515,0.5763761500709852,4
Balangir,2022_11,2109615.6742187515,0.5763761500709852,4
Balangir,2022_12,2109615.6742187515,0.5763761500709852,4
Balangir,2023_01,2149574.325000001,0.5919133114437213,4
Balangir,2023_02,2149574.325000001,0.5919133114437213,4
Balangir,2023_03,2149574.325000001,0.5919133114437213,4
Balangir,2023_04,2149574.325000001,0.5919133114437213,4
Balangir,2023_05,2149574.325000001,0.5919133114437213,4
Balangir,2023_06,2149574.325000001,0.5919133114437213,4
Balangir,2023_07,2149574.325000001,0.5919133114437213,4
Balangir,2023_08,2149574.325000001,0.5919133114437213,4
Balangir,2023_09,2149574.325000001,0.5919133114437213,4
Balangir,2023_10,2149574.325000001,0.5919133114437213,4
Balangir,2023_11,2149574.325000001,0.5919133114437213,4
Balangir,2023_12,2149574.325000001,0.5919133114437213,4
Balangir,2024_01,2189532.9757812503,0.6070579524079953,4
Balangir,2024_02,2189532.9757812503,0.6070579524079953,4
Balangir,2024_03,2189532.9757812503,0.6070579524079953,4
Balangir,2024_04,2189532.9757812503,0.6070579524079953,4
Balangir,2024_05,2189532.9757812503,0.6070579524079953,4
Balangir,2024_06,2189532.9757812503,0.6070579524079953,4
Balangir,2024_07,2189532.9757812503,0.6070579524079953,4
Balangir,2024_08,2189532.9757812503,0.6070579524079953,4
Balangir,2024_09,2189532.9757812503,0.6070579524079953,4
Balangir,2024_10,2189532.9757812503,0.6070579524079953,4
Balangir,2024_11,2189532.9757812503,0.6070579524079953,4
Balangir,2024_12,2189532.9757812503,0.6070579524079953,4
Balangir,2025_01,2229491.6265625022,0.6218234938451647,4
Balangir,2025_02,2229491.6265625022,0.6218234938451647,4
Balangir,2025_03,2229491.6265625022,0.6218234938451647,4
Balangir,2025_04,2229491.6265625022,0.6218234938451647,4
Balangir,2025_05,2229491.6265625022,0.6218234938451647,4
Balangir,2025_06,2229491.6265625022,0.6218234938451647,4
Balangir,2025_07,2229491.6265625022,0.6218234938451647,4
Balangir,2025_08,2229491.6265625022,0.6218234938451647,4
Balangir,2025_09,2229491.6265625022,0.6218234938451647,4
Balangir,2025_10,2229491.6265625022,0.6218234938451647,4
Balangir,2025_11,2229491.6265625022,0.6218234938451647,4
Balangir,2025_12,2229491.6265625022,0.6218234938451647,4
Balangir,2026_01,2269450.27734375,0.6362228145226896,4
Balangir,2026_02,2269450.27734375,0.6362228145226896,4
Balangir,2026_03,2269450.27734375,0.6362228145226896,4
Balangir,2026_04,2269450.27734375,0.6362228145226896,4
Balangir,2026_05,2269450.27734375,0.6362228145226896,4
Balangir,2026_06,2269450.27734375,0.6362228145226896,4
Baleshwar,2021_01,2531461.1796875,1.1154099731062825,4
Baleshwar,2021_02,2531461.1796875,1.1154099731062825,4
Baleshwar,2021_03,2531461.1796875,1.1154099731062825,4
Baleshwar,2021_04,2531461.1796875,1.1154099731062825,4
Baleshwar,2021_05,2531461.1796875,1.1154099731062825,4
Baleshwar,2021_06,2531461.1796875,1.1154099731062825,4
Baleshwar,2021_07,2531461.1796875,1.1154099731062825,4
Baleshwar,2021_08,2531461.1796875,1.1154099731062825,4
Baleshwar,2021_09,2531461.1796875,1.1154099731062825,4
Baleshwar,2021_10,2531461.1796875,1.1154099731062825,4
Baleshwar,2021_11,2531461.1796875,1.1154099731062825,4
Baleshwar,2021_12,2531461.1796875,1.1154099731062825,4
Baleshwar,2022_01,2564310.9687499995,1.1160680314402378,4
Baleshwar,2022_02,2564310.9687499995,1.1160680314402378,4
Baleshwar,2022_03,2564310.9687499995,1.1160680314402378,4
Baleshwar,2022_04,2564310.9687499995,1.1160680314402378,4
Baleshwar,2022_05,2564310.9687499995,1.1160680314402378,4
Baleshwar,2022_06,2564310.9687499995,1.1160680314402378,4
Baleshwar,2022_07,2564310.9687499995,1.1160680314402378,4
Baleshwar,2022_08,2564310.9687499995,1.1160680314402378,4
Baleshwar,2022_09,2564310.9687499995,1.1160680314402378,4
Baleshwar,2022_10,2564310.9687499995,1.1160680314402378,4
Baleshwar,2022_11,2564310.9687499995,1.1160680314402378,4
Baleshwar,2022_12,2564310.9687499995,1.1160680314402378,4
Baleshwar,2023_01,2597160.7578125,1.1166763840208744,4
Baleshwar,2023_02,2597160.7578125,1.1166763840208744,4
Baleshwar,2023_03,2597160.7578125,1.1166763840208744,4
Baleshwar,2023_04,2597160.7578125,1.1166763840208744,4
Baleshwar,2023_05,2597160.7578125,1.1166763840208744,4
Baleshwar,2023_06,2597160.7578125,1.1166763840208744,4
Baleshwar,2023_07,2597160.7578125,1.1166763840208744,4
Baleshwar,2023_08,2597160.7578125,1.1166763840208744,4
Baleshwar,2023_09,2597160.7578125,1.1166763840208744,4
Baleshwar,2023_10,2597160.7578125,1.1166763840208744,4
Baleshwar,2023_11,2597160.7578125,1.1166763840208744,4
Baleshwar,2023_12,2597160.7578125,1.1166763840208744,4
Baleshwar,2024_01,2630010.5468750005,1.1172379812784328,4
Baleshwar,2024_02,2630010.5468750005,1.1172379812784328,4
Baleshwar,2024_03,2630010.5468750005,1.1172379812784328,4
Baleshwar,2024_04,2630010.5468750005,1.1172379812784328,4
Baleshwar,2024_05,2630010.5468750005,1.1172379812784328,4
Baleshwar,2024_06,2630010.5468750005,1.1172379812784328,4
Baleshwar,2024_07,2630010.5468750005,1.1172379812784328,4
Baleshwar,2024_08,2630010.5468750005,1.1172379812784328,4
Baleshwar,2024_09,2630010.5468750005,1.1172379812784328,4
Baleshwar,2024_10,2630010.5468750005,1.1172379812784328,4
Baleshwar,2024_11,2630010.5468750005,1.1172379812784328,4
Baleshwar,2024_12,2630010.5468750005,1.1172379812784328,4
Baleshwar,2025_01,2662860.3359375,1.1177555890007194,4
Baleshwar,2025_02,2662860.3359375,1.1177555890007194,4
Baleshwar,2025_03,2662860.3359375,1.1177555890007194,4
Baleshwar,2025_04,2662860.3359375,1.1177555890007194,4
Baleshwar,2025_05,2662860.3359375,1.1177555890007194,4
Baleshwar,2025_06,2662860.3359375,1.1177555890007194,4
Baleshwar,2025_07,2662860.3359375,1.1177555890007194,4
Baleshwar,2025_08,2662860.3359375,1.1177555890007194,4
Baleshwar,2025_09,2662860.3359375,1.1177555890007194,4
Baleshwar,2025_10,2662860.3359375,1.1177555890007194,4
Baleshwar,2025_11,2662860.3359375,1.1177555890007194,4
Baleshwar,2025_12,2662860.3359375,1.1177555890007194,4
Baleshwar,2026_01,2695710.125,1.1182318007393612,4
Baleshwar,2026_02,2695710.125,1.1182318007393612,4
Baleshwar,2026_03,2695710.125,1.1182318007393612,4
Baleshwar,2026_04,2695710.125,1.1182318007393612,4
Baleshwar,2026_05,2695710.125,1.1182318007393612,4
Baleshwar,2026_06,2695710.125,1.1182318007393612,4
Bargarh,2021_01,1576499.7734375,-0.03222388574662642,3
Bargarh,2021_02,1576499.7734375,-0.03222388574662642,3
Bargarh,2021_03,1576499.7734375,-0.03222388574662642,3
Bargarh,2021_04,1576499.7734375,-0.03222388574662642,3
Bargarh,2021_05,1576499.7734375,-0.03222388574662642,3
Bargarh,2021_06,1576499.7734375,-0.03222388574662642,3
Bargarh,2021_07,1576499.7734375,-0.03222388574662642,3
Bargarh,2021_08,1576499.7734375,-0.03222388574662642,3
Bargarh,2021_09,1576499.7734375,-0.03222388574662642,3
Bargarh,2021_10,1576499.7734375,-0.03222388574662642,3
Bargarh,2021_11,1576499.7734375,-0.03222388574662642,3
Bargarh,2021_12,1576499.7734375,-0.03222388574662642,3
Bargarh,2022_01,1591535.86171875,-0.0385487723340347,3
Bargarh,2022_02,1591535.86171875,-0.0385487723340347,3
Bargarh,2022_03,1591535.86171875,-0.0385487723340347,3
Bargarh,2022_04,1591535.86171875,-0.0385487723340347,3
Bargarh,2022_05,1591535.86171875,-0.0385487723340347,3
Bargarh,2022_06,1591535.86171875,-0.0385487723340347,3
Bargarh,2022_07,1591535.86171875,-0.0385487723340347,3
Bargarh,2022_08,1591535.86171875,-0.0385487723340347,3
Bargarh,2022_09,1591535.86171875,-0.0385487723340347,3
Bargarh,2022_10,1591535.86171875,-0.0385487723340347,3
Bargarh,2022_11,1591535.86171875,-0.0385487723340347,3
Bargarh,2022_12,1591535.86171875,-0.0385487723340347,3
Bargarh,2023_01,1606571.95,-0.04471812738512554,3
Bargarh,2023_02,1606571.95,-0.04471812738512554,3
Bargarh,2023_03,1606571.95,-0.04471812738512554,3
Bargarh,2023_04,1606571.95,-0.04471812738512554,3
Bargarh,2023_05,1606571.95,-0.04471812738512554,3
Bargarh,2023_06,1606571.95,-0.04471812738512554,3
Bargarh,2023_07,1606571.95,-0.04471812738512554,3
Bargarh,2023_08,1606571.95,-0.04471812738512554,3
Bargarh,2023_09,1606571.95,-0.04471812738512554,3
Bargarh,2023_10,1606571.95,-0.04471812738512554,3
Bargarh,2023_11,1606571.95,-0.04471812738512554,3
Bargarh,2023_12,1606571.95,-0.04471812738512554,3
Bargarh,2024_01,1621608.0382812498,-0.050737086487011814,3
Bargarh,2024_02,1621608.0382812498,-0.050737086487011814,3
Bargarh,2024_03,1621608.0382812498,-0.050737086487011814,3
Bargarh,2024_04,1621608.0382812498,-0.050737086487011814,3
Bargarh,2024_05,1621608.0382812498,-0.050737086487011814,3
Bargarh,2024_06,1621608.0382812498,-0.050737086487011814,3
Bargarh,2024_07,1621608.0382812498,-0.050737086487011814,3
Bargarh,2024_08,1621608.0382812498,-0.050737086487011814,3
Bargarh,2024_09,1621608.0382812498,-0.050737086487011814,3
Bargarh,2024_10,1621608.0382812498,-0.050737086487011814,3
Bargarh,2024_11,1621608.0382812498,-0.050737086487011814,3
Bargarh,2024_12,1621608.0382812498,-0.050737086487011814,3
Bargarh,2025_01,1636644.1265625,-0.056610588778744,3
Bargarh,2025_02,1636644.1265625,-0.056610588778744,3
Bargarh,2025_03,1636644.1265625,-0.056610588778744,3
Bargarh,2025_04,1636644.1265625,-0.056610588778744,3
Bargarh,2025_05,1636644.1265625,-0.056610588778744,3
Bargarh,2025_06,1636644.1265625,-0.056610588778744,3
Bargarh,2025_07,1636644.1265625,-0.056610588778744,3
Bargarh,2025_08,1636644.1265625,-0.056610588778744,3
Bargarh,2025_09,1636644.1265625,-0.056610588778744,3
Bargarh,2025_10,1636644.1265625,-0.056610588778744,3
Bargarh,2025_11,1636644.1265625,-0.056610588778744,3
Bargarh,2025_12,1636644.1265625,-0.056610588778744,3
Bargarh,2026_01,1651680.21484375,-0.06234338442356221,3
Bargarh,2026_02,1651680.21484375,-0.06234338442356221,3
Bargarh,2026_03,1651680.21484375,-0.06234338442356221,3
Bargarh,2026_04,1651680.21484375,-0.06234338442356221,3
Bargarh,2026_05,1651680.21484375,-0.06234338442356221,3
Bargarh,2026_06,1651680.21484375,-0.06234338442356221,3
Bhadrak,2021_01,1634764.34765625,0.03779611475544704,3
Bhadrak,2021_02,1634764.34765625,0.03779611475544704,3
Bhadrak,2021_03,1634764.34765625,0.03779611475544704,3
Bhadrak,2021_04,1634764.34765625,0.03779611475544704,3
Bhadrak,2021_05,1634764.34765625,0.03779611475544704,3
Bhadrak,2021_06,1634764.34765625,0.03779611475544704,3
Bhadrak,2021_07,1634764.34765625,0.03779611475544704,3
Bhadrak,2021_08,1634764.34765625,0.03779611475544704,3
Bhadrak,2021_09,1634764.34765625,0.03779611475544704,3
Bhadrak,2021_10,1634764.34765625,0.03779611475544704,3
Bhadrak,2021_11,1634764.34765625,0.03779611475544704,3
Bhadrak,2021_12,1634764.34765625,0.03779611475544704,3
Bhadrak,2022_01,1654537.4289062503,0.036229732597902006,3
Bhadrak,2022_02,1654537.4289062503,0.036229732597902006,3
Bhadrak,2022_03,1654537.4289062503,0.036229732597902006,3
Bhadrak,2022_04,1654537.4289062503,0.036229732597902006,3
Bhadrak,2022_05,1654537.4289062503,0.036229732597902006,3
Bhadrak,2022_06,1654537.4289062503,0.036229732597902006,3
Bhadrak,2022_07,1654537.4289062503,0.036229732597902006,3
Bhadrak,2022_08,1654537.4289062503,0.036229732597902006,3
Bhadrak,2022_09,1654537.4289062503,0.036229732597902006,3
Bhadrak,2022_10,1654537.4289062503,0.036229732597902006,3
Bhadrak,2022_11,1654537.4289062503,0.036229732597902006,3
Bhadrak,2022_12,1654537.4289062503,0.036229732597902006,3
Bhadrak,2023_01,1674310.51015625,0.03470048844775701,3
Bhadrak,2023_02,1674310.51015625,0.03470048844775701,3
Bhadrak,2023_03,1674310.51015625,0.03470048844775701,3
Bhadrak,2023_04,1674310.51015625,0.03470048844775701,3
Bhadrak,2023_05,1674310.51015625,0.03470048844775701,3
Bhadrak,2023_06,1674310.51015625,0.03470048844775701,3
Bhadrak,2023_07,1674310.51015625,0.03470048844775701,3
Bhadrak,2023_08,1674310.51015625,0.03470048844775701,3
Bhadrak,2023_09,1674310.51015625,0.03470048844775701,3
Bhadrak,2023_10,1674310.51015625,0.03470048844775701,3
Bhadrak,2023_11,1674310.51015625,0.03470048844775701,3
Bhadrak,2023_12,1674310.51015625,0.03470048844775701,3
Bhadrak,2024_01,1694083.59140625,0.03320720991359579,3
Bhadrak,2024_02,1694083.59140625,0.03320720991359579,3
Bhadrak,2024_03,1694083.59140625,0.03320720991359579,3
Bhadrak,2024_04,1694083.59140625,0.03320720991359579,3
Bhadrak,2024_05,1694083.59140625,0.03320720991359579,3
Bhadrak,2024_06,1694083.59140625,0.03320720991359579,3
Bhadrak,2024_07,1694083.59140625,0.03320720991359579,3
Bhadrak,2024_08,1694083.59140625,0.03320720991359579,3
Bhadrak,2024_09,1694083.59140625,0.03320720991359579,3
Bhadrak,2024_10,1694083.59140625,0.03320720991359579,3
Bhadrak,2024_11,1694083.59140625,0.03320720991359579,3
Bhadrak,2024_12,1694083.59140625,0.03320720991359579,3
Bhadrak,2025_01,1713856.6726562502,0.031748766495874735,3
Bhadrak,2025_02,1713856.6726562502,0.031748766495874735,3
Bhadrak,2025_03,1713856.6726562502,0.031748766495874735,3
Bhadrak,2025_04,1713856.6726562502,0.031748766495874735,3
Bhadrak,2025_05,1713856.6726562502,0.031748766495874735,3
Bhadrak,2025_06,1713856.6726562502,0.031748766495874735,3
Bhadrak,2025_07,1713856.6726562502,0.031748766495874735,3
Bhadrak,2025_08,1713856.6726562502,0.031748766495874735,3
Bhadrak,2025_09,1713856.6726562502,0.031748766495874735,3
Bhadrak,2025_10,1713856.6726562502,0.031748766495874735,3
Bhadrak,2025_11,1713856.6726562502,0.031748766495874735,3
Bhadrak,2025_12,1713856.6726562502,0.031748766495874735,3
Bhadrak,2026_01,1733629.75390625,0.030324068215077122,3
Bhadrak,2026_02,1733629.75390625,0.030324068215077122,3
Bhadrak,2026_03,1733629.75390625,0.030324068215077122,3
Bhadrak,2026_04,1733629.75390625,0.030324068215077122,3
Bhadrak,2026_05,1733629.75390625,0.030324068215077122,3
Bhadrak,2026_06,1733629.75390625,0.030324068215077122,3
Boudh,2021_01,528623.7421875,-1.2915187697831079,2
Boudh,2021_02,528623.7421875,-1.2915187697831079,2
Boudh,2021_03,528623.7421875,-1.2915187697831079,2
Boudh,2021_04,528623.7421875,-1.2915187697831079,2
Boudh,2021_05,528623.7421875,-1.2915187697831079,2
Boudh,2021_06,528623.7421875,-1.2915187697831079,2
Boudh,2021_07,528623.7421875,-1.2915187697831079,2
Boudh,2021_08,528623.7421875,-1.2915187697831079,2
Boudh,2021_09,528623.7421875,-1.2915187697831079,2
Boudh,2021_10,528623.7421875,-1.2915187697831079,2
Boudh,2021_11,528623.7421875,-1.2915187697831079,2
Boudh,2021_12,528623.7421875,-1.2915187697831079,2
Boudh,2022_01,536720.9093749998,-1.2905412010520203,2
Boudh,2022_02,536720.9093749998,-1.2905412010520203,2
Boudh,2022_03,536720.9093749998,-1.2905412010520203,2
Boudh,2022_04,536720.9093749998,-1.2905412010520203,2
Boudh,2022_05,536720.9093749998,-1.2905412010520203,2
Boudh,2022_06,536720.9093749998,-1.2905412010520203,2
Boudh,2022_07,536720.9093749998,-1.2905412010520203,2
Boudh,2022_08,536720.9093749998,-1.2905412010520203,2
Boudh,2022_09,536720.9093749998,-1.2905412010520203,2
Boudh,2022_10,536720.9093749998,-1.2905412010520203,2
Boudh,2022_11,536720.9093749998,-1.2905412010520203,2
Boudh,2022_12,536720.9093749998,-1.2905412010520203,2
Boudh,2023_01,544818.0765625006,-1.2895485871572676,2
Boudh,2023_02,544818.0765625006,-1.2895485871572676,2
Boudh,2023_03,544818.0765625006,-1.2895485871572676,2
Boudh,2023_04,544818.0765625006,-1.2895485871572676,2
Boudh,2023_05,544818.0765625006,-1.2895485871572676,2
Boudh,2023_06,544818.0765625006,-1.2895485871572676,2
Boudh,2023_07,544818.0765625006,-1.2895485871572676,2
Boudh,2023_08,544818.0765625006,-1.2895485871572676,2
Boudh,2023_09,544818.0765625006,-1.2895485871572676,2
Boudh,2023_10,544818.0765625006,-1.2895485871572676,2
Boudh,2023_11,544818.0765625006,-1.2895485871572676,2
Boudh,2023_12,544818.0765625006,-1.2895485871572676,2
Boudh,2024_01,552915.2437500013,-1.288542951184573,2
Boudh,2024_02,552915.2437500013,-1.288542951184573,2
Boudh,2024_03,552915.2437500013,-1.288542951184573,2
Boudh,2024_04,552915.2437500013,-1.288542951184573,2
Boudh,2024_05,552915.2437500013,-1.288542951184573,2
Boudh,2024_06,552915.2437500013,-1.288542951184573,2
Boudh,2024_07,552915.2437500013,-1.288542951184573,2
Boudh,2024_08,552915.2437500013,-1.288542951184573,2
Boudh,2024_09,552915.2437500013,-1.288542951184573,2
Boudh,2024_10,552915.2437500013,-1.288542951184573,2
Boudh,2024_11,552915.2437500013,-1.288542951184573,2
Boudh,2024_12,552915.2437500013,-1.288542951184573,2
Boudh,2025_01,561012.4109375012,-1.28752615514484,2
Boudh,2025_02,561012.4109375012,-1.28752615514484,2
Boudh,2025_03,561012.4109375012,-1.28752615514484,2
Boudh,2025_04,561012.4109375012,-1.28752615514484,2
Boudh,2025_05,561012.4109375012,-1.28752615514484,2
Boudh,2025_06,561012.4109375012,-1.28752615514484,2
Boudh,2025_07,561012.4109375012,-1.28752615514484,2
Boudh,2025_08,561012.4109375012,-1.28752615514484,2
Boudh,2025_09,561012.4109375012,-1.28752615514484,2
Boudh,2025_10,561012.4109375012,-1.28752615514484,2
Boudh,2025_11,561012.4109375012,-1.28752615514484,2
Boudh,2025_12,561012.4109375012,-1.28752615514484,2
Boudh,2026_01,569109.578125,-1.2864999123767775,2
Boudh,2026_02,569109.578125,-1.2864999123767775,2
Boudh,2026_03,569109.578125,-1.2864999123767775,2
Boudh,2026_04,569109.578125,-1.2864999123767775,2
Boudh,2026_05,569109.578125,-1.2864999123767775,2
Boudh,2026_06,569109.578125,-1.2864999123767775,2
Cuttack,2021_01,2919272.791015625,1.5814662274256812,5
Cuttack,2021_02,2919272.791015625,1.5814662274256812,5
Cuttack,2021_03,2919272.791015625,1.5814662274256812,5
Cuttack,2021_04,2919272.791015625,1.5814662274256812,5
Cuttack,2021_05,2919272.791015625,1.5814662274256812,5
Cuttack,2021_06,2919272.791015625,1.5814662274256812,5
Cuttack,2021_07,2919272.791015625,1.5814662274256812,5
Cuttack,2021_08,2919272.791015625,1.5814662274256812,5
Cuttack,2021_09,2919272.791015625,1.5814662274256812,5
Cuttack,2021_10,2919272.791015625,1.5814662274256812,5
Cuttack,2021_11,2919272.791015625,1.5814662274256812,5
Cuttack,2021_12,2919272.791015625,1.5814662274256812,5
Cuttack,2022_01,2952680.5199218774,1.5770358405629659,5
Cuttack,2022_02,2952680.5199218774,1.5770358405629659,5
Cuttack,2022_03,2952680.5199218774,1.5770358405629659,5
Cuttack,2022_04,2952680.5199218774,1.5770358405629659,5
Cuttack,2022_05,2952680.5199218774,1.5770358405629659,5
Cuttack,2022_06,2952680.5199218774,1.5770358405629659,5
Cuttack,2022_07,2952680.5199218774,1.5770358405629659,5
Cuttack,2022_08,2952680.5199218774,1.5770358405629659,5
Cuttack,2022_09,2952680.5199218774,1.5770358405629659,5
Cuttack,2022_10,2952680.5199218774,1.5770358405629659,5
Cuttack,2022_11,2952680.5199218774,1.5770358405629659,5
Cuttack,2022_12,2952680.5199218774,1.5770358405629659,5
Cuttack,2023_01,2986088.248828125,1.5726660437444995,5
Cuttack,2023_02,2986088.248828125,1.5726660437444995,5
Cuttack,2023_03,2986088.248828125,1.5726660437444995,5
Cuttack,2023_04,2986088.248828125,1.5726660437444995,5
Cuttack,2023_05,2986088.248828125,1.5726660437444995,5
Cuttack,2023_06,2986088.248828125,1.5726660437444995,5
Cuttack,2023_07,2986088.248828125,1.5726660437444995,5
Cuttack,2023_08,2986088.248828125,1.5726660437444995,5
Cuttack,2023_09,2986088.248828125,1.5726660437444995,5
Cuttack,2023_10,2986088.248828125,1.5726660437444995,5
Cuttack,2023_11,2986088.248828125,1.5726660437444995,5
Cuttack,2023_12,2986088.248828125,1.5726660437444995,5
Cuttack,2024_01,3019495.977734373,1.5683567246619794,5
Cuttack,2024_02,3019495.977734373,1.5683567246619794,5
Cuttack,2024_03,3019495.977734373,1.5683567246619794,5
Cuttack,2024_04,3019495.977734373,1.5683567246619794,5
Cuttack,2024_05,3019495.977734373,1.5683567246619794,5
Cuttack,2024_06,3019495.977734373,1.5683567246619794,5
Cuttack,2024_07,3019495.977734373,1.5683567246619794,5
Cuttack,2024_08,3019495.977734373,1.5683567246619794,5
Cuttack,2024_09,3019495.977734373,1.5683567246619794,5
Cuttack,2024_10,3019495.977734373,1.5683567246619794,5
Cuttack,2024_11,3019495.977734373,1.5683567246619794,5
Cuttack,2024_12,3019495.977734373,1.5683567246619794,5
Cuttack,2025_01,3052903.7066406263,1.5641076717648563,5
Cuttack,2025_02,3052903.7066406263,1.5641076717648563,5
Cuttack,2025_03,3052903.7066406263,1.5641076717648563,5
Cuttack,2025_04,3052903.7066406263,1.5641076717648563,5
Cuttack,2025_05,3052903.7066406263,1.5641076717648563,5
Cuttack,2025_06,3052903.7066406263,1.5641076717648563,5
Cuttack,2025_07,3052903.7066406263,1.5641076717648563,5
Cuttack,2025_08,3052903.7066406263,1.5641076717648563,5
Cuttack,2025_09,3052903.7066406263,1.5641076717648563,5
Cuttack,2025_10,3052903.7066406263,1.5641076717648563,5
Cuttack,2025_11,3052903.7066406263,1.5641076717648563,5
Cuttack,2025_12,3052903.7066406263,1.5641076717648563,5
Cuttack,2026_01,3086311.435546875,1.5599185857997089,5
Cuttack,2026_02,3086311.435546875,1.5599185857997089,5
Cuttack,2026_03,3086311.435546875,1.5599185857997089,5
Cuttack,2026_04,3086311.435546875,1.5599185857997089,5
Cuttack,2026_05,3086311.435546875,1.5599185857997089,5
Cuttack,2026_06,3086311.435546875,1.5599185857997089,5
Deogarh,2021_01,356737.1953125,-1.4980850454294516,2
Deogarh,2021_02,356737.1953125,-1.4980850454294516,2
Deogarh,2021_03,356737.1953125,-1.4980850454294516,2
Deogarh,2021_04,356737.1953125,-1.4980850454294516,2
Deogarh,2021_05,356737.1953125,-1.4980850454294516,2
Deogarh,2021_06,356737.1953125,-1.4980850454294516,2
Deogarh,2021_07,356737.1953125,-1.4980850454294516,2
Deogarh,2021_08,356737.1953125,-1.4980850454294516,2
Deogarh,2021_09,356737.1953125,-1.4980850454294516,2
Deogarh,2021_10,356737.1953125,-1.4980850454294516,2
Deogarh,2021_11,356737.1953125,-1.4980850454294516,2
Deogarh,2021_12,356737.1953125,-1.4980850454294516,2
Deogarh,2022_01,361559.33593750047,-1.4984458797435785,2
Deogarh,2022_02,361559.33593750047,-1.4984458797435785,2
Deogarh,2022_03,361559.33593750047,-1.4984458797435785,2
Deogarh,2022_04,361559.33593750047,-1.4984458797435785,2
Deogarh,2022_05,361559.33593750047,-1.4984458797435785,2
Deogarh,2022_06,361559.33593750047,-1.4984458797435785,2
Deogarh,2022_07,361559.33593750047,-1.4984458797435785,2
Deogarh,2022_08,361559.33593750047,-1.4984458797435785,2
Deogarh,2022_09,361559.33593750047,-1.4984458797435785,2
Deogarh,2022_10,361559.33593750047,-1.4984458797435785,2
Deogarh,2022_11,361559.33593750047,-1.4984458797435785,2
Deogarh,2022_12,361559.33593750047,-1.4984458797435785,2
Deogarh,2023_01,366381.4765625,-1.49875273547748,2
Deogarh,2023_02,366381.4765625,-1.49875273547748,2
Deogarh,2023_03,366381.4765625,-1.49875273547748,2
Deogarh,2023_04,366381.4765625,-1.49875273547748,2
Deogarh,2023_05,366381.4765625,-1.49875273547748,2
Deogarh,2023_06,366381.4765625,-1.49875273547748,2
Deogarh,2023_07,366381.4765625,-1.49875273547748,2
Deogarh,2023_08,366381.4765625,-1.49875273547748,2
Deogarh,2023_09,366381.4765625,-1.49875273547748,2
Deogarh,2023_10,366381.4765625,-1.49875273547748,2
Deogarh,2023_11,366381.4765625,-1.49875273547748,2
Deogarh,2023_12,366381.4765625,-1.49875273547748,2
Deogarh,2024_01,371203.61718749953,-1.4990091564343746,2
Deogarh,2024_02,371203.61718749953,-1.4990091564343746,2
Deogarh,2024_03,371203.61718749953,-1.4990091564343746,2
Deogarh,2024_04,371203.61718749953,-1.4990091564343746,2
Deogarh,2024_05,371203.61718749953,-1.4990091564343746,2
Deogarh,2024_06,371203.61718749953,-1.4990091564343746,2
Deogarh,2024_07,371203.61718749953,-1.4990091564343746,2
Deogarh,2024_08,371203.61718749953,-1.4990091564343746,2
Deogarh,2024_09,371203.61718749953,-1.4990091564343746,2
Deogarh,2024_10,371203.61718749953,-1.4990091564343746,2
Deogarh,2024_11,371203.61718749953,-1.4990091564343746,2
Deogarh,2024_12,371203.61718749953,-1.4990091564343746,2
Deogarh,2025_01,376025.7578125,-1.4992184542783051,2
Deogarh,2025_02,376025.7578125,-1.4992184542783051,2
Deogarh,2025_03,376025.7578125,-1.4992184542783051,2
Deogarh,2025_04,376025.7578125,-1.4992184542783051,2
Deogarh,2025_05,376025.7578125,-1.4992184542783051,2
Deogarh,2025_06,376025.7578125,-1.4992184542783051,2
Deogarh,2025_07,376025.7578125,-1.4992184542783051,2
Deogarh,2025_08,376025.7578125,-1.4992184542783051,2
Deogarh,2025_09,376025.7578125,-1.4992184542783051,2
Deogarh,2025_10,376025.7578125,-1.4992184542783051,2
Deogarh,2025_11,376025.7578125,-1.4992184542783051,2
Deogarh,2025_12,376025.7578125,-1.4992184542783051,2
Deogarh,2026_01,380847.8984375,-1.499383724606726,2
Deogarh,2026_02,380847.8984375,-1.499383724606726,2
Deogarh,2026_03,380847.8984375,-1.499383724606726,2
Deogarh,2026_04,380847.8984375,-1.499383724606726,2
Deogarh,2026_05,380847.8984375,-1.499383724606726,2
Deogarh,2026_06,380847.8984375,-1.499383724606726,2
Dhenkanal,2021_01,1404701.890625,-0.23868360852128093,3
Dhenkanal,2021_02,1404701.890625,-0.23868360852128093,3
Dhenkanal,2021_03,1404701.890625,-0.23868360852128093,3
Dhenkanal,2021_04,1404701.890625,-0.23868360852128093,3
Dhenkanal,2021_05,1404701.890625,-0.23868360852128093,3
Dhenkanal,2021_06,1404701.890625,-0.23868360852128093,3
Dhenkanal,2021_07,1404701.890625,-0.23868360852128093,3
Dhenkanal,2021_08,1404701.890625,-0.23868360852128093,3
Dhenkanal,2021_09,1404701.890625,-0.23868360852128093,3
Dhenkanal,2021_10,1404701.890625,-0.23868360852128093,3
Dhenkanal,2021_11,1404701.890625,-0.23868360852128093,3
Dhenkanal,2021_12,1404701.890625,-0.23868360852128093,3
Dhenkanal,2022_01,1420453.5593750004,-0.24161163823870094,3
Dhenkanal,2022_02,1420453.5593750004,-0.24161163823870094,3
Dhenkanal,2022_03,1420453.5593750004,-0.24161163823870094,3
Dhenkanal,2022_04,1420453.5593750004,-0.24161163823870094,3
Dhenkanal,2022_05,1420453.5593750004,-0.24161163823870094,3
Dhenkanal,2022_06,1420453.5593750004,-0.24161163823870094,3
Dhenkanal,2022_07,1420453.5593750004,-0.24161163823870094,3
Dhenkanal,2022_08,1420453.5593750004,-0.24161163823870094,3
Dhenkanal,2022_09,1420453.5593750004,-0.24161163823870094,3
Dhenkanal,2022_10,1420453.5593750004,-0.24161163823870094,3
Dhenkanal,2022_11,1420453.5593750004,-0.24161163823870094,3
Dhenkanal,2022_12,1420453.5593750004,-0.24161163823870094,3
Dhenkanal,2023_01,1436205.228125,-0.2444609209149605,3
Dhenkanal,2023_02,1436205.228125,-0.2444609209149605,3
Dhenkanal,2023_03,1436205.228125,-0.2444609209149605,3
Dhenkanal,2023_04,1436205.228125,-0.2444609209149605,3
Dhenkanal,2023_05,1436205.228125,-0.2444609209149605,3
Dhenkanal,2023_06,1436205.228125,-0.2444609209149605,3
Dhenkanal,2023_07,1436205.228125,-0.2444609209149605,3
Dhenkanal,2023_08,1436205.228125,-0.2444609209149605,3
Dhenkanal,2023_09,1436205.228125,-0.2444609209149605,3
Dhenkanal,2023_10,1436205.228125,-0.2444609209149605,3
Dhenkanal,2023_11,1436205.228125,-0.2444609209149605,3
Dhenkanal,2023_12,1436205.228125,-0.2444609209149605,3
Dhenkanal,2024_01,1451956.8968749992,-0.24723432017276964,3
Dhenkanal,2024_02,1451956.8968749992,-0.24723432017276964,3
Dhenkanal,2024_03,1451956.8968749992,-0.24723432017276964,3
Dhenkanal,2024_04,1451956.8968749992,-0.24723432017276964,3
Dhenkanal,2024_05,1451956.8968749992,-0.24723432017276964,3
Dhenkanal,2024_06,1451956.8968749992,-0.24723432017276964,3
Dhenkanal,2024_07,1451956.8968749992,-0.24723432017276964,3
Dhenkanal,2024_08,1451956.8968749992,-0.24723432017276964,3
Dhenkanal,2024_09,1451956.8968749992,-0.24723432017276964,3
Dhenkanal,2024_10,1451956.8968749992,-0.24723432017276964,3
Dhenkanal,2024_11,1451956.8968749992,-0.24723432017276964,3
Dhenkanal,2024_12,1451956.8968749992,-0.24723432017276964,3
Dhenkanal,2025_01,1467708.5656249996,-0.2499345756508958,3
Dhenkanal,2025_02,1467708.5656249996,-0.2499345756508958,3
Dhenkanal,2025_03,1467708.5656249996,-0.2499345756508958,3
Dhenkanal,2025_04,1467708.5656249996,-0.2499345756508958,3
Dhenkanal,2025_05,1467708.5656249996,-0.2499345756508958,3
Dhenkanal,2025_06,1467708.5656249996,-0.2499345756508958,3
Dhenkanal,2025_07,1467708.5656249996,-0.2499345756508958,3
Dhenkanal,2025_08,1467708.5656249996,-0.2499345756508958,3
Dhenkanal,2025_09,1467708.5656249996,-0.2499345756508958,3
Dhenkanal,2025_10,1467708.5656249996,-0.2499345756508958,3
Dhenkanal,2025_11,1467708.5656249996,-0.2499345756508958,3
Dhenkanal,2025_12,1467708.5656249996,-0.2499345756508958,3
Dhenkanal,2026_01,1483460.234375,-0.25256430880328223,3
Dhenkanal,2026_02,1483460.234375,-0.25256430880328223,3
Dhenkanal,2026_03,1483460.234375,-0.25256430880328223,3
Dhenkanal,2026_04,1483460.234375,-0.25256430880328223,3
Dhenkanal,2026_05,1483460.234375,-0.25256430880328223,3
Dhenkanal,2026_06,1483460.234375,-0.25256430880328223,3
Gajapati,2021_01,648355.66015625,-1.1476298103476472,2
Gajapati,2021_02,648355.66015625,-1.1476298103476472,2
Gajapati,2021_03,648355.66015625,-1.1476298103476472,2
Gajapati,2021_04,648355.66015625,-1.1476298103476472,2
Gajapati,2021_05,648355.66015625,-1.1476298103476472,2
Gajapati,2021_06,648355.66015625,-1.1476298103476472,2
Gajapati,2021_07,648355.66015625,-1.1476298103476472,2
Gajapati,2021_08,648355.66015625,-1.1476298103476472,2
Gajapati,2021_09,648355.66015625,-1.1476298103476472,2
Gajapati,2021_10,648355.66015625,-1.1476298103476472,2
Gajapati,2021_11,648355.66015625,-1.1476298103476472,2
Gajapati,2021_12,648355.66015625,-1.1476298103476472,2
Gajapati,2022_01,655377.8683593755,-1.1497035935332316,2
Gajapati,2022_02,655377.8683593755,-1.1497035935332316,2
Gajapati,2022_03,655377.8683593755,-1.1497035935332316,2
Gajapati,2022_04,655377.8683593755,-1.1497035935332316,2
Gajapati,2022_05,655377.8683593755,-1.1497035935332316,2
Gajapati,2022_06,655377.8683593755,-1.1497035935332316,2
Gajapati,2022_07,655377.8683593755,-1.1497035935332316,2
Gajapati,2022_08,655377.8683593755,-1.1497035935332316,2
Gajapati,2022_09,655377.8683593755,-1.1497035935332316,2
Gajapati,2022_10,655377.8683593755,-1.1497035935332316,2
Gajapati,2022_11,655377.8683593755,-1.1497035935332316,2
Gajapati,2022_12,655377.8683593755,-1.1497035935332316,2
Gajapati,2023_01,662400.0765625003,-1.15169210385851,2
Gajapati,2023_02,662400.0765625003,-1.15169210385851,2
Gajapati,2023_03,662400.0765625003,-1.15169210385851,2
Gajapati,2023_04,662400.0765625003,-1.15169210385851,2
Gajapati,2023_05,662400.0765625003,-1.15169210385851,2
Gajapati,2023_06,662400.0765625003,-1.15169210385851,2
Gajapati,2023_07,662400.0765625003,-1.15169210385851,2
Gajapati,2023_08,662400.0765625003,-1.15169210385851,2
Gajapati,2023_09,662400.0765625003,-1.15169210385851,2
Gajapati,2023_10,662400.0765625003,-1.15169210385851,2
Gajapati,2023_11,662400.0765625003,-1.15169210385851,2
Gajapati,2023_12,662400.0765625003,-1.15169210385851,2
Gajapati,2024_01,669422.2847656251,-1.1535994956043811,2
Gajapati,2024_02,669422.2847656251,-1.1535994956043811,2
Gajapati,2024_03,669422.2847656251,-1.1535994956043811,2
Gajapati,2024_04,669422.2847656251,-1.1535994956043811,2
Gajapati,2024_05,669422.2847656251,-1.1535994956043811,2
Gajapati,2024_06,669422.2847656251,-1.1535994956043811,2
Gajapati,2024_07,669422.2847656251,-1.1535994956043811,2
Gajapati,2024_08,669422.2847656251,-1.1535994956043811,2
Gajapati,2024_09,669422.2847656251,-1.1535994956043811,2
Gajapati,2024_10,669422.2847656251,-1.1535994956043811,2
Gajapati,2024_11,669422.2847656251,-1.1535994956043811,2
Gajapati,2024_12,669422.2847656251,-1.1535994956043811,2
Gajapati,2025_01,676444.4929687507,-1.1554296907450776,2
Gajapati,2025_02,676444.4929687507,-1.1554296907450776,2
Gajapati,2025_03,676444.4929687507,-1.1554296907450776,2
Gajapati,2025_04,676444.4929687507,-1.1554296907450776,2
Gajapati,2025_05,676444.4929687507,-1.1554296907450776,2
Gajapati,2025_06,676444.4929687507,-1.1554296907450776,2
Gajapati,2025_07,676444.4929687507,-1.1554296907450776,2
Gajapati,2025_08,676444.4929687507,-1.1554296907450776,2
Gajapati,2025_09,676444.4929687507,-1.1554296907450776,2
Gajapati,2025_10,676444.4929687507,-1.1554296907450776,2
Gajapati,2025_11,676444.4929687507,-1.1554296907450776,2
Gajapati,2025_12,676444.4929687507,-1.1554296907450776,2
Gajapati,2026_01,683466.701171875,-1.157186393288461,2
Gajapati,2026_02,683466.701171875,-1.157186393288461,2
Gajapati,2026_03,683466.701171875,-1.157186393288461,2
Gajapati,2026_04,683466.701171875,-1.157186393288461,2
Gajapati,2026_05,683466.701171875,-1.157186393288461,2
Gajapati,2026_06,683466.701171875,-1.157186393288461,2
Ganjam,2021_01,3958007.77734375,2.829775774684173,5
Ganjam,2021_02,3958007.77734375,2.829775774684173,5
Ganjam,2021_03,3958007.77734375,2.829775774684173,5
Ganjam,2021_04,3958007.77734375,2.829775774684173,5
Ganjam,2021_05,3958007.77734375,2.829775774684173,5
Ganjam,2021_06,3958007.77734375,2.829775774684173,5
Ganjam,2021_07,3958007.77734375,2.829775774684173,5
Ganjam,2021_08,3958007.77734375,2.829775774684173,5
Ganjam,2021_09,3958007.77734375,2.829775774684173,5
Ganjam,2021_10,3958007.77734375,2.829775774684173,5
Ganjam,2021_11,3958007.77734375,2.829775774684173,5
Ganjam,2021_12,3958007.77734375,2.829775774684173,5
Ganjam,2022_01,4000679.7757812506,2.8209385087253964,5
Ganjam,2022_02,4000679.7757812506,2.8209385087253964,5
Ganjam,2022_03,4000679.7757812506,2.8209385087253964,5
Ganjam,2022_04,4000679.7757812506,2.8209385087253964,5
Ganjam,2022_05,4000679.7757812506,2.8209385087253964,5
Ganjam,2022_06,4000679.7757812506,2.8209385087253964,5
Ganjam,2022_07,4000679.7757812506,2.8209385087253964,5
Ganjam,2022_08,4000679.7757812506,2.8209385087253964,5
Ganjam,2022_09,4000679.7757812506,2.8209385087253964,5
Ganjam,2022_10,4000679.7757812506,2.8209385087253964,5
Ganjam,2022_11,4000679.7757812506,2.8209385087253964,5
Ganjam,2022_12,4000679.7757812506,2.8209385087253964,5
Ganjam,2023_01,4043351.7742187493,2.812231891666786,5
Ganjam,2023_02,4043351.7742187493,2.812231891666786,5
Ganjam,2023_03,4043351.7742187493,2.812231891666786,5
Ganjam,2023_04,4043351.7742187493,2.812231891666786,5
Ganjam,2023_05,4043351.7742187493,2.812231891666786,5
Ganjam,2023_06,4043351.7742187493,2.812231891666786,5
Ganjam,2023_07,4043351.7742187493,2.812231891666786,5
Ganjam,2023_08,4043351.7742187493,2.812231891666786,5
Ganjam,2023_09,4043351.7742187493,2.812231891666786,5
Ganjam,2023_10,4043351.7742187493,2.812231891666786,5
Ganjam,2023_11,4043351.7742187493,2.812231891666786,5
Ganjam,2023_12,4043351.7742187493,2.812231891666786,5
Ganjam,2024_01,4086023.7726562475,2.803654993886581,5
Ganjam,2024_02,4086023.7726562475,2.803654993886581,5
Ganjam,2024_03,4086023.7726562475,2.803654993886581,5
Ganjam,2024_04,4086023.7726562475,2.803654993886581,5
Ganjam,2024_05,4086023.7726562475,2.803654993886581,5
Ganjam,2024_06,4086023.7726562475,2.803654993886581,5
Ganjam,2024_07,4086023.7726562475,2.803654993886581,5
Ganjam,2024_08,4086023.7726562475,2.803654993886581,5
Ganjam,2024_09,4086023.7726562475,2.803654993886581,5
Ganjam,2024_10,4086023.7726562475,2.803654993886581,5
Ganjam,2024_11,4086023.7726562475,2.803654993886581,5
Ganjam,2024_12,4086023.7726562475,2.803654993886581,5
Ganjam,2025_01,4128695.7710937485,2.7952067357591077,5
Ganjam,2025_02,4128695.7710937485,2.7952067357591077,5
Ganjam,2025_03,4128695.7710937485,2.7952067357591077,5
Ganjam,2025_04,4128695.7710937485,2.7952067357591077,5
Ganjam,2025_05,4128695.7710937485,2.7952067357591077,5
Ganjam,2025_06,4128695.7710937485,2.7952067357591077,5
Ganjam,2025_07,4128695.7710937485,2.7952067357591077,5
Ganjam,2025_08,4128695.7710937485,2.7952067357591077,5
Ganjam,2025_09,4128695.7710937485,2.7952067357591077,5
Ganjam,2025_10,4128695.7710937485,2.7952067357591077,5
Ganjam,2025_11,4128695.7710937485,2.7952067357591077,5
Ganjam,2025_12,4128695.7710937485,2.7952067357591077,5
Ganjam,2026_01,4171367.76953125,2.786885907276248,5
Ganjam,2026_02,4171367.76953125,2.786885907276248,5
Ganjam,2026_03,4171367.76953125,2.786885907276248,5
Ganjam,2026_04,4171367.76953125,2.786885907276248,5
Ganjam,2026_05,4171367.76953125,2.786885907276248,5
Ganjam,2026_06,4171367.76953125,2.786885907276248,5
Jagatsinghapur,2021_01,1277301.55859375,-0.39178815673784956,3
Jagatsinghapur,2021_02,1277301.55859375,-0.39178815673784956,3
Jagatsinghapur,2021_03,1277301.55859375,-0.39178815673784956,3
Jagatsinghapur,2021_04,1277301.55859375,-0.39178815673784956,3
Jagatsinghapur,2021_05,1277301.55859375,-0.39178815673784956,3
Jagatsinghapur,2021_06,1277301.55859375,-0.39178815673784956,3
Jagatsinghapur,2021_07,1277301.55859375,-0.39178815673784956,3
Jagatsinghapur,2021_08,1277301.55859375,-0.39178815673784956,3
Jagatsinghapur,2021_09,1277301.55859375,-0.39178815673784956,3
Jagatsinghapur,2021_10,1277301.55859375,-0.39178815673784956,3
Jagatsinghapur,2021_11,1277301.55859375,-0.39178815673784956,3
Jagatsinghapur,2021_12,1277301.55859375,-0.39178815673784956,3
Jagatsinghapur,2022_01,1286509.3687499992,-0.40059413290342377,3
Jagatsinghapur,2022_02,1286509.3687499992,-0.40059413290342377,3
Jagatsinghapur,2022_03,1286509.3687499992,-0.40059413290342377,3
Jagatsinghapur,2022_04,1286509.3687499992,-0.40059413290342377,3
Jagatsinghapur,2022_05,1286509.3687499992,-0.40059413290342377,3
Jagatsinghapur,2022_06,1286509.3687499992,-0.40059413290342377,3
Jagatsinghapur,2022_07,1286509.3687499992,-0.40059413290342377,3
Jagatsinghapur,2022_08,1286509.3687499992,-0.40059413290342377,3
Jagatsinghapur,2022_09,1286509.3687499992,-0.40059413290342377,3
Jagatsinghapur,2022_10,1286509.3687499992,-0.40059413290342377,3
Jagatsinghapur,2022_11,1286509.3687499992,-0.40059413290342377,3
Jagatsinghapur,2022_12,1286509.3687499992,-0.40059413290342377,3
Jagatsinghapur,2023_01,1295717.1789062489,-0.4091731082463531,3
Jagatsinghapur,2023_02,1295717.1789062489,-0.4091731082463531,3
Jagatsinghapur,2023_03,1295717.1789062489,-0.4091731082463531,3
Jagatsinghapur,2023_04,1295717.1789062489,-0.4091731082463531,3
Jagatsinghapur,2023_05,1295717.1789062489,-0.4091731082463531,3
Jagatsinghapur,2023_06,1295717.1789062489,-0.4091731082463531,3
Jagatsinghapur,2023_07,1295717.1789062489,-0.4091731082463531,3
Jagatsinghapur,2023_08,1295717.1789062489,-0.4091731082463531,3
Jagatsinghapur,2023_09,1295717.1789062489,-0.4091731082463531,3
Jagatsinghapur,2023_10,1295717.1789062489,-0.4091731082463531,3
Jagatsinghapur,2023_11,1295717.1789062489,-0.4091731082463531,3
Jagatsinghapur,2023_12,1295717.1789062489,-0.4091731082463531,3
Jagatsinghapur,2024_01,1304924.9890624988,-0.417532986655135,3
Jagatsinghapur,2024_02,1304924.9890624988,-0.417532986655135,3
Jagatsinghapur,2024_03,1304924.9890624988,-0.417532986655135,3
Jagatsinghapur,2024_04,1304924.9890624988,-0.417532986655135,3
Jagatsinghapur,2024_05,1304924.9890624988,-0.417532986655135,3
Jagatsinghapur,2024_06,1304924.9890624988,-0.417532986655135,3
Jagatsinghapur,2024_07,1304924.9890624988,-0.417532986655135,3
Jagatsinghapur,2024_08,1304924.9890624988,-0.417532986655135,3
Jagatsinghapur,2024_09,1304924.9890624988,-0.417532986655135,3
Jagatsinghapur,2024_10,1304924.9890624988,-0.417532986655135,3
Jagatsinghapur,2024_11,1304924.9890624988,-0.417532986655135,3
Jagatsinghapur,2024_12,1304924.9890624988,-0.417532986655135,3
Jagatsinghapur,2025_01,1314132.799218748,-0.42568134728287294,3
Jagatsinghapur,2025_02,1314132.799218748,-0.42568134728287294,3
Jagatsinghapur,2025_03,1314132.799218748,-0.42568134728287294,3
Jagatsinghapur,2025_04,1314132.799218748,-0.42568134728287294,3
Jagatsinghapur,2025_05,1314132.799218748,-0.42568134728287294,3
Jagatsinghapur,2025_06,1314132.799218748,-0.42568134728287294,3
Jagatsinghapur,2025_07,1314132.799218748,-0.42568134728287294,3
Jagatsinghapur,2025_08,1314132.799218748,-0.42568134728287294,3
Jagatsinghapur,2025_09,1314132.799218748,-0.42568134728287294,3
Jagatsinghapur,2025_10,1314132.799218748,-0.42568134728287294,3
Jagatsinghapur,2025_11,1314132.799218748,-0.42568134728287294,3
Jagatsinghapur,2025_12,1314132.799218748,-0.42568134728287294,3
Jagatsinghapur,2026_01,1323340.609375,-0.43362545857848556,3
Jagatsinghapur,2026_02,1323340.609375,-0.43362545857848556,3
Jagatsinghapur,2026_03,1323340.609375,-0.43362545857848556,3
Jagatsinghapur,2026_04,1323340.609375,-0.43362545857848556,3
Jagatsinghapur,2026_05,1323340.609375,-0.43362545857848556,3
Jagatsinghapur,2026_06,1323340.609375,-0.43362545857848556,3
Jajapur,2021_01,2075118.078125,0.5669953553222701,4
Jajapur,2021_02,2075118.078125,0.5669953553222701,4
Jajapur,2021_03,2075118.078125,0.5669953553222701,4
Jajapur,2021_04,2075118.078125,0.5669953553222701,4
Jajapur,2021_05,2075118.078125,0.5669953553222701,4
Jajapur,2021_06,2075118.078125,0.5669953553222701,4
Jajapur,2021_07,2075118.078125,0.5669953553222701,4
Jajapur,2021_08,2075118.078125,0.5669953553222701,4
Jajapur,2021_09,2075118.078125,0.5669953553222701,4
Jajapur,2021_10,2075118.078125,0.5669953553222701,4
Jajapur,2021_11,2075118.078125,0.5669953553222701,4
Jajapur,2021_12,2075118.078125,0.5669953553222701,4
Jajapur,2022_01,2098222.2796875006,0.5628529783916038,4
Jajapur,2022_02,2098222.2796875006,0.5628529783916038,4
Jajapur,2022_03,2098222.2796875006,0.5628529783916038,4
Jajapur,2022_04,2098222.2796875006,0.5628529783916038,4
Jajapur,2022_05,2098222.2796875006,0.5628529783916038,4
Jajapur,2022_06,2098222.2796875006,0.5628529783916038,4
Jajapur,2022_07,2098222.2796875006,0.5628529783916038,4
Jajapur,2022_08,2098222.2796875006,0.5628529783916038,4
Jajapur,2022_09,2098222.2796875006,0.5628529783916038,4
Jajapur,2022_10,2098222.2796875006,0.5628529783916038,4
Jajapur,2022_11,2098222.2796875006,0.5628529783916038,4
Jajapur,2022_12,2098222.2796875006,0.5628529783916038,4
Jajapur,2023_01,2121326.481250001,0.5587947354699515,4
Jajapur,2023_02,2121326.481250001,0.5587947354699515,4
Jajapur,2023_03,2121326.481250001,0.5587947354699515,4
Jajapur,2023_04,2121326.481250001,0.5587947354699515,4
Jajapur,2023_05,2121326.481250001,0.5587947354699515,4
Jajapur,2023_06,2121326.481250001,0.5587947354699515,4
Jajapur,2023_07,2121326.481250001,0.5587947354699515,4
Jajapur,2023_08,2121326.481250001,0.5587947354699515,4
Jajapur,2023_09,2121326.481250001,0.5587947354699515,4
Jajapur,2023_10,2121326.481250001,0.5587947354699515,4
Jajapur,2023_11,2121326.481250001,0.5587947354699515,4
Jajapur,2023_12,2121326.481250001,0.5587947354699515,4
Jajapur,2024_01,2144430.6828125017,0.5548185408261928,4
Jajapur,2024_02,2144430.6828125017,0.5548185408261928,4
Jajapur,2024_03,2144430.6828125017,0.5548185408261928,4
Jajapur,2024_04,2144430.6828125017,0.5548185408261928,4
Jajapur,2024_05,2144430.6828125017,0.5548185408261928,4
Jajapur,2024_06,2144430.6828125017,0.5548185408261928,4
Jajapur,2024_07,2144430.6828125017,0.5548185408261928,4
Jajapur,2024_08,2144430.6828125017,0.5548185408261928,4
Jajapur,2024_09,2144430.6828125017,0.5548185408261928,4
Jajapur,2024_10,2144430.6828125017,0.5548185408261928,4
Jajapur,2024_11,2144430.6828125017,0.5548185408261928,4
Jajapur,2024_12,2144430.6828125017,0.5548185408261928,4
Jajapur,2025_01,2167534.8843750022,0.5509223505522565,4
Jajapur,2025_02,2167534.8843750022,0.5509223505522565,4
Jajapur,2025_03,2167534.8843750022,0.5509223505522565,4
Jajapur,2025_04,2167534.8843750022,0.5509223505522565,4
Jajapur,2025_05,2167534.8843750022,0.5509223505522565,4
Jajapur,2025_06,2167534.8843750022,0.5509223505522565,4
Jajapur,2025_07,2167534.8843750022,0.5509223505522565,4
Jajapur,2025_08,2167534.8843750022,0.5509223505522565,4
Jajapur,2025_09,2167534.8843750022,0.5509223505522565,4
Jajapur,2025_10,2167534.8843750022,0.5509223505522565,4
Jajapur,2025_11,2167534.8843750022,0.5509223505522565,4
Jajapur,2025_12,2167534.8843750022,0.5509223505522565,4
Jajapur,2026_01,2190639.0859375,0.5471041638190719,4
Jajapur,2026_02,2190639.0859375,0.5471041638190719,4
Jajapur,2026_03,2190639.0859375,0.5471041638190719,4
Jajapur,2026_04,2190639.0859375,0.5471041638190719,4
Jajapur,2026_05,2190639.0859375,0.5471041638190719,4
Jajapur,2026_06,2190639.0859375,0.5471041638190719,4
Jharsuguda,2021_01,650616.37109375,-1.144912979698813,2
Jharsuguda,2021_02,650616.37109375,-1.144912979698813,2
Jharsuguda,2021_03,650616.37109375,-1.144912979698813,2
Jharsuguda,2021_04,650616.37109375,-1.144912979698813,2
Jharsuguda,2021_05,650616.37109375,-1.144912979698813,2
Jharsuguda,2021_06,650616.37109375,-1.144912979698813,2
Jharsuguda,2021_07,650616.37109375,-1.144912979698813,2
Jharsuguda,2021_08,650616.37109375,-1.144912979698813,2
Jharsuguda,2021_09,650616.37109375,-1.144912979698813,2
Jharsuguda,2021_10,650616.37109375,-1.144912979698813,2
Jharsuguda,2021_11,650616.37109375,-1.144912979698813,2
Jharsuguda,2021_12,650616.37109375,-1.144912979698813,2
Jharsuguda,2022_01,658082.3558593753,-1.1464935538328664,2
Jharsuguda,2022_02,658082.3558593753,-1.1464935538328664,2
Jharsuguda,2022_03,658082.3558593753,-1.1464935538328664,2
Jharsuguda,2022_04,658082.3558593753,-1.1464935538328664,2
Jharsuguda,2022_05,658082.3558593753,-1.1464935538328664,2
Jharsuguda,2022_06,658082.3558593753,-1.1464935538328664,2
Jharsuguda,2022_07,658082.3558593753,-1.1464935538328664,2
Jharsuguda,2022_08,658082.3558593753,-1.1464935538328664,2
Jharsuguda,2022_09,658082.3558593753,-1.1464935538328664,2
Jharsuguda,2022_10,658082.3558593753,-1.1464935538328664,2
Jharsuguda,2022_11,658082.3558593753,-1.1464935538328664,2
Jharsuguda,2022_12,658082.3558593753,-1.1464935538328664,2
Jharsuguda,2023_01,665548.3406249997,-1.1480009894689605,2
Jharsuguda,2023_02,665548.3406249997,-1.1480009894689605,2
Jharsuguda,2023_03,665548.3406249997,-1.1480009894689605,2
Jharsuguda,2023_04,665548.3406249997,-1.1480009894689605,2
Jharsuguda,2023_05,665548.3406249997,-1.1480009894689605,2
Jharsuguda,2023_06,665548.3406249997,-1.1480009894689605,2
Jharsuguda,2023_07,665548.3406249997,-1.1480009894689605,2
Jharsuguda,2023_08,665548.3406249997,-1.1480009894689605,2
Jharsuguda,2023_09,665548.3406249997,-1.1480009894689605,2
Jharsuguda,2023_10,665548.3406249997,-1.1480009894689605,2
Jharsuguda,2023_11,665548.3406249997,-1.1480009894689605,2
Jharsuguda,2023_12,665548.3406249997,-1.1480009894689605,2
Jharsuguda,2024_01,673014.3253906241,-1.1494390399761518,2
Jharsuguda,2024_02,673014.3253906241,-1.1494390399761518,2
Jharsuguda,2024_03,673014.3253906241,-1.1494390399761518,2
Jharsuguda,2024_04,673014.3253906241,-1.1494390399761518,2
Jharsuguda,2024_05,673014.3253906241,-1.1494390399761518,2
Jharsuguda,2024_06,673014.3253906241,-1.1494390399761518,2
Jharsuguda,2024_07,673014.3253906241,-1.1494390399761518,2
Jharsuguda,2024_08,673014.3253906241,-1.1494390399761518,2
Jharsuguda,2024_09,673014.3253906241,-1.1494390399761518,2
Jharsuguda,2024_10,673014.3253906241,-1.1494390399761518,2
Jharsuguda,2024_11,673014.3253906241,-1.1494390399761518,2
Jharsuguda,2024_12,673014.3253906241,-1.1494390399761518,2
Jharsuguda,2025_01,680480.3101562494,-1.1508112417658063,2
Jharsuguda,2025_02,680480.3101562494,-1.1508112417658063,2
Jharsuguda,2025_03,680480.3101562494,-1.1508112417658063,2
Jharsuguda,2025_04,680480.3101562494,-1.1508112417658063,2
Jharsuguda,2025_05,680480.3101562494,-1.1508112417658063,2
Jharsuguda,2025_06,680480.3101562494,-1.1508112417658063,2
Jharsuguda,2025_07,680480.3101562494,-1.1508112417658063,2
Jharsuguda,2025_08,680480.3101562494,-1.1508112417658063,2
Jharsuguda,2025_09,680480.3101562494,-1.1508112417658063,2
Jharsuguda,2025_10,680480.3101562494,-1.1508112417658063,2
Jharsuguda,2025_11,680480.3101562494,-1.1508112417658063,2
Jharsuguda,2025_12,680480.3101562494,-1.1508112417658063,2
Jharsuguda,2026_01,687946.294921875,-1.1521209280470777,2
Jharsuguda,2026_02,687946.294921875,-1.1521209280470777,2
Jharsuguda,2026_03,687946.294921875,-1.1521209280470777,2
Jharsuguda,2026_04,687946.294921875,-1.1521209280470777,2
Jharsuguda,2026_05,687946.294921875,-1.1521209280470777,2
Jharsuguda,2026_06,687946.294921875,-1.1521209280470777,2
Kalahandi,2021_01,1894533.576171875,0.3499762302883933,3
Kalahandi,2021_02,1894533.576171875,0.3499762302883933,3
Kalahandi,2021_03,1894533.576171875,0.3499762302883933,3
Kalahandi,2021_04,1894533.576171875,0.3499762302883933,3
Kalahandi,2021_05,1894533.576171875,0.3499762302883933,3
Kalahandi,2021_06,1894533.576171875,0.3499762302883933,3
Kalahandi,2021_07,1894533.576171875,0.3499762302883933,3
Kalahandi,2021_08,1894533.576171875,0.3499762302883933,3
Kalahandi,2021_09,1894533.576171875,0.3499762302883933,3
Kalahandi,2021_10,1894533.576171875,0.3499762302883933,3
Kalahandi,2021_11,1894533.576171875,0.3499762302883933,3
Kalahandi,2021_12,1894533.576171875,0.3499762302883933,3
Kalahandi,2022_01,1925457.3632812495,0.35779296591442705,3
Kalahandi,2022_02,1925457.3632812495,0.35779296591442705,3
Kalahandi,2022_03,1925457.3632812495,0.35779296591442705,3
Kalahandi,2022_04,1925457.3632812495,0.35779296591442705,3
Kalahandi,2022_05,1925457.3632812495,0.35779296591442705,3
Kalahandi,2022_06,1925457.3632812495,0.35779296591442705,3
Kalahandi,2022_07,1925457.3632812495,0.35779296591442705,3
Kalahandi,2022_08,1925457.3632812495,0.35779296591442705,3
Kalahandi,2022_09,1925457.3632812495,0.35779296591442705,3
Kalahandi,2022_10,1925457.3632812495,0.35779296591442705,3
Kalahandi,2022_11,1925457.3632812495,0.35779296591442705,3
Kalahandi,2022_12,1925457.3632812495,0.35779296591442705,3
Kalahandi,2023_01,1956381.1503906236,0.3654081350649248,3
Kalahandi,2023_02,1956381.1503906236,0.3654081350649248,3
Kalahandi,2023_03,1956381.1503906236,0.3654081350649248,3
Kalahandi,2023_04,1956381.1503906236,0.3654081350649248,3
Kalahandi,2023_05,1956381.1503906236,0.3654081350649248,3
Kalahandi,2023_06,1956381.1503906236,0.3654081350649248,3
Kalahandi,2023_07,1956381.1503906236,0.3654081350649248,3
Kalahandi,2023_08,1956381.1503906236,0.3654081350649248,3
Kalahandi,2023_09,1956381.1503906236,0.3654081350649248,3
Kalahandi,2023_10,1956381.1503906236,0.3654081350649248,3
Kalahandi,2023_11,1956381.1503906236,0.3654081350649248,3
Kalahandi,2023_12,1956381.1503906236,0.3654081350649248,3
Kalahandi,2024_01,1987304.9374999974,0.3728287585070362,3
Kalahandi,2024_02,1987304.9374999974,0.3728287585070362,3
Kalahandi,2024_03,1987304.9374999974,0.3728287585070362,3
Kalahandi,2024_04,1987304.9374999974,0.3728287585070362,3
Kalahandi,2024_05,1987304.9374999974,0.3728287585070362,3
Kalahandi,2024_06,1987304.9374999974,0.3728287585070362,3
Kalahandi,2024_07,1987304.9374999974,0.3728287585070362,3
Kalahandi,2024_08,1987304.9374999974,0.3728287585070362,3
Kalahandi,2024_09,1987304.9374999974,0.3728287585070362,3
Kalahandi,2024_10,1987304.9374999974,0.3728287585070362,3
Kalahandi,2024_11,1987304.9374999974,0.3728287585070362,3
Kalahandi,2024_12,1987304.9374999974,0.3728287585070362,3
Kalahandi,2025_01,2018228.7246093717,0.38006156842752137,3
Kalahandi,2025_02,2018228.7246093717,0.38006156842752137,3
Kalahandi,2025_03,2018228.7246093717,0.38006156842752137,3
Kalahandi,2025_04,2018228.7246093717,0.38006156842752137,3
Kalahandi,2025_05,2018228.7246093717,0.38006156842752137,3
Kalahandi,2025_06,2018228.7246093717,0.38006156842752137,3
Kalahandi,2025_07,2018228.7246093717,0.38006156842752137,3
Kalahandi,2025_08,2018228.7246093717,0.38006156842752137,3
Kalahandi,2025_09,2018228.7246093717,0.38006156842752137,3
Kalahandi,2025_10,2018228.7246093717,0.38006156842752137,3
Kalahandi,2025_11,2018228.7246093717,0.38006156842752137,3
Kalahandi,2025_12,2018228.7246093717,0.38006156842752137,3
Kalahandi,2026_01,2049152.51171875,0.38711302091075245,3
Kalahandi,2026_02,2049152.51171875,0.38711302091075245,3
Kalahandi,2026_03,2049152.51171875,0.38711302091075245,3
Kalahandi,2026_04,2049152.51171875,0.38711302091075245,3
Kalahandi,2026_05,2049152.51171875,0.38711302091075245,3
Kalahandi,2026_06,2049152.51171875,0.38711302091075245,3
Kandhamal,2021_01,842728.208984375,-0.9140407701971606,2
Kandhamal,2021_02,842728.208984375,-0.9140407701971606,2
Kandhamal,2021_03,842728.208984375,-0.9140407701971606,2
Kandhamal,2021_04,842728.208984375,-0.9140407701971606,2
Kandhamal,2021_05,842728.208984375,-0.9140407701971606,2
Kandhamal,2021_06,842728.208984375,-0.9140407701971606,2
Kandhamal,2021_07,842728.208984375,-0.9140407701971606,2
Kandhamal,2021_08,842728.208984375,-0.9140407701971606,2
Kandhamal,2021_09,842728.208984375,-0.9140407701971606,2
Kandhamal,2021_10,842728.208984375,-0.9140407701971606,2
Kandhamal,2021_11,842728.208984375,-0.9140407701971606,2
Kandhamal,2021_12,842728.208984375,-0.9140407701971606,2
Kandhamal,2022_01,853409.9367187496,-0.9146532184144494,2
Kandhamal,2022_02,853409.9367187496,-0.9146532184144494,2
Kandhamal,2022_03,853409.9367187496,-0.9146532184144494,2
Kandhamal,2022_04,853409.9367187496,-0.9146532184144494,2
Kandhamal,2022_05,853409.9367187496,-0.9146532184144494,2
Kandhamal,2022_06,853409.9367187496,-0.9146532184144494,2
Kandhamal,2022_07,853409.9367187496,-0.9146532184144494,2
Kandhamal,2022_08,853409.9367187496,-0.9146532184144494,2
Kandhamal,2022_09,853409.9367187496,-0.9146532184144494,2
Kandhamal,2022_10,853409.9367187496,-0.9146532184144494,2
Kandhamal,2022_11,853409.9367187496,-0.9146532184144494,2
Kandhamal,2022_12,853409.9367187496,-0.9146532184144494,2
Kandhamal,2023_01,864091.664453125,-0.9152231458756229,2
Kandhamal,2023_02,864091.664453125,-0.9152231458756229,2
Kandhamal,2023_03,864091.664453125,-0.9152231458756229,2
Kandhamal,2023_04,864091.664453125,-0.9152231458756229,2
Kandhamal,2023_05,864091.664453125,-0.9152231458756229,2
Kandhamal,2023_06,864091.664453125,-0.9152231458756229,2
Kandhamal,2023_07,864091.664453125,-0.9152231458756229,2
Kandhamal,2023_08,864091.664453125,-0.9152231458756229,2
Kandhamal,2023_09,864091.664453125,-0.9152231458756229,2
Kandhamal,2023_10,864091.664453125,-0.9152231458756229,2
Kandhamal,2023_11,864091.664453125,-0.9152231458756229,2
Kandhamal,2023_12,864091.664453125,-0.9152231458756229,2
Kandhamal,2024_01,874773.3921875004,-0.9157530289774336,2
Kandhamal,2024_02,874773.3921875004,-0.9157530289774336,2
Kandhamal,2024_03,874773.3921875004,-0.9157530289774336,2
Kandhamal,2024_04,874773.3921875004,-0.9157530289774336,2
Kandhamal,2024_05,874773.3921875004,-0.9157530289774336,2
Kandhamal,2024_06,874773.3921875004,-0.9157530289774336,2
Kandhamal,2024_07,874773.3921875004,-0.9157530289774336,2
Kandhamal,2024_08,874773.3921875004,-0.9157530289774336,2
Kandhamal,2024_09,874773.3921875004,-0.9157530289774336,2
Kandhamal,2024_10,874773.3921875004,-0.9157530289774336,2
Kandhamal,2024_11,874773.3921875004,-0.9157530289774336,2
Kandhamal,2024_12,874773.3921875004,-0.9157530289774336,2
Kandhamal,2025_01,885455.119921875,-0.9162451905901637,2
Kandhamal,2025_02,885455.119921875,-0.9162451905901637,2
Kandhamal,2025_03,885455.119921875,-0.9162451905901637,2
Kandhamal,2025_04,885455.119921875,-0.9162451905901637,2
Kandhamal,2025_05,885455.119921875,-0.9162451905901637,2
Kandhamal,2025_06,885455.119921875,-0.9162451905901637,2
Kandhamal,2025_07,885455.119921875,-0.9162451905901637,2
Kandhamal,2025_08,885455.119921875,-0.9162451905901637,2
Kandhamal,2025_09,885455.119921875,-0.9162451905901637,2
Kandhamal,2025_10,885455.119921875,-0.9162451905901637,2
Kandhamal,2025_11,885455.119921875,-0.9162451905901637,2
Kandhamal,2025_12,885455.119921875,-0.9162451905901637,2
Kandhamal,2026_01,896136.84765625,-0.9167018103066943,2
Kandhamal,2026_02,896136.84765625,-0.9167018103066943,2
Kandhamal,2026_03,896136.84765625,-0.9167018103066943,2
Kandhamal,2026_04,896136.84765625,-0.9167018103066943,2
Kandhamal,2026_05,896136.84765625,-0.9167018103066943,2
Kandhamal,2026_06,896136.84765625,-0.9167018103066943,2
Kendrapara,2021_01,1716380.24609375,0.13587878893951197,3
Kendrapara,2021_02,1716380.24609375,0.13587878893951197,3
Kendrapara,2021_03,1716380.24609375,0.13587878893951197,3
Kendrapara,2021_04,1716380.24609375,0.13587878893951197,3
Kendrapara,2021_05,1716380.24609375,0.13587878893951197,3
Kendrapara,2021_06,1716380.24609375,0.13587878893951197,3
Kendrapara,2021_07,1716380.24609375,0.13587878893951197,3
Kendrapara,2021_08,1716380.24609375,0.13587878893951197,3
Kendrapara,2021_09,1716380.24609375,0.13587878893951197,3
Kendrapara,2021_10,1716380.24609375,0.13587878893951197,3
Kendrapara,2021_11,1716380.24609375,0.13587878893951197,3
Kendrapara,2021_12,1716380.24609375,0.13587878893951197,3
Kendrapara,2022_01,1733126.767968749,0.12950984515752553,3
Kendrapara,2022_02,1733126.767968749,0.12950984515752553,3
Kendrapara,2022_03,1733126.767968749,0.12950984515752553,3
Kendrapara,2022_04,1733126.767968749,0.12950984515752553,3
Kendrapara,2022_05,1733126.767968749,0.12950984515752553,3
Kendrapara,2022_06,1733126.767968749,0.12950984515752553,3
Kendrapara,2022_07,1733126.767968749,0.12950984515752553,3
Kendrapara,2022_08,1733126.767968749,0.12950984515752553,3
Kendrapara,2022_09,1733126.767968749,0.12950984515752553,3
Kendrapara,2022_10,1733126.767968749,0.12950984515752553,3
Kendrapara,2022_11,1733126.767968749,0.12950984515752553,3
Kendrapara,2022_12,1733126.767968749,0.12950984515752553,3
Kendrapara,2023_01,1749873.28984375,0.1232924419440195,3
Kendrapara,2023_02,1749873.28984375,0.1232924419440195,3
Kendrapara,2023_03,1749873.28984375,0.1232924419440195,3
Kendrapara,2023_04,1749873.28984375,0.1232924419440195,3
Kendrapara,2023_05,1749873.28984375,0.1232924419440195,3
Kendrapara,2023_06,1749873.28984375,0.1232924419440195,3
Kendrapara,2023_07,1749873.28984375,0.1232924419440195,3
Kendrapara,2023_08,1749873.28984375,0.1232924419440195,3
Kendrapara,2023_09,1749873.28984375,0.1232924419440195,3
Kendrapara,2023_10,1749873.28984375,0.1232924419440195,3
Kendrapara,2023_11,1749873.28984375,0.1232924419440195,3
Kendrapara,2023_12,1749873.28984375,0.1232924419440195,3
Kendrapara,2024_01,1766619.811718751,0.11722177365470357,3
Kendrapara,2024_02,1766619.811718751,0.11722177365470357,3
Kendrapara,2024_03,1766619.811718751,0.11722177365470357,3
Kendrapara,2024_04,1766619.811718751,0.11722177365470357,3
Kendrapara,2024_05,1766619.811718751,0.11722177365470357,3
Kendrapara,2024_06,1766619.811718751,0.11722177365470357,3
Kendrapara,2024_07,1766619.811718751,0.11722177365470357,3
Kendrapara,2024_08,1766619.811718751,0.11722177365470357,3
Kendrapara,2024_09,1766619.811718751,0.11722177365470357,3
Kendrapara,2024_10,1766619.811718751,0.11722177365470357,3
Kendrapara,2024_11,1766619.811718751,0.11722177365470357,3
Kendrapara,2024_12,1766619.811718751,0.11722177365470357,3
Kendrapara,2025_01,1783366.33359375,0.11129320760700598,3
Kendrapara,2025_02,1783366.33359375,0.11129320760700598,3
Kendrapara,2025_03,1783366.33359375,0.11129320760700598,3
Kendrapara,2025_04,1783366.33359375,0.11129320760700598,3
Kendrapara,2025_05,1783366.33359375,0.11129320760700598,3
Kendrapara,2025_06,1783366.33359375,0.11129320760700598,3
Kendrapara,2025_07,1783366.33359375,0.11129320760700598,3
Kendrapara,2025_08,1783366.33359375,0.11129320760700598,3
Kendrapara,2025_09,1783366.33359375,0.11129320760700598,3
Kendrapara,2025_10,1783366.33359375,0.11129320760700598,3
Kendrapara,2025_11,1783366.33359375,0.11129320760700598,3
Kendrapara,2025_12,1783366.33359375,0.11129320760700598,3
Kendrapara,2026_01,1800112.85546875,0.10550227831598055,3
Kendrapara,2026_02,1800112.85546875,0.10550227831598055,3
Kendrapara,2026_03,1800112.85546875,0.10550227831598055,3
Kendrapara,2026_04,1800112.85546875,0.10550227831598055,3
Kendrapara,2026_05,1800112.85546875,0.10550227831598055,3
Kendrapara,2026_06,1800112.85546875,0.10550227831598055,3
Kendujhar,2021_01,2141044.6953125,0.6462232880835675,4
Kendujhar,2021_02,2141044.6953125,0.6462232880835675,4
Kendujhar,2021_03,2141044.6953125,0.6462232880835675,4
Kendujhar,2021_04,2141044.6953125,0.6462232880835675,4
Kendujhar,2021_05,2141044.6953125,0.6462232880835675,4
Kendujhar,2021_06,2141044.6953125,0.6462232880835675,4
Kendujhar,2021_07,2141044.6953125,0.6462232880835675,4
Kendujhar,2021_08,2141044.6953125,0.6462232880835675,4
Kendujhar,2021_09,2141044.6953125,0.6462232880835675,4
Kendujhar,2021_10,2141044.6953125,0.6462232880835675,4
Kendujhar,2021_11,2141044.6953125,0.6462232880835675,4
Kendujhar,2021_12,2141044.6953125,0.6462232880835675,4
Kendujhar,2022_01,2170847.615624999,0.6490542315354033,4
Kendujhar,2022_02,2170847.615624999,0.6490542315354033,4
Kendujhar,2022_03,2170847.615624999,0.6490542315354033,4
Kendujhar,2022_04,2170847.615624999,0.6490542315354033,4
Kendujhar,2022_05,2170847.615624999,0.6490542315354033,4
Kendujhar,2022_06,2170847.615624999,0.6490542315354033,4
Kendujhar,2022_07,2170847.615624999,0.6490542315354033,4
Kendujhar,2022_08,2170847.615624999,0.6490542315354033,4
Kendujhar,2022_09,2170847.615624999,0.6490542315354033,4
Kendujhar,2022_10,2170847.615624999,0.6490542315354033,4
Kendujhar,2022_11,2170847.615624999,0.6490542315354033,4
Kendujhar,2022_12,2170847.615624999,0.6490542315354033,4
Kendujhar,2023_01,2200650.5359374997,0.6517965148257789,4
Kendujhar,2023_02,2200650.5359374997,0.6517965148257789,4
Kendujhar,2023_03,2200650.5359374997,0.6517965148257789,4
Kendujhar,2023_04,2200650.5359374997,0.6517965148257789,4
Kendujhar,2023_05,2200650.5359374997,0.6517965148257789,4
Kendujhar,2023_06,2200650.5359374997,0.6517965148257789,4
Kendujhar,2023_07,2200650.5359374997,0.6517965148257789,4
Kendujhar,2023_08,2200650.5359374997,0.6517965148257789,4
Kendujhar,2023_09,2200650.5359374997,0.6517965148257789,4
Kendujhar,2023_10,2200650.5359374997,0.6517965148257789,4
Kendujhar,2023_11,2200650.5359374997,0.6517965148257789,4
Kendujhar,2023_12,2200650.5359374997,0.6517965148257789,4
Kendujhar,2024_01,2230453.4562500003,0.6544538092619545,4
Kendujhar,2024_02,2230453.4562500003,0.6544538092619545,4
Kendujhar,2024_03,2230453.4562500003,0.6544538092619545,4
Kendujhar,2024_04,2230453.4562500003,0.6544538092619545,4
Kendujhar,2024_05,2230453.4562500003,0.6544538092619545,4
Kendujhar,2024_06,2230453.4562500003,0.6544538092619545,4
Kendujhar,2024_07,2230453.4562500003,0.6544538092619545,4
Kendujhar,2024_08,2230453.4562500003,0.6544538092619545,4
Kendujhar,2024_09,2230453.4562500003,0.6544538092619545,4
Kendujhar,2024_10,2230453.4562500003,0.6544538092619545,4
Kendujhar,2024_11,2230453.4562500003,0.6544538092619545,4
Kendujhar,2024_12,2230453.4562500003,0.6544538092619545,4
Kendujhar,2025_01,2260256.3765624994,0.6570296049334327,4
Kendujhar,2025_02,2260256.3765624994,0.6570296049334327,4
Kendujhar,2025_03,2260256.3765624994,0.6570296049334327,4
Kendujhar,2025_04,2260256.3765624994,0.6570296049334327,4
Kendujhar,2025_05,2260256.3765624994,0.6570296049334327,4
Kendujhar,2025_06,2260256.3765624994,0.6570296049334327,4
Kendujhar,2025_07,2260256.3765624994,0.6570296049334327,4
Kendujhar,2025_08,2260256.3765624994,0.6570296049334327,4
Kendujhar,2025_09,2260256.3765624994,0.6570296049334327,4
Kendujhar,2025_10,2260256.3765624994,0.6570296049334327,4
Kendujhar,2025_11,2260256.3765624994,0.6570296049334327,4
Kendujhar,2025_12,2260256.3765624994,0.6570296049334327,4
Kendujhar,2026_01,2290059.296875,0.6595272206632096,4
Kendujhar,2026_02,2290059.296875,0.6595272206632096,4
Kendujhar,2026_03,2290059.296875,0.6595272206632096,4
Kendujhar,2026_04,2290059.296875,0.6595272206632096,4
Kendujhar,2026_05,2290059.296875,0.6595272206632096,4
Kendujhar,2026_06,2290059.296875,0.6595272206632096,4
Khordha,2021_01,2613666.8046875,1.2142013567378294,4
Khordha,2021_02,2613666.8046875,1.2142013567378294,4
Khordha,2021_03,2613666.8046875,1.2142013567378294,4
Khordha,2021_04,2613666.8046875,1.2142013567378294,4
Khordha,2021_05,2613666.8046875,1.2142013567378294,4
Khordha,2021_06,2613666.8046875,1.2142013567378294,4
Khordha,2021_07,2613666.8046875,1.2142013567378294,4
Khordha,2021_08,2613666.8046875,1.2142013567378294,4
Khordha,2021_09,2613666.8046875,1.2142013567378294,4
Khordha,2021_10,2613666.8046875,1.2142013567378294,4
Khordha,2021_11,2613666.8046875,1.2142013567378294,4
Khordha,2021_12,2613666.8046875,1.2142013567378294,4
Khordha,2022_01,2658521.416406252,1.227889320008132,4
Khordha,2022_02,2658521.416406252,1.227889320008132,4
Khordha,2022_03,2658521.416406252,1.227889320008132,4
Khordha,2022_04,2658521.416406252,1.227889320008132,4
Khordha,2022_05,2658521.416406252,1.227889320008132,4
Khordha,2022_06,2658521.416406252,1.227889320008132,4
Khordha,2022_07,2658521.416406252,1.227889320008132,4
Khordha,2022_08,2658521.416406252,1.227889320008132,4
Khordha,2022_09,2658521.416406252,1.227889320008132,4
Khordha,2022_10,2658521.416406252,1.227889320008132,4
Khordha,2022_11,2658521.416406252,1.227889320008132,4
Khordha,2022_12,2658521.416406252,1.227889320008132,4
Khordha,2023_01,2703376.028125003,1.241206189925763,4
Khordha,2023_02,2703376.028125003,1.241206189925763,4
Khordha,2023_03,2703376.028125003,1.241206189925763,4
Khordha,2023_04,2703376.028125003,1.241206189925763,4
Khordha,2023_05,2703376.028125003,1.241206189925763,4
Khordha,2023_06,2703376.028125003,1.241206189925763,4
Khordha,2023_07,2703376.028125003,1.241206189925763,4
Khordha,2023_08,2703376.028125003,1.241206189925763,4
Khordha,2023_09,2703376.028125003,1.241206189925763,4
Khordha,2023_10,2703376.028125003,1.241206189925763,4
Khordha,2023_11,2703376.028125003,1.241206189925763,4
Khordha,2023_12,2703376.028125003,1.241206189925763,4
Khordha,2024_01,2748230.639843754,1.2541655671577772,4
Khordha,2024_02,2748230.639843754,1.2541655671577772,4
Khordha,2024_03,2748230.639843754,1.2541655671577772,4
Khordha,2024_04,2748230.639843754,1.2541655671577772,4
Khordha,2024_05,2748230.639843754,1.2541655671577772,4
Khordha,2024_06,2748230.639843754,1.2541655671577772,4
Khordha,2024_07,2748230.639843754,1.2541655671577772,4
Khordha,2024_08,2748230.639843754,1.2541655671577772,4
Khordha,2024_09,2748230.639843754,1.2541655671577772,4
Khordha,2024_10,2748230.639843754,1.2541655671577772,4
Khordha,2024_11,2748230.639843754,1.2541655671577772,4
Khordha,2024_12,2748230.639843754,1.2541655671577772,4
Khordha,2025_01,2793085.251562506,1.2667804582408302,4
Khordha,2025_02,2793085.251562506,1.2667804582408302,4
Khordha,2025_03,2793085.251562506,1.2667804582408302,4
Khordha,2025_04,2793085.251562506,1.2667804582408302,4
Khordha,2025_05,2793085.251562506,1.2667804582408302,4
Khordha,2025_06,2793085.251562506,1.2667804582408302,4
Khordha,2025_07,2793085.251562506,1.2667804582408302,4
Khordha,2025_08,2793085.251562506,1.2667804582408302,4
Khordha,2025_09,2793085.251562506,1.2667804582408302,4
Khordha,2025_10,2793085.251562506,1.2667804582408302,4
Khordha,2025_11,2793085.251562506,1.2667804582408302,4
Khordha,2025_12,2793085.251562506,1.2667804582408302,4
Khordha,2026_01,2837939.86328125,1.2790633037198946,4
Khordha,2026_02,2837939.86328125,1.2790633037198946,4
Khordha,2026_03,2837939.86328125,1.2790633037198946,4
Khordha,2026_04,2837939.86328125,1.2790633037198946,4
Khordha,2026_05,2837939.86328125,1.2790633037198946,4
Khordha,2026_06,2837939.86328125,1.2790633037198946,4
Koraput,2021_01,1601661.361328125,-0.0019857106572500347,3
Koraput,2021_02,1601661.361328125,-0.0019857106572500347,3
Koraput,2021_03,1601661.361328125,-0.0019857106572500347,3
Koraput,2021_04,1601661.361328125,-0.0019857106572500347,3
Koraput,2021_05,1601661.361328125,-0.0019857106572500347,3
Koraput,2021_06,1601661.361328125,-0.0019857106572500347,3
Koraput,2021_07,1601661.361328125,-0.0019857106572500347,3
Koraput,2021_08,1601661.361328125,-0.0019857106572500347,3
Koraput,2021_09,1601661.361328125,-0.0019857106572500347,3
Koraput,2021_10,1601661.361328125,-0.0019857106572500347,3
Koraput,2021_11,1601661.361328125,-0.0019857106572500347,3
Koraput,2021_12,1601661.361328125,-0.0019857106572500347,3
Koraput,2022_01,1626508.801171875,0.0029616891057039703,3
Koraput,2022_02,1626508.801171875,0.0029616891057039703,3
Koraput,2022_03,1626508.801171875,0.0029616891057039703,3
Koraput,2022_04,1626508.801171875,0.0029616891057039703,3
Koraput,2022_05,1626508.801171875,0.0029616891057039703,3
Koraput,2022_06,1626508.801171875,0.0029616891057039703,3
Koraput,2022_07,1626508.801171875,0.0029616891057039703,3
Koraput,2022_08,1626508.801171875,0.0029616891057039703,3
Koraput,2022_09,1626508.801171875,0.0029616891057039703,3
Koraput,2022_10,1626508.801171875,0.0029616891057039703,3
Koraput,2022_11,1626508.801171875,0.0029616891057039703,3
Koraput,2022_12,1626508.801171875,0.0029616891057039703,3
Koraput,2023_01,1651356.2410156252,0.007788250006331039,3
Koraput,2023_02,1651356.2410156252,0.007788250006331039,3
Koraput,2023_03,1651356.2410156252,0.007788250006331039,3
Koraput,2023_04,1651356.2410156252,0.007788250006331039,3
Koraput,2023_05,1651356.2410156252,0.007788250006331039,3
Koraput,2023_06,1651356.2410156252,0.007788250006331039,3
Koraput,2023_07,1651356.2410156252,0.007788250006331039,3
Koraput,2023_08,1651356.2410156252,0.007788250006331039,3
Koraput,2023_09,1651356.2410156252,0.007788250006331039,3
Koraput,2023_10,1651356.2410156252,0.007788250006331039,3
Koraput,2023_11,1651356.2410156252,0.007788250006331039,3
Koraput,2023_12,1651356.2410156252,0.007788250006331039,3
Koraput,2024_01,1676203.6808593753,0.012497930082719138,3
Koraput,2024_02,1676203.6808593753,0.012497930082719138,3
Koraput,2024_03,1676203.6808593753,0.012497930082719138,3
Koraput,2024_04,1676203.6808593753,0.012497930082719138,3
Koraput,2024_05,1676203.6808593753,0.012497930082719138,3
Koraput,2024_06,1676203.6808593753,0.012497930082719138,3
Koraput,2024_07,1676203.6808593753,0.012497930082719138,3
Koraput,2024_08,1676203.6808593753,0.012497930082719138,3
Koraput,2024_09,1676203.6808593753,0.012497930082719138,3
Koraput,2024_10,1676203.6808593753,0.012497930082719138,3
Koraput,2024_11,1676203.6808593753,0.012497930082719138,3
Koraput,2024_12,1676203.6808593753,0.012497930082719138,3
Koraput,2025_01,1701051.1207031254,0.017094537724038805,3
Koraput,2025_02,1701051.1207031254,0.017094537724038805,3
Koraput,2025_03,1701051.1207031254,0.017094537724038805,3
Koraput,2025_04,1701051.1207031254,0.017094537724038805,3
Koraput,2025_05,1701051.1207031254,0.017094537724038805,3
Koraput,2025_06,1701051.1207031254,0.017094537724038805,3
Koraput,2025_07,1701051.1207031254,0.017094537724038805,3
Koraput,2025_08,1701051.1207031254,0.017094537724038805,3
Koraput,2025_09,1701051.1207031254,0.017094537724038805,3
Koraput,2025_10,1701051.1207031254,0.017094537724038805,3
Koraput,2025_11,1701051.1207031254,0.017094537724038805,3
Koraput,2025_12,1701051.1207031254,0.017094537724038805,3
Koraput,2026_01,1725898.560546875,0.021581737231084034,3
Koraput,2026_02,1725898.560546875,0.021581737231084034,3
Koraput,2026_03,1725898.560546875,0.021581737231084034,3
Koraput,2026_04,1725898.560546875,0.021581737231084034,3
Koraput,2026_05,1725898.560546875,0.021581737231084034,3
Koraput,2026_06,1725898.560546875,0.021581737231084034,3
Malkangiri,2021_01,773774.083984375,-0.9969070389695546,2
Malkangiri,2021_02,773774.083984375,-0.9969070389695546,2
Malkangiri,2021_03,773774.083984375,-0.9969070389695546,2
Malkangiri,2021_04,773774.083984375,-0.9969070389695546,2
Malkangiri,2021_05,773774.083984375,-0.9969070389695546,2
Malkangiri,2021_06,773774.083984375,-0.9969070389695546,2
Malkangiri,2021_07,773774.083984375,-0.9969070389695546,2
Malkangiri,2021_08,773774.083984375,-0.9969070389695546,2
Malkangiri,2021_09,773774.083984375,-0.9969070389695546,2
Malkangiri,2021_10,773774.083984375,-0.9969070389695546,2
Malkangiri,2021_11,773774.083984375,-0.9969070389695546,2
Malkangiri,2021_12,773774.083984375,-0.9969070389695546,2
Malkangiri,2022_01,788109.578906249,-0.992160228902089,2
Malkangiri,2022_02,788109.578906249,-0.992160228902089,2
Malkangiri,2022_03,788109.578906249,-0.992160228902089,2
Malkangiri,2022_04,788109.578906249,-0.992160228902089,2
Malkangiri,2022_05,788109.578906249,-0.992160228902089,2
Malkangiri,2022_06,788109.578906249,-0.992160228902089,2
Malkangiri,2022_07,788109.578906249,-0.992160228902089,2
Malkangiri,2022_08,788109.578906249,-0.992160228902089,2
Malkangiri,2022_09,788109.578906249,-0.992160228902089,2
Malkangiri,2022_10,788109.578906249,-0.992160228902089,2
Malkangiri,2022_11,788109.578906249,-0.992160228902089,2
Malkangiri,2022_12,788109.578906249,-0.992160228902089,2
Malkangiri,2023_01,802445.0738281244,-0.9874993632466554,2
Malkangiri,2023_02,802445.0738281244,-0.9874993632466554,2
Malkangiri,2023_03,802445.0738281244,-0.9874993632466554,2
Malkangiri,2023_04,802445.0738281244,-0.9874993632466554,2
Malkangiri,2023_05,802445.0738281244,-0.9874993632466554,2
Malkangiri,2023_06,802445.0738281244,-0.9874993632466554,2
Malkangiri,2023_07,802445.0738281244,-0.9874993632466554,2
Malkangiri,2023_08,802445.0738281244,-0.9874993632466554,2
Malkangiri,2023_09,802445.0738281244,-0.9874993632466554,2
Malkangiri,2023_10,802445.0738281244,-0.9874993632466554,2
Malkangiri,2023_11,802445.0738281244,-0.9874993632466554,2
Malkangiri,2023_12,802445.0738281244,-0.9874993632466554,2
Malkangiri,2024_01,816780.5687499999,-0.982922806231143,2
Malkangiri,2024_02,816780.5687499999,-0.982922806231143,2
Malkangiri,2024_03,816780.5687499999,-0.982922806231143,2
Malkangiri,2024_04,816780.5687499999,-0.982922806231143,2
Malkangiri,2024_05,816780.5687499999,-0.982922806231143,2
Malkangiri,2024_06,816780.5687499999,-0.982922806231143,2
Malkangiri,2024_07,816780.5687499999,-0.982922806231143,2
Malkangiri,2024_08,816780.5687499999,-0.982922806231143,2
Malkangiri,2024_09,816780.5687499999,-0.982922806231143,2
Malkangiri,2024_10,816780.5687499999,-0.982922806231143,2
Malkangiri,2024_11,816780.5687499999,-0.982922806231143,2
Malkangiri,2024_12,816780.5687499999,-0.982922806231143,2
Malkangiri,2025_01,831116.0636718739,-0.9784289187455802,2
Malkangiri,2025_02,831116.0636718739,-0.9784289187455802,2
Malkangiri,2025_03,831116.0636718739,-0.9784289187455802,2
Malkangiri,2025_04,831116.0636718739,-0.9784289187455802,2
Malkangiri,2025_05,831116.0636718739,-0.9784289187455802,2
Malkangiri,2025_06,831116.0636718739,-0.9784289187455802,2
Malkangiri,2025_07,831116.0636718739,-0.9784289187455802,2
Malkangiri,2025_08,831116.0636718739,-0.9784289187455802,2
Malkangiri,2025_09,831116.0636718739,-0.9784289187455802,2
Malkangiri,2025_10,831116.0636718739,-0.9784289187455802,2
Malkangiri,2025_11,831116.0636718739,-0.9784289187455802,2
Malkangiri,2025_12,831116.0636718739,-0.9784289187455802,2
Malkangiri,2026_01,845451.55859375,-0.974016063411801,2
Malkangiri,2026_02,845451.55859375,-0.974016063411801,2
Malkangiri,2026_03,845451.55859375,-0.974016063411801,2
Malkangiri,2026_04,845451.55859375,-0.974016063411801,2
Malkangiri,2026_05,845451.55859375,-0.974016063411801,2
Malkangiri,2026_06,845451.55859375,-0.974016063411801,2
Mayurbhanj,2021_01,2930202.216796875,1.594600767735155,5
Mayurbhanj,2021_02,2930202.216796875,1.594600767735155,5
Mayurbhanj,2021_03,2930202.216796875,1.594600767735155,5
Mayurbhanj,2021_04,2930202.216796875,1.594600767735155,5
Mayurbhanj,2021_05,2930202.216796875,1.594600767735155,5
Mayurbhanj,2021_06,2930202.216796875,1.594600767735155,5
Mayurbhanj,2021_07,2930202.216796875,1.594600767735155,5
Mayurbhanj,2021_08,2930202.216796875,1.594600767735155,5
Mayurbhanj,2021_09,2930202.216796875,1.594600767735155,5
Mayurbhanj,2021_10,2930202.216796875,1.594600767735155,5
Mayurbhanj,2021_11,2930202.216796875,1.594600767735155,5
Mayurbhanj,2021_12,2930202.216796875,1.594600767735155,5
Mayurbhanj,2022_01,2966271.90078125,1.5931678700662901,5
Mayurbhanj,2022_02,2966271.90078125,1.5931678700662901,5
Mayurbhanj,2022_03,2966271.90078125,1.5931678700662901,5
Mayurbhanj,2022_04,2966271.90078125,1.5931678700662901,5
Mayurbhanj,2022_05,2966271.90078125,1.5931678700662901,5
Mayurbhanj,2022_06,2966271.90078125,1.5931678700662901,5
Mayurbhanj,2022_07,2966271.90078125,1.5931678700662901,5
Mayurbhanj,2022_08,2966271.90078125,1.5931678700662901,5
Mayurbhanj,2022_09,2966271.90078125,1.5931678700662901,5
Mayurbhanj,2022_10,2966271.90078125,1.5931678700662901,5
Mayurbhanj,2022_11,2966271.90078125,1.5931678700662901,5
Mayurbhanj,2022_12,2966271.90078125,1.5931678700662901,5
Mayurbhanj,2023_01,3002341.584765625,1.591721917383467,5
Mayurbhanj,2023_02,3002341.584765625,1.591721917383467,5
Mayurbhanj,2023_03,3002341.584765625,1.591721917383467,5
Mayurbhanj,2023_04,3002341.584765625,1.591721917383467,5
Mayurbhanj,2023_05,3002341.584765625,1.591721917383467,5
Mayurbhanj,2023_06,3002341.584765625,1.591721917383467,5
Mayurbhanj,2023_07,3002341.584765625,1.591721917383467,5
Mayurbhanj,2023_08,3002341.584765625,1.591721917383467,5
Mayurbhanj,2023_09,3002341.584765625,1.591721917383467,5
Mayurbhanj,2023_10,3002341.584765625,1.591721917383467,5
Mayurbhanj,2023_11,3002341.584765625,1.591721917383467,5
Mayurbhanj,2023_12,3002341.584765625,1.591721917383467,5
Mayurbhanj,2024_01,3038411.2687500003,1.5902652265920165,5
Mayurbhanj,2024_02,3038411.2687500003,1.5902652265920165,5
Mayurbhanj,2024_03,3038411.2687500003,1.5902652265920165,5
Mayurbhanj,2024_04,3038411.2687500003,1.5902652265920165,5
Mayurbhanj,2024_05,3038411.2687500003,1.5902652265920165,5
Mayurbhanj,2024_06,3038411.2687500003,1.5902652265920165,5
Mayurbhanj,2024_07,3038411.2687500003,1.5902652265920165,5
Mayurbhanj,2024_08,3038411.2687500003,1.5902652265920165,5
Mayurbhanj,2024_09,3038411.2687500003,1.5902652265920165,5
Mayurbhanj,2024_10,3038411.2687500003,1.5902652265920165,5
Mayurbhanj,2024_11,3038411.2687500003,1.5902652265920165,5
Mayurbhanj,2024_12,3038411.2687500003,1.5902652265920165,5
Mayurbhanj,2025_01,3074480.952734376,1.5887999225699339,5
Mayurbhanj,2025_02,3074480.952734376,1.5887999225699339,5
Mayurbhanj,2025_03,3074480.952734376,1.5887999225699339,5
Mayurbhanj,2025_04,3074480.952734376,1.5887999225699339,5
Mayurbhanj,2025_05,3074480.952734376,1.5887999225699339,5
Mayurbhanj,2025_06,3074480.952734376,1.5887999225699339,5
Mayurbhanj,2025_07,3074480.952734376,1.5887999225699339,5
Mayurbhanj,2025_08,3074480.952734376,1.5887999225699339,5
Mayurbhanj,2025_09,3074480.952734376,1.5887999225699339,5
Mayurbhanj,2025_10,3074480.952734376,1.5887999225699339,5
Mayurbhanj,2025_11,3074480.952734376,1.5887999225699339,5
Mayurbhanj,2025_12,3074480.952734376,1.5887999225699339,5
Mayurbhanj,2026_01,3110550.63671875,1.5873279532261697,5
Mayurbhanj,2026_02,3110550.63671875,1.5873279532261697,5
Mayurbhanj,2026_03,3110550.63671875,1.5873279532261697,5
Mayurbhanj,2026_04,3110550.63671875,1.5873279532261697,5
Mayurbhanj,2026_05,3110550.63671875,1.5873279532261697,5
Mayurbhanj,2026_06,3110550.63671875,1.5873279532261697,5
Nabarangpur,2021_01,1449416.509765625,-0.1849473940778047,3
Nabarangpur,2021_02,1449416.509765625,-0.1849473940778047,3
Nabarangpur,2021_03,1449416.509765625,-0.1849473940778047,3
Nabarangpur,2021_04,1449416.509765625,-0.1849473940778047,3
Nabarangpur,2021_05,1449416.509765625,-0.1849473940778047,3
Nabarangpur,2021_06,1449416.509765625,-0.1849473940778047,3
Nabarangpur,2021_07,1449416.509765625,-0.1849473940778047,3
Nabarangpur,2021_08,1449416.509765625,-0.1849473940778047,3
Nabarangpur,2021_09,1449416.509765625,-0.1849473940778047,3
Nabarangpur,2021_10,1449416.509765625,-0.1849473940778047,3
Nabarangpur,2021_11,1449416.509765625,-0.1849473940778047,3
Nabarangpur,2021_12,1449416.509765625,-0.1849473940778047,3
Nabarangpur,2022_01,1473859.8843750001,-0.17822202246099292,3
Nabarangpur,2022_02,1473859.8843750001,-0.17822202246099292,3
Nabarangpur,2022_03,1473859.8843750001,-0.17822202246099292,3
Nabarangpur,2022_04,1473859.8843750001,-0.17822202246099292,3
Nabarangpur,2022_05,1473859.8843750001,-0.17822202246099292,3
Nabarangpur,2022_06,1473859.8843750001,-0.17822202246099292,3
Nabarangpur,2022_07,1473859.8843750001,-0.17822202246099292,3
Nabarangpur,2022_08,1473859.8843750001,-0.17822202246099292,3
Nabarangpur,2022_09,1473859.8843750001,-0.17822202246099292,3
Nabarangpur,2022_10,1473859.8843750001,-0.17822202246099292,3
Nabarangpur,2022_11,1473859.8843750001,-0.17822202246099292,3
Nabarangpur,2022_12,1473859.8843750001,-0.17822202246099292,3
Nabarangpur,2023_01,1498303.2589843748,-0.17165542216471674,3
Nabarangpur,2023_02,1498303.2589843748,-0.17165542216471674,3
Nabarangpur,2023_03,1498303.2589843748,-0.17165542216471674,3
Nabarangpur,2023_04,1498303.2589843748,-0.17165542216471674,3
Nabarangpur,2023_05,1498303.2589843748,-0.17165542216471674,3
Nabarangpur,2023_06,1498303.2589843748,-0.17165542216471674,3
Nabarangpur,2023_07,1498303.2589843748,-0.17165542216471674,3
Nabarangpur,2023_08,1498303.2589843748,-0.17165542216471674,3
Nabarangpur,2023_09,1498303.2589843748,-0.17165542216471674,3
Nabarangpur,2023_10,1498303.2589843748,-0.17165542216471674,3
Nabarangpur,2023_11,1498303.2589843748,-0.17165542216471674,3
Nabarangpur,2023_12,1498303.2589843748,-0.17165542216471674,3
Nabarangpur,2024_01,1522746.6335937495,-0.16524260869192336,3
Nabarangpur,2024_02,1522746.6335937495,-0.16524260869192336,3
Nabarangpur,2024_03,1522746.6335937495,-0.16524260869192336,3
Nabarangpur,2024_04,1522746.6335937495,-0.16524260869192336,3
Nabarangpur,2024_05,1522746.6335937495,-0.16524260869192336,3
Nabarangpur,2024_06,1522746.6335937495,-0.16524260869192336,3
Nabarangpur,2024_07,1522746.6335937495,-0.16524260869192336,3
Nabarangpur,2024_08,1522746.6335937495,-0.16524260869192336,3
Nabarangpur,2024_09,1522746.6335937495,-0.16524260869192336,3
Nabarangpur,2024_10,1522746.6335937495,-0.16524260869192336,3
Nabarangpur,2024_11,1522746.6335937495,-0.16524260869192336,3
Nabarangpur,2024_12,1522746.6335937495,-0.16524260869192336,3
Nabarangpur,2025_01,1547190.0082031246,-0.1589787740642906,3
Nabarangpur,2025_02,1547190.0082031246,-0.1589787740642906,3
Nabarangpur,2025_03,1547190.0082031246,-0.1589787740642906,3
Nabarangpur,2025_04,1547190.0082031246,-0.1589787740642906,3
Nabarangpur,2025_05,1547190.0082031246,-0.1589787740642906,3
Nabarangpur,2025_06,1547190.0082031246,-0.1589787740642906,3
Nabarangpur,2025_07,1547190.0082031246,-0.1589787740642906,3
Nabarangpur,2025_08,1547190.0082031246,-0.1589787740642906,3
Nabarangpur,2025_09,1547190.0082031246,-0.1589787740642906,3
Nabarangpur,2025_10,1547190.0082031246,-0.1589787740642906,3
Nabarangpur,2025_11,1547190.0082031246,-0.1589787740642906,3
Nabarangpur,2025_12,1547190.0082031246,-0.1589787740642906,3
Nabarangpur,2026_01,1571633.3828125,-0.1528592811691404,3
Nabarangpur,2026_02,1571633.3828125,-0.1528592811691404,3
Nabarangpur,2026_03,1571633.3828125,-0.1528592811691404,3
Nabarangpur,2026_04,1571633.3828125,-0.1528592811691404,3
Nabarangpur,2026_05,1571633.3828125,-0.1528592811691404,3
Nabarangpur,2026_06,1571633.3828125,-0.1528592811691404,3
Nayagarh,2021_01,1023408.556640625,-0.6969064616873738,2
Nayagarh,2021_02,1023408.556640625,-0.6969064616873738,2
Nayagarh,2021_03,1023408.556640625,-0.6969064616873738,2
Nayagarh,2021_04,1023408.556640625,-0.6969064616873738,2
Nayagarh,2021_05,1023408.556640625,-0.6969064616873738,2
Nayagarh,2021_06,1023408.556640625,-0.6969064616873738,2
Nayagarh,2021_07,1023408.556640625,-0.6969064616873738,2
Nayagarh,2021_08,1023408.556640625,-0.6969064616873738,2
Nayagarh,2021_09,1023408.556640625,-0.6969064616873738,2
Nayagarh,2021_10,1023408.556640625,-0.6969064616873738,2
Nayagarh,2021_11,1023408.556640625,-0.6969064616873738,2
Nayagarh,2021_12,1023408.556640625,-0.6969064616873738,2
Nayagarh,2022_01,1034448.956054687,-0.699772417751266,2
Nayagarh,2022_02,1034448.956054687,-0.699772417751266,2
Nayagarh,2022_03,1034448.956054687,-0.699772417751266,2
Nayagarh,2022_04,1034448.956054687,-0.699772417751266,2
Nayagarh,2022_05,1034448.956054687,-0.699772417751266,2
Nayagarh,2022_06,1034448.956054687,-0.699772417751266,2
Nayagarh,2022_07,1034448.956054687,-0.699772417751266,2
Nayagarh,2022_08,1034448.956054687,-0.699772417751266,2
Nayagarh,2022_09,1034448.956054687,-0.699772417751266,2
Nayagarh,2022_10,1034448.956054687,-0.699772417751266,2
Nayagarh,2022_11,1034448.956054687,-0.699772417751266,2
Nayagarh,2022_12,1034448.956054687,-0.699772417751266,2
Nayagarh,2023_01,1045489.35546875,-0.7025473301731453,2
Nayagarh,2023_02,1045489.35546875,-0.7025473301731453,2
Nayagarh,2023_03,1045489.35546875,-0.7025473301731453,2
Nayagarh,2023_04,1045489.35546875,-0.7025473301731453,2
Nayagarh,2023_05,1045489.35546875,-0.7025473301731453,2
Nayagarh,2023_06,1045489.35546875,-0.7025473301731453,2
Nayagarh,2023_07,1045489.35546875,-0.7025473301731453,2
Nayagarh,2023_08,1045489.35546875,-0.7025473301731453,2
Nayagarh,2023_09,1045489.35546875,-0.7025473301731453,2
Nayagarh,2023_10,1045489.35546875,-0.7025473301731453,2
Nayagarh,2023_11,1045489.35546875,-0.7025473301731453,2
Nayagarh,2023_12,1045489.35546875,-0.7025473301731453,2
Nayagarh,2024_01,1056529.754882813,-0.7052350084184612,2
Nayagarh,2024_02,1056529.754882813,-0.7052350084184612,2
Nayagarh,2024_03,1056529.754882813,-0.7052350084184612,2
Nayagarh,2024_04,1056529.754882813,-0.7052350084184612,2
Nayagarh,2024_05,1056529.754882813,-0.7052350084184612,2
Nayagarh,2024_06,1056529.754882813,-0.7052350084184612,2
Nayagarh,2024_07,1056529.754882813,-0.7052350084184612,2
Nayagarh,2024_08,1056529.754882813,-0.7052350084184612,2
Nayagarh,2024_09,1056529.754882813,-0.7052350084184612,2
Nayagarh,2024_10,1056529.754882813,-0.7052350084184612,2
Nayagarh,2024_11,1056529.754882813,-0.7052350084184612,2
Nayagarh,2024_12,1056529.754882813,-0.7052350084184612,2
Nayagarh,2025_01,1067570.154296875,-0.7078390721900283,2
Nayagarh,2025_02,1067570.154296875,-0.7078390721900283,2
Nayagarh,2025_03,1067570.154296875,-0.7078390721900283,2
Nayagarh,2025_04,1067570.154296875,-0.7078390721900283,2
Nayagarh,2025_05,1067570.154296875,-0.7078390721900283,2
Nayagarh,2025_06,1067570.154296875,-0.7078390721900283,2
Nayagarh,2025_07,1067570.154296875,-0.7078390721900283,2
Nayagarh,2025_08,1067570.154296875,-0.7078390721900283,2
Nayagarh,2025_09,1067570.154296875,-0.7078390721900283,2
Nayagarh,2025_10,1067570.154296875,-0.7078390721900283,2
Nayagarh,2025_11,1067570.154296875,-0.7078390721900283,2
Nayagarh,2025_12,1067570.154296875,-0.7078390721900283,2
Nayagarh,2026_01,1078610.5537109375,-0.7103629619487606,2
Nayagarh,2026_02,1078610.5537109375,-0.7103629619487606,2
Nayagarh,2026_03,1078610.5537109375,-0.7103629619487606,2
Nayagarh,2026_04,1078610.5537109375,-0.7103629619487606,2
Nayagarh,2026_05,1078610.5537109375,-0.7103629619487606,2
Nayagarh,2026_06,1078610.5537109375,-0.7103629619487606,2
Nuapada,2021_01,711572.56640625,-1.0716582982115461,2
Nuapada,2021_02,711572.56640625,-1.0716582982115461,2
Nuapada,2021_03,711572.56640625,-1.0716582982115461,2
Nuapada,2021_04,711572.56640625,-1.0716582982115461,2
Nuapada,2021_05,711572.56640625,-1.0716582982115461,2
Nuapada,2021_06,711572.56640625,-1.0716582982115461,2
Nuapada,2021_07,711572.56640625,-1.0716582982115461,2
Nuapada,2021_08,711572.56640625,-1.0716582982115461,2
Nuapada,2021_09,711572.56640625,-1.0716582982115461,2
Nuapada,2021_10,711572.56640625,-1.0716582982115461,2
Nuapada,2021_11,711572.56640625,-1.0716582982115461,2
Nuapada,2021_12,711572.56640625,-1.0716582982115461,2
Nuapada,2022_01,721922.1132812505,-1.0707201750371007,2
Nuapada,2022_02,721922.1132812505,-1.0707201750371007,2
Nuapada,2022_03,721922.1132812505,-1.0707201750371007,2
Nuapada,2022_04,721922.1132812505,-1.0707201750371007,2
Nuapada,2022_05,721922.1132812505,-1.0707201750371007,2
Nuapada,2022_06,721922.1132812505,-1.0707201750371007,2
Nuapada,2022_07,721922.1132812505,-1.0707201750371007,2
Nuapada,2022_08,721922.1132812505,-1.0707201750371007,2
Nuapada,2022_09,721922.1132812505,-1.0707201750371007,2
Nuapada,2022_10,721922.1132812505,-1.0707201750371007,2
Nuapada,2022_11,721922.1132812505,-1.0707201750371007,2
Nuapada,2022_12,721922.1132812505,-1.0707201750371007,2
Nuapada,2023_01,732271.6601562505,-1.0697726706395687,2
Nuapada,2023_02,732271.6601562505,-1.0697726706395687,2
Nuapada,2023_03,732271.6601562505,-1.0697726706395687,2
Nuapada,2023_04,732271.6601562505,-1.0697726706395687,2
Nuapada,2023_05,732271.6601562505,-1.0697726706395687,2
Nuapada,2023_06,732271.6601562505,-1.0697726706395687,2
Nuapada,2023_07,732271.6601562505,-1.0697726706395687,2
Nuapada,2023_08,732271.6601562505,-1.0697726706395687,2
Nuapada,2023_09,732271.6601562505,-1.0697726706395687,2
Nuapada,2023_10,732271.6601562505,-1.0697726706395687,2
Nuapada,2023_11,732271.6601562505,-1.0697726706395687,2
Nuapada,2023_12,732271.6601562505,-1.0697726706395687,2
Nuapada,2024_01,742621.2070312505,-1.0688173620168953,2
Nuapada,2024_02,742621.2070312505,-1.0688173620168953,2
Nuapada,2024_03,742621.2070312505,-1.0688173620168953,2
Nuapada,2024_04,742621.2070312505,-1.0688173620168953,2
Nuapada,2024_05,742621.2070312505,-1.0688173620168953,2
Nuapada,2024_06,742621.2070312505,-1.0688173620168953,2
Nuapada,2024_07,742621.2070312505,-1.0688173620168953,2
Nuapada,2024_08,742621.2070312505,-1.0688173620168953,2
Nuapada,2024_09,742621.2070312505,-1.0688173620168953,2
Nuapada,2024_10,742621.2070312505,-1.0688173620168953,2
Nuapada,2024_11,742621.2070312505,-1.0688173620168953,2
Nuapada,2024_12,742621.2070312505,-1.0688173620168953,2
Nuapada,2025_01,752970.7539062509,-1.0678556963607366,2
Nuapada,2025_02,752970.7539062509,-1.0678556963607366,2
Nuapada,2025_03,752970.7539062509,-1.0678556963607366,2
Nuapada,2025_04,752970.7539062509,-1.0678556963607366,2
Nuapada,2025_05,752970.7539062509,-1.0678556963607366,2
Nuapada,2025_06,752970.7539062509,-1.0678556963607366,2
Nuapada,2025_07,752970.7539062509,-1.0678556963607366,2
Nuapada,2025_08,752970.7539062509,-1.0678556963607366,2
Nuapada,2025_09,752970.7539062509,-1.0678556963607366,2
Nuapada,2025_10,752970.7539062509,-1.0678556963607366,2
Nuapada,2025_11,752970.7539062509,-1.0678556963607366,2
Nuapada,2025_12,752970.7539062509,-1.0678556963607366,2
Nuapada,2026_01,763320.30078125,-1.0668890012044976,2
Nuapada,2026_02,763320.30078125,-1.0668890012044976,2
Nuapada,2026_03,763320.30078125,-1.0668890012044976,2
Nuapada,2026_04,763320.30078125,-1.0668890012044976,2
Nuapada,2026_05,763320.30078125,-1.0668890012044976,2
Nuapada,2026_06,763320.30078125,-1.0668890012044976,2
Puri,2021_01,1889305.12109375,0.3436928851836835,3
Puri,2021_02,1889305.12109375,0.3436928851836835,3
Puri,2021_03,1889305.12109375,0.3436928851836835,3
Puri,2021_04,1889305.12109375,0.3436928851836835,3
Puri,2021_05,1889305.12109375,0.3436928851836835,3
Puri,2021_06,1889305.12109375,0.3436928851836835,3
Puri,2021_07,1889305.12109375,0.3436928851836835,3
Puri,2021_08,1889305.12109375,0.3436928851836835,3
Puri,2021_09,1889305.12109375,0.3436928851836835,3
Puri,2021_10,1889305.12109375,0.3436928851836835,3
Puri,2021_11,1889305.12109375,0.3436928851836835,3
Puri,2021_12,1889305.12109375,0.3436928851836835,3
Puri,2022_01,1912397.742968749,0.3422920994194536,3
Puri,2022_02,1912397.742968749,0.3422920994194536,3
Puri,2022_03,1912397.742968749,0.3422920994194536,3
Puri,2022_04,1912397.742968749,0.3422920994194536,3
Puri,2022_05,1912397.742968749,0.3422920994194536,3
Puri,2022_06,1912397.742968749,0.3422920994194536,3
Puri,2022_07,1912397.742968749,0.3422920994194536,3
Puri,2022_08,1912397.742968749,0.3422920994194536,3
Puri,2022_09,1912397.742968749,0.3422920994194536,3
Puri,2022_10,1912397.742968749,0.3422920994194536,3
Puri,2022_11,1912397.742968749,0.3422920994194536,3
Puri,2022_12,1912397.742968749,0.3422920994194536,3
Puri,2023_01,1935490.3648437487,0.3409151835175733,3
Puri,2023_02,1935490.3648437487,0.3409151835175733,3
Puri,2023_03,1935490.3648437487,0.3409151835175733,3
Puri,2023_04,1935490.3648437487,0.3409151835175733,3
Puri,2023_05,1935490.3648437487,0.3409151835175733,3
Puri,2023_06,1935490.3648437487,0.3409151835175733,3
Puri,2023_07,1935490.3648437487,0.3409151835175733,3
Puri,2023_08,1935490.3648437487,0.3409151835175733,3
Puri,2023_09,1935490.3648437487,0.3409151835175733,3
Puri,2023_10,1935490.3648437487,0.3409151835175733,3
Puri,2023_11,1935490.3648437487,0.3409151835175733,3
Puri,2023_12,1935490.3648437487,0.3409151835175733,3
Puri,2024_01,1958582.9867187485,0.33956176231831514,3
Puri,2024_02,1958582.9867187485,0.33956176231831514,3
Puri,2024_03,1958582.9867187485,0.33956176231831514,3
Puri,2024_04,1958582.9867187485,0.33956176231831514,3
Puri,2024_05,1958582.9867187485,0.33956176231831514,3
Puri,2024_06,1958582.9867187485,0.33956176231831514,3
Puri,2024_07,1958582.9867187485,0.33956176231831514,3
Puri,2024_08,1958582.9867187485,0.33956176231831514,3
Puri,2024_09,1958582.9867187485,0.33956176231831514,3
Puri,2024_10,1958582.9867187485,0.33956176231831514,3
Puri,2024_11,1958582.9867187485,0.33956176231831514,3
Puri,2024_12,1958582.9867187485,0.33956176231831514,3
Puri,2025_01,1981675.6085937475,0.33823145236714286,3
Puri,2025_02,1981675.6085937475,0.33823145236714286,3
Puri,2025_03,1981675.6085937475,0.33823145236714286,3
Puri,2025_04,1981675.6085937475,0.33823145236714286,3
Puri,2025_05,1981675.6085937475,0.33823145236714286,3
Puri,2025_06,1981675.6085937475,0.33823145236714286,3
Puri,2025_07,1981675.6085937475,0.33823145236714286,3
Puri,2025_08,1981675.6085937475,0.33823145236714286,3
Puri,2025_09,1981675.6085937475,0.33823145236714286,3
Puri,2025_10,1981675.6085937475,0.33823145236714286,3
Puri,2025_11,1981675.6085937475,0.33823145236714286,3
Puri,2025_12,1981675.6085937475,0.33823145236714286,3
Puri,2026_01,2004768.23046875,0.33692386392845874,3
Puri,2026_02,2004768.23046875,0.33692386392845874,3
Puri,2026_03,2004768.23046875,0.33692386392845874,3
Puri,2026_04,2004768.23046875,0.33692386392845874,3
Puri,2026_05,2004768.23046875,0.33692386392845874,3
Puri,2026_06,2004768.23046875,0.33692386392845874,3
Rayagada,2021_01,1146495.947265625,-0.5489850314027621,2
Rayagada,2021_02,1146495.947265625,-0.5489850314027621,2
Rayagada,2021_03,1146495.947265625,-0.5489850314027621,2
Rayagada,2021_04,1146495.947265625,-0.5489850314027621,2
Rayagada,2021_05,1146495.947265625,-0.5489850314027621,2
Rayagada,2021_06,1146495.947265625,-0.5489850314027621,2
Rayagada,2021_07,1146495.947265625,-0.5489850314027621,2
Rayagada,2021_08,1146495.947265625,-0.5489850314027621,2
Rayagada,2021_09,1146495.947265625,-0.5489850314027621,2
Rayagada,2021_10,1146495.947265625,-0.5489850314027621,2
Rayagada,2021_11,1146495.947265625,-0.5489850314027621,2
Rayagada,2021_12,1146495.947265625,-0.5489850314027621,2
Rayagada,2022_01,1163144.8324218746,-0.54701930929283,2
Rayagada,2022_02,1163144.8324218746,-0.54701930929283,2
Rayagada,2022_03,1163144.8324218746,-0.54701930929283,2
Rayagada,2022_04,1163144.8324218746,-0.54701930929283,2
Rayagada,2022_05,1163144.8324218746,-0.54701930929283,2
Rayagada,2022_06,1163144.8324218746,-0.54701930929283,2
Rayagada,2022_07,1163144.8324218746,-0.54701930929283,2
Rayagada,2022_08,1163144.8324218746,-0.54701930929283,2
Rayagada,2022_09,1163144.8324218746,-0.54701930929283,2
Rayagada,2022_10,1163144.8324218746,-0.54701930929283,2
Rayagada,2022_11,1163144.8324218746,-0.54701930929283,2
Rayagada,2022_12,1163144.8324218746,-0.54701930929283,2
Rayagada,2023_01,1179793.7175781243,-0.545085073602571,2
Rayagada,2023_02,1179793.7175781243,-0.545085073602571,2
Rayagada,2023_03,1179793.7175781243,-0.545085073602571,2
Rayagada,2023_04,1179793.7175781243,-0.545085073602571,2
Rayagada,2023_05,1179793.7175781243,-0.545085073602571,2
Rayagada,2023_06,1179793.7175781243,-0.545085073602571,2
Rayagada,2023_07,1179793.7175781243,-0.545085073602571,2
Rayagada,2023_08,1179793.7175781243,-0.545085073602571,2
Rayagada,2023_09,1179793.7175781243,-0.545085073602571,2
Rayagada,2023_10,1179793.7175781243,-0.545085073602571,2
Rayagada,2023_11,1179793.7175781243,-0.545085073602571,2
Rayagada,2023_12,1179793.7175781243,-0.545085073602571,2
Rayagada,2024_01,1196442.6027343739,-0.5431819427447451,2
Rayagada,2024_02,1196442.6027343739,-0.5431819427447451,2
Rayagada,2024_03,1196442.6027343739,-0.5431819427447451,2
Rayagada,2024_04,1196442.6027343739,-0.5431819427447451,2
Rayagada,2024_05,1196442.6027343739,-0.5431819427447451,2
Rayagada,2024_06,1196442.6027343739,-0.5431819427447451,2
Rayagada,2024_07,1196442.6027343739,-0.5431819427447451,2
Rayagada,2024_08,1196442.6027343739,-0.5431819427447451,2
Rayagada,2024_09,1196442.6027343739,-0.5431819427447451,2
Rayagada,2024_10,1196442.6027343739,-0.5431819427447451,2
Rayagada,2024_11,1196442.6027343739,-0.5431819427447451,2
Rayagada,2024_12,1196442.6027343739,-0.5431819427447451,2
Rayagada,2025_01,1213091.4878906235,-0.541309513646082,2
Rayagada,2025_02,1213091.4878906235,-0.541309513646082,2
Rayagada,2025_03,1213091.4878906235,-0.541309513646082,2
Rayagada,2025_04,1213091.4878906235,-0.541309513646082,2
Rayagada,2025_05,1213091.4878906235,-0.541309513646082,2
Rayagada,2025_06,1213091.4878906235,-0.541309513646082,2
Rayagada,2025_07,1213091.4878906235,-0.541309513646082,2
Rayagada,2025_08,1213091.4878906235,-0.541309513646082,2
Rayagada,2025_09,1213091.4878906235,-0.541309513646082,2
Rayagada,2025_10,1213091.4878906235,-0.541309513646082,2
Rayagada,2025_11,1213091.4878906235,-0.541309513646082,2
Rayagada,2025_12,1213091.4878906235,-0.541309513646082,2
Rayagada,2026_01,1229740.373046875,-0.5394673652704421,2
Rayagada,2026_02,1229740.373046875,-0.5394673652704421,2
Rayagada,2026_03,1229740.373046875,-0.5394673652704421,2
Rayagada,2026_04,1229740.373046875,-0.5394673652704421,2
Rayagada,2026_05,1229740.373046875,-0.5394673652704421,2
Rayagada,2026_06,1229740.373046875,-0.5394673652704421,2
Sambalpur,2021_01,1264937.4140625,-0.40664688380990344,3
Sambalpur,2021_02,1264937.4140625,-0.40664688380990344,3
Sambalpur,2021_03,1264937.4140625,-0.40664688380990344,3
Sambalpur,2021_04,1264937.4140625,-0.40664688380990344,3
Sambalpur,2021_05,1264937.4140625,-0.40664688380990344,3
Sambalpur,2021_06,1264937.4140625,-0.40664688380990344,3
Sambalpur,2021_07,1264937.4140625,-0.40664688380990344,3
Sambalpur,2021_08,1264937.4140625,-0.40664688380990344,3
Sambalpur,2021_09,1264937.4140625,-0.40664688380990344,3
Sambalpur,2021_10,1264937.4140625,-0.40664688380990344,3
Sambalpur,2021_11,1264937.4140625,-0.40664688380990344,3
Sambalpur,2021_12,1264937.4140625,-0.40664688380990344,3
Sambalpur,2022_01,1279177.0953124997,-0.4092970345911956,3
Sambalpur,2022_02,1279177.0953124997,-0.4092970345911956,3
Sambalpur,2022_03,1279177.0953124997,-0.4092970345911956,3
Sambalpur,2022_04,1279177.0953124997,-0.4092970345911956,3
Sambalpur,2022_05,1279177.0953124997,-0.4092970345911956,3
Sambalpur,2022_06,1279177.0953124997,-0.4092970345911956,3
Sambalpur,2022_07,1279177.0953124997,-0.4092970345911956,3
Sambalpur,2022_08,1279177.0953124997,-0.4092970345911956,3
Sambalpur,2022_09,1279177.0953124997,-0.4092970345911956,3
Sambalpur,2022_10,1279177.0953124997,-0.4092970345911956,3
Sambalpur,2022_11,1279177.0953124997,-0.4092970345911956,3
Sambalpur,2022_12,1279177.0953124997,-0.4092970345911956,3
Sambalpur,2023_01,1293416.7765624998,-0.41187016542586585,3
Sambalpur,2023_02,1293416.7765624998,-0.41187016542586585,3
Sambalpur,2023_03,1293416.7765624998,-0.41187016542586585,3
Sambalpur,2023_04,1293416.7765624998,-0.41187016542586585,3
Sambalpur,2023_05,1293416.7765624998,-0.41187016542586585,3
Sambalpur,2023_06,1293416.7765624998,-0.41187016542586585,3
Sambalpur,2023_07,1293416.7765624998,-0.41187016542586585,3
Sambalpur,2023_08,1293416.7765624998,-0.41187016542586585,3
Sambalpur,2023_09,1293416.7765624998,-0.41187016542586585,3
Sambalpur,2023_10,1293416.7765624998,-0.41187016542586585,3
Sambalpur,2023_11,1293416.7765624998,-0.41187016542586585,3
Sambalpur,2023_12,1293416.7765624998,-0.41187016542586585,3
Sambalpur,2024_01,1307656.4578125,-0.41436928230970377,3
Sambalpur,2024_02,1307656.4578125,-0.41436928230970377,3
Sambalpur,2024_03,1307656.4578125,-0.41436928230970377,3
Sambalpur,2024_04,1307656.4578125,-0.41436928230970377,3
Sambalpur,2024_05,1307656.4578125,-0.41436928230970377,3
Sambalpur,2024_06,1307656.4578125,-0.41436928230970377,3
Sambalpur,2024_07,1307656.4578125,-0.41436928230970377,3
Sambalpur,2024_08,1307656.4578125,-0.41436928230970377,3
Sambalpur,2024_09,1307656.4578125,-0.41436928230970377,3
Sambalpur,2024_10,1307656.4578125,-0.41436928230970377,3
Sambalpur,2024_11,1307656.4578125,-0.41436928230970377,3
Sambalpur,2024_12,1307656.4578125,-0.41436928230970377,3
Sambalpur,2025_01,1321896.1390624996,-0.4167972508752922,3
Sambalpur,2025_02,1321896.1390624996,-0.4167972508752922,3
Sambalpur,2025_03,1321896.1390624996,-0.4167972508752922,3
Sambalpur,2025_04,1321896.1390624996,-0.4167972508752922,3
Sambalpur,2025_05,1321896.1390624996,-0.4167972508752922,3
Sambalpur,2025_06,1321896.1390624996,-0.4167972508752922,3
Sambalpur,2025_07,1321896.1390624996,-0.4167972508752922,3
Sambalpur,2025_08,1321896.1390624996,-0.4167972508752922,3
Sambalpur,2025_09,1321896.1390624996,-0.4167972508752922,3
Sambalpur,2025_10,1321896.1390624996,-0.4167972508752922,3
Sambalpur,2025_11,1321896.1390624996,-0.4167972508752922,3
Sambalpur,2025_12,1321896.1390624996,-0.4167972508752922,3
Sambalpur,2026_01,1336135.8203125,-0.41915680363403385,3
Sambalpur,2026_02,1336135.8203125,-0.41915680363403385,3
Sambalpur,2026_03,1336135.8203125,-0.41915680363403385,3
Sambalpur,2026_04,1336135.8203125,-0.41915680363403385,3
Sambalpur,2026_05,1336135.8203125,-0.41915680363403385,3
Sambalpur,2026_06,1336135.8203125,-0.41915680363403385,3
Sonepur,2021_01,672579.58984375,-1.1185184748298962,2
Sonepur,2021_02,672579.58984375,-1.1185184748298962,2
Sonepur,2021_03,672579.58984375,-1.1185184748298962,2
Sonepur,2021_04,672579.58984375,-1.1185184748298962,2
Sonepur,2021_05,672579.58984375,-1.1185184748298962,2
Sonepur,2021_06,672579.58984375,-1.1185184748298962,2
Sonepur,2021_07,672579.58984375,-1.1185184748298962,2
Sonepur,2021_08,672579.58984375,-1.1185184748298962,2
Sonepur,2021_09,672579.58984375,-1.1185184748298962,2
Sonepur,2021_10,672579.58984375,-1.1185184748298962,2
Sonepur,2021_11,672579.58984375,-1.1185184748298962,2
Sonepur,2021_12,672579.58984375,-1.1185184748298962,2
Sonepur,2022_01,680335.0742187493,-1.1200811154782282,2
Sonepur,2022_02,680335.0742187493,-1.1200811154782282,2
Sonepur,2022_03,680335.0742187493,-1.1200811154782282,2
Sonepur,2022_04,680335.0742187493,-1.1200811154782282,2
Sonepur,2022_05,680335.0742187493,-1.1200811154782282,2
Sonepur,2022_06,680335.0742187493,-1.1200811154782282,2
Sonepur,2022_07,680335.0742187493,-1.1200811154782282,2
Sonepur,2022_08,680335.0742187493,-1.1200811154782282,2
Sonepur,2022_09,680335.0742187493,-1.1200811154782282,2
Sonepur,2022_10,680335.0742187493,-1.1200811154782282,2
Sonepur,2022_11,680335.0742187493,-1.1200811154782282,2
Sonepur,2022_12,680335.0742187493,-1.1200811154782282,2
Sonepur,2023_01,688090.5585937495,-1.1215718515488202,2
Sonepur,2023_02,688090.5585937495,-1.1215718515488202,2
Sonepur,2023_03,688090.5585937495,-1.1215718515488202,2
Sonepur,2023_04,688090.5585937495,-1.1215718515488202,2
Sonepur,2023_05,688090.5585937495,-1.1215718515488202,2
Sonepur,2023_06,688090.5585937495,-1.1215718515488202,2
Sonepur,2023_07,688090.5585937495,-1.1215718515488202,2
Sonepur,2023_08,688090.5585937495,-1.1215718515488202,2
Sonepur,2023_09,688090.5585937495,-1.1215718515488202,2
Sonepur,2023_10,688090.5585937495,-1.1215718515488202,2
Sonepur,2023_11,688090.5585937495,-1.1215718515488202,2
Sonepur,2023_12,688090.5585937495,-1.1215718515488202,2
Sonepur,2024_01,695846.0429687498,-1.12299436470189,2
Sonepur,2024_02,695846.0429687498,-1.12299436470189,2
Sonepur,2024_03,695846.0429687498,-1.12299436470189,2
Sonepur,2024_04,695846.0429687498,-1.12299436470189,2
Sonepur,2024_05,695846.0429687498,-1.12299436470189,2
Sonepur,2024_06,695846.0429687498,-1.12299436470189,2
Sonepur,2024_07,695846.0429687498,-1.12299436470189,2
Sonepur,2024_08,695846.0429687498,-1.12299436470189,2
Sonepur,2024_09,695846.0429687498,-1.12299436470189,2
Sonepur,2024_10,695846.0429687498,-1.12299436470189,2
Sonepur,2024_11,695846.0429687498,-1.12299436470189,2
Sonepur,2024_12,695846.0429687498,-1.12299436470189,2
Sonepur,2025_01,703601.5273437491,-1.124352124080821,2
Sonepur,2025_02,703601.5273437491,-1.124352124080821,2
Sonepur,2025_03,703601.5273437491,-1.124352124080821,2
Sonepur,2025_04,703601.5273437491,-1.124352124080821,2
Sonepur,2025_05,703601.5273437491,-1.124352124080821,2
Sonepur,2025_06,703601.5273437491,-1.124352124080821,2
Sonepur,2025_07,703601.5273437491,-1.124352124080821,2
Sonepur,2025_08,703601.5273437491,-1.124352124080821,2
Sonepur,2025_09,703601.5273437491,-1.124352124080821,2
Sonepur,2025_10,703601.5273437491,-1.124352124080821,2
Sonepur,2025_11,703601.5273437491,-1.124352124080821,2
Sonepur,2025_12,703601.5273437491,-1.124352124080821,2
Sonepur,2026_01,711357.01171875,-1.1256483997713973,2
Sonepur,2026_02,711357.01171875,-1.1256483997713973,2
Sonepur,2026_03,711357.01171875,-1.1256483997713973,2
Sonepur,2026_04,711357.01171875,-1.1256483997713973,2
Sonepur,2026_05,711357.01171875,-1.1256483997713973,2
Sonepur,2026_06,711357.01171875,-1.1256483997713973,2
Sundargarh,2021_01,2389882.55078125,0.9452665231622459,4
Sundargarh,2021_02,2389882.55078125,0.9452665231622459,4
Sundargarh,2021_03,2389882.55078125,0.9452665231622459,4
Sundargarh,2021_04,2389882.55078125,0.9452665231622459,4
Sundargarh,2021_05,2389882.55078125,0.9452665231622459,4
Sundargarh,2021_06,2389882.55078125,0.9452665231622459,4
Sundargarh,2021_07,2389882.55078125,0.9452665231622459,4
Sundargarh,2021_08,2389882.55078125,0.9452665231622459,4
Sundargarh,2021_09,2389882.55078125,0.9452665231622459,4
Sundargarh,2021_10,2389882.55078125,0.9452665231622459,4
Sundargarh,2021_11,2389882.55078125,0.9452665231622459,4
Sundargarh,2021_12,2389882.55078125,0.9452665231622459,4
Sundargarh,2022_01,2420993.1871093763,0.9459597322394856,4
Sundargarh,2022_02,2420993.1871093763,0.9459597322394856,4
Sundargarh,2022_03,2420993.1871093763,0.9459597322394856,4
Sundargarh,2022_04,2420993.1871093763,0.9459597322394856,4
Sundargarh,2022_05,2420993.1871093763,0.9459597322394856,4
Sundargarh,2022_06,2420993.1871093763,0.9459597322394856,4
Sundargarh,2022_07,2420993.1871093763,0.9459597322394856,4
Sundargarh,2022_08,2420993.1871093763,0.9459597322394856,4
Sundargarh,2022_09,2420993.1871093763,0.9459597322394856,4
Sundargarh,2022_10,2420993.1871093763,0.9459597322394856,4
Sundargarh,2022_11,2420993.1871093763,0.9459597322394856,4
Sundargarh,2022_12,2420993.1871093763,0.9459597322394856,4
Sundargarh,2023_01,2452103.823437502,0.9466075056973563,4
Sundargarh,2023_02,2452103.823437502,0.9466075056973563,4
Sundargarh,2023_03,2452103.823437502,0.9466075056973563,4
Sundargarh,2023_04,2452103.823437502,0.9466075056973563,4
Sundargarh,2023_05,2452103.823437502,0.9466075056973563,4
Sundargarh,2023_06,2452103.823437502,0.9466075056973563,4
Sundargarh,2023_07,2452103.823437502,0.9466075056973563,4
Sundargarh,2023_08,2452103.823437502,0.9466075056973563,4
Sundargarh,2023_09,2452103.823437502,0.9466075056973563,4
Sundargarh,2023_10,2452103.823437502,0.9466075056973563,4
Sundargarh,2023_11,2452103.823437502,0.9466075056973563,4
Sundargarh,2023_12,2452103.823437502,0.9466075056973563,4
Sundargarh,2024_01,2483214.4597656275,0.9472124524562462,4
Sundargarh,2024_02,2483214.4597656275,0.9472124524562462,4
Sundargarh,2024_03,2483214.4597656275,0.9472124524562462,4
Sundargarh,2024_04,2483214.4597656275,0.9472124524562462,4
Sundargarh,2024_05,2483214.4597656275,0.9472124524562462,4
Sundargarh,2024_06,2483214.4597656275,0.9472124524562462,4
Sundargarh,2024_07,2483214.4597656275,0.9472124524562462,4
Sundargarh,2024_08,2483214.4597656275,0.9472124524562462,4
Sundargarh,2024_09,2483214.4597656275,0.9472124524562462,4
Sundargarh,2024_10,2483214.4597656275,0.9472124524562462,4
Sundargarh,2024_11,2483214.4597656275,0.9472124524562462,4
Sundargarh,2024_12,2483214.4597656275,0.9472124524562462,4
Sundargarh,2025_01,2514325.096093754,0.9477770208517202,4
Sundargarh,2025_02,2514325.096093754,0.9477770208517202,4
Sundargarh,2025_03,2514325.096093754,0.9477770208517202,4
Sundargarh,2025_04,2514325.096093754,0.9477770208517202,4
Sundargarh,2025_05,2514325.096093754,0.9477770208517202,4
Sundargarh,2025_06,2514325.096093754,0.9477770208517202,4
Sundargarh,2025_07,2514325.096093754,0.9477770208517202,4
Sundargarh,2025_08,2514325.096093754,0.9477770208517202,4
Sundargarh,2025_09,2514325.096093754,0.9477770208517202,4
Sundargarh,2025_10,2514325.096093754,0.9477770208517202,4
Sundargarh,2025_11,2514325.096093754,0.9477770208517202,4
Sundargarh,2025_12,2514325.096093754,0.9477770208517202,4
Sundargarh,2026_01,2545435.732421875,0.9483035093012219,4
Sundargarh,2026_02,2545435.732421875,0.9483035093012219,4
Sundargarh,2026_03,2545435.732421875,0.9483035093012219,4
Sundargarh,2026_04,2545435.732421875,0.9483035093012219,4
Sundargarh,2026_05,2545435.732421875,0.9483035093012219,4
Sundargarh,2026_06,2545435.732421875,0.9483035093012219,4
