dtname,timeperiod,district_population,population_z,exposure
BAJALI,2021_04,106069.00638020826,-1.119923719667531,2
BAJALI,2021_05,106069.00638020826,-1.119923719667531,2
BAJALI,2021_06,106069.00638020826,-1.119923719667531,2
BAJALI,2021_07,106069.00638020826,-1.119923719667531,2
BAJALI,2021_08,106069.00638020826,-1.119923719667531,2
BAJALI,2021_09,106069.00638020826,-1.119923719667531,2
BAJALI,2021_10,106069.00638020826,-1.119923719667531,2
BAJALI,2021_11,106069.00638020826,-1.119923719667531,2
BAJALI,2021_12,106069.00638020826,-1.119923719667531,2
BAJALI,2022_01,106750.11992187491,-1.1185045551455677,2
BAJALI,2022_02,106750.11992187491,-1.1185045551455677,2
BAJALI,2022_03,106750.11992187491,-1.1185045551455677,2
BAJALI,2022_04,106750.11992187491,-1.1185045551455677,2
BAJALI,2022_05,106750.11992187491,-1.1185045551455677,2
BAJALI,2022_06,106750.11992187491,-1.1185045551455677,2
BAJALI,2022_07,106750.11992187491,-1.1185045551455677,2
BAJALI,2022_08,106750.11992187491,-1.1185045551455677,2
BAJALI,2022_09,106750.11992187491,-1.1185045551455677,2
BAJALI,2022_10,106750.11992187491,-1.1185045551455677,2
BAJALI,2022_11,106750.11992187491,-1.1185045551455677,2
BAJALI,2022_12,106750.11992187491,-1.1185045551455677,2
BAJALI,2023_01,107431.23346354162,-1.1170498657364858,2
BAJALI,2023_02,107431.23346354162,-1.1170498657364858,2
BAJALI,2023_03,107431.23346354162,-1.1170498657364858,2
BAJALI,2023_04,107431.23346354162,-1.1170498657364858,2
BAJALI,2023_05,107431.23346354162,-1.1170498657364858,2
BAJALI,2023_06,107431.23346354162,-1.1170498657364858,2
BAJALI,2023_07,107431.23346354162,-1.1170498657364858,2
BAJALI,2023_08,107431.23346354162,-1.1170498657364858,2
BAJALI,2023_09,107431.23346354162,-1.1170498657364858,2
BAJALI,2023_10,107431.23346354162,-1.1170498657364858,2
BAJALI,2023_11,107431.23346354162,-1.1170498657364858,2
BAJALI,2023_12,107431.23346354162,-1.1170498657364858,2
BAJALI,2024_01,108112.34700520837,-1.1155640772864717,2
BAJALI,2024_02,108112.34700520837,-1.1155640772864717,2
BAJALI,2024_03,108112.34700520837,-1.1155640772864717,2
BAJALI,2024_04,108112.34700520837,-1.1155640772864717,2
BAJALI,2024_05,108112.34700520837,-1.1155640772864717,2
BAJALI,2024_06,108112.34700520837,-1.1155640772864717,2
BAJALI,2024_07,108112.34700520837,-1.1155640772864717,2
BAJALI,2024_08,108112.34700520837,-1.1155640772864717,2
BAJALI,2024_09,108112.34700520837,-1.1155640772864717,2
BAJALI,2024_10,108112.34700520837,-1.1155640772864717,2
BAJALI,2024_11,108112.34700520837,-1.1155640772864717,2
BAJALI,2024_12,108112.34700520837,-1.1155640772864717,2
BAJALI,2025_01,108793.46054687502,-1.114051259031611,2
BAJALI,2025_02,108793.46054687502,-1.114051259031611,2
BAJALI,2025_03,108793.46054687502,-1.114051259031611,2
BAJALI,2025_04,108793.46054687502,-1.114051259031611,2
BAJALI,2025_05,108793.46054687502,-1.114051259031611,2
BAJALI,2025_06,108793.46054687502,-1.114051259031611,2
BAJALI,2025_07,108793.46054687502,-1.114051259031611,2
BAJALI,2025_08,108793.46054687502,-1.114051259031611,2
BAJALI,2025_09,108793.46054687502,-1.114051259031611,2
BAJALI,2025_10,108793.46054687502,-1.114051259031611,2
BAJALI,2025_11,108793.46054687502,-1.114051259031611,2
BAJALI,2025_12,108793.46054687502,-1.114051259031611,2
BAJALI,2026_01,109474.5740885416,-1.112515150343912,2
BAJALI,2026_02,109474.5740885416,-1.112515150343912,2
BAJALI,2026_03,109474.5740885416,-1.112515150343912,2
BAJALI,2026_04,109474.5740885416,-1.112515150343912,2
BAJALI,2026_05,109474.5740885416,-1.112515150343912,2
BAKSA,2021_04,101960.19330357143,-1.164389910925868,2
BAKSA,2021_05,101960.19330357143,-1.164389910925868,2
BAKSA,2021_06,101960.19330357143,-1.164389910925868,2
BAKSA,2021_07,101960.19330357143,-1.164389910925868,2
BAKSA,2021_08,101960.19330357143,-1.164389910925868,2
BAKSA,2021_09,101960.19330357143,-1.164389910925868,2
BAKSA,2021_10,101960.19330357143,-1.164389910925868,2
BAKSA,2021_11,101960.19330357143,-1.164389910925868,2
BAKSA,2021_12,101960.19330357143,-1.164389910925868,2
BAKSA,2022_01,102770.17455357143,-1.1610076959076454,2
BAKSA,2022_02,102770.17455357143,-1.1610076959076454,2
BAKSA,2022_03,102770.17455357143,-1.1610076959076454,2
BAKSA,2022_04,102770.17455357143,-1.1610076959076454,2
BAKSA,2022_05,102770.17455357143,-1.1610076959076454,2
BAKSA,2022_06,102770.17455357143,-1.1610076959076454,2
BAKSA,2022_07,102770.17455357143,-1.1610076959076454,2
BAKSA,2022_08,102770.17455357143,-1.1610076959076454,2
BAKSA,2022_09,102770.17455357143,-1.1610076959076454,2
BAKSA,2022_10,102770.17455357143,-1.1610076959076454,2
BAKSA,2022_11,102770.17455357143,-1.1610076959076454,2
BAKSA,2022_12,102770.17455357143,-1.1610076959076454,2
BAKSA,2023_01,103580.15580357146,-1.1576384605782704,2
BAKSA,2023_02,103580.15580357146,-1.1576384605782704,2
BAKSA,2023_03,103580.15580357146,-1.1576384605782704,2
BAKSA,2023_04,103580.15580357146,-1.1576384605782704,2
BAKSA,2023_05,103580.15580357146,-1.1576384605782704,2
BAKSA,2023_06,103580.15580357146,-1.1576384605782704,2
BAKSA,2023_07,103580.15580357146,-1.1576384605782704,2
BAKSA,2023_08,103580.15580357146,-1.1576384605782704,2
BAKSA,2023_09,103580.15580357146,-1.1576384605782704,2
BAKSA,2023_10,103580.15580357146,-1.1576384605782704,2
BAKSA,2023_11,103580.15580357146,-1.1576384605782704,2
BAKSA,2023_12,103580.15580357146,-1.1576384605782704,2
BAKSA,2024_01,104390.13705357148,-1.154285214848185,2
BAKSA,2024_02,104390.13705357148,-1.154285214848185,2
BAKSA,2024_03,104390.13705357148,-1.154285214848185,2
BAKSA,2024_04,104390.13705357148,-1.154285214848185,2
BAKSA,2024_05,104390.13705357148,-1.154285214848185,2
BAKSA,2024_06,104390.13705357148,-1.154285214848185,2
BAKSA,2024_07,104390.13705357148,-1.154285214848185,2
BAKSA,2024_08,104390.13705357148,-1.154285214848185,2
BAKSA,2024_09,104390.13705357148,-1.154285214848185,2
BAKSA,2024_10,104390.13705357148,-1.154285214848185,2
BAKSA,2024_11,104390.13705357148,-1.154285214848185,2
BAKSA,2024_12,104390.13705357148,-1.154285214848185,2
BAKSA,2025_01,105200.1183035715,-1.1509506444910487,2
BAKSA,2025_02,105200.1183035715,-1.1509506444910487,2
BAKSA,2025_03,105200.1183035715,-1.1509506444910487,2
BAKSA,2025_04,105200.1183035715,-1.1509506444910487,2
BAKSA,2025_05,105200.1183035715,-1.1509506444910487,2
BAKSA,2025_06,105200.1183035715,-1.1509506444910487,2
BAKSA,2025_07,105200.1183035715,-1.1509506444910487,2
BAKSA,2025_08,105200.1183035715,-1.1509506444910487,2
BAKSA,2025_09,105200.1183035715,-1.1509506444910487,2
BAKSA,2025_10,105200.1183035715,-1.1509506444910487,2
BAKSA,2025_11,105200.1183035715,-1.1509506444910487,2
BAKSA,2025_12,105200.1183035715,-1.1509506444910487,2
BAKSA,2026_01,106010.09955357143,-1.1476371389769235,2
BAKSA,2026_02,106010.09955357143,-1.1476371389769235,2
BAKSA,2026_03,106010.09955357143,-1.1476371389769235,2
BAKSA,2026_04,106010.09955357143,-1.1476371389769235,2
BAKSA,2026_05,106010.09955357143,-1.1476371389769235,2
BARPETA,2021_04,262104.6614583338,0.5687175381389737,4
BARPETA,2021_05,262104.6614583338,0.5687175381389737,4
BARPETA,2021_06,262104.6614583338,0.5687175381389737,4
BARPETA,2021_07,262104.6614583338,0.5687175381389737,4
BARPETA,2021_08,262104.6614583338,0.5687175381389737,4
BARPETA,2021_09,262104.6614583338,0.5687175381389737,4
BARPETA,2021_10,262104.6614583338,0.5687175381389737,4
BARPETA,2021_11,262104.6614583338,0.5687175381389737,4
BARPETA,2021_12,262104.6614583338,0.5687175381389737,4
BARPETA,2022_01,265491.88072916743,0.5767507260314417,4
BARPETA,2022_02,265491.88072916743,0.5767507260314417,4
BARPETA,2022_03,265491.88072916743,0.5767507260314417,4
BARPETA,2022_04,265491.88072916743,0.5767507260314417,4
BARPETA,2022_05,265491.88072916743,0.5767507260314417,4
BARPETA,2022_06,265491.88072916743,0.5767507260314417,4
BARPETA,2022_07,265491.88072916743,0.5767507260314417,4
BARPETA,2022_08,265491.88072916743,0.5767507260314417,4
BARPETA,2022_09,265491.88072916743,0.5767507260314417,4
BARPETA,2022_10,265491.88072916743,0.5767507260314417,4
BARPETA,2022_11,265491.88072916743,0.5767507260314417,4
BARPETA,2022_12,265491.88072916743,0.5767507260314417,4
BARPETA,2023_01,268879.1000000004,0.5845367085964805,4
BARPETA,2023_02,268879.1000000004,0.5845367085964805,4
BARPETA,2023_03,268879.1000000004,0.5845367085964805,4
BARPETA,2023_04,268879.1000000004,0.5845367085964805,4
BARPETA,2023_05,268879.1000000004,0.5845367085964805,4
BARPETA,2023_06,268879.1000000004,0.5845367085964805,4
BARPETA,2023_07,268879.1000000004,0.5845367085964805,4
BARPETA,2023_08,268879.1000000004,0.5845367085964805,4
BARPETA,2023_09,268879.1000000004,0.5845367085964805,4
BARPETA,2023_10,268879.1000000004,0.5845367085964805,4
BARPETA,2023_11,268879.1000000004,0.5845367085964805,4
BARPETA,2023_12,268879.1000000004,0.5845367085964805,4
BARPETA,2024_01,272266.3192708334,0.5920850408412476,4
BARPETA,2024_02,272266.3192708334,0.5920850408412476,4
BARPETA,2024_03,272266.3192708334,0.5920850408412476,4
BARPETA,2024_04,272266.3192708334,0.5920850408412476,4
BARPETA,2024_05,272266.3192708334,0.5920850408412476,4
BARPETA,2024_06,272266.3192708334,0.5920850408412476,4
BARPETA,2024_07,272266.3192708334,0.5920850408412476,4
BARPETA,2024_08,272266.3192708334,0.5920850408412476,4
BARPETA,2024_09,272266.3192708334,0.5920850408412476,4
BARPETA,2024_10,272266.3192708334,0.5920850408412476,4
BARPETA,2024_11,272266.3192708334,0.5920850408412476,4
BARPETA,2024_12,272266.3192708334,0.5920850408412476,4
BARPETA,2025_01,275653.538541667,0.599404882585789,4
BARPETA,2025_02,275653.538541667,0.599404882585789,4
BARPETA,2025_03,275653.538541667,0.599404882585789,4
BARPETA,2025_04,275653.538541667,0.599404882585789,4
BARPETA,2025_05,275653.538541667,0.599404882585789,4
BARPETA,2025_06,275653.538541667,0.599404882585789,4
BARPETA,2025_07,275653.538541667,0.599404882585789,4
BARPETA,2025_08,275653.538541667,0.599404882585789,4
BARPETA,2025_09,275653.538541667,0.599404882585789,4
BARPETA,2025_10,275653.538541667,0.599404882585789,4
BARPETA,2025_11,275653.538541667,0.599404882585789,4
BARPETA,2025_12,275653.538541667,0.599404882585789,4
BARPETA,2026_01,279040.75781250047,0.606505011929367,4
BARPETA,2026_02,279040.75781250047,0.606505011929367,4
BARPETA,2026_03,279040.75781250047,0.606505011929367,4
BARPETA,2026_04,279040.75781250047,0.606505011929367,4
BARPETA,2026_05,279040.75781250047,0.606505011929367,4
BISWANATH,2021_04,219508.34661458337,0.10773383130826235,3
BISWANATH,2021_05,219508.34661458337,0.10773383130826235,3
BISWANATH,2021_06,219508.34661458337,0.10773383130826235,3
BISWANATH,2021_07,219508.34661458337,0.10773383130826235,3
BISWANATH,2021_08,219508.34661458337,0.10773383130826235,3
BISWANATH,2021_09,219508.34661458337,0.10773383130826235,3
BISWANATH,2021_10,219508.34661458337,0.10773383130826235,3
BISWANATH,2021_11,219508.34661458337,0.10773383130826235,3
BISWANATH,2021_12,219508.34661458337,0.10773383130826235,3
BISWANATH,2022_01,220554.34270833316,0.09684803208694918,3
BISWANATH,2022_02,220554.34270833316,0.09684803208694918,3
BISWANATH,2022_03,220554.34270833316,0.09684803208694918,3
BISWANATH,2022_04,220554.34270833316,0.09684803208694918,3
BISWANATH,2022_05,220554.34270833316,0.09684803208694918,3
BISWANATH,2022_06,220554.34270833316,0.09684803208694918,3
BISWANATH,2022_07,220554.34270833316,0.09684803208694918,3
BISWANATH,2022_08,220554.34270833316,0.09684803208694918,3
BISWANATH,2022_09,220554.34270833316,0.09684803208694918,3
BISWANATH,2022_10,220554.34270833316,0.09684803208694918,3
BISWANATH,2022_11,220554.34270833316,0.09684803208694918,3
BISWANATH,2022_12,220554.34270833316,0.09684803208694918,3
BISWANATH,2023_01,221600.33880208328,0.08624021802438087,3
BISWANATH,2023_02,221600.33880208328,0.08624021802438087,3
BISWANATH,2023_03,221600.33880208328,0.08624021802438087,3
BISWANATH,2023_04,221600.33880208328,0.08624021802438087,3
BISWANATH,2023_05,221600.33880208328,0.08624021802438087,3
BISWANATH,2023_06,221600.33880208328,0.08624021802438087,3
BISWANATH,2023_07,221600.33880208328,0.08624021802438087,3
BISWANATH,2023_08,221600.33880208328,0.08624021802438087,3
BISWANATH,2023_09,221600.33880208328,0.08624021802438087,3
BISWANATH,2023_10,221600.33880208328,0.08624021802438087,3
BISWANATH,2023_11,221600.33880208328,0.08624021802438087,3
BISWANATH,2023_12,221600.33880208328,0.08624021802438087,3
BISWANATH,2024_01,222646.3348958334,0.07590184167766732,3
BISWANATH,2024_02,222646.3348958334,0.07590184167766732,3
BISWANATH,2024_03,222646.3348958334,0.07590184167766732,3
BISWANATH,2024_04,222646.3348958334,0.07590184167766732,3
BISWANATH,2024_05,222646.3348958334,0.07590184167766732,3
BISWANATH,2024_06,222646.3348958334,0.07590184167766732,3
BISWANATH,2024_07,222646.3348958334,0.07590184167766732,3
BISWANATH,2024_08,222646.3348958334,0.07590184167766732,3
BISWANATH,2024_09,222646.3348958334,0.07590184167766732,3
BISWANATH,2024_10,222646.3348958334,0.07590184167766732,3
BISWANATH,2024_11,222646.3348958334,0.07590184167766732,3
BISWANATH,2024_12,222646.3348958334,0.07590184167766732,3
BISWANATH,2025_01,223692.3309895832,0.06582458419498212,3
BISWANATH,2025_02,223692.3309895832,0.06582458419498212,3
BISWANATH,2025_03,223692.3309895832,0.06582458419498212,3
BISWANATH,2025_04,223692.3309895832,0.06582458419498212,3
BISWANATH,2025_05,223692.3309895832,0.06582458419498212,3
BISWANATH,2025_06,223692.3309895832,0.06582458419498212,3
BISWANATH,2025_07,223692.3309895832,0.06582458419498212,3
BISWANATH,2025_08,223692.3309895832,0.06582458419498212,3
BISWANATH,2025_09,223692.3309895832,0.06582458419498212,3
BISWANATH,2025_10,223692.3309895832,0.06582458419498212,3
BISWANATH,2025_11,223692.3309895832,0.06582458419498212,3
BISWANATH,2025_12,223692.3309895832,0.06582458419498212,3
BISWANATH,2026_01,224738.32708333337,0.05600035803063778,3
BISWANATH,2026_02,224738.32708333337,0.05600035803063778,3
BISWANATH,2026_03,224738.32708333337,0.05600035803063778,3
BISWANATH,2026_04,224738.32708333337,0.05600035803063778,3
BISWANATH,2026_05,224738.32708333337,0.05600035803063778,3
BONGAIGAON,2021_04,159354.80921875022,-0.5432567707996424,2
BONGAIGAON,2021_05,159354.80921875022,-0.5432567707996424,2
BONGAIGAON,2021_06,159354.80921875022,-0.5432567707996424,2
BONGAIGAON,2021_07,159354.80921875022,-0.5432567707996424,2
BONGAIGAON,2021_08,159354.80921875022,-0.5432567707996424,2
BONGAIGAON,2021_09,159354.80921875022,-0.5432567707996424,2
BONGAIGAON,2021_10,159354.80921875022,-0.5432567707996424,2
BONGAIGAON,2021_11,159354.80921875022,-0.5432567707996424,2
BONGAIGAON,2021_12,159354.80921875022,-0.5432567707996424,2
BONGAIGAON,2022_01,161023.3839062499,-0.5389025844460029,2
BONGAIGAON,2022_02,161023.3839062499,-0.5389025844460029,2
BONGAIGAON,2022_03,161023.3839062499,-0.5389025844460029,2
BONGAIGAON,2022_04,161023.3839062499,-0.5389025844460029,2
BONGAIGAON,2022_05,161023.3839062499,-0.5389025844460029,2
BONGAIGAON,2022_06,161023.3839062499,-0.5389025844460029,2
BONGAIGAON,2022_07,161023.3839062499,-0.5389025844460029,2
BONGAIGAON,2022_08,161023.3839062499,-0.5389025844460029,2
BONGAIGAON,2022_09,161023.3839062499,-0.5389025844460029,2
BONGAIGAON,2022_10,161023.3839062499,-0.5389025844460029,2
BONGAIGAON,2022_11,161023.3839062499,-0.5389025844460029,2
BONGAIGAON,2022_12,161023.3839062499,-0.5389025844460029,2
BONGAIGAON,2023_01,162691.95859375008,-0.5346271308517688,2
BONGAIGAON,2023_02,162691.95859375008,-0.5346271308517688,2
BONGAIGAON,2023_03,162691.95859375008,-0.5346271308517688,2
BONGAIGAON,2023_04,162691.95859375008,-0.5346271308517688,2
BONGAIGAON,2023_05,162691.95859375008,-0.5346271308517688,2
BONGAIGAON,2023_06,162691.95859375008,-0.5346271308517688,2
BONGAIGAON,2023_07,162691.95859375008,-0.5346271308517688,2
BONGAIGAON,2023_08,162691.95859375008,-0.5346271308517688,2
BONGAIGAON,2023_09,162691.95859375008,-0.5346271308517688,2
BONGAIGAON,2023_10,162691.95859375008,-0.5346271308517688,2
BONGAIGAON,2023_11,162691.95859375008,-0.5346271308517688,2
BONGAIGAON,2023_12,162691.95859375008,-0.5346271308517688,2
BONGAIGAON,2024_01,164360.5332812503,-0.5304294968381819,2
BONGAIGAON,2024_02,164360.5332812503,-0.5304294968381819,2
BONGAIGAON,2024_03,164360.5332812503,-0.5304294968381819,2
BONGAIGAON,2024_04,164360.5332812503,-0.5304294968381819,2
BONGAIGAON,2024_05,164360.5332812503,-0.5304294968381819,2
BONGAIGAON,2024_06,164360.5332812503,-0.5304294968381819,2
BONGAIGAON,2024_07,164360.5332812503,-0.5304294968381819,2
BONGAIGAON,2024_08,164360.5332812503,-0.5304294968381819,2
BONGAIGAON,2024_09,164360.5332812503,-0.5304294968381819,2
BONGAIGAON,2024_10,164360.5332812503,-0.5304294968381819,2
BONGAIGAON,2024_11,164360.5332812503,-0.5304294968381819,2
BONGAIGAON,2024_12,164360.5332812503,-0.5304294968381819,2
BONGAIGAON,2025_01,166029.10796874997,-0.5263086858948495,2
BONGAIGAON,2025_02,166029.10796874997,-0.5263086858948495,2
BONGAIGAON,2025_03,166029.10796874997,-0.5263086858948495,2
BONGAIGAON,2025_04,166029.10796874997,-0.5263086858948495,2
BONGAIGAON,2025_05,166029.10796874997,-0.5263086858948495,2
BONGAIGAON,2025_06,166029.10796874997,-0.5263086858948495,2
BONGAIGAON,2025_07,166029.10796874997,-0.5263086858948495,2
BONGAIGAON,2025_08,166029.10796874997,-0.5263086858948495,2
BONGAIGAON,2025_09,166029.10796874997,-0.5263086858948495,2
BONGAIGAON,2025_10,166029.10796874997,-0.5263086858948495,2
BONGAIGAON,2025_11,166029.10796874997,-0.5263086858948495,2
BONGAIGAON,2025_12,166029.10796874997,-0.5263086858948495,2
BONGAIGAON,2026_01,167697.68265625022,-0.5222636312022715,2
BONGAIGAON,2026_02,167697.68265625022,-0.5222636312022715,2
BONGAIGAON,2026_03,167697.68265625022,-0.5222636312022715,2
BONGAIGAON,2026_04,167697.68265625022,-0.5222636312022715,2
BONGAIGAON,2026_05,167697.68265625022,-0.5222636312022715,2
CACHAR,2021_04,417446.0974999998,2.2498458534302994,5
CACHAR,2021_05,417446.0974999998,2.2498458534302994,5
CACHAR,2021_06,417446.0974999998,2.2498458534302994,5
CACHAR,2021_07,417446.0974999998,2.2498458534302994,5
CACHAR,2021_08,417446.0974999998,2.2498458534302994,5
CACHAR,2021_09,417446.0974999998,2.2498458534302994,5
CACHAR,2021_10,417446.0974999998,2.2498458534302994,5
CACHAR,2021_11,417446.0974999998,2.2498458534302994,5
CACHAR,2021_12,417446.0974999998,2.2498458534302994,5
CACHAR,2022_01,421929.91000000015,2.247403703229106,5
CACHAR,2022_02,421929.91000000015,2.247403703229106,5
CACHAR,2022_03,421929.91000000015,2.247403703229106,5
CACHAR,2022_04,421929.91000000015,2.247403703229106,5
CACHAR,2022_05,421929.91000000015,2.247403703229106,5
CACHAR,2022_06,421929.91000000015,2.247403703229106,5
CACHAR,2022_07,421929.91000000015,2.247403703229106,5
CACHAR,2022_08,421929.91000000015,2.247403703229106,5
CACHAR,2022_09,421929.91000000015,2.247403703229106,5
CACHAR,2022_10,421929.91000000015,2.247403703229106,5
CACHAR,2022_11,421929.91000000015,2.247403703229106,5
CACHAR,2022_12,421929.91000000015,2.247403703229106,5
CACHAR,2023_01,426413.72250000015,2.244879482950068,5
CACHAR,2023_02,426413.72250000015,2.244879482950068,5
CACHAR,2023_03,426413.72250000015,2.244879482950068,5
CACHAR,2023_04,426413.72250000015,2.244879482950068,5
CACHAR,2023_05,426413.72250000015,2.244879482950068,5
CACHAR,2023_06,426413.72250000015,2.244879482950068,5
CACHAR,2023_07,426413.72250000015,2.244879482950068,5
CACHAR,2023_08,426413.72250000015,2.244879482950068,5
CACHAR,2023_09,426413.72250000015,2.244879482950068,5
CACHAR,2023_10,426413.72250000015,2.244879482950068,5
CACHAR,2023_11,426413.72250000015,2.244879482950068,5
CACHAR,2023_12,426413.72250000015,2.244879482950068,5
CACHAR,2024_01,430897.53500000015,2.2422824250940385,5
CACHAR,2024_02,430897.53500000015,2.2422824250940385,5
CACHAR,2024_03,430897.53500000015,2.2422824250940385,5
CACHAR,2024_04,430897.53500000015,2.2422824250940385,5
CACHAR,2024_05,430897.53500000015,2.2422824250940385,5
CACHAR,2024_06,430897.53500000015,2.2422824250940385,5
CACHAR,2024_07,430897.53500000015,2.2422824250940385,5
CACHAR,2024_08,430897.53500000015,2.2422824250940385,5
CACHAR,2024_09,430897.53500000015,2.2422824250940385,5
CACHAR,2024_10,430897.53500000015,2.2422824250940385,5
CACHAR,2024_11,430897.53500000015,2.2422824250940385,5
CACHAR,2024_12,430897.53500000015,2.2422824250940385,5
CACHAR,2025_01,435381.3475000005,2.2396210357586863,5
CACHAR,2025_02,435381.3475000005,2.2396210357586863,5
CACHAR,2025_03,435381.3475000005,2.2396210357586863,5
CACHAR,2025_04,435381.3475000005,2.2396210357586863,5
CACHAR,2025_05,435381.3475000005,2.2396210357586863,5
CACHAR,2025_06,435381.3475000005,2.2396210357586863,5
CACHAR,2025_07,435381.3475000005,2.2396210357586863,5
CACHAR,2025_08,435381.3475000005,2.2396210357586863,5
CACHAR,2025_09,435381.3475000005,2.2396210357586863,5
CACHAR,2025_10,435381.3475000005,2.2396210357586863,5
CACHAR,2025_11,435381.3475000005,2.2396210357586863,5
CACHAR,2025_12,435381.3475000005,2.2396210357586863,5
CACHAR,2026_01,439865.1599999998,2.2369031483639,5
CACHAR,2026_02,439865.1599999998,2.2369031483639,5
CACHAR,2026_03,439865.1599999998,2.2369031483639,5
CACHAR,2026_04,439865.1599999998,2.2369031483639,5
CACHAR,2026_05,439865.1599999998,2.2369031483639,5
CHARAIDEO,2021_04,165205.3013020834,-0.4799418681548578,3
CHARAIDEO,2021_05,165205.3013020834,-0.4799418681548578,3
CHARAIDEO,2021_06,165205.3013020834,-0.4799418681548578,3
CHARAIDEO,2021_07,165205.3013020834,-0.4799418681548578,3
CHARAIDEO,2021_08,165205.3013020834,-0.4799418681548578,3
CHARAIDEO,2021_09,165205.3013020834,-0.4799418681548578,3
CHARAIDEO,2021_10,165205.3013020834,-0.4799418681548578,3
CHARAIDEO,2021_11,165205.3013020834,-0.4799418681548578,3
CHARAIDEO,2021_12,165205.3013020834,-0.4799418681548578,3
CHARAIDEO,2022_01,165576.6000000001,-0.49027729775386,3
CHARAIDEO,2022_02,165576.6000000001,-0.49027729775386,3
CHARAIDEO,2022_03,165576.6000000001,-0.49027729775386,3
CHARAIDEO,2022_04,165576.6000000001,-0.49027729775386,3
CHARAIDEO,2022_05,165576.6000000001,-0.49027729775386,3
CHARAIDEO,2022_06,165576.6000000001,-0.49027729775386,3
CHARAIDEO,2022_07,165576.6000000001,-0.49027729775386,3
CHARAIDEO,2022_08,165576.6000000001,-0.49027729775386,3
CHARAIDEO,2022_09,165576.6000000001,-0.49027729775386,3
CHARAIDEO,2022_10,165576.6000000001,-0.49027729775386,3
CHARAIDEO,2022_11,165576.6000000001,-0.49027729775386,3
CHARAIDEO,2022_12,165576.6000000001,-0.49027729775386,3
CHARAIDEO,2023_01,165947.89869791674,-0.5003110132904932,2
CHARAIDEO,2023_02,165947.89869791674,-0.5003110132904932,2
CHARAIDEO,2023_03,165947.89869791674,-0.5003110132904932,2
CHARAIDEO,2023_04,165947.89869791674,-0.5003110132904932,2
CHARAIDEO,2023_05,165947.89869791674,-0.5003110132904932,2
CHARAIDEO,2023_06,165947.89869791674,-0.5003110132904932,2
CHARAIDEO,2023_07,165947.89869791674,-0.5003110132904932,2
CHARAIDEO,2023_08,165947.89869791674,-0.5003110132904932,2
CHARAIDEO,2023_09,165947.89869791674,-0.5003110132904932,2
CHARAIDEO,2023_10,165947.89869791674,-0.5003110132904932,2
CHARAIDEO,2023_11,165947.89869791674,-0.5003110132904932,2
CHARAIDEO,2023_12,165947.89869791674,-0.5003110132904932,2
CHARAIDEO,2024_01,166319.19739583335,-0.5100540468760943,2
CHARAIDEO,2024_02,166319.19739583335,-0.5100540468760943,2
CHARAIDEO,2024_03,166319.19739583335,-0.5100540468760943,2
CHARAIDEO,2024_04,166319.19739583335,-0.5100540468760943,2
CHARAIDEO,2024_05,166319.19739583335,-0.5100540468760943,2
CHARAIDEO,2024_06,166319.19739583335,-0.5100540468760943,2
CHARAIDEO,2024_07,166319.19739583335,-0.5100540468760943,2
CHARAIDEO,2024_08,166319.19739583335,-0.5100540468760943,2
CHARAIDEO,2024_09,166319.19739583335,-0.5100540468760943,2
CHARAIDEO,2024_10,166319.19739583335,-0.5100540468760943,2
CHARAIDEO,2024_11,166319.19739583335,-0.5100540468760943,2
CHARAIDEO,2024_12,166319.19739583335,-0.5100540468760943,2
CHARAIDEO,2025_01,166690.4960937501,-0.5195170101483618,2
CHARAIDEO,2025_02,166690.4960937501,-0.5195170101483618,2
CHARAIDEO,2025_03,166690.4960937501,-0.5195170101483618,2
CHARAIDEO,2025_04,166690.4960937501,-0.5195170101483618,2
CHARAIDEO,2025_05,166690.4960937501,-0.5195170101483618,2
CHARAIDEO,2025_06,166690.4960937501,-0.5195170101483618,2
CHARAIDEO,2025_07,166690.4960937501,-0.5195170101483618,2
CHARAIDEO,2025_08,166690.4960937501,-0.5195170101483618,2
CHARAIDEO,2025_09,166690.4960937501,-0.5195170101483618,2
CHARAIDEO,2025_10,166690.4960937501,-0.5195170101483618,2
CHARAIDEO,2025_11,166690.4960937501,-0.5195170101483618,2
CHARAIDEO,2025_12,166690.4960937501,-0.5195170101483618,2
CHARAIDEO,2026_01,167061.7947916667,-0.5287101055886,2
CHARAIDEO,2026_02,167061.7947916667,-0.5287101055886,2
CHARAIDEO,2026_03,167061.7947916667,-0.5287101055886,2
CHARAIDEO,2026_04,167061.7947916667,-0.5287101055886,2
CHARAIDEO,2026_05,167061.7947916667,-0.5287101055886,2
CHIRANG,2021_04,121306.98017578115,-0.955016082219569,2
CHIRANG,2021_05,121306.98017578115,-0.955016082219569,2
CHIRANG,2021_06,121306.98017578115,-0.955016082219569,2
CHIRANG,2021_07,121306.98017578115,-0.955016082219569,2
CHIRANG,2021_08,121306.98017578115,-0.955016082219569,2
CHIRANG,2021_09,121306.98017578115,-0.955016082219569,2
CHIRANG,2021_10,121306.98017578115,-0.955016082219569,2
CHIRANG,2021_11,121306.98017578115,-0.955016082219569,2
CHIRANG,2021_12,121306.98017578115,-0.955016082219569,2
CHIRANG,2022_01,122121.34660156246,-0.9543501884912691,2
CHIRANG,2022_02,122121.34660156246,-0.9543501884912691,2
CHIRANG,2022_03,122121.34660156246,-0.9543501884912691,2
CHIRANG,2022_04,122121.34660156246,-0.9543501884912691,2
CHIRANG,2022_05,122121.34660156246,-0.9543501884912691,2
CHIRANG,2022_06,122121.34660156246,-0.9543501884912691,2
CHIRANG,2022_07,122121.34660156246,-0.9543501884912691,2
CHIRANG,2022_08,122121.34660156246,-0.9543501884912691,2
CHIRANG,2022_09,122121.34660156246,-0.9543501884912691,2
CHIRANG,2022_10,122121.34660156246,-0.9543501884912691,2
CHIRANG,2022_11,122121.34660156246,-0.9543501884912691,2
CHIRANG,2022_12,122121.34660156246,-0.9543501884912691,2
CHIRANG,2023_01,122935.71302734369,-0.9536397517860006,2
CHIRANG,2023_02,122935.71302734369,-0.9536397517860006,2
CHIRANG,2023_03,122935.71302734369,-0.9536397517860006,2
CHIRANG,2023_04,122935.71302734369,-0.9536397517860006,2
CHIRANG,2023_05,122935.71302734369,-0.9536397517860006,2
CHIRANG,2023_06,122935.71302734369,-0.9536397517860006,2
CHIRANG,2023_07,122935.71302734369,-0.9536397517860006,2
CHIRANG,2023_08,122935.71302734369,-0.9536397517860006,2
CHIRANG,2023_09,122935.71302734369,-0.9536397517860006,2
CHIRANG,2023_10,122935.71302734369,-0.9536397517860006,2
CHIRANG,2023_11,122935.71302734369,-0.9536397517860006,2
CHIRANG,2023_12,122935.71302734369,-0.9536397517860006,2
CHIRANG,2024_01,123750.07945312493,-0.9528890006152148,2
CHIRANG,2024_02,123750.07945312493,-0.9528890006152148,2
CHIRANG,2024_03,123750.07945312493,-0.9528890006152148,2
CHIRANG,2024_04,123750.07945312493,-0.9528890006152148,2
CHIRANG,2024_05,123750.07945312493,-0.9528890006152148,2
CHIRANG,2024_06,123750.07945312493,-0.9528890006152148,2
CHIRANG,2024_07,123750.07945312493,-0.9528890006152148,2
CHIRANG,2024_08,123750.07945312493,-0.9528890006152148,2
CHIRANG,2024_09,123750.07945312493,-0.9528890006152148,2
CHIRANG,2024_10,123750.07945312493,-0.9528890006152148,2
CHIRANG,2024_11,123750.07945312493,-0.9528890006152148,2
CHIRANG,2024_12,123750.07945312493,-0.9528890006152148,2
CHIRANG,2025_01,124564.44587890622,-0.9521018460787402,2
CHIRANG,2025_02,124564.44587890622,-0.9521018460787402,2
CHIRANG,2025_03,124564.44587890622,-0.9521018460787402,2
CHIRANG,2025_04,124564.44587890622,-0.9521018460787402,2
CHIRANG,2025_05,124564.44587890622,-0.9521018460787402,2
CHIRANG,2025_06,124564.44587890622,-0.9521018460787402,2
CHIRANG,2025_07,124564.44587890622,-0.9521018460787402,2
CHIRANG,2025_08,124564.44587890622,-0.9521018460787402,2
CHIRANG,2025_09,124564.44587890622,-0.9521018460787402,2
CHIRANG,2025_10,124564.44587890622,-0.9521018460787402,2
CHIRANG,2025_11,124564.44587890622,-0.9521018460787402,2
CHIRANG,2025_12,124564.44587890622,-0.9521018460787402,2
CHIRANG,2026_01,125378.81230468741,-0.9512819046652873,2
CHIRANG,2026_02,125378.81230468741,-0.9512819046652873,2
CHIRANG,2026_03,125378.81230468741,-0.9512819046652873,2
CHIRANG,2026_04,125378.81230468741,-0.9512819046652873,2
CHIRANG,2026_05,125378.81230468741,-0.9512819046652873,2
DARRANG,2021_04,228179.99105468736,0.20157966780797923,3
DARRANG,2021_05,228179.99105468736,0.20157966780797923,3
DARRANG,2021_06,228179.99105468736,0.20157966780797923,3
DARRANG,2021_07,228179.99105468736,0.20157966780797923,3
DARRANG,2021_08,228179.99105468736,0.20157966780797923,3
DARRANG,2021_09,228179.99105468736,0.20157966780797923,3
DARRANG,2021_10,228179.99105468736,0.20157966780797923,3
DARRANG,2021_11,228179.99105468736,0.20157966780797923,3
DARRANG,2021_12,228179.99105468736,0.20157966780797923,3
DARRANG,2022_01,231120.90023437506,0.20969176242473367,3
DARRANG,2022_02,231120.90023437506,0.20969176242473367,3
DARRANG,2022_03,231120.90023437506,0.20969176242473367,3
DARRANG,2022_04,231120.90023437506,0.20969176242473367,3
DARRANG,2022_05,231120.90023437506,0.20969176242473367,3
DARRANG,2022_06,231120.90023437506,0.20969176242473367,3
DARRANG,2022_07,231120.90023437506,0.20969176242473367,3
DARRANG,2022_08,231120.90023437506,0.20969176242473367,3
DARRANG,2022_09,231120.90023437506,0.20969176242473367,3
DARRANG,2022_10,231120.90023437506,0.20969176242473367,3
DARRANG,2022_11,231120.90023437506,0.20969176242473367,3
DARRANG,2022_12,231120.90023437506,0.20969176242473367,3
DARRANG,2023_01,234061.80941406265,0.21757841124231653,3
DARRANG,2023_02,234061.80941406265,0.21757841124231653,3
DARRANG,2023_03,234061.80941406265,0.21757841124231653,3
DARRANG,2023_04,234061.80941406265,0.21757841124231653,3
DARRANG,2023_05,234061.80941406265,0.21757841124231653,3
DARRANG,2023_06,234061.80941406265,0.21757841124231653,3
DARRANG,2023_07,234061.80941406265,0.21757841124231653,3
DARRANG,2023_08,234061.80941406265,0.21757841124231653,3
DARRANG,2023_09,234061.80941406265,0.21757841124231653,3
DARRANG,2023_10,234061.80941406265,0.21757841124231653,3
DARRANG,2023_11,234061.80941406265,0.21757841124231653,3
DARRANG,2023_12,234061.80941406265,0.21757841124231653,3
DARRANG,2024_01,237002.71859375024,0.22524739587224352,3
DARRANG,2024_02,237002.71859375024,0.22524739587224352,3
DARRANG,2024_03,237002.71859375024,0.22524739587224352,3
DARRANG,2024_04,237002.71859375024,0.22524739587224352,3
DARRANG,2024_05,237002.71859375024,0.22524739587224352,3
DARRANG,2024_06,237002.71859375024,0.22524739587224352,3
DARRANG,2024_07,237002.71859375024,0.22524739587224352,3
DARRANG,2024_08,237002.71859375024,0.22524739587224352,3
DARRANG,2024_09,237002.71859375024,0.22524739587224352,3
DARRANG,2024_10,237002.71859375024,0.22524739587224352,3
DARRANG,2024_11,237002.71859375024,0.22524739587224352,3
DARRANG,2024_12,237002.71859375024,0.22524739587224352,3
DARRANG,2025_01,239943.62777343794,0.23270622909276373,3
DARRANG,2025_02,239943.62777343794,0.23270622909276373,3
DARRANG,2025_03,239943.62777343794,0.23270622909276373,3
DARRANG,2025_04,239943.62777343794,0.23270622909276373,3
DARRANG,2025_05,239943.62777343794,0.23270622909276373,3
DARRANG,2025_06,239943.62777343794,0.23270622909276373,3
DARRANG,2025_07,239943.62777343794,0.23270622909276373,3
DARRANG,2025_08,239943.62777343794,0.23270622909276373,3
DARRANG,2025_09,239943.62777343794,0.23270622909276373,3
DARRANG,2025_10,239943.62777343794,0.23270622909276373,3
DARRANG,2025_11,239943.62777343794,0.23270622909276373,3
DARRANG,2025_12,239943.62777343794,0.23270622909276373,3
DARRANG,2026_01,242884.53695312486,0.23996215955230774,3
DARRANG,2026_02,242884.53695312486,0.23996215955230774,3
DARRANG,2026_03,242884.53695312486,0.23996215955230774,3
DARRANG,2026_04,242884.53695312486,0.23996215955230774,3
DARRANG,2026_05,242884.53695312486,0.23996215955230774,3
DHEMAJI,2021_04,115826.80185139971,-1.014323393834046,2
DHEMAJI,2021_05,115826.80185139971,-1.014323393834046,2
DHEMAJI,2021_06,115826.80185139971,-1.014323393834046,2
DHEMAJI,2021_07,115826.80185139971,-1.014323393834046,2
DHEMAJI,2021_08,115826.80185139971,-1.014323393834046,2
DHEMAJI,2021_09,115826.80185139971,-1.014323393834046,2
DHEMAJI,2021_10,115826.80185139971,-1.014323393834046,2
DHEMAJI,2021_11,115826.80185139971,-1.014323393834046,2
DHEMAJI,2021_12,115826.80185139971,-1.014323393834046,2
DHEMAJI,2022_01,116899.19619954425,-1.0101192438620805,2
DHEMAJI,2022_02,116899.19619954425,-1.0101192438620805,2
DHEMAJI,2022_03,116899.19619954425,-1.0101192438620805,2
DHEMAJI,2022_04,116899.19619954425,-1.0101192438620805,2
DHEMAJI,2022_05,116899.19619954425,-1.0101192438620805,2
DHEMAJI,2022_06,116899.19619954425,-1.0101192438620805,2
DHEMAJI,2022_07,116899.19619954425,-1.0101192438620805,2
DHEMAJI,2022_08,116899.19619954425,-1.0101192438620805,2
DHEMAJI,2022_09,116899.19619954425,-1.0101192438620805,2
DHEMAJI,2022_10,116899.19619954425,-1.0101192438620805,2
DHEMAJI,2022_11,116899.19619954425,-1.0101192438620805,2
DHEMAJI,2022_12,116899.19619954425,-1.0101192438620805,2
DHEMAJI,2023_01,117971.59054768881,-1.005959329281425,2
DHEMAJI,2023_02,117971.59054768881,-1.005959329281425,2
DHEMAJI,2023_03,117971.59054768881,-1.005959329281425,2
DHEMAJI,2023_04,117971.59054768881,-1.005959329281425,2
DHEMAJI,2023_05,117971.59054768881,-1.005959329281425,2
DHEMAJI,2023_06,117971.59054768881,-1.005959329281425,2
DHEMAJI,2023_07,117971.59054768881,-1.005959329281425,2
DHEMAJI,2023_08,117971.59054768881,-1.005959329281425,2
DHEMAJI,2023_09,117971.59054768881,-1.005959329281425,2
DHEMAJI,2023_10,117971.59054768881,-1.005959329281425,2
DHEMAJI,2023_11,117971.59054768881,-1.005959329281425,2
DHEMAJI,2023_12,117971.59054768881,-1.005959329281425,2
DHEMAJI,2024_01,119043.98489583335,-1.001845222080149,2
DHEMAJI,2024_02,119043.98489583335,-1.001845222080149,2
DHEMAJI,2024_03,119043.98489583335,-1.001845222080149,2
DHEMAJI,2024_04,119043.98489583335,-1.001845222080149,2
DHEMAJI,2024_05,119043.98489583335,-1.001845222080149,2
DHEMAJI,2024_06,119043.98489583335,-1.001845222080149,2
DHEMAJI,2024_07,119043.98489583335,-1.001845222080149,2
DHEMAJI,2024_08,119043.98489583335,-1.001845222080149,2
DHEMAJI,2024_09,119043.98489583335,-1.001845222080149,2
DHEMAJI,2024_10,119043.98489583335,-1.001845222080149,2
DHEMAJI,2024_11,119043.98489583335,-1.001845222080149,2
DHEMAJI,2024_12,119043.98489583335,-1.001845222080149,2
DHEMAJI,2025_01,120116.37924397789,-0.9977782426472427,2
DHEMAJI,2025_02,120116.37924397789,-0.9977782426472427,2
DHEMAJI,2025_03,120116.37924397789,-0.9977782426472427,2
DHEMAJI,2025_04,120116.37924397789,-0.9977782426472427,2
DHEMAJI,2025_05,120116.37924397789,-0.9977782426472427,2
DHEMAJI,2025_06,120116.37924397789,-0.9977782426472427,2
DHEMAJI,2025_07,120116.37924397789,-0.9977782426472427,2
DHEMAJI,2025_08,120116.37924397789,-0.9977782426472427,2
DHEMAJI,2025_09,120116.37924397789,-0.9977782426472427,2
DHEMAJI,2025_10,120116.37924397789,-0.9977782426472427,2
DHEMAJI,2025_11,120116.37924397789,-0.9977782426472427,2
DHEMAJI,2025_12,120116.37924397789,-0.9977782426472427,2
DHEMAJI,2026_01,121188.77359212236,-0.9937594840353016,2
DHEMAJI,2026_02,121188.77359212236,-0.9937594840353016,2
DHEMAJI,2026_03,121188.77359212236,-0.9937594840353016,2
DHEMAJI,2026_04,121188.77359212236,-0.9937594840353016,2
DHEMAJI,2026_05,121188.77359212236,-0.9937594840353016,2
DHUBRI,2021_04,194149.0164341516,-0.1667086426991932,3
DHUBRI,2021_05,194149.0164341516,-0.1667086426991932,3
DHUBRI,2021_06,194149.0164341516,-0.1667086426991932,3
DHUBRI,2021_07,194149.0164341516,-0.1667086426991932,3
DHUBRI,2021_08,194149.0164341516,-0.1667086426991932,3
DHUBRI,2021_09,194149.0164341516,-0.1667086426991932,3
DHUBRI,2021_10,194149.0164341516,-0.1667086426991932,3
DHUBRI,2021_11,194149.0164341516,-0.1667086426991932,3
DHUBRI,2021_12,194149.0164341516,-0.1667086426991932,3
DHUBRI,2022_01,197148.04854910736,-0.1531154531636646,3
DHUBRI,2022_02,197148.04854910736,-0.1531154531636646,3
DHUBRI,2022_03,197148.04854910736,-0.1531154531636646,3
DHUBRI,2022_04,197148.04854910736,-0.1531154531636646,3
DHUBRI,2022_05,197148.04854910736,-0.1531154531636646,3
DHUBRI,2022_06,197148.04854910736,-0.1531154531636646,3
DHUBRI,2022_07,197148.04854910736,-0.1531154531636646,3
DHUBRI,2022_08,197148.04854910736,-0.1531154531636646,3
DHUBRI,2022_09,197148.04854910736,-0.1531154531636646,3
DHUBRI,2022_10,197148.04854910736,-0.1531154531636646,3
DHUBRI,2022_11,197148.04854910736,-0.1531154531636646,3
DHUBRI,2022_12,197148.04854910736,-0.1531154531636646,3
DHUBRI,2023_01,200147.08066406244,-0.139867297711122,3
DHUBRI,2023_02,200147.08066406244,-0.139867297711122,3
DHUBRI,2023_03,200147.08066406244,-0.139867297711122,3
DHUBRI,2023_04,200147.08066406244,-0.139867297711122,3
DHUBRI,2023_05,200147.08066406244,-0.139867297711122,3
DHUBRI,2023_06,200147.08066406244,-0.139867297711122,3
DHUBRI,2023_07,200147.08066406244,-0.139867297711122,3
DHUBRI,2023_08,200147.08066406244,-0.139867297711122,3
DHUBRI,2023_09,200147.08066406244,-0.139867297711122,3
DHUBRI,2023_10,200147.08066406244,-0.139867297711122,3
DHUBRI,2023_11,200147.08066406244,-0.139867297711122,3
DHUBRI,2023_12,200147.08066406244,-0.139867297711122,3
DHUBRI,2024_01,203146.11277901754,-0.12695366429322533,3
DHUBRI,2024_02,203146.11277901754,-0.12695366429322533,3
DHUBRI,2024_03,203146.11277901754,-0.12695366429322533,3
DHUBRI,2024_04,203146.11277901754,-0.12695366429322533,3
DHUBRI,2024_05,203146.11277901754,-0.12695366429322533,3
DHUBRI,2024_06,203146.11277901754,-0.12695366429322533,3
DHUBRI,2024_07,203146.11277901754,-0.12695366429322533,3
DHUBRI,2024_08,203146.11277901754,-0.12695366429322533,3
DHUBRI,2024_09,203146.11277901754,-0.12695366429322533,3
DHUBRI,2024_10,203146.11277901754,-0.12695366429322533,3
DHUBRI,2024_11,203146.11277901754,-0.12695366429322533,3
DHUBRI,2024_12,203146.11277901754,-0.12695366429322533,3
DHUBRI,2025_01,206145.14489397334,-0.11436431506086371,3
DHUBRI,2025_02,206145.14489397334,-0.11436431506086371,3
DHUBRI,2025_03,206145.14489397334,-0.11436431506086371,3
DHUBRI,2025_04,206145.14489397334,-0.11436431506086371,3
DHUBRI,2025_05,206145.14489397334,-0.11436431506086371,3
DHUBRI,2025_06,206145.14489397334,-0.11436431506086371,3
DHUBRI,2025_07,206145.14489397334,-0.11436431506086371,3
DHUBRI,2025_08,206145.14489397334,-0.11436431506086371,3
DHUBRI,2025_09,206145.14489397334,-0.11436431506086371,3
DHUBRI,2025_10,206145.14489397334,-0.11436431506086371,3
DHUBRI,2025_11,206145.14489397334,-0.11436431506086371,3
DHUBRI,2025_12,206145.14489397334,-0.11436431506086371,3
DHUBRI,2026_01,209144.17700892835,-0.10208929052250072,3
DHUBRI,2026_02,209144.17700892835,-0.10208929052250072,3
DHUBRI,2026_03,209144.17700892835,-0.10208929052250072,3
DHUBRI,2026_04,209144.17700892835,-0.10208929052250072,3
DHUBRI,2026_05,209144.17700892835,-0.10208929052250072,3
DIBRUGARH,2021_04,212431.03750000006,0.0311421307821767,3
DIBRUGARH,2021_05,212431.03750000006,0.0311421307821767,3
DIBRUGARH,2021_06,212431.03750000006,0.0311421307821767,3
DIBRUGARH,2021_07,212431.03750000006,0.0311421307821767,3
DIBRUGARH,2021_08,212431.03750000006,0.0311421307821767,3
DIBRUGARH,2021_09,212431.03750000006,0.0311421307821767,3
DIBRUGARH,2021_10,212431.03750000006,0.0311421307821767,3
DIBRUGARH,2021_11,212431.03750000006,0.0311421307821767,3
DIBRUGARH,2021_12,212431.03750000006,0.0311421307821767,3
DIBRUGARH,2022_01,213370.1406250001,0.02012558387372659,3
DIBRUGARH,2022_02,213370.1406250001,0.02012558387372659,3
DIBRUGARH,2022_03,213370.1406250001,0.02012558387372659,3
DIBRUGARH,2022_04,213370.1406250001,0.02012558387372659,3
DIBRUGARH,2022_05,213370.1406250001,0.02012558387372659,3
DIBRUGARH,2022_06,213370.1406250001,0.02012558387372659,3
DIBRUGARH,2022_07,213370.1406250001,0.02012558387372659,3
DIBRUGARH,2022_08,213370.1406250001,0.02012558387372659,3
DIBRUGARH,2022_09,213370.1406250001,0.02012558387372659,3
DIBRUGARH,2022_10,213370.1406250001,0.02012558387372659,3
DIBRUGARH,2022_11,213370.1406250001,0.02012558387372659,3
DIBRUGARH,2022_12,213370.1406250001,0.02012558387372659,3
DIBRUGARH,2023_01,214309.24375000005,0.009395415309018437,3
DIBRUGARH,2023_02,214309.24375000005,0.009395415309018437,3
DIBRUGARH,2023_03,214309.24375000005,0.009395415309018437,3
DIBRUGARH,2023_04,214309.24375000005,0.009395415309018437,3
DIBRUGARH,2023_05,214309.24375000005,0.009395415309018437,3
DIBRUGARH,2023_06,214309.24375000005,0.009395415309018437,3
DIBRUGARH,2023_07,214309.24375000005,0.009395415309018437,3
DIBRUGARH,2023_08,214309.24375000005,0.009395415309018437,3
DIBRUGARH,2023_09,214309.24375000005,0.009395415309018437,3
DIBRUGARH,2023_10,214309.24375000005,0.009395415309018437,3
DIBRUGARH,2023_11,214309.24375000005,0.009395415309018437,3
DIBRUGARH,2023_12,214309.24375000005,0.009395415309018437,3
DIBRUGARH,2024_01,215248.34687500002,-0.0010574152037515676,3
DIBRUGARH,2024_02,215248.34687500002,-0.0010574152037515676,3
DIBRUGARH,2024_03,215248.34687500002,-0.0010574152037515676,3
DIBRUGARH,2024_04,215248.34687500002,-0.0010574152037515676,3
DIBRUGARH,2024_05,215248.34687500002,-0.0010574152037515676,3
DIBRUGARH,2024_06,215248.34687500002,-0.0010574152037515676,3
DIBRUGARH,2024_07,215248.34687500002,-0.0010574152037515676,3
DIBRUGARH,2024_08,215248.34687500002,-0.0010574152037515676,3
DIBRUGARH,2024_09,215248.34687500002,-0.0010574152037515676,3
DIBRUGARH,2024_10,215248.34687500002,-0.0010574152037515676,3
DIBRUGARH,2024_11,215248.34687500002,-0.0010574152037515676,3
DIBRUGARH,2024_12,215248.34687500002,-0.0010574152037515676,3
DIBRUGARH,2025_01,216187.4500000001,-0.011241689405286623,3
DIBRUGARH,2025_02,216187.4500000001,-0.011241689405286623,3
DIBRUGARH,2025_03,216187.4500000001,-0.011241689405286623,3
DIBRUGARH,2025_04,216187.4500000001,-0.011241689405286623,3
DIBRUGARH,2025_05,216187.4500000001,-0.011241689405286623,3
DIBRUGARH,2025_06,216187.4500000001,-0.011241689405286623,3
DIBRUGARH,2025_07,216187.4500000001,-0.011241689405286623,3
DIBRUGARH,2025_08,216187.4500000001,-0.011241689405286623,3
DIBRUGARH,2025_09,216187.4500000001,-0.011241689405286623,3
DIBRUGARH,2025_10,216187.4500000001,-0.011241689405286623,3
DIBRUGARH,2025_11,216187.4500000001,-0.011241689405286623,3
DIBRUGARH,2025_12,216187.4500000001,-0.011241689405286623,3
DIBRUGARH,2026_01,217126.55312500006,-0.021165929596279047,3
DIBRUGARH,2026_02,217126.55312500006,-0.021165929596279047,3
DIBRUGARH,2026_03,217126.55312500006,-0.021165929596279047,3
DIBRUGARH,2026_04,217126.55312500006,-0.021165929596279047,3
DIBRUGARH,2026_05,217126.55312500006,-0.021165929596279047,3
DIMA HASAO,2021_04,71120.9366210937,-1.4981369712887231,2
DIMA HASAO,2021_05,71120.9366210937,-1.4981369712887231,2
DIMA HASAO,2021_06,71120.9366210937,-1.4981369712887231,2
DIMA HASAO,2021_07,71120.9366210937,-1.4981369712887231,2
DIMA HASAO,2021_08,71120.9366210937,-1.4981369712887231,2
DIMA HASAO,2021_09,71120.9366210937,-1.4981369712887231,2
DIMA HASAO,2021_10,71120.9366210937,-1.4981369712887231,2
DIMA HASAO,2021_11,71120.9366210937,-1.4981369712887231,2
DIMA HASAO,2021_12,71120.9366210937,-1.4981369712887231,2
DIMA HASAO,2022_01,71893.141015625,-1.4907536550433,2
DIMA HASAO,2022_02,71893.141015625,-1.4907536550433,2
DIMA HASAO,2022_03,71893.141015625,-1.4907536550433,2
DIMA HASAO,2022_04,71893.141015625,-1.4907536550433,2
DIMA HASAO,2022_05,71893.141015625,-1.4907536550433,2
DIMA HASAO,2022_06,71893.141015625,-1.4907536550433,2
DIMA HASAO,2022_07,71893.141015625,-1.4907536550433,2
DIMA HASAO,2022_08,71893.141015625,-1.4907536550433,2
DIMA HASAO,2022_09,71893.141015625,-1.4907536550433,2
DIMA HASAO,2022_10,71893.141015625,-1.4907536550433,2
DIMA HASAO,2022_11,71893.141015625,-1.4907536550433,2
DIMA HASAO,2022_12,71893.141015625,-1.4907536550433,2
DIMA HASAO,2023_01,72665.3454101562,-1.4834664039385832,2
DIMA HASAO,2023_02,72665.3454101562,-1.4834664039385832,2
DIMA HASAO,2023_03,72665.3454101562,-1.4834664039385832,2
DIMA HASAO,2023_04,72665.3454101562,-1.4834664039385832,2
DIMA HASAO,2023_05,72665.3454101562,-1.4834664039385832,2
DIMA HASAO,2023_06,72665.3454101562,-1.4834664039385832,2
DIMA HASAO,2023_07,72665.3454101562,-1.4834664039385832,2
DIMA HASAO,2023_08,72665.3454101562,-1.4834664039385832,2
DIMA HASAO,2023_09,72665.3454101562,-1.4834664039385832,2
DIMA HASAO,2023_10,72665.3454101562,-1.4834664039385832,2
DIMA HASAO,2023_11,72665.3454101562,-1.4834664039385832,2
DIMA HASAO,2023_12,72665.3454101562,-1.4834664039385832,2
DIMA HASAO,2024_01,73437.54980468738,-1.4762765598629695,2
DIMA HASAO,2024_02,73437.54980468738,-1.4762765598629695,2
DIMA HASAO,2024_03,73437.54980468738,-1.4762765598629695,2
DIMA HASAO,2024_04,73437.54980468738,-1.4762765598629695,2
DIMA HASAO,2024_05,73437.54980468738,-1.4762765598629695,2
DIMA HASAO,2024_06,73437.54980468738,-1.4762765598629695,2
DIMA HASAO,2024_07,73437.54980468738,-1.4762765598629695,2
DIMA HASAO,2024_08,73437.54980468738,-1.4762765598629695,2
DIMA HASAO,2024_09,73437.54980468738,-1.4762765598629695,2
DIMA HASAO,2024_10,73437.54980468738,-1.4762765598629695,2
DIMA HASAO,2024_11,73437.54980468738,-1.4762765598629695,2
DIMA HASAO,2024_12,73437.54980468738,-1.4762765598629695,2
DIMA HASAO,2025_01,74209.75419921869,-1.4691851218069476,2
DIMA HASAO,2025_02,74209.75419921869,-1.4691851218069476,2
DIMA HASAO,2025_03,74209.75419921869,-1.4691851218069476,2
DIMA HASAO,2025_04,74209.75419921869,-1.4691851218069476,2
DIMA HASAO,2025_05,74209.75419921869,-1.4691851218069476,2
DIMA HASAO,2025_06,74209.75419921869,-1.4691851218069476,2
DIMA HASAO,2025_07,74209.75419921869,-1.4691851218069476,2
DIMA HASAO,2025_08,74209.75419921869,-1.4691851218069476,2
DIMA HASAO,2025_09,74209.75419921869,-1.4691851218069476,2
DIMA HASAO,2025_10,74209.75419921869,-1.4691851218069476,2
DIMA HASAO,2025_11,74209.75419921869,-1.4691851218069476,2
DIMA HASAO,2025_12,74209.75419921869,-1.4691851218069476,2
DIMA HASAO,2026_01,74981.95859374995,-1.4621927817141616,2
DIMA HASAO,2026_02,74981.95859374995,-1.4621927817141616,2
DIMA HASAO,2026_03,74981.95859374995,-1.4621927817141616,2
DIMA HASAO,2026_04,74981.95859374995,-1.4621927817141616,2
DIMA HASAO,2026_05,74981.95859374995,-1.4621927817141616,2
GOALPARA,2021_04,212106.63250000015,0.0276313712255594,3
GOALPARA,2021_05,212106.63250000015,0.0276313712255594,3
GOALPARA,2021_06,212106.63250000015,0.0276313712255594,3
GOALPARA,2021_07,212106.63250000015,0.0276313712255594,3
GOALPARA,2021_08,212106.63250000015,0.0276313712255594,3
GOALPARA,2021_09,212106.63250000015,0.0276313712255594,3
GOALPARA,2021_10,212106.63250000015,0.0276313712255594,3
GOALPARA,2021_11,212106.63250000015,0.0276313712255594,3
GOALPARA,2021_12,212106.63250000015,0.0276313712255594,3
GOALPARA,2022_01,214280.5100000001,0.02984771674501373,3
GOALPARA,2022_02,214280.5100000001,0.02984771674501373,3
GOALPARA,2022_03,214280.5100000001,0.02984771674501373,3
GOALPARA,2022_04,214280.5100000001,0.02984771674501373,3
GOALPARA,2022_05,214280.5100000001,0.02984771674501373,3
GOALPARA,2022_06,214280.5100000001,0.02984771674501373,3
GOALPARA,2022_07,214280.5100000001,0.02984771674501373,3
GOALPARA,2022_08,214280.5100000001,0.02984771674501373,3
GOALPARA,2022_09,214280.5100000001,0.02984771674501373,3
GOALPARA,2022_10,214280.5100000001,0.02984771674501373,3
GOALPARA,2022_11,214280.5100000001,0.02984771674501373,3
GOALPARA,2022_12,214280.5100000001,0.02984771674501373,3
GOALPARA,2023_01,216454.3875000001,0.032004248013475775,3
GOALPARA,2023_02,216454.3875000001,0.032004248013475775,3
GOALPARA,2023_03,216454.3875000001,0.032004248013475775,3
GOALPARA,2023_04,216454.3875000001,0.032004248013475775,3
GOALPARA,2023_05,216454.3875000001,0.032004248013475775,3
GOALPARA,2023_06,216454.3875000001,0.032004248013475775,3
GOALPARA,2023_07,216454.3875000001,0.032004248013475775,3
GOALPARA,2023_08,216454.3875000001,0.032004248013475775,3
GOALPARA,2023_09,216454.3875000001,0.032004248013475775,3
GOALPARA,2023_10,216454.3875000001,0.032004248013475775,3
GOALPARA,2023_11,216454.3875000001,0.032004248013475775,3
GOALPARA,2023_12,216454.3875000001,0.032004248013475775,3
GOALPARA,2024_01,218628.26500000004,0.03410295360024371,3
GOALPARA,2024_02,218628.26500000004,0.03410295360024371,3
GOALPARA,2024_03,218628.26500000004,0.03410295360024371,3
GOALPARA,2024_04,218628.26500000004,0.03410295360024371,3
GOALPARA,2024_05,218628.26500000004,0.03410295360024371,3
GOALPARA,2024_06,218628.26500000004,0.03410295360024371,3
GOALPARA,2024_07,218628.26500000004,0.03410295360024371,3
GOALPARA,2024_08,218628.26500000004,0.03410295360024371,3
GOALPARA,2024_09,218628.26500000004,0.03410295360024371,3
GOALPARA,2024_10,218628.26500000004,0.03410295360024371,3
GOALPARA,2024_11,218628.26500000004,0.03410295360024371,3
GOALPARA,2024_12,218628.26500000004,0.03410295360024371,3
GOALPARA,2025_01,220802.1425,0.03614575821443316,3
GOALPARA,2025_02,220802.1425,0.03614575821443316,3
GOALPARA,2025_03,220802.1425,0.03614575821443316,3
GOALPARA,2025_04,220802.1425,0.03614575821443316,3
GOALPARA,2025_05,220802.1425,0.03614575821443316,3
GOALPARA,2025_06,220802.1425,0.03614575821443316,3
GOALPARA,2025_07,220802.1425,0.03614575821443316,3
GOALPARA,2025_08,220802.1425,0.03614575821443316,3
GOALPARA,2025_09,220802.1425,0.03614575821443316,3
GOALPARA,2025_10,220802.1425,0.03614575821443316,3
GOALPARA,2025_11,220802.1425,0.03614575821443316,3
GOALPARA,2025_12,220802.1425,0.03614575821443316,3
GOALPARA,2026_01,222976.02000000016,0.03813452333509202,3
GOALPARA,2026_02,222976.02000000016,0.03813452333509202,3
GOALPARA,2026_03,222976.02000000016,0.03813452333509202,3
GOALPARA,2026_04,222976.02000000016,0.03813452333509202,3
GOALPARA,2026_05,222976.02000000016,0.03813452333509202,3
GOLAGHAT,2021_04,215199.9490885416,0.0611077072094919,3
GOLAGHAT,2021_05,215199.9490885416,0.0611077072094919,3
GOLAGHAT,2021_06,215199.9490885416,0.0611077072094919,3
GOLAGHAT,2021_07,215199.9490885416,0.0611077072094919,3
GOLAGHAT,2021_08,215199.9490885416,0.0611077072094919,3
GOLAGHAT,2021_09,215199.9490885416,0.0611077072094919,3
GOLAGHAT,2021_10,215199.9490885416,0.0611077072094919,3
GOLAGHAT,2021_11,215199.9490885416,0.0611077072094919,3
GOLAGHAT,2021_12,215199.9490885416,0.0611077072094919,3
GOLAGHAT,2022_01,216699.23671874995,0.055678091958391455,3
GOLAGHAT,2022_02,216699.23671874995,0.055678091958391455,3
GOLAGHAT,2022_03,216699.23671874995,0.055678091958391455,3
GOLAGHAT,2022_04,216699.23671874995,0.055678091958391455,3
GOLAGHAT,2022_05,216699.23671874995,0.055678091958391455,3
GOLAGHAT,2022_06,216699.23671874995,0.055678091958391455,3
GOLAGHAT,2022_07,216699.23671874995,0.055678091958391455,3
GOLAGHAT,2022_08,216699.23671874995,0.055678091958391455,3
GOLAGHAT,2022_09,216699.23671874995,0.055678091958391455,3
GOLAGHAT,2022_10,216699.23671874995,0.055678091958391455,3
GOLAGHAT,2022_11,216699.23671874995,0.055678091958391455,3
GOLAGHAT,2022_12,216699.23671874995,0.055678091958391455,3
GOLAGHAT,2023_01,218198.5243489583,0.05038665163177626,3
GOLAGHAT,2023_02,218198.5243489583,0.05038665163177626,3
GOLAGHAT,2023_03,218198.5243489583,0.05038665163177626,3
GOLAGHAT,2023_04,218198.5243489583,0.05038665163177626,3
GOLAGHAT,2023_05,218198.5243489583,0.05038665163177626,3
GOLAGHAT,2023_06,218198.5243489583,0.05038665163177626,3
GOLAGHAT,2023_07,218198.5243489583,0.05038665163177626,3
GOLAGHAT,2023_08,218198.5243489583,0.05038665163177626,3
GOLAGHAT,2023_09,218198.5243489583,0.05038665163177626,3
GOLAGHAT,2023_10,218198.5243489583,0.05038665163177626,3
GOLAGHAT,2023_11,218198.5243489583,0.05038665163177626,3
GOLAGHAT,2023_12,218198.5243489583,0.05038665163177626,3
GOLAGHAT,2024_01,219697.8119791667,0.045229159872088934,3
GOLAGHAT,2024_02,219697.8119791667,0.045229159872088934,3
GOLAGHAT,2024_03,219697.8119791667,0.045229159872088934,3
GOLAGHAT,2024_04,219697.8119791667,0.045229159872088934,3
GOLAGHAT,2024_05,219697.8119791667,0.045229159872088934,3
GOLAGHAT,2024_06,219697.8119791667,0.045229159872088934,3
GOLAGHAT,2024_07,219697.8119791667,0.045229159872088934,3
GOLAGHAT,2024_08,219697.8119791667,0.045229159872088934,3
GOLAGHAT,2024_09,219697.8119791667,0.045229159872088934,3
GOLAGHAT,2024_10,219697.8119791667,0.045229159872088934,3
GOLAGHAT,2024_11,219697.8119791667,0.045229159872088934,3
GOLAGHAT,2024_12,219697.8119791667,0.045229159872088934,3
GOLAGHAT,2025_01,221197.09960937503,0.04020150176236104,3
GOLAGHAT,2025_02,221197.09960937503,0.04020150176236104,3
GOLAGHAT,2025_03,221197.09960937503,0.04020150176236104,3
GOLAGHAT,2025_04,221197.09960937503,0.04020150176236104,3
GOLAGHAT,2025_05,221197.09960937503,0.04020150176236104,3
GOLAGHAT,2025_06,221197.09960937503,0.04020150176236104,3
GOLAGHAT,2025_07,221197.09960937503,0.04020150176236104,3
GOLAGHAT,2025_08,221197.09960937503,0.04020150176236104,3
GOLAGHAT,2025_09,221197.09960937503,0.04020150176236104,3
GOLAGHAT,2025_10,221197.09960937503,0.04020150176236104,3
GOLAGHAT,2025_11,221197.09960937503,0.04020150176236104,3
GOLAGHAT,2025_12,221197.09960937503,0.04020150176236104,3
GOLAGHAT,2026_01,222696.38723958327,0.03529967535637415,3
GOLAGHAT,2026_02,222696.38723958327,0.03529967535637415,3
GOLAGHAT,2026_03,222696.38723958327,0.03529967535637415,3
GOLAGHAT,2026_04,222696.38723958327,0.03529967535637415,3
GOLAGHAT,2026_05,222696.38723958327,0.03529967535637415,3
HAILAKANDI,2021_04,189485.5843750002,-0.2171770037549897,3
HAILAKANDI,2021_05,189485.5843750002,-0.2171770037549897,3
HAILAKANDI,2021_06,189485.5843750002,-0.2171770037549897,3
HAILAKANDI,2021_07,189485.5843750002,-0.2171770037549897,3
HAILAKANDI,2021_08,189485.5843750002,-0.2171770037549897,3
HAILAKANDI,2021_09,189485.5843750002,-0.2171770037549897,3
HAILAKANDI,2021_10,189485.5843750002,-0.2171770037549897,3
HAILAKANDI,2021_11,189485.5843750002,-0.2171770037549897,3
HAILAKANDI,2021_12,189485.5843750002,-0.2171770037549897,3
HAILAKANDI,2022_01,191857.11210937495,-0.20961909717147503,3
HAILAKANDI,2022_02,191857.11210937495,-0.20961909717147503,3
HAILAKANDI,2022_03,191857.11210937495,-0.20961909717147503,3
HAILAKANDI,2022_04,191857.11210937495,-0.20961909717147503,3
HAILAKANDI,2022_05,191857.11210937495,-0.20961909717147503,3
HAILAKANDI,2022_06,191857.11210937495,-0.20961909717147503,3
HAILAKANDI,2022_07,191857.11210937495,-0.20961909717147503,3
HAILAKANDI,2022_08,191857.11210937495,-0.20961909717147503,3
HAILAKANDI,2022_09,191857.11210937495,-0.20961909717147503,3
HAILAKANDI,2022_10,191857.11210937495,-0.20961909717147503,3
HAILAKANDI,2022_11,191857.11210937495,-0.20961909717147503,3
HAILAKANDI,2022_12,191857.11210937495,-0.20961909717147503,3
HAILAKANDI,2023_01,194228.63984374993,-0.20224495346387694,3
HAILAKANDI,2023_02,194228.63984374993,-0.20224495346387694,3
HAILAKANDI,2023_03,194228.63984374993,-0.20224495346387694,3
HAILAKANDI,2023_04,194228.63984374993,-0.20224495346387694,3
HAILAKANDI,2023_05,194228.63984374993,-0.20224495346387694,3
HAILAKANDI,2023_06,194228.63984374993,-0.20224495346387694,3
HAILAKANDI,2023_07,194228.63984374993,-0.20224495346387694,3
HAILAKANDI,2023_08,194228.63984374993,-0.20224495346387694,3
HAILAKANDI,2023_09,194228.63984374993,-0.20224495346387694,3
HAILAKANDI,2023_10,194228.63984374993,-0.20224495346387694,3
HAILAKANDI,2023_11,194228.63984374993,-0.20224495346387694,3
HAILAKANDI,2023_12,194228.63984374993,-0.20224495346387694,3
HAILAKANDI,2024_01,196600.1675781249,-0.19504935150284558,3
HAILAKANDI,2024_02,196600.1675781249,-0.19504935150284558,3
HAILAKANDI,2024_03,196600.1675781249,-0.19504935150284558,3
HAILAKANDI,2024_04,196600.1675781249,-0.19504935150284558,3
HAILAKANDI,2024_05,196600.1675781249,-0.19504935150284558,3
HAILAKANDI,2024_06,196600.1675781249,-0.19504935150284558,3
HAILAKANDI,2024_07,196600.1675781249,-0.19504935150284558,3
HAILAKANDI,2024_08,196600.1675781249,-0.19504935150284558,3
HAILAKANDI,2024_09,196600.1675781249,-0.19504935150284558,3
HAILAKANDI,2024_10,196600.1675781249,-0.19504935150284558,3
HAILAKANDI,2024_11,196600.1675781249,-0.19504935150284558,3
HAILAKANDI,2024_12,196600.1675781249,-0.19504935150284558,3
HAILAKANDI,2025_01,198971.69531249965,-0.18802717911839156,3
HAILAKANDI,2025_02,198971.69531249965,-0.18802717911839156,3
HAILAKANDI,2025_03,198971.69531249965,-0.18802717911839156,3
HAILAKANDI,2025_04,198971.69531249965,-0.18802717911839156,3
HAILAKANDI,2025_05,198971.69531249965,-0.18802717911839156,3
HAILAKANDI,2025_06,198971.69531249965,-0.18802717911839156,3
HAILAKANDI,2025_07,198971.69531249965,-0.18802717911839156,3
HAILAKANDI,2025_08,198971.69531249965,-0.18802717911839156,3
HAILAKANDI,2025_09,198971.69531249965,-0.18802717911839156,3
HAILAKANDI,2025_10,198971.69531249965,-0.18802717911839156,3
HAILAKANDI,2025_11,198971.69531249965,-0.18802717911839156,3
HAILAKANDI,2025_12,198971.69531249965,-0.18802717911839156,3
HAILAKANDI,2026_01,201343.2230468752,-0.18117343838281613,3
HAILAKANDI,2026_02,201343.2230468752,-0.18117343838281613,3
HAILAKANDI,2026_03,201343.2230468752,-0.18117343838281613,3
HAILAKANDI,2026_04,201343.2230468752,-0.18117343838281613,3
HAILAKANDI,2026_05,201343.2230468752,-0.18117343838281613,3
HOJAI,2021_04,367299.3598958331,1.7071503392518612,5
HOJAI,2021_05,367299.3598958331,1.7071503392518612,5
HOJAI,2021_06,367299.3598958331,1.7071503392518612,5
HOJAI,2021_07,367299.3598958331,1.7071503392518612,5
HOJAI,2021_08,367299.3598958331,1.7071503392518612,5
HOJAI,2021_09,367299.3598958331,1.7071503392518612,5
HOJAI,2021_10,367299.3598958331,1.7071503392518612,5
HOJAI,2021_11,367299.3598958331,1.7071503392518612,5
HOJAI,2021_12,367299.3598958331,1.7071503392518612,5
HOJAI,2022_01,372047.8927083329,1.714697294912782,5
HOJAI,2022_02,372047.8927083329,1.714697294912782,5
HOJAI,2022_03,372047.8927083329,1.714697294912782,5
HOJAI,2022_04,372047.8927083329,1.714697294912782,5
HOJAI,2022_05,372047.8927083329,1.714697294912782,5
HOJAI,2022_06,372047.8927083329,1.714697294912782,5
HOJAI,2022_07,372047.8927083329,1.714697294912782,5
HOJAI,2022_08,372047.8927083329,1.714697294912782,5
HOJAI,2022_09,372047.8927083329,1.714697294912782,5
HOJAI,2022_10,372047.8927083329,1.714697294912782,5
HOJAI,2022_11,372047.8927083329,1.714697294912782,5
HOJAI,2022_12,372047.8927083329,1.714697294912782,5
HOJAI,2023_01,376796.4255208333,1.7219358962327043,5
HOJAI,2023_02,376796.4255208333,1.7219358962327043,5
HOJAI,2023_03,376796.4255208333,1.7219358962327043,5
HOJAI,2023_04,376796.4255208333,1.7219358962327043,5
HOJAI,2023_05,376796.4255208333,1.7219358962327043,5
HOJAI,2023_06,376796.4255208333,1.7219358962327043,5
HOJAI,2023_07,376796.4255208333,1.7219358962327043,5
HOJAI,2023_08,376796.4255208333,1.7219358962327043,5
HOJAI,2023_09,376796.4255208333,1.7219358962327043,5
HOJAI,2023_10,376796.4255208333,1.7219358962327043,5
HOJAI,2023_11,376796.4255208333,1.7219358962327043,5
HOJAI,2023_12,376796.4255208333,1.7219358962327043,5
HOJAI,2024_01,381544.95833333366,1.7288809955764426,5
HOJAI,2024_02,381544.95833333366,1.7288809955764426,5
HOJAI,2024_03,381544.95833333366,1.7288809955764426,5
HOJAI,2024_04,381544.95833333366,1.7288809955764426,5
HOJAI,2024_05,381544.95833333366,1.7288809955764426,5
HOJAI,2024_06,381544.95833333366,1.7288809955764426,5
HOJAI,2024_07,381544.95833333366,1.7288809955764426,5
HOJAI,2024_08,381544.95833333366,1.7288809955764426,5
HOJAI,2024_09,381544.95833333366,1.7288809955764426,5
HOJAI,2024_10,381544.95833333366,1.7288809955764426,5
HOJAI,2024_11,381544.95833333366,1.7288809955764426,5
HOJAI,2024_12,381544.95833333366,1.7288809955764426,5
HOJAI,2025_01,386293.4911458334,1.735546664227435,5
HOJAI,2025_02,386293.4911458334,1.735546664227435,5
HOJAI,2025_03,386293.4911458334,1.735546664227435,5
HOJAI,2025_04,386293.4911458334,1.735546664227435,5
HOJAI,2025_05,386293.4911458334,1.735546664227435,5
HOJAI,2025_06,386293.4911458334,1.735546664227435,5
HOJAI,2025_07,386293.4911458334,1.735546664227435,5
HOJAI,2025_08,386293.4911458334,1.735546664227435,5
HOJAI,2025_09,386293.4911458334,1.735546664227435,5
HOJAI,2025_10,386293.4911458334,1.735546664227435,5
HOJAI,2025_11,386293.4911458334,1.735546664227435,5
HOJAI,2025_12,386293.4911458334,1.735546664227435,5
HOJAI,2026_01,391042.0239583331,1.7419462330295037,5
HOJAI,2026_02,391042.0239583331,1.7419462330295037,5
HOJAI,2026_03,391042.0239583331,1.7419462330295037,5
HOJAI,2026_04,391042.0239583331,1.7419462330295037,5
HOJAI,2026_05,391042.0239583331,1.7419462330295037,5
JORHAT,2021_04,199494.30875000003,-0.1088610876960859,3
JORHAT,2021_05,199494.30875000003,-0.1088610876960859,3
JORHAT,2021_06,199494.30875000003,-0.1088610876960859,3
JORHAT,2021_07,199494.30875000003,-0.1088610876960859,3
JORHAT,2021_08,199494.30875000003,-0.1088610876960859,3
JORHAT,2021_09,199494.30875000003,-0.1088610876960859,3
JORHAT,2021_10,199494.30875000003,-0.1088610876960859,3
JORHAT,2021_11,199494.30875000003,-0.1088610876960859,3
JORHAT,2021_12,199494.30875000003,-0.1088610876960859,3
JORHAT,2022_01,199863.95937500003,-0.12411135148691885,3
JORHAT,2022_02,199863.95937500003,-0.12411135148691885,3
JORHAT,2022_03,199863.95937500003,-0.12411135148691885,3
JORHAT,2022_04,199863.95937500003,-0.12411135148691885,3
JORHAT,2022_05,199863.95937500003,-0.12411135148691885,3
JORHAT,2022_06,199863.95937500003,-0.12411135148691885,3
JORHAT,2022_07,199863.95937500003,-0.12411135148691885,3
JORHAT,2022_08,199863.95937500003,-0.12411135148691885,3
JORHAT,2022_09,199863.95937500003,-0.12411135148691885,3
JORHAT,2022_10,199863.95937500003,-0.12411135148691885,3
JORHAT,2022_11,199863.95937500003,-0.12411135148691885,3
JORHAT,2022_12,199863.95937500003,-0.12411135148691885,3
JORHAT,2023_01,200233.61000000004,-0.13895531813854506,3
JORHAT,2023_02,200233.61000000004,-0.13895531813854506,3
JORHAT,2023_03,200233.61000000004,-0.13895531813854506,3
JORHAT,2023_04,200233.61000000004,-0.13895531813854506,3
JORHAT,2023_05,200233.61000000004,-0.13895531813854506,3
JORHAT,2023_06,200233.61000000004,-0.13895531813854506,3
JORHAT,2023_07,200233.61000000004,-0.13895531813854506,3
JORHAT,2023_08,200233.61000000004,-0.13895531813854506,3
JORHAT,2023_09,200233.61000000004,-0.13895531813854506,3
JORHAT,2023_10,200233.61000000004,-0.13895531813854506,3
JORHAT,2023_11,200233.61000000004,-0.13895531813854506,3
JORHAT,2023_12,200233.61000000004,-0.13895531813854506,3
JORHAT,2024_01,200603.26062500005,-0.1534062635109321,3
JORHAT,2024_02,200603.26062500005,-0.1534062635109321,3
JORHAT,2024_03,200603.26062500005,-0.1534062635109321,3
JORHAT,2024_04,200603.26062500005,-0.1534062635109321,3
JORHAT,2024_05,200603.26062500005,-0.1534062635109321,3
JORHAT,2024_06,200603.26062500005,-0.1534062635109321,3
JORHAT,2024_07,200603.26062500005,-0.1534062635109321,3
JORHAT,2024_08,200603.26062500005,-0.1534062635109321,3
JORHAT,2024_09,200603.26062500005,-0.1534062635109321,3
JORHAT,2024_10,200603.26062500005,-0.1534062635109321,3
JORHAT,2024_11,200603.26062500005,-0.1534062635109321,3
JORHAT,2024_12,200603.26062500005,-0.1534062635109321,3
JORHAT,2025_01,200972.91125000006,-0.16747705244926867,3
JORHAT,2025_02,200972.91125000006,-0.16747705244926867,3
JORHAT,2025_03,200972.91125000006,-0.16747705244926867,3
JORHAT,2025_04,200972.91125000006,-0.16747705244926867,3
JORHAT,2025_05,200972.91125000006,-0.16747705244926867,3
JORHAT,2025_06,200972.91125000006,-0.16747705244926867,3
JORHAT,2025_07,200972.91125000006,-0.16747705244926867,3
JORHAT,2025_08,200972.91125000006,-0.16747705244926867,3
JORHAT,2025_09,200972.91125000006,-0.16747705244926867,3
JORHAT,2025_10,200972.91125000006,-0.16747705244926867,3
JORHAT,2025_11,200972.91125000006,-0.16747705244926867,3
JORHAT,2025_12,200972.91125000006,-0.16747705244926867,3
JORHAT,2026_01,201342.561875,-0.181180141180268,3
JORHAT,2026_02,201342.561875,-0.181180141180268,3
JORHAT,2026_03,201342.561875,-0.181180141180268,3
JORHAT,2026_04,201342.561875,-0.181180141180268,3
JORHAT,2026_05,201342.561875,-0.181180141180268,3
KAMRUP,2021_04,124510.02503004807,-0.9203522504894955,2
KAMRUP,2021_05,124510.02503004807,-0.9203522504894955,2
KAMRUP,2021_06,124510.02503004807,-0.9203522504894955,2
KAMRUP,2021_07,124510.02503004807,-0.9203522504894955,2
KAMRUP,2021_08,124510.02503004807,-0.9203522504894955,2
KAMRUP,2021_09,124510.02503004807,-0.9203522504894955,2
KAMRUP,2021_10,124510.02503004807,-0.9203522504894955,2
KAMRUP,2021_11,124510.02503004807,-0.9203522504894955,2
KAMRUP,2021_12,124510.02503004807,-0.9203522504894955,2
KAMRUP,2022_01,125498.67103365382,-0.9182826341776847,2
KAMRUP,2022_02,125498.67103365382,-0.9182826341776847,2
KAMRUP,2022_03,125498.67103365382,-0.9182826341776847,2
KAMRUP,2022_04,125498.67103365382,-0.9182826341776847,2
KAMRUP,2022_05,125498.67103365382,-0.9182826341776847,2
KAMRUP,2022_06,125498.67103365382,-0.9182826341776847,2
KAMRUP,2022_07,125498.67103365382,-0.9182826341776847,2
KAMRUP,2022_08,125498.67103365382,-0.9182826341776847,2
KAMRUP,2022_09,125498.67103365382,-0.9182826341776847,2
KAMRUP,2022_10,125498.67103365382,-0.9182826341776847,2
KAMRUP,2022_11,125498.67103365382,-0.9182826341776847,2
KAMRUP,2022_12,125498.67103365382,-0.9182826341776847,2
KAMRUP,2023_01,126487.3170372596,-0.9162074720645753,2
KAMRUP,2023_02,126487.3170372596,-0.9162074720645753,2
KAMRUP,2023_03,126487.3170372596,-0.9162074720645753,2
KAMRUP,2023_04,126487.3170372596,-0.9162074720645753,2
KAMRUP,2023_05,126487.3170372596,-0.9162074720645753,2
KAMRUP,2023_06,126487.3170372596,-0.9162074720645753,2
KAMRUP,2023_07,126487.3170372596,-0.9162074720645753,2
KAMRUP,2023_08,126487.3170372596,-0.9162074720645753,2
KAMRUP,2023_09,126487.3170372596,-0.9162074720645753,2
KAMRUP,2023_10,126487.3170372596,-0.9162074720645753,2
KAMRUP,2023_11,126487.3170372596,-0.9162074720645753,2
KAMRUP,2023_12,126487.3170372596,-0.9162074720645753,2
KAMRUP,2024_01,127475.96304086539,-0.9141296472164673,2
KAMRUP,2024_02,127475.96304086539,-0.9141296472164673,2
KAMRUP,2024_03,127475.96304086539,-0.9141296472164673,2
KAMRUP,2024_04,127475.96304086539,-0.9141296472164673,2
KAMRUP,2024_05,127475.96304086539,-0.9141296472164673,2
KAMRUP,2024_06,127475.96304086539,-0.9141296472164673,2
KAMRUP,2024_07,127475.96304086539,-0.9141296472164673,2
KAMRUP,2024_08,127475.96304086539,-0.9141296472164673,2
KAMRUP,2024_09,127475.96304086539,-0.9141296472164673,2
KAMRUP,2024_10,127475.96304086539,-0.9141296472164673,2
KAMRUP,2024_11,127475.96304086539,-0.9141296472164673,2
KAMRUP,2024_12,127475.96304086539,-0.9141296472164673,2
KAMRUP,2025_01,128464.60904447114,-0.9120517717310836,2
KAMRUP,2025_02,128464.60904447114,-0.9120517717310836,2
KAMRUP,2025_03,128464.60904447114,-0.9120517717310836,2
KAMRUP,2025_04,128464.60904447114,-0.9120517717310836,2
KAMRUP,2025_05,128464.60904447114,-0.9120517717310836,2
KAMRUP,2025_06,128464.60904447114,-0.9120517717310836,2
KAMRUP,2025_07,128464.60904447114,-0.9120517717310836,2
KAMRUP,2025_08,128464.60904447114,-0.9120517717310836,2
KAMRUP,2025_09,128464.60904447114,-0.9120517717310836,2
KAMRUP,2025_10,128464.60904447114,-0.9120517717310836,2
KAMRUP,2025_11,128464.60904447114,-0.9120517717310836,2
KAMRUP,2025_12,128464.60904447114,-0.9120517717310836,2
KAMRUP,2026_01,129453.25504807691,-0.9099762087293766,2
KAMRUP,2026_02,129453.25504807691,-0.9099762087293766,2
KAMRUP,2026_03,129453.25504807691,-0.9099762087293766,2
KAMRUP,2026_04,129453.25504807691,-0.9099762087293766,2
KAMRUP,2026_05,129453.25504807691,-0.9099762087293766,2
KAMRUP METRO,2021_04,335886.74638671835,1.3671983253325923,4
KAMRUP METRO,2021_05,335886.74638671835,1.3671983253325923,4
KAMRUP METRO,2021_06,335886.74638671835,1.3671983253325923,4
KAMRUP METRO,2021_07,335886.74638671835,1.3671983253325923,4
KAMRUP METRO,2021_08,335886.74638671835,1.3671983253325923,4
KAMRUP METRO,2021_09,335886.74638671835,1.3671983253325923,4
KAMRUP METRO,2021_10,335886.74638671835,1.3671983253325923,4
KAMRUP METRO,2021_11,335886.74638671835,1.3671983253325923,4
KAMRUP METRO,2021_12,335886.74638671835,1.3671983253325923,4
KAMRUP METRO,2022_01,338803.1458984375,1.3596657498785487,4
KAMRUP METRO,2022_02,338803.1458984375,1.3596657498785487,4
KAMRUP METRO,2022_03,338803.1458984375,1.3596657498785487,4
KAMRUP METRO,2022_04,338803.1458984375,1.3596657498785487,4
KAMRUP METRO,2022_05,338803.1458984375,1.3596657498785487,4
KAMRUP METRO,2022_06,338803.1458984375,1.3596657498785487,4
KAMRUP METRO,2022_07,338803.1458984375,1.3596657498785487,4
KAMRUP METRO,2022_08,338803.1458984375,1.3596657498785487,4
KAMRUP METRO,2022_09,338803.1458984375,1.3596657498785487,4
KAMRUP METRO,2022_10,338803.1458984375,1.3596657498785487,4
KAMRUP METRO,2022_11,338803.1458984375,1.3596657498785487,4
KAMRUP METRO,2022_12,338803.1458984375,1.3596657498785487,4
KAMRUP METRO,2023_01,341719.54541015613,1.3522416441730978,4
KAMRUP METRO,2023_02,341719.54541015613,1.3522416441730978,4
KAMRUP METRO,2023_03,341719.54541015613,1.3522416441730978,4
KAMRUP METRO,2023_04,341719.54541015613,1.3522416441730978,4
KAMRUP METRO,2023_05,341719.54541015613,1.3522416441730978,4
KAMRUP METRO,2023_06,341719.54541015613,1.3522416441730978,4
KAMRUP METRO,2023_07,341719.54541015613,1.3522416441730978,4
KAMRUP METRO,2023_08,341719.54541015613,1.3522416441730978,4
KAMRUP METRO,2023_09,341719.54541015613,1.3522416441730978,4
KAMRUP METRO,2023_10,341719.54541015613,1.3522416441730978,4
KAMRUP METRO,2023_11,341719.54541015613,1.3522416441730978,4
KAMRUP METRO,2023_12,341719.54541015613,1.3522416441730978,4
KAMRUP METRO,2024_01,344635.9449218748,1.344926569538832,4
KAMRUP METRO,2024_02,344635.9449218748,1.344926569538832,4
KAMRUP METRO,2024_03,344635.9449218748,1.344926569538832,4
KAMRUP METRO,2024_04,344635.9449218748,1.344926569538832,4
KAMRUP METRO,2024_05,344635.9449218748,1.344926569538832,4
KAMRUP METRO,2024_06,344635.9449218748,1.344926569538832,4
KAMRUP METRO,2024_07,344635.9449218748,1.344926569538832,4
KAMRUP METRO,2024_08,344635.9449218748,1.344926569538832,4
KAMRUP METRO,2024_09,344635.9449218748,1.344926569538832,4
KAMRUP METRO,2024_10,344635.9449218748,1.344926569538832,4
KAMRUP METRO,2024_11,344635.9449218748,1.344926569538832,4
KAMRUP METRO,2024_12,344635.9449218748,1.344926569538832,4
KAMRUP METRO,2025_01,347552.3444335939,1.3377207938028788,4
KAMRUP METRO,2025_02,347552.3444335939,1.3377207938028788,4
KAMRUP METRO,2025_03,347552.3444335939,1.3377207938028788,4
KAMRUP METRO,2025_04,347552.3444335939,1.3377207938028788,4
KAMRUP METRO,2025_05,347552.3444335939,1.3377207938028788,4
KAMRUP METRO,2025_06,347552.3444335939,1.3377207938028788,4
KAMRUP METRO,2025_07,347552.3444335939,1.3377207938028788,4
KAMRUP METRO,2025_08,347552.3444335939,1.3377207938028788,4
KAMRUP METRO,2025_09,347552.3444335939,1.3377207938028788,4
KAMRUP METRO,2025_10,347552.3444335939,1.3377207938028788,4
KAMRUP METRO,2025_11,347552.3444335939,1.3377207938028788,4
KAMRUP METRO,2025_12,347552.3444335939,1.3377207938028788,4
KAMRUP METRO,2026_01,350468.7439453121,1.3306243240250268,4
KAMRUP METRO,2026_02,350468.7439453121,1.3306243240250268,4
KAMRUP METRO,2026_03,350468.7439453121,1.3306243240250268,4
KAMRUP METRO,2026_04,350468.7439453121,1.3306243240250268,4
KAMRUP METRO,2026_05,350468.7439453121,1.3306243240250268,4
KARBI ANGLONG,2021_04,231812.24843749995,0.24088850188515595,3
KARBI ANGLONG,2021_05,231812.24843749995,0.24088850188515595,3
KARBI ANGLONG,2021_06,231812.24843749995,0.24088850188515595,3
KARBI ANGLONG,2021_07,231812.24843749995,0.24088850188515595,3
KARBI ANGLONG,2021_08,231812.24843749995,0.24088850188515595,3
KARBI ANGLONG,2021_09,231812.24843749995,0.24088850188515595,3
KARBI ANGLONG,2021_10,231812.24843749995,0.24088850188515595,3
KARBI ANGLONG,2021_11,231812.24843749995,0.24088850188515595,3
KARBI ANGLONG,2021_12,231812.24843749995,0.24088850188515595,3
KARBI ANGLONG,2022_01,233960.88125,0.24002085031374404,3
KARBI ANGLONG,2022_02,233960.88125,0.24002085031374404,3
KARBI ANGLONG,2022_03,233960.88125,0.24002085031374404,3
KARBI ANGLONG,2022_04,233960.88125,0.24002085031374404,3
KARBI ANGLONG,2022_05,233960.88125,0.24002085031374404,3
KARBI ANGLONG,2022_06,233960.88125,0.24002085031374404,3
KARBI ANGLONG,2022_07,233960.88125,0.24002085031374404,3
KARBI ANGLONG,2022_08,233960.88125,0.24002085031374404,3
KARBI ANGLONG,2022_09,233960.88125,0.24002085031374404,3
KARBI ANGLONG,2022_10,233960.88125,0.24002085031374404,3
KARBI ANGLONG,2022_11,233960.88125,0.24002085031374404,3
KARBI ANGLONG,2022_12,233960.88125,0.24002085031374404,3
KARBI ANGLONG,2023_01,236109.5140625001,0.23916028044090093,3
KARBI ANGLONG,2023_02,236109.5140625001,0.23916028044090093,3
KARBI ANGLONG,2023_03,236109.5140625001,0.23916028044090093,3
KARBI ANGLONG,2023_04,236109.5140625001,0.23916028044090093,3
KARBI ANGLONG,2023_05,236109.5140625001,0.23916028044090093,3
KARBI ANGLONG,2023_06,236109.5140625001,0.23916028044090093,3
KARBI ANGLONG,2023_07,236109.5140625001,0.23916028044090093,3
KARBI ANGLONG,2023_08,236109.5140625001,0.23916028044090093,3
KARBI ANGLONG,2023_09,236109.5140625001,0.23916028044090093,3
KARBI ANGLONG,2023_10,236109.5140625001,0.23916028044090093,3
KARBI ANGLONG,2023_11,236109.5140625001,0.23916028044090093,3
KARBI ANGLONG,2023_12,236109.5140625001,0.23916028044090093,3
KARBI ANGLONG,2024_01,238258.14687500018,0.23830727476375174,3
KARBI ANGLONG,2024_02,238258.14687500018,0.23830727476375174,3
KARBI ANGLONG,2024_03,238258.14687500018,0.23830727476375174,3
KARBI ANGLONG,2024_04,238258.14687500018,0.23830727476375174,3
KARBI ANGLONG,2024_05,238258.14687500018,0.23830727476375174,3
KARBI ANGLONG,2024_06,238258.14687500018,0.23830727476375174,3
KARBI ANGLONG,2024_07,238258.14687500018,0.23830727476375174,3
KARBI ANGLONG,2024_08,238258.14687500018,0.23830727476375174,3
KARBI ANGLONG,2024_09,238258.14687500018,0.23830727476375174,3
KARBI ANGLONG,2024_10,238258.14687500018,0.23830727476375174,3
KARBI ANGLONG,2024_11,238258.14687500018,0.23830727476375174,3
KARBI ANGLONG,2024_12,238258.14687500018,0.23830727476375174,3
KARBI ANGLONG,2025_01,240406.77968750024,0.23746225282947006,3
KARBI ANGLONG,2025_02,240406.77968750024,0.23746225282947006,3
KARBI ANGLONG,2025_03,240406.77968750024,0.23746225282947006,3
KARBI ANGLONG,2025_04,240406.77968750024,0.23746225282947006,3
KARBI ANGLONG,2025_05,240406.77968750024,0.23746225282947006,3
KARBI ANGLONG,2025_06,240406.77968750024,0.23746225282947006,3
KARBI ANGLONG,2025_07,240406.77968750024,0.23746225282947006,3
KARBI ANGLONG,2025_08,240406.77968750024,0.23746225282947006,3
KARBI ANGLONG,2025_09,240406.77968750024,0.23746225282947006,3
KARBI ANGLONG,2025_10,240406.77968750024,0.23746225282947006,3
KARBI ANGLONG,2025_11,240406.77968750024,0.23746225282947006,3
KARBI ANGLONG,2025_12,240406.77968750024,0.23746225282947006,3
KARBI ANGLONG,2026_01,242555.41249999995,0.23662557699561163,3
KARBI ANGLONG,2026_02,242555.41249999995,0.23662557699561163,3
KARBI ANGLONG,2026_03,242555.41249999995,0.23662557699561163,3
KARBI ANGLONG,2026_04,242555.41249999995,0.23662557699561163,3
KARBI ANGLONG,2026_05,242555.41249999995,0.23662557699561163,3
KARIMGANJ,2021_04,274799.9474999998,0.7061078274217566,4
KARIMGANJ,2021_05,274799.9474999998,0.7061078274217566,4
KARIMGANJ,2021_06,274799.9474999998,0.7061078274217566,4
KARIMGANJ,2021_07,274799.9474999998,0.7061078274217566,4
KARIMGANJ,2021_08,274799.9474999998,0.7061078274217566,4
KARIMGANJ,2021_09,274799.9474999998,0.7061078274217566,4
KARIMGANJ,2021_10,274799.9474999998,0.7061078274217566,4
KARIMGANJ,2021_11,274799.9474999998,0.7061078274217566,4
KARIMGANJ,2021_12,274799.9474999998,0.7061078274217566,4
KARIMGANJ,2022_01,278574.60437499976,0.7164654188758828,4
KARIMGANJ,2022_02,278574.60437499976,0.7164654188758828,4
KARIMGANJ,2022_03,278574.60437499976,0.7164654188758828,4
KARIMGANJ,2022_04,278574.60437499976,0.7164654188758828,4
KARIMGANJ,2022_05,278574.60437499976,0.7164654188758828,4
KARIMGANJ,2022_06,278574.60437499976,0.7164654188758828,4
KARIMGANJ,2022_07,278574.60437499976,0.7164654188758828,4
KARIMGANJ,2022_08,278574.60437499976,0.7164654188758828,4
KARIMGANJ,2022_09,278574.60437499976,0.7164654188758828,4
KARIMGANJ,2022_10,278574.60437499976,0.7164654188758828,4
KARIMGANJ,2022_11,278574.60437499976,0.7164654188758828,4
KARIMGANJ,2022_12,278574.60437499976,0.7164654188758828,4
KARIMGANJ,2023_01,282349.26124999986,0.7265060391848366,4
KARIMGANJ,2023_02,282349.26124999986,0.7265060391848366,4
KARIMGANJ,2023_03,282349.26124999986,0.7265060391848366,4
KARIMGANJ,2023_04,282349.26124999986,0.7265060391848366,4
KARIMGANJ,2023_05,282349.26124999986,0.7265060391848366,4
KARIMGANJ,2023_06,282349.26124999986,0.7265060391848366,4
KARIMGANJ,2023_07,282349.26124999986,0.7265060391848366,4
KARIMGANJ,2023_08,282349.26124999986,0.7265060391848366,4
KARIMGANJ,2023_09,282349.26124999986,0.7265060391848366,4
KARIMGANJ,2023_10,282349.26124999986,0.7265060391848366,4
KARIMGANJ,2023_11,282349.26124999986,0.7265060391848366,4
KARIMGANJ,2023_12,282349.26124999986,0.7265060391848366,4
KARIMGANJ,2024_01,286123.918125,0.736241871992392,4
KARIMGANJ,2024_02,286123.918125,0.736241871992392,4
KARIMGANJ,2024_03,286123.918125,0.736241871992392,4
KARIMGANJ,2024_04,286123.918125,0.736241871992392,4
KARIMGANJ,2024_05,286123.918125,0.736241871992392,4
KARIMGANJ,2024_06,286123.918125,0.736241871992392,4
KARIMGANJ,2024_07,286123.918125,0.736241871992392,4
KARIMGANJ,2024_08,286123.918125,0.736241871992392,4
KARIMGANJ,2024_09,286123.918125,0.736241871992392,4
KARIMGANJ,2024_10,286123.918125,0.736241871992392,4
KARIMGANJ,2024_11,286123.918125,0.736241871992392,4
KARIMGANJ,2024_12,286123.918125,0.736241871992392,4
KARIMGANJ,2025_01,289898.575,0.7456846009007734,4
KARIMGANJ,2025_02,289898.575,0.7456846009007734,4
KARIMGANJ,2025_03,289898.575,0.7456846009007734,4
KARIMGANJ,2025_04,289898.575,0.7456846009007734,4
KARIMGANJ,2025_05,289898.575,0.7456846009007734,4
KARIMGANJ,2025_06,289898.575,0.7456846009007734,4
KARIMGANJ,2025_07,289898.575,0.7456846009007734,4
KARIMGANJ,2025_08,289898.575,0.7456846009007734,4
KARIMGANJ,2025_09,289898.575,0.7456846009007734,4
KARIMGANJ,2025_10,289898.575,0.7456846009007734,4
KARIMGANJ,2025_11,289898.575,0.7456846009007734,4
KARIMGANJ,2025_12,289898.575,0.7456846009007734,4
KARIMGANJ,2026_01,293673.23187499976,0.7548454261851077,4
KARIMGANJ,2026_02,293673.23187499976,0.7548454261851077,4
KARIMGANJ,2026_03,293673.23187499976,0.7548454261851077,4
KARIMGANJ,2026_04,293673.23187499976,0.7548454261851077,4
KARIMGANJ,2026_05,293673.23187499976,0.7548454261851077,4
KOKRAJHAR,2021_04,160235.1544433593,-0.533729542765489,2
KOKRAJHAR,2021_05,160235.1544433593,-0.533729542765489,2
KOKRAJHAR,2021_06,160235.1544433593,-0.533729542765489,2
KOKRAJHAR,2021_07,160235.1544433593,-0.533729542765489,2
KOKRAJHAR,2021_08,160235.1544433593,-0.533729542765489,2
KOKRAJHAR,2021_09,160235.1544433593,-0.533729542765489,2
KOKRAJHAR,2021_10,160235.1544433593,-0.533729542765489,2
KOKRAJHAR,2021_11,160235.1544433593,-0.533729542765489,2
KOKRAJHAR,2021_12,160235.1544433593,-0.533729542765489,2
KOKRAJHAR,2022_01,160695.78339843746,-0.5424011376191625,2
KOKRAJHAR,2022_02,160695.78339843746,-0.5424011376191625,2
KOKRAJHAR,2022_03,160695.78339843746,-0.5424011376191625,2
KOKRAJHAR,2022_04,160695.78339843746,-0.5424011376191625,2
KOKRAJHAR,2022_05,160695.78339843746,-0.5424011376191625,2
KOKRAJHAR,2022_06,160695.78339843746,-0.5424011376191625,2
KOKRAJHAR,2022_07,160695.78339843746,-0.5424011376191625,2
KOKRAJHAR,2022_08,160695.78339843746,-0.5424011376191625,2
KOKRAJHAR,2022_09,160695.78339843746,-0.5424011376191625,2
KOKRAJHAR,2022_10,160695.78339843746,-0.5424011376191625,2
KOKRAJHAR,2022_11,160695.78339843746,-0.5424011376191625,2
KOKRAJHAR,2022_12,160695.78339843746,-0.5424011376191625,2
KOKRAJHAR,2023_01,161156.4123535156,-0.5508110849832434,2
KOKRAJHAR,2023_02,161156.4123535156,-0.5508110849832434,2
KOKRAJHAR,2023_03,161156.4123535156,-0.5508110849832434,2
KOKRAJHAR,2023_04,161156.4123535156,-0.5508110849832434,2
KOKRAJHAR,2023_05,161156.4123535156,-0.5508110849832434,2
KOKRAJHAR,2023_06,161156.4123535156,-0.5508110849832434,2
KOKRAJHAR,2023_07,161156.4123535156,-0.5508110849832434,2
KOKRAJHAR,2023_08,161156.4123535156,-0.5508110849832434,2
KOKRAJHAR,2023_09,161156.4123535156,-0.5508110849832434,2
KOKRAJHAR,2023_10,161156.4123535156,-0.5508110849832434,2
KOKRAJHAR,2023_11,161156.4123535156,-0.5508110849832434,2
KOKRAJHAR,2023_12,161156.4123535156,-0.5508110849832434,2
KOKRAJHAR,2024_01,161617.04130859373,-0.5589692975084732,2
KOKRAJHAR,2024_02,161617.04130859373,-0.5589692975084732,2
KOKRAJHAR,2024_03,161617.04130859373,-0.5589692975084732,2
KOKRAJHAR,2024_04,161617.04130859373,-0.5589692975084732,2
KOKRAJHAR,2024_05,161617.04130859373,-0.5589692975084732,2
KOKRAJHAR,2024_06,161617.04130859373,-0.5589692975084732,2
KOKRAJHAR,2024_07,161617.04130859373,-0.5589692975084732,2
KOKRAJHAR,2024_08,161617.04130859373,-0.5589692975084732,2
KOKRAJHAR,2024_09,161617.04130859373,-0.5589692975084732,2
KOKRAJHAR,2024_10,161617.04130859373,-0.5589692975084732,2
KOKRAJHAR,2024_11,161617.04130859373,-0.5589692975084732,2
KOKRAJHAR,2024_12,161617.04130859373,-0.5589692975084732,2
KOKRAJHAR,2025_01,162077.6702636719,-0.5668852892702592,2
KOKRAJHAR,2025_02,162077.6702636719,-0.5668852892702592,2
KOKRAJHAR,2025_03,162077.6702636719,-0.5668852892702592,2
KOKRAJHAR,2025_04,162077.6702636719,-0.5668852892702592,2
KOKRAJHAR,2025_05,162077.6702636719,-0.5668852892702592,2
KOKRAJHAR,2025_06,162077.6702636719,-0.5668852892702592,2
KOKRAJHAR,2025_07,162077.6702636719,-0.5668852892702592,2
KOKRAJHAR,2025_08,162077.6702636719,-0.5668852892702592,2
KOKRAJHAR,2025_09,162077.6702636719,-0.5668852892702592,2
KOKRAJHAR,2025_10,162077.6702636719,-0.5668852892702592,2
KOKRAJHAR,2025_11,162077.6702636719,-0.5668852892702592,2
KOKRAJHAR,2025_12,162077.6702636719,-0.5668852892702592,2
KOKRAJHAR,2026_01,162538.29921874992,-0.5745681883915755,2
KOKRAJHAR,2026_02,162538.29921874992,-0.5745681883915755,2
KOKRAJHAR,2026_03,162538.29921874992,-0.5745681883915755,2
KOKRAJHAR,2026_04,162538.29921874992,-0.5745681883915755,2
KOKRAJHAR,2026_05,162538.29921874992,-0.5745681883915755,2
LAKHIMPUR,2021_04,164091.32109375,-0.4919975290179456,3
LAKHIMPUR,2021_05,164091.32109375,-0.4919975290179456,3
LAKHIMPUR,2021_06,164091.32109375,-0.4919975290179456,3
LAKHIMPUR,2021_07,164091.32109375,-0.4919975290179456,3
LAKHIMPUR,2021_08,164091.32109375,-0.4919975290179456,3
LAKHIMPUR,2021_09,164091.32109375,-0.4919975290179456,3
LAKHIMPUR,2021_10,164091.32109375,-0.4919975290179456,3
LAKHIMPUR,2021_11,164091.32109375,-0.4919975290179456,3
LAKHIMPUR,2021_12,164091.32109375,-0.4919975290179456,3
LAKHIMPUR,2022_01,165655.2845982143,-0.4894369991456579,3
LAKHIMPUR,2022_02,165655.2845982143,-0.4894369991456579,3
LAKHIMPUR,2022_03,165655.2845982143,-0.4894369991456579,3
LAKHIMPUR,2022_04,165655.2845982143,-0.4894369991456579,3
LAKHIMPUR,2022_05,165655.2845982143,-0.4894369991456579,3
LAKHIMPUR,2022_06,165655.2845982143,-0.4894369991456579,3
LAKHIMPUR,2022_07,165655.2845982143,-0.4894369991456579,3
LAKHIMPUR,2022_08,165655.2845982143,-0.4894369991456579,3
LAKHIMPUR,2022_09,165655.2845982143,-0.4894369991456579,3
LAKHIMPUR,2022_10,165655.2845982143,-0.4894369991456579,3
LAKHIMPUR,2022_11,165655.2845982143,-0.4894369991456579,3
LAKHIMPUR,2022_12,165655.2845982143,-0.4894369991456579,3
LAKHIMPUR,2023_01,167219.24810267863,-0.48691157280955927,3
LAKHIMPUR,2023_02,167219.24810267863,-0.48691157280955927,3
LAKHIMPUR,2023_03,167219.24810267863,-0.48691157280955927,3
LAKHIMPUR,2023_04,167219.24810267863,-0.48691157280955927,3
LAKHIMPUR,2023_05,167219.24810267863,-0.48691157280955927,3
LAKHIMPUR,2023_06,167219.24810267863,-0.48691157280955927,3
LAKHIMPUR,2023_07,167219.24810267863,-0.48691157280955927,3
LAKHIMPUR,2023_08,167219.24810267863,-0.48691157280955927,3
LAKHIMPUR,2023_09,167219.24810267863,-0.48691157280955927,3
LAKHIMPUR,2023_10,167219.24810267863,-0.48691157280955927,3
LAKHIMPUR,2023_11,167219.24810267863,-0.48691157280955927,3
LAKHIMPUR,2023_12,167219.24810267863,-0.48691157280955927,3
LAKHIMPUR,2024_01,168783.21160714296,-0.48442157732982954,3
LAKHIMPUR,2024_02,168783.21160714296,-0.48442157732982954,3
LAKHIMPUR,2024_03,168783.21160714296,-0.48442157732982954,3
LAKHIMPUR,2024_04,168783.21160714296,-0.48442157732982954,3
LAKHIMPUR,2024_05,168783.21160714296,-0.48442157732982954,3
LAKHIMPUR,2024_06,168783.21160714296,-0.48442157732982954,3
LAKHIMPUR,2024_07,168783.21160714296,-0.48442157732982954,3
LAKHIMPUR,2024_08,168783.21160714296,-0.48442157732982954,3
LAKHIMPUR,2024_09,168783.21160714296,-0.48442157732982954,3
LAKHIMPUR,2024_10,168783.21160714296,-0.48442157732982954,3
LAKHIMPUR,2024_11,168783.21160714296,-0.48442157732982954,3
LAKHIMPUR,2024_12,168783.21160714296,-0.48442157732982954,3
LAKHIMPUR,2025_01,170347.1751116072,-0.48196723073817643,3
LAKHIMPUR,2025_02,170347.1751116072,-0.48196723073817643,3
LAKHIMPUR,2025_03,170347.1751116072,-0.48196723073817643,3
LAKHIMPUR,2025_04,170347.1751116072,-0.48196723073817643,3
LAKHIMPUR,2025_05,170347.1751116072,-0.48196723073817643,3
LAKHIMPUR,2025_06,170347.1751116072,-0.48196723073817643,3
LAKHIMPUR,2025_07,170347.1751116072,-0.48196723073817643,3
LAKHIMPUR,2025_08,170347.1751116072,-0.48196723073817643,3
LAKHIMPUR,2025_09,170347.1751116072,-0.48196723073817643,3
LAKHIMPUR,2025_10,170347.1751116072,-0.48196723073817643,3
LAKHIMPUR,2025_11,170347.1751116072,-0.48196723073817643,3
LAKHIMPUR,2025_12,170347.1751116072,-0.48196723073817643,3
LAKHIMPUR,2026_01,171911.13861607146,-0.47954865355334175,3
LAKHIMPUR,2026_02,171911.13861607146,-0.47954865355334175,3
LAKHIMPUR,2026_03,171911.13861607146,-0.47954865355334175,3
LAKHIMPUR,2026_04,171911.13861607146,-0.47954865355334175,3
LAKHIMPUR,2026_05,171911.13861607146,-0.47954865355334175,3
MAJULI,2021_04,83674.5871093749,-1.3622794832038336,2
MAJULI,2021_05,83674.5871093749,-1.3622794832038336,2
MAJULI,2021_06,83674.5871093749,-1.3622794832038336,2
MAJULI,2021_07,83674.5871093749,-1.3622794832038336,2
MAJULI,2021_08,83674.5871093749,-1.3622794832038336,2
MAJULI,2021_09,83674.5871093749,-1.3622794832038336,2
MAJULI,2021_10,83674.5871093749,-1.3622794832038336,2
MAJULI,2021_11,83674.5871093749,-1.3622794832038336,2
MAJULI,2021_12,83674.5871093749,-1.3622794832038336,2
MAJULI,2022_01,83263.39843749994,-1.3693269501563898,2
MAJULI,2022_02,83263.39843749994,-1.3693269501563898,2
MAJULI,2022_03,83263.39843749994,-1.3693269501563898,2
MAJULI,2022_04,83263.39843749994,-1.3693269501563898,2
MAJULI,2022_05,83263.39843749994,-1.3693269501563898,2
MAJULI,2022_06,83263.39843749994,-1.3693269501563898,2
MAJULI,2022_07,83263.39843749994,-1.3693269501563898,2
MAJULI,2022_08,83263.39843749994,-1.3693269501563898,2
MAJULI,2022_09,83263.39843749994,-1.3693269501563898,2
MAJULI,2022_10,83263.39843749994,-1.3693269501563898,2
MAJULI,2022_11,83263.39843749994,-1.3693269501563898,2
MAJULI,2022_12,83263.39843749994,-1.3693269501563898,2
MAJULI,2023_01,82852.20976562497,-1.3761015189532353,2
MAJULI,2023_02,82852.20976562497,-1.3761015189532353,2
MAJULI,2023_03,82852.20976562497,-1.3761015189532353,2
MAJULI,2023_04,82852.20976562497,-1.3761015189532353,2
MAJULI,2023_05,82852.20976562497,-1.3761015189532353,2
MAJULI,2023_06,82852.20976562497,-1.3761015189532353,2
MAJULI,2023_07,82852.20976562497,-1.3761015189532353,2
MAJULI,2023_08,82852.20976562497,-1.3761015189532353,2
MAJULI,2023_09,82852.20976562497,-1.3761015189532353,2
MAJULI,2023_10,82852.20976562497,-1.3761015189532353,2
MAJULI,2023_11,82852.20976562497,-1.3761015189532353,2
MAJULI,2023_12,82852.20976562497,-1.3761015189532353,2
MAJULI,2024_01,82441.02109375,-1.3826158972871203,2
MAJULI,2024_02,82441.02109375,-1.3826158972871203,2
MAJULI,2024_03,82441.02109375,-1.3826158972871203,2
MAJULI,2024_04,82441.02109375,-1.3826158972871203,2
MAJULI,2024_05,82441.02109375,-1.3826158972871203,2
MAJULI,2024_06,82441.02109375,-1.3826158972871203,2
MAJULI,2024_07,82441.02109375,-1.3826158972871203,2
MAJULI,2024_08,82441.02109375,-1.3826158972871203,2
MAJULI,2024_09,82441.02109375,-1.3826158972871203,2
MAJULI,2024_10,82441.02109375,-1.3826158972871203,2
MAJULI,2024_11,82441.02109375,-1.3826158972871203,2
MAJULI,2024_12,82441.02109375,-1.3826158972871203,2
MAJULI,2025_01,82029.83242187502,-1.388882144488687,2
MAJULI,2025_02,82029.83242187502,-1.388882144488687,2
MAJULI,2025_03,82029.83242187502,-1.388882144488687,2
MAJULI,2025_04,82029.83242187502,-1.388882144488687,2
MAJULI,2025_05,82029.83242187502,-1.388882144488687,2
MAJULI,2025_06,82029.83242187502,-1.388882144488687,2
MAJULI,2025_07,82029.83242187502,-1.388882144488687,2
MAJULI,2025_08,82029.83242187502,-1.388882144488687,2
MAJULI,2025_09,82029.83242187502,-1.388882144488687,2
MAJULI,2025_10,82029.83242187502,-1.388882144488687,2
MAJULI,2025_11,82029.83242187502,-1.388882144488687,2
MAJULI,2025_12,82029.83242187502,-1.388882144488687,2
MAJULI,2026_01,81618.6437499999,-1.3949117039443997,2
MAJULI,2026_02,81618.6437499999,-1.3949117039443997,2
MAJULI,2026_03,81618.6437499999,-1.3949117039443997,2
MAJULI,2026_04,81618.6437499999,-1.3949117039443997,2
MAJULI,2026_05,81618.6437499999,-1.3949117039443997,2
MORIGAON,2021_04,224020.7796875001,0.1565680586917573,3
MORIGAON,2021_05,224020.7796875001,0.1565680586917573,3
MORIGAON,2021_06,224020.7796875001,0.1565680586917573,3
MORIGAON,2021_07,224020.7796875001,0.1565680586917573,3
MORIGAON,2021_08,224020.7796875001,0.1565680586917573,3
MORIGAON,2021_09,224020.7796875001,0.1565680586917573,3
MORIGAON,2021_10,224020.7796875001,0.1565680586917573,3
MORIGAON,2021_11,224020.7796875001,0.1565680586917573,3
MORIGAON,2021_12,224020.7796875001,0.1565680586917573,3
MORIGAON,2022_01,226972.03625000006,0.16538468440929507,3
MORIGAON,2022_02,226972.03625000006,0.16538468440929507,3
MORIGAON,2022_03,226972.03625000006,0.16538468440929507,3
MORIGAON,2022_04,226972.03625000006,0.16538468440929507,3
MORIGAON,2022_05,226972.03625000006,0.16538468440929507,3
MORIGAON,2022_06,226972.03625000006,0.16538468440929507,3
MORIGAON,2022_07,226972.03625000006,0.16538468440929507,3
MORIGAON,2022_08,226972.03625000006,0.16538468440929507,3
MORIGAON,2022_09,226972.03625000006,0.16538468440929507,3
MORIGAON,2022_10,226972.03625000006,0.16538468440929507,3
MORIGAON,2022_11,226972.03625000006,0.16538468440929507,3
MORIGAON,2022_12,226972.03625000006,0.16538468440929507,3
MORIGAON,2023_01,229923.29281249986,0.17396034159577167,3
MORIGAON,2023_02,229923.29281249986,0.17396034159577167,3
MORIGAON,2023_03,229923.29281249986,0.17396034159577167,3
MORIGAON,2023_04,229923.29281249986,0.17396034159577167,3
MORIGAON,2023_05,229923.29281249986,0.17396034159577167,3
MORIGAON,2023_06,229923.29281249986,0.17396034159577167,3
MORIGAON,2023_07,229923.29281249986,0.17396034159577167,3
MORIGAON,2023_08,229923.29281249986,0.17396034159577167,3
MORIGAON,2023_09,229923.29281249986,0.17396034159577167,3
MORIGAON,2023_10,229923.29281249986,0.17396034159577167,3
MORIGAON,2023_11,229923.29281249986,0.17396034159577167,3
MORIGAON,2023_12,229923.29281249986,0.17396034159577167,3
MORIGAON,2024_01,232874.54937499965,0.1823031744891973,3
MORIGAON,2024_02,232874.54937499965,0.1823031744891973,3
MORIGAON,2024_03,232874.54937499965,0.1823031744891973,3
MORIGAON,2024_04,232874.54937499965,0.1823031744891973,3
MORIGAON,2024_05,232874.54937499965,0.1823031744891973,3
MORIGAON,2024_06,232874.54937499965,0.1823031744891973,3
MORIGAON,2024_07,232874.54937499965,0.1823031744891973,3
MORIGAON,2024_08,232874.54937499965,0.1823031744891973,3
MORIGAON,2024_09,232874.54937499965,0.1823031744891973,3
MORIGAON,2024_10,232874.54937499965,0.1823031744891973,3
MORIGAON,2024_11,232874.54937499965,0.1823031744891973,3
MORIGAON,2024_12,232874.54937499965,0.1823031744891973,3
MORIGAON,2025_01,235825.80593749945,0.1904210569912904,3
MORIGAON,2025_02,235825.80593749945,0.1904210569912904,3
MORIGAON,2025_03,235825.80593749945,0.1904210569912904,3
MORIGAON,2025_04,235825.80593749945,0.1904210569912904,3
MORIGAON,2025_05,235825.80593749945,0.1904210569912904,3
MORIGAON,2025_06,235825.80593749945,0.1904210569912904,3
MORIGAON,2025_07,235825.80593749945,0.1904210569912904,3
MORIGAON,2025_08,235825.80593749945,0.1904210569912904,3
MORIGAON,2025_09,235825.80593749945,0.1904210569912904,3
MORIGAON,2025_10,235825.80593749945,0.1904210569912904,3
MORIGAON,2025_11,235825.80593749945,0.1904210569912904,3
MORIGAON,2025_12,235825.80593749945,0.1904210569912904,3
MORIGAON,2026_01,238777.0625000003,0.19832159628741733,3
MORIGAON,2026_02,238777.0625000003,0.19832159628741733,3
MORIGAON,2026_03,238777.0625000003,0.19832159628741733,3
MORIGAON,2026_04,238777.0625000003,0.19832159628741733,3
MORIGAON,2026_05,238777.0625000003,0.19832159628741733,3
NAGAON,2021_04,331414.58147321426,1.3187998860087307,4
NAGAON,2021_05,331414.58147321426,1.3187998860087307,4
NAGAON,2021_06,331414.58147321426,1.3187998860087307,4
NAGAON,2021_07,331414.58147321426,1.3187998860087307,4
NAGAON,2021_08,331414.58147321426,1.3187998860087307,4
NAGAON,2021_09,331414.58147321426,1.3187998860087307,4
NAGAON,2021_10,331414.58147321426,1.3187998860087307,4
NAGAON,2021_11,331414.58147321426,1.3187998860087307,4
NAGAON,2021_12,331414.58147321426,1.3187998860087307,4
NAGAON,2022_01,335648.00625000015,1.3259709796765375,4
NAGAON,2022_02,335648.00625000015,1.3259709796765375,4
NAGAON,2022_03,335648.00625000015,1.3259709796765375,4
NAGAON,2022_04,335648.00625000015,1.3259709796765375,4
NAGAON,2022_05,335648.00625000015,1.3259709796765375,4
NAGAON,2022_06,335648.00625000015,1.3259709796765375,4
NAGAON,2022_07,335648.00625000015,1.3259709796765375,4
NAGAON,2022_08,335648.00625000015,1.3259709796765375,4
NAGAON,2022_09,335648.00625000015,1.3259709796765375,4
NAGAON,2022_10,335648.00625000015,1.3259709796765375,4
NAGAON,2022_11,335648.00625000015,1.3259709796765375,4
NAGAON,2022_12,335648.00625000015,1.3259709796765375,4
NAGAON,2023_01,339881.4310267859,1.3328687603813831,4
NAGAON,2023_02,339881.4310267859,1.3328687603813831,4
NAGAON,2023_03,339881.4310267859,1.3328687603813831,4
NAGAON,2023_04,339881.4310267859,1.3328687603813831,4
NAGAON,2023_05,339881.4310267859,1.3328687603813831,4
NAGAON,2023_06,339881.4310267859,1.3328687603813831,4
NAGAON,2023_07,339881.4310267859,1.3328687603813831,4
NAGAON,2023_08,339881.4310267859,1.3328687603813831,4
NAGAON,2023_09,339881.4310267859,1.3328687603813831,4
NAGAON,2023_10,339881.4310267859,1.3328687603813831,4
NAGAON,2023_11,339881.4310267859,1.3328687603813831,4
NAGAON,2023_12,339881.4310267859,1.3328687603813831,4
NAGAON,2024_01,344114.85580357164,1.339505821194732,4
NAGAON,2024_02,344114.85580357164,1.339505821194732,4
NAGAON,2024_03,344114.85580357164,1.339505821194732,4
NAGAON,2024_04,344114.85580357164,1.339505821194732,4
NAGAON,2024_05,344114.85580357164,1.339505821194732,4
NAGAON,2024_06,344114.85580357164,1.339505821194732,4
NAGAON,2024_07,344114.85580357164,1.339505821194732,4
NAGAON,2024_08,344114.85580357164,1.339505821194732,4
NAGAON,2024_09,344114.85580357164,1.339505821194732,4
NAGAON,2024_10,344114.85580357164,1.339505821194732,4
NAGAON,2024_11,344114.85580357164,1.339505821194732,4
NAGAON,2024_12,344114.85580357164,1.339505821194732,4
NAGAON,2025_01,348348.28058035753,1.3458941189948397,4
NAGAON,2025_02,348348.28058035753,1.3458941189948397,4
NAGAON,2025_03,348348.28058035753,1.3458941189948397,4
NAGAON,2025_04,348348.28058035753,1.3458941189948397,4
NAGAON,2025_05,348348.28058035753,1.3458941189948397,4
NAGAON,2025_06,348348.28058035753,1.3458941189948397,4
NAGAON,2025_07,348348.28058035753,1.3458941189948397,4
NAGAON,2025_08,348348.28058035753,1.3458941189948397,4
NAGAON,2025_09,348348.28058035753,1.3458941189948397,4
NAGAON,2025_10,348348.28058035753,1.3458941189948397,4
NAGAON,2025_11,348348.28058035753,1.3458941189948397,4
NAGAON,2025_12,348348.28058035753,1.3458941189948397,4
NAGAON,2026_01,352581.70535714284,1.35204500584538,4
NAGAON,2026_02,352581.70535714284,1.35204500584538,4
NAGAON,2026_03,352581.70535714284,1.35204500584538,4
NAGAON,2026_04,352581.70535714284,1.35204500584538,4
NAGAON,2026_05,352581.70535714284,1.35204500584538,4
NALBARI,2021_04,119917.36120605473,-0.9700547470922591,2
NALBARI,2021_05,119917.36120605473,-0.9700547470922591,2
NALBARI,2021_06,119917.36120605473,-0.9700547470922591,2
NALBARI,2021_07,119917.36120605473,-0.9700547470922591,2
NALBARI,2021_08,119917.36120605473,-0.9700547470922591,2
NALBARI,2021_09,119917.36120605473,-0.9700547470922591,2
NALBARI,2021_10,119917.36120605473,-0.9700547470922591,2
NALBARI,2021_11,119917.36120605473,-0.9700547470922591,2
NALBARI,2021_12,119917.36120605473,-0.9700547470922591,2
NALBARI,2022_01,120594.76535644534,-0.9706530498477854,2
NALBARI,2022_02,120594.76535644534,-0.9706530498477854,2
NALBARI,2022_03,120594.76535644534,-0.9706530498477854,2
NALBARI,2022_04,120594.76535644534,-0.9706530498477854,2
NALBARI,2022_05,120594.76535644534,-0.9706530498477854,2
NALBARI,2022_06,120594.76535644534,-0.9706530498477854,2
NALBARI,2022_07,120594.76535644534,-0.9706530498477854,2
NALBARI,2022_08,120594.76535644534,-0.9706530498477854,2
NALBARI,2022_09,120594.76535644534,-0.9706530498477854,2
NALBARI,2022_10,120594.76535644534,-0.9706530498477854,2
NALBARI,2022_11,120594.76535644534,-0.9706530498477854,2
NALBARI,2022_12,120594.76535644534,-0.9706530498477854,2
NALBARI,2023_01,121272.16950683598,-0.9711727386320997,2
NALBARI,2023_02,121272.16950683598,-0.9711727386320997,2
NALBARI,2023_03,121272.16950683598,-0.9711727386320997,2
NALBARI,2023_04,121272.16950683598,-0.9711727386320997,2
NALBARI,2023_05,121272.16950683598,-0.9711727386320997,2
NALBARI,2023_06,121272.16950683598,-0.9711727386320997,2
NALBARI,2023_07,121272.16950683598,-0.9711727386320997,2
NALBARI,2023_08,121272.16950683598,-0.9711727386320997,2
NALBARI,2023_09,121272.16950683598,-0.9711727386320997,2
NALBARI,2023_10,121272.16950683598,-0.9711727386320997,2
NALBARI,2023_11,121272.16950683598,-0.9711727386320997,2
NALBARI,2023_12,121272.16950683598,-0.9711727386320997,2
NALBARI,2024_01,121949.57365722663,-0.9716191726123588,2
NALBARI,2024_02,121949.57365722663,-0.9716191726123588,2
NALBARI,2024_03,121949.57365722663,-0.9716191726123588,2
NALBARI,2024_04,121949.57365722663,-0.9716191726123588,2
NALBARI,2024_05,121949.57365722663,-0.9716191726123588,2
NALBARI,2024_06,121949.57365722663,-0.9716191726123588,2
NALBARI,2024_07,121949.57365722663,-0.9716191726123588,2
NALBARI,2024_08,121949.57365722663,-0.9716191726123588,2
NALBARI,2024_09,121949.57365722663,-0.9716191726123588,2
NALBARI,2024_10,121949.57365722663,-0.9716191726123588,2
NALBARI,2024_11,121949.57365722663,-0.9716191726123588,2
NALBARI,2024_12,121949.57365722663,-0.9716191726123588,2
NALBARI,2025_01,122626.97780761724,-0.9719973573707902,2
NALBARI,2025_02,122626.97780761724,-0.9719973573707902,2
NALBARI,2025_03,122626.97780761724,-0.9719973573707902,2
NALBARI,2025_04,122626.97780761724,-0.9719973573707902,2
NALBARI,2025_05,122626.97780761724,-0.9719973573707902,2
NALBARI,2025_06,122626.97780761724,-0.9719973573707902,2
NALBARI,2025_07,122626.97780761724,-0.9719973573707902,2
NALBARI,2025_08,122626.97780761724,-0.9719973573707902,2
NALBARI,2025_09,122626.97780761724,-0.9719973573707902,2
NALBARI,2025_10,122626.97780761724,-0.9719973573707902,2
NALBARI,2025_11,122626.97780761724,-0.9719973573707902,2
NALBARI,2025_12,122626.97780761724,-0.9719973573707902,2
NALBARI,2026_01,123304.38195800786,-0.9723119680473756,2
NALBARI,2026_02,123304.38195800786,-0.9723119680473756,2
NALBARI,2026_03,123304.38195800786,-0.9723119680473756,2
NALBARI,2026_04,123304.38195800786,-0.9723119680473756,2
NALBARI,2026_05,123304.38195800786,-0.9723119680473756,2
SIVASAGAR,2021_04,194573.68828125004,-0.16211278028761628,3
SIVASAGAR,2021_05,194573.68828125004,-0.16211278028761628,3
SIVASAGAR,2021_06,194573.68828125004,-0.16211278028761628,3
SIVASAGAR,2021_07,194573.68828125004,-0.16211278028761628,3
SIVASAGAR,2021_08,194573.68828125004,-0.16211278028761628,3
SIVASAGAR,2021_09,194573.68828125004,-0.16211278028761628,3
SIVASAGAR,2021_10,194573.68828125004,-0.16211278028761628,3
SIVASAGAR,2021_11,194573.68828125004,-0.16211278028761628,3
SIVASAGAR,2021_12,194573.68828125004,-0.16211278028761628,3
SIVASAGAR,2022_01,195008.79609375,-0.17596123113835915,3
SIVASAGAR,2022_02,195008.79609375,-0.17596123113835915,3
SIVASAGAR,2022_03,195008.79609375,-0.17596123113835915,3
SIVASAGAR,2022_04,195008.79609375,-0.17596123113835915,3
SIVASAGAR,2022_05,195008.79609375,-0.17596123113835915,3
SIVASAGAR,2022_06,195008.79609375,-0.17596123113835915,3
SIVASAGAR,2022_07,195008.79609375,-0.17596123113835915,3
SIVASAGAR,2022_08,195008.79609375,-0.17596123113835915,3
SIVASAGAR,2022_09,195008.79609375,-0.17596123113835915,3
SIVASAGAR,2022_10,195008.79609375,-0.17596123113835915,3
SIVASAGAR,2022_11,195008.79609375,-0.17596123113835915,3
SIVASAGAR,2022_12,195008.79609375,-0.17596123113835915,3
SIVASAGAR,2023_01,195443.90390625002,-0.1894366268047413,3
SIVASAGAR,2023_02,195443.90390625002,-0.1894366268047413,3
SIVASAGAR,2023_03,195443.90390625002,-0.1894366268047413,3
SIVASAGAR,2023_04,195443.90390625002,-0.1894366268047413,3
SIVASAGAR,2023_05,195443.90390625002,-0.1894366268047413,3
SIVASAGAR,2023_06,195443.90390625002,-0.1894366268047413,3
SIVASAGAR,2023_07,195443.90390625002,-0.1894366268047413,3
SIVASAGAR,2023_08,195443.90390625002,-0.1894366268047413,3
SIVASAGAR,2023_09,195443.90390625002,-0.1894366268047413,3
SIVASAGAR,2023_10,195443.90390625002,-0.1894366268047413,3
SIVASAGAR,2023_11,195443.90390625002,-0.1894366268047413,3
SIVASAGAR,2023_12,195443.90390625002,-0.1894366268047413,3
SIVASAGAR,2024_01,195879.01171875006,-0.20255133972949282,3
SIVASAGAR,2024_02,195879.01171875006,-0.20255133972949282,3
SIVASAGAR,2024_03,195879.01171875006,-0.20255133972949282,3
SIVASAGAR,2024_04,195879.01171875006,-0.20255133972949282,3
SIVASAGAR,2024_05,195879.01171875006,-0.20255133972949282,3
SIVASAGAR,2024_06,195879.01171875006,-0.20255133972949282,3
SIVASAGAR,2024_07,195879.01171875006,-0.20255133972949282,3
SIVASAGAR,2024_08,195879.01171875006,-0.20255133972949282,3
SIVASAGAR,2024_09,195879.01171875006,-0.20255133972949282,3
SIVASAGAR,2024_10,195879.01171875006,-0.20255133972949282,3
SIVASAGAR,2024_11,195879.01171875006,-0.20255133972949282,3
SIVASAGAR,2024_12,195879.01171875006,-0.20255133972949282,3
SIVASAGAR,2025_01,196314.11953124998,-0.21531734701785787,3
SIVASAGAR,2025_02,196314.11953124998,-0.21531734701785787,3
SIVASAGAR,2025_03,196314.11953124998,-0.21531734701785787,3
SIVASAGAR,2025_04,196314.11953124998,-0.21531734701785787,3
SIVASAGAR,2025_05,196314.11953124998,-0.21531734701785787,3
SIVASAGAR,2025_06,196314.11953124998,-0.21531734701785787,3
SIVASAGAR,2025_07,196314.11953124998,-0.21531734701785787,3
SIVASAGAR,2025_08,196314.11953124998,-0.21531734701785787,3
SIVASAGAR,2025_09,196314.11953124998,-0.21531734701785787,3
SIVASAGAR,2025_10,196314.11953124998,-0.21531734701785787,3
SIVASAGAR,2025_11,196314.11953124998,-0.21531734701785787,3
SIVASAGAR,2025_12,196314.11953124998,-0.21531734701785787,3
SIVASAGAR,2026_01,196749.22734375004,-0.2277462341232981,3
SIVASAGAR,2026_02,196749.22734375004,-0.2277462341232981,3
SIVASAGAR,2026_03,196749.22734375004,-0.2277462341232981,3
SIVASAGAR,2026_04,196749.22734375004,-0.2277462341232981,3
SIVASAGAR,2026_05,196749.22734375004,-0.2277462341232981,3
SONITPUR,2021_04,361546.56640625023,1.644892745439175,5
SONITPUR,2021_05,361546.56640625023,1.644892745439175,5
SONITPUR,2021_06,361546.56640625023,1.644892745439175,5
SONITPUR,2021_07,361546.56640625023,1.644892745439175,5
SONITPUR,2021_08,361546.56640625023,1.644892745439175,5
SONITPUR,2021_09,361546.56640625023,1.644892745439175,5
SONITPUR,2021_10,361546.56640625023,1.644892745439175,5
SONITPUR,2021_11,361546.56640625023,1.644892745439175,5
SONITPUR,2021_12,361546.56640625023,1.644892745439175,5
SONITPUR,2022_01,364350.5039062501,1.6324943575657236,5
SONITPUR,2022_02,364350.5039062501,1.6324943575657236,5
SONITPUR,2022_03,364350.5039062501,1.6324943575657236,5
SONITPUR,2022_04,364350.5039062501,1.6324943575657236,5
SONITPUR,2022_05,364350.5039062501,1.6324943575657236,5
SONITPUR,2022_06,364350.5039062501,1.6324943575657236,5
SONITPUR,2022_07,364350.5039062501,1.6324943575657236,5
SONITPUR,2022_08,364350.5039062501,1.6324943575657236,5
SONITPUR,2022_09,364350.5039062501,1.6324943575657236,5
SONITPUR,2022_10,364350.5039062501,1.6324943575657236,5
SONITPUR,2022_11,364350.5039062501,1.6324943575657236,5
SONITPUR,2022_12,364350.5039062501,1.6324943575657236,5
SONITPUR,2023_01,367154.44140625,1.6203137994451842,5
SONITPUR,2023_02,367154.44140625,1.6203137994451842,5
SONITPUR,2023_03,367154.44140625,1.6203137994451842,5
SONITPUR,2023_04,367154.44140625,1.6203137994451842,5
SONITPUR,2023_05,367154.44140625,1.6203137994451842,5
SONITPUR,2023_06,367154.44140625,1.6203137994451842,5
SONITPUR,2023_07,367154.44140625,1.6203137994451842,5
SONITPUR,2023_08,367154.44140625,1.6203137994451842,5
SONITPUR,2023_09,367154.44140625,1.6203137994451842,5
SONITPUR,2023_10,367154.44140625,1.6203137994451842,5
SONITPUR,2023_11,367154.44140625,1.6203137994451842,5
SONITPUR,2023_12,367154.44140625,1.6203137994451842,5
SONITPUR,2024_01,369958.3789062499,1.6083489617322657,5
SONITPUR,2024_02,369958.3789062499,1.6083489617322657,5
SONITPUR,2024_03,369958.3789062499,1.6083489617322657,5
SONITPUR,2024_04,369958.3789062499,1.6083489617322657,5
SONITPUR,2024_05,369958.3789062499,1.6083489617322657,5
SONITPUR,2024_06,369958.3789062499,1.6083489617322657,5
SONITPUR,2024_07,369958.3789062499,1.6083489617322657,5
SONITPUR,2024_08,369958.3789062499,1.6083489617322657,5
SONITPUR,2024_09,369958.3789062499,1.6083489617322657,5
SONITPUR,2024_10,369958.3789062499,1.6083489617322657,5
SONITPUR,2024_11,369958.3789062499,1.6083489617322657,5
SONITPUR,2024_12,369958.3789062499,1.6083489617322657,5
SONITPUR,2025_01,372762.31640624977,1.5965974635590676,5
SONITPUR,2025_02,372762.31640624977,1.5965974635590676,5
SONITPUR,2025_03,372762.31640624977,1.5965974635590676,5
SONITPUR,2025_04,372762.31640624977,1.5965974635590676,5
SONITPUR,2025_05,372762.31640624977,1.5965974635590676,5
SONITPUR,2025_06,372762.31640624977,1.5965974635590676,5
SONITPUR,2025_07,372762.31640624977,1.5965974635590676,5
SONITPUR,2025_08,372762.31640624977,1.5965974635590676,5
SONITPUR,2025_09,372762.31640624977,1.5965974635590676,5
SONITPUR,2025_10,372762.31640624977,1.5965974635590676,5
SONITPUR,2025_11,372762.31640624977,1.5965974635590676,5
SONITPUR,2025_12,372762.31640624977,1.5965974635590676,5
SONITPUR,2026_01,375566.25390625023,1.5850566919548312,5
SONITPUR,2026_02,375566.25390625023,1.5850566919548312,5
SONITPUR,2026_03,375566.25390625023,1.5850566919548312,5
SONITPUR,2026_04,375566.25390625023,1.5850566919548312,5
SONITPUR,2026_05,375566.25390625023,1.5850566919548312,5
SOUTH SALMARA MANCACHAR,2021_04,265081.77265625075,0.6009362819598215,4
SOUTH SALMARA MANCACHAR,2021_05,265081.77265625075,0.6009362819598215,4
SOUTH SALMARA MANCACHAR,2021_06,265081.77265625075,0.6009362819598215,4
SOUTH SALMARA MANCACHAR,2021_07,265081.77265625075,0.6009362819598215,4
SOUTH SALMARA MANCACHAR,2021_08,265081.77265625075,0.6009362819598215,4
SOUTH SALMARA MANCACHAR,2021_09,265081.77265625075,0.6009362819598215,4
SOUTH SALMARA MANCACHAR,2021_10,265081.77265625075,0.6009362819598215,4
SOUTH SALMARA MANCACHAR,2021_11,265081.77265625075,0.6009362819598215,4
SOUTH SALMARA MANCACHAR,2021_12,265081.77265625075,0.6009362819598215,4
SOUTH SALMARA MANCACHAR,2022_01,269501.8187499996,0.6195741681580581,4
SOUTH SALMARA MANCACHAR,2022_02,269501.8187499996,0.6195741681580581,4
SOUTH SALMARA MANCACHAR,2022_03,269501.8187499996,0.6195741681580581,4
SOUTH SALMARA MANCACHAR,2022_04,269501.8187499996,0.6195741681580581,4
SOUTH SALMARA MANCACHAR,2022_05,269501.8187499996,0.6195741681580581,4
SOUTH SALMARA MANCACHAR,2022_06,269501.8187499996,0.6195741681580581,4
SOUTH SALMARA MANCACHAR,2022_07,269501.8187499996,0.6195741681580581,4
SOUTH SALMARA MANCACHAR,2022_08,269501.8187499996,0.6195741681580581,4
SOUTH SALMARA MANCACHAR,2022_09,269501.8187499996,0.6195741681580581,4
SOUTH SALMARA MANCACHAR,2022_10,269501.8187499996,0.6195741681580581,4
SOUTH SALMARA MANCACHAR,2022_11,269501.8187499996,0.6195741681580581,4
SOUTH SALMARA MANCACHAR,2022_12,269501.8187499996,0.6195741681580581,4
SOUTH SALMARA MANCACHAR,2023_01,273921.8648437504,0.637685140593292,4
SOUTH SALMARA MANCACHAR,2023_02,273921.8648437504,0.637685140593292,4
SOUTH SALMARA MANCACHAR,2023_03,273921.8648437504,0.637685140593292,4
SOUTH SALMARA MANCACHAR,2023_04,273921.8648437504,0.637685140593292,4
SOUTH SALMARA MANCACHAR,2023_05,273921.8648437504,0.637685140593292,4
SOUTH SALMARA MANCACHAR,2023_06,273921.8648437504,0.637685140593292,4
SOUTH SALMARA MANCACHAR,2023_07,273921.8648437504,0.637685140593292,4
SOUTH SALMARA MANCACHAR,2023_08,273921.8648437504,0.637685140593292,4
SOUTH SALMARA MANCACHAR,2023_09,273921.8648437504,0.637685140593292,4
SOUTH SALMARA MANCACHAR,2023_10,273921.8648437504,0.637685140593292,4
SOUTH SALMARA MANCACHAR,2023_11,273921.8648437504,0.637685140593292,4
SOUTH SALMARA MANCACHAR,2023_12,273921.8648437504,0.637685140593292,4
SOUTH SALMARA MANCACHAR,2024_01,278341.9109375011,0.655287768186164,4
SOUTH SALMARA MANCACHAR,2024_02,278341.9109375011,0.655287768186164,4
SOUTH SALMARA MANCACHAR,2024_03,278341.9109375011,0.655287768186164,4
SOUTH SALMARA MANCACHAR,2024_04,278341.9109375011,0.655287768186164,4
SOUTH SALMARA MANCACHAR,2024_05,278341.9109375011,0.655287768186164,4
SOUTH SALMARA MANCACHAR,2024_06,278341.9109375011,0.655287768186164,4
SOUTH SALMARA MANCACHAR,2024_07,278341.9109375011,0.655287768186164,4
SOUTH SALMARA MANCACHAR,2024_08,278341.9109375011,0.655287768186164,4
SOUTH SALMARA MANCACHAR,2024_09,278341.9109375011,0.655287768186164,4
SOUTH SALMARA MANCACHAR,2024_10,278341.9109375011,0.655287768186164,4
SOUTH SALMARA MANCACHAR,2024_11,278341.9109375011,0.655287768186164,4
SOUTH SALMARA MANCACHAR,2024_12,278341.9109375011,0.655287768186164,4
SOUTH SALMARA MANCACHAR,2025_01,282761.95703125,0.6723999540524513,4
SOUTH SALMARA MANCACHAR,2025_02,282761.95703125,0.6723999540524513,4
SOUTH SALMARA MANCACHAR,2025_03,282761.95703125,0.6723999540524513,4
SOUTH SALMARA MANCACHAR,2025_04,282761.95703125,0.6723999540524513,4
SOUTH SALMARA MANCACHAR,2025_05,282761.95703125,0.6723999540524513,4
SOUTH SALMARA MANCACHAR,2025_06,282761.95703125,0.6723999540524513,4
SOUTH SALMARA MANCACHAR,2025_07,282761.95703125,0.6723999540524513,4
SOUTH SALMARA MANCACHAR,2025_08,282761.95703125,0.6723999540524513,4
SOUTH SALMARA MANCACHAR,2025_09,282761.95703125,0.6723999540524513,4
SOUTH SALMARA MANCACHAR,2025_10,282761.95703125,0.6723999540524513,4
SOUTH SALMARA MANCACHAR,2025_11,282761.95703125,0.6723999540524513,4
SOUTH SALMARA MANCACHAR,2025_12,282761.95703125,0.6723999540524513,4
SOUTH SALMARA MANCACHAR,2026_01,287182.00312500075,0.6890389495981156,4
SOUTH SALMARA MANCACHAR,2026_02,287182.00312500075,0.6890389495981156,4
SOUTH SALMARA MANCACHAR,2026_03,287182.00312500075,0.6890389495981156,4
SOUTH SALMARA MANCACHAR,2026_04,287182.00312500075,0.6890389495981156,4
SOUTH SALMARA MANCACHAR,2026_05,287182.00312500075,0.6890389495981156,4
TAMULPUR,2021_04,100116.96169921874,-1.1843376397526186,2
TAMULPUR,2021_05,100116.96169921874,-1.1843376397526186,2
TAMULPUR,2021_06,100116.96169921874,-1.1843376397526186,2
TAMULPUR,2021_07,100116.96169921874,-1.1843376397526186,2
TAMULPUR,2021_08,100116.96169921874,-1.1843376397526186,2
TAMULPUR,2021_09,100116.96169921874,-1.1843376397526186,2
TAMULPUR,2021_10,100116.96169921874,-1.1843376397526186,2
TAMULPUR,2021_11,100116.96169921874,-1.1843376397526186,2
TAMULPUR,2021_12,100116.96169921874,-1.1843376397526186,2
TAMULPUR,2022_01,100388.14205078124,-1.1864462015645945,2
TAMULPUR,2022_02,100388.14205078124,-1.1864462015645945,2
TAMULPUR,2022_03,100388.14205078124,-1.1864462015645945,2
TAMULPUR,2022_04,100388.14205078124,-1.1864462015645945,2
TAMULPUR,2022_05,100388.14205078124,-1.1864462015645945,2
TAMULPUR,2022_06,100388.14205078124,-1.1864462015645945,2
TAMULPUR,2022_07,100388.14205078124,-1.1864462015645945,2
TAMULPUR,2022_08,100388.14205078124,-1.1864462015645945,2
TAMULPUR,2022_09,100388.14205078124,-1.1864462015645945,2
TAMULPUR,2022_10,100388.14205078124,-1.1864462015645945,2
TAMULPUR,2022_11,100388.14205078124,-1.1864462015645945,2
TAMULPUR,2022_12,100388.14205078124,-1.1864462015645945,2
TAMULPUR,2023_01,100659.32240234377,-1.1884227069608015,2
TAMULPUR,2023_02,100659.32240234377,-1.1884227069608015,2
TAMULPUR,2023_03,100659.32240234377,-1.1884227069608015,2
TAMULPUR,2023_04,100659.32240234377,-1.1884227069608015,2
TAMULPUR,2023_05,100659.32240234377,-1.1884227069608015,2
TAMULPUR,2023_06,100659.32240234377,-1.1884227069608015,2
TAMULPUR,2023_07,100659.32240234377,-1.1884227069608015,2
TAMULPUR,2023_08,100659.32240234377,-1.1884227069608015,2
TAMULPUR,2023_09,100659.32240234377,-1.1884227069608015,2
TAMULPUR,2023_10,100659.32240234377,-1.1884227069608015,2
TAMULPUR,2023_11,100659.32240234377,-1.1884227069608015,2
TAMULPUR,2023_12,100659.32240234377,-1.1884227069608015,2
TAMULPUR,2024_01,100930.50275390627,-1.1902748493317659,2
TAMULPUR,2024_02,100930.50275390627,-1.1902748493317659,2
TAMULPUR,2024_03,100930.50275390627,-1.1902748493317659,2
TAMULPUR,2024_04,100930.50275390627,-1.1902748493317659,2
TAMULPUR,2024_05,100930.50275390627,-1.1902748493317659,2
TAMULPUR,2024_06,100930.50275390627,-1.1902748493317659,2
TAMULPUR,2024_07,100930.50275390627,-1.1902748493317659,2
TAMULPUR,2024_08,100930.50275390627,-1.1902748493317659,2
TAMULPUR,2024_09,100930.50275390627,-1.1902748493317659,2
TAMULPUR,2024_10,100930.50275390627,-1.1902748493317659,2
TAMULPUR,2024_11,100930.50275390627,-1.1902748493317659,2
TAMULPUR,2024_12,100930.50275390627,-1.1902748493317659,2
TAMULPUR,2025_01,101201.68310546878,-1.1920098566727793,2
TAMULPUR,2025_02,101201.68310546878,-1.1920098566727793,2
TAMULPUR,2025_03,101201.68310546878,-1.1920098566727793,2
TAMULPUR,2025_04,101201.68310546878,-1.1920098566727793,2
TAMULPUR,2025_05,101201.68310546878,-1.1920098566727793,2
TAMULPUR,2025_06,101201.68310546878,-1.1920098566727793,2
TAMULPUR,2025_07,101201.68310546878,-1.1920098566727793,2
TAMULPUR,2025_08,101201.68310546878,-1.1920098566727793,2
TAMULPUR,2025_09,101201.68310546878,-1.1920098566727793,2
TAMULPUR,2025_10,101201.68310546878,-1.1920098566727793,2
TAMULPUR,2025_11,101201.68310546878,-1.1920098566727793,2
TAMULPUR,2025_12,101201.68310546878,-1.1920098566727793,2
TAMULPUR,2026_01,101472.86345703123,-1.1936345198205232,2
TAMULPUR,2026_02,101472.86345703123,-1.1936345198205232,2
TAMULPUR,2026_03,101472.86345703123,-1.1936345198205232,2
TAMULPUR,2026_04,101472.86345703123,-1.1936345198205232,2
TAMULPUR,2026_05,101472.86345703123,-1.1936345198205232,2
TINSUKIA,2021_04,347775.16347656253,1.4958565578235659,4
TINSUKIA,2021_05,347775.16347656253,1.4958565578235659,4
TINSUKIA,2021_06,347775.16347656253,1.4958565578235659,4
TINSUKIA,2021_07,347775.16347656253,1.4958565578235659,4
TINSUKIA,2021_08,347775.16347656253,1.4958565578235659,4
TINSUKIA,2021_09,347775.16347656253,1.4958565578235659,4
TINSUKIA,2021_10,347775.16347656253,1.4958565578235659,4
TINSUKIA,2021_11,347775.16347656253,1.4958565578235659,4
TINSUKIA,2021_12,347775.16347656253,1.4958565578235659,4
TINSUKIA,2022_01,350763.1492187497,1.4873905444665805,4
TINSUKIA,2022_02,350763.1492187497,1.4873905444665805,4
TINSUKIA,2022_03,350763.1492187497,1.4873905444665805,4
TINSUKIA,2022_04,350763.1492187497,1.4873905444665805,4
TINSUKIA,2022_05,350763.1492187497,1.4873905444665805,4
TINSUKIA,2022_06,350763.1492187497,1.4873905444665805,4
TINSUKIA,2022_07,350763.1492187497,1.4873905444665805,4
TINSUKIA,2022_08,350763.1492187497,1.4873905444665805,4
TINSUKIA,2022_09,350763.1492187497,1.4873905444665805,4
TINSUKIA,2022_10,350763.1492187497,1.4873905444665805,4
TINSUKIA,2022_11,350763.1492187497,1.4873905444665805,4
TINSUKIA,2022_12,350763.1492187497,1.4873905444665805,4
TINSUKIA,2023_01,353751.13496093743,1.479049087880451,4
TINSUKIA,2023_02,353751.13496093743,1.479049087880451,4
TINSUKIA,2023_03,353751.13496093743,1.479049087880451,4
TINSUKIA,2023_04,353751.13496093743,1.479049087880451,4
TINSUKIA,2023_05,353751.13496093743,1.479049087880451,4
TINSUKIA,2023_06,353751.13496093743,1.479049087880451,4
TINSUKIA,2023_07,353751.13496093743,1.479049087880451,4
TINSUKIA,2023_08,353751.13496093743,1.479049087880451,4
TINSUKIA,2023_09,353751.13496093743,1.479049087880451,4
TINSUKIA,2023_10,353751.13496093743,1.479049087880451,4
TINSUKIA,2023_11,353751.13496093743,1.479049087880451,4
TINSUKIA,2023_12,353751.13496093743,1.479049087880451,4
TINSUKIA,2024_01,356739.12070312514,1.4708326147239776,4
TINSUKIA,2024_02,356739.12070312514,1.4708326147239776,4
TINSUKIA,2024_03,356739.12070312514,1.4708326147239776,4
TINSUKIA,2024_04,356739.12070312514,1.4708326147239776,4
TINSUKIA,2024_05,356739.12070312514,1.4708326147239776,4
TINSUKIA,2024_06,356739.12070312514,1.4708326147239776,4
TINSUKIA,2024_07,356739.12070312514,1.4708326147239776,4
TINSUKIA,2024_08,356739.12070312514,1.4708326147239776,4
TINSUKIA,2024_09,356739.12070312514,1.4708326147239776,4
TINSUKIA,2024_10,356739.12070312514,1.4708326147239776,4
TINSUKIA,2024_11,356739.12070312514,1.4708326147239776,4
TINSUKIA,2024_12,356739.12070312514,1.4708326147239776,4
TINSUKIA,2025_01,359727.1064453123,1.4627412360344845,4
TINSUKIA,2025_02,359727.1064453123,1.4627412360344845,4
TINSUKIA,2025_03,359727.1064453123,1.4627412360344845,4
TINSUKIA,2025_04,359727.1064453123,1.4627412360344845,4
TINSUKIA,2025_05,359727.1064453123,1.4627412360344845,4
TINSUKIA,2025_06,359727.1064453123,1.4627412360344845,4
TINSUKIA,2025_07,359727.1064453123,1.4627412360344845,4
TINSUKIA,2025_08,359727.1064453123,1.4627412360344845,4
TINSUKIA,2025_09,359727.1064453123,1.4627412360344845,4
TINSUKIA,2025_10,359727.1064453123,1.4627412360344845,4
TINSUKIA,2025_11,359727.1064453123,1.4627412360344845,4
TINSUKIA,2025_12,359727.1064453123,1.4627412360344845,4
TINSUKIA,2026_01,362715.09218750003,1.4547747830387865,4
TINSUKIA,2026_02,362715.09218750003,1.4547747830387865,4
TINSUKIA,2026_03,362715.09218750003,1.4547747830387865,4
TINSUKIA,2026_04,362715.09218750003,1.4547747830387865,4
TINSUKIA,2026_05,362715.09218750003,1.4547747830387865,4
UDALGURI,2021_04,96697.86557888448,-1.221339610682351,2
UDALGURI,2021_05,96697.86557888448,-1.221339610682351,2
UDALGURI,2021_06,96697.86557888448,-1.221339610682351,2
UDALGURI,2021_07,96697.86557888448,-1.221339610682351,2
UDALGURI,2021_08,96697.86557888448,-1.221339610682351,2
UDALGURI,2021_09,96697.86557888448,-1.221339610682351,2
UDALGURI,2021_10,96697.86557888448,-1.221339610682351,2
UDALGURI,2021_11,96697.86557888448,-1.221339610682351,2
UDALGURI,2021_12,96697.86557888448,-1.221339610682351,2
UDALGURI,2022_01,96860.92060004336,-1.2241145552595192,2
UDALGURI,2022_02,96860.92060004336,-1.2241145552595192,2
UDALGURI,2022_03,96860.92060004336,-1.2241145552595192,2
UDALGURI,2022_04,96860.92060004336,-1.2241145552595192,2
UDALGURI,2022_05,96860.92060004336,-1.2241145552595192,2
UDALGURI,2022_06,96860.92060004336,-1.2241145552595192,2
UDALGURI,2022_07,96860.92060004336,-1.2241145552595192,2
UDALGURI,2022_08,96860.92060004336,-1.2241145552595192,2
UDALGURI,2022_09,96860.92060004336,-1.2241145552595192,2
UDALGURI,2022_10,96860.92060004336,-1.2241145552595192,2
UDALGURI,2022_11,96860.92060004336,-1.2241145552595192,2
UDALGURI,2022_12,96860.92060004336,-1.2241145552595192,2
UDALGURI,2023_01,97023.97562120222,-1.2267375971389143,2
UDALGURI,2023_02,97023.97562120222,-1.2267375971389143,2
UDALGURI,2023_03,97023.97562120222,-1.2267375971389143,2
UDALGURI,2023_04,97023.97562120222,-1.2267375971389143,2
UDALGURI,2023_05,97023.97562120222,-1.2267375971389143,2
UDALGURI,2023_06,97023.97562120222,-1.2267375971389143,2
UDALGURI,2023_07,97023.97562120222,-1.2267375971389143,2
UDALGURI,2023_08,97023.97562120222,-1.2267375971389143,2
UDALGURI,2023_09,97023.97562120222,-1.2267375971389143,2
UDALGURI,2023_10,97023.97562120222,-1.2267375971389143,2
UDALGURI,2023_11,97023.97562120222,-1.2267375971389143,2
UDALGURI,2023_12,97023.97562120222,-1.2267375971389143,2
UDALGURI,2024_01,97187.03064236109,-1.229217171358989,2
UDALGURI,2024_02,97187.03064236109,-1.229217171358989,2
UDALGURI,2024_03,97187.03064236109,-1.229217171358989,2
UDALGURI,2024_04,97187.03064236109,-1.229217171358989,2
UDALGURI,2024_05,97187.03064236109,-1.229217171358989,2
UDALGURI,2024_06,97187.03064236109,-1.229217171358989,2
UDALGURI,2024_07,97187.03064236109,-1.229217171358989,2
UDALGURI,2024_08,97187.03064236109,-1.229217171358989,2
UDALGURI,2024_09,97187.03064236109,-1.229217171358989,2
UDALGURI,2024_10,97187.03064236109,-1.229217171358989,2
UDALGURI,2024_11,97187.03064236109,-1.229217171358989,2
UDALGURI,2024_12,97187.03064236109,-1.229217171358989,2
UDALGURI,2025_01,97350.08566351997,-1.2315612183361186,2
UDALGURI,2025_02,97350.08566351997,-1.2315612183361186,2
UDALGURI,2025_03,97350.08566351997,-1.2315612183361186,2
UDALGURI,2025_04,97350.08566351997,-1.2315612183361186,2
UDALGURI,2025_05,97350.08566351997,-1.2315612183361186,2
UDALGURI,2025_06,97350.08566351997,-1.2315612183361186,2
UDALGURI,2025_07,97350.08566351997,-1.2315612183361186,2
UDALGURI,2025_08,97350.08566351997,-1.2315612183361186,2
UDALGURI,2025_09,97350.08566351997,-1.2315612183361186,2
UDALGURI,2025_10,97350.08566351997,-1.2315612183361186,2
UDALGURI,2025_11,97350.08566351997,-1.2315612183361186,2
UDALGURI,2025_12,97350.08566351997,-1.2315612183361186,2
UDALGURI,2026_01,97513.14068467874,-1.233777212975472,2
UDALGURI,2026_02,97513.14068467874,-1.233777212975472,2
UDALGURI,2026_03,97513.14068467874,-1.233777212975472,2
UDALGURI,2026_04,97513.14068467874,-1.233777212975472,2
UDALGURI,2026_05,97513.14068467874,-1.233777212975472,2
WEST KARBI ANGLONG,2021_04,359965.5187499998,1.6277824106149583,5
WEST KARBI ANGLONG,2021_05,359965.5187499998,1.6277824106149583,5
WEST KARBI ANGLONG,2021_06,359965.5187499998,1.6277824106149583,5
WEST KARBI ANGLONG,2021_07,359965.5187499998,1.6277824106149583,5
WEST KARBI ANGLONG,2021_08,359965.5187499998,1.6277824106149583,5
WEST KARBI ANGLONG,2021_09,359965.5187499998,1.6277824106149583,5
WEST KARBI ANGLONG,2021_10,359965.5187499998,1.6277824106149583,5
WEST KARBI ANGLONG,2021_11,359965.5187499998,1.6277824106149583,5
WEST KARBI ANGLONG,2021_12,359965.5187499998,1.6277824106149583,5
WEST KARBI ANGLONG,2022_01,364058.3375000004,1.629374216774425,5
WEST KARBI ANGLONG,2022_02,364058.3375000004,1.629374216774425,5
WEST KARBI ANGLONG,2022_03,364058.3375000004,1.629374216774425,5
WEST KARBI ANGLONG,2022_04,364058.3375000004,1.629374216774425,5
WEST KARBI ANGLONG,2022_05,364058.3375000004,1.629374216774425,5
WEST KARBI ANGLONG,2022_06,364058.3375000004,1.629374216774425,5
WEST KARBI ANGLONG,2022_07,364058.3375000004,1.629374216774425,5
WEST KARBI ANGLONG,2022_08,364058.3375000004,1.629374216774425,5
WEST KARBI ANGLONG,2022_09,364058.3375000004,1.629374216774425,5
WEST KARBI ANGLONG,2022_10,364058.3375000004,1.629374216774425,5
WEST KARBI ANGLONG,2022_11,364058.3375000004,1.629374216774425,5
WEST KARBI ANGLONG,2022_12,364058.3375000004,1.629374216774425,5
WEST KARBI ANGLONG,2023_01,368151.15625,1.6308187174286026,5
WEST KARBI ANGLONG,2023_02,368151.15625,1.6308187174286026,5
WEST KARBI ANGLONG,2023_03,368151.15625,1.6308187174286026,5
WEST KARBI ANGLONG,2023_04,368151.15625,1.6308187174286026,5
WEST KARBI ANGLONG,2023_05,368151.15625,1.6308187174286026,5
WEST KARBI ANGLONG,2023_06,368151.15625,1.6308187174286026,5
WEST KARBI ANGLONG,2023_07,368151.15625,1.6308187174286026,5
WEST KARBI ANGLONG,2023_08,368151.15625,1.6308187174286026,5
WEST KARBI ANGLONG,2023_09,368151.15625,1.6308187174286026,5
WEST KARBI ANGLONG,2023_10,368151.15625,1.6308187174286026,5
WEST KARBI ANGLONG,2023_11,368151.15625,1.6308187174286026,5
WEST KARBI ANGLONG,2023_12,368151.15625,1.6308187174286026,5
WEST KARBI ANGLONG,2024_01,372243.9749999996,1.6321253961372297,5
WEST KARBI ANGLONG,2024_02,372243.9749999996,1.6321253961372297,5
WEST KARBI ANGLONG,2024_03,372243.9749999996,1.6321253961372297,5
WEST KARBI ANGLONG,2024_04,372243.9749999996,1.6321253961372297,5
WEST KARBI ANGLONG,2024_05,372243.9749999996,1.6321253961372297,5
WEST KARBI ANGLONG,2024_06,372243.9749999996,1.6321253961372297,5
WEST KARBI ANGLONG,2024_07,372243.9749999996,1.6321253961372297,5
WEST KARBI ANGLONG,2024_08,372243.9749999996,1.6321253961372297,5
WEST KARBI ANGLONG,2024_09,372243.9749999996,1.6321253961372297,5
WEST KARBI ANGLONG,2024_10,372243.9749999996,1.6321253961372297,5
WEST KARBI ANGLONG,2024_11,372243.9749999996,1.6321253961372297,5
WEST KARBI ANGLONG,2024_12,372243.9749999996,1.6321253961372297,5
WEST KARBI ANGLONG,2025_01,376336.7937500002,1.6333031287566626,5
WEST KARBI ANGLONG,2025_02,376336.7937500002,1.6333031287566626,5
WEST KARBI ANGLONG,2025_03,376336.7937500002,1.6333031287566626,5
WEST KARBI ANGLONG,2025_04,376336.7937500002,1.6333031287566626,5
WEST KARBI ANGLONG,2025_05,376336.7937500002,1.6333031287566626,5
WEST KARBI ANGLONG,2025_06,376336.7937500002,1.6333031287566626,5
WEST KARBI ANGLONG,2025_07,376336.7937500002,1.6333031287566626,5
WEST KARBI ANGLONG,2025_08,376336.7937500002,1.6333031287566626,5
WEST KARBI ANGLONG,2025_09,376336.7937500002,1.6333031287566626,5
WEST KARBI ANGLONG,2025_10,376336.7937500002,1.6333031287566626,5
WEST KARBI ANGLONG,2025_11,376336.7937500002,1.6333031287566626,5
WEST KARBI ANGLONG,2025_12,376336.7937500002,1.6333031287566626,5
WEST KARBI ANGLONG,2026_01,380429.6124999998,1.634360222266219,5
WEST KARBI ANGLONG,2026_02,380429.6124999998,1.634360222266219,5
WEST KARBI ANGLONG,2026_03,380429.6124999998,1.634360222266219,5
WEST KARBI ANGLONG,2026_04,380429.6124999998,1.634360222266219,5
WEST KARBI ANGLONG,2026_05,380429.6124999998,1.634360222266219,5
