district,object-id,timeperiod,health-centres-count,total-tender-awarded-value,sum-aged-population,sum-young-population,sum-population,avg-electricity,piped-hhds-pct,nosanitation-hhds-pct,workers-affected-pct,pct-ncd,land-surface-temperature,land-surface-temperature-raster,heat-days-score,heat-hazard,exposure,vulnerability,government-response,total-tender-awarded-value-fy-cumsum,heat-risk-score
BAJALI,18-799,2021_04,70,0.0,11822.417,24006.862,318207.019,6.987,6.032,9.753,78.24,4.012,2.0,LST_ASSAM_2021_04.tif,0.167,3.0,2.0,1.0,5.0,0.0,2.0
BAJALI,18-799,2021_05,70,0.0,11822.417,24006.862,318207.019,6.987,6.032,9.753,78.24,4.012,3.0,LST_ASSAM_2021_05.tif,7.0,1.0,2.0,1.0,5.0,0.0,1.0
BAJALI,18-799,2021_06,70,0.0,11822.417,24006.862,318207.019,6.987,6.032,9.753,78.24,4.012,5.0,LST_ASSAM_2021_06.tif,14.833,2.0,2.0,1.0,5.0,0.0,2.0
BAJALI,18-799,2021_07,70,0.0,11822.417,24006.862,318207.019,6.987,6.032,9.753,78.24,4.012,0.0,LST_ASSAM_2021_07.tif,11.0,2.0,2.0,1.0,5.0,0.0,2.0
BAJALI,18-799,2021_08,70,0.0,11822.417,24006.862,318207.019,6.987,6.032,9.753,78.24,4.012,0.0,LST_ASSAM_2021_08.tif,6.333,2.0,2.0,1.0,5.0,0.0,2.0
BAJALI,18-799,2021_09,70,0.0,11822.417,24006.862,318207.019,6.987,6.032,9.753,78.24,4.012,3.0,LST_ASSAM_2021_09.tif,9.167,2.0,2.0,1.0,5.0,0.0,2.0
BAJALI,18-799,2021_10,70,0.0,11822.417,24006.862,318207.019,6.987,6.032,9.753,78.24,4.012,3.0,LST_ASSAM_2021_10.tif,39.333,1.0,2.0,1.0,5.0,0.0,2.0
BAJALI,18-799,2021_11,70,0.0,11822.417,24006.862,318207.019,6.987,6.032,9.753,78.24,4.012,4.0,LST_ASSAM_2021_11.tif,0.0,3.0,2.0,1.0,5.0,0.0,2.0
BAJALI,18-799,2021_12,70,0.0,11822.417,24006.862,318207.019,6.987,6.032,9.753,78.24,4.012,5.0,LST_ASSAM_2021_12.tif,0.0,3.0,2.0,1.0,5.0,0.0,2.0
BAJALI,18-799,2022_01,70,0.0,12223.868,24043.184,320250.36,6.987,6.032,9.753,78.24,4.012,4.0,LST_ASSAM_2022_01.tif,0.0,3.0,2.0,1.0,5.0,0.0,2.0
BAJALI,18-799,2022_02,70,0.0,12223.868,24043.184,320250.36,6.987,6.032,9.753,78.24,4.012,3.0,LST_ASSAM_2022_02.tif,0.0,3.0,2.0,1.0,5.0,0.0,2.0
BAJALI,18-799,2022_03,70,0.0,12223.868,24043.184,320250.36,6.987,6.032,9.753,78.24,4.012,3.0,LST_ASSAM_2022_03.tif,46.333,1.0,2.0,1.0,5.0,0.0,2.0
BAJALI,18-799,2022_04,70,0.0,12223.868,24043.184,320250.36,6.987,6.032,9.753,78.24,4.012,1.0,LST_ASSAM_2022_04.tif,0.0,3.0,2.0,1.0,5.0,0.0,2.0
BAJALI,18-799,2022_05,70,0.0,12223.868,24043.184,320250.36,6.987,6.032,9.753,78.24,4.012,3.0,LST_ASSAM_2022_05.tif,3.0,3.0,2.0,1.0,5.0,0.0,3.0
BAJALI,18-799,2022_06,70,0.0,12223.868,24043.184,320250.36,6.987,6.032,9.753,78.24,4.012,5.0,LST_ASSAM_2022_06.tif,6.167,3.0,2.0,1.0,5.0,0.0,3.0
BAJALI,18-799,2022_07,70,0.0,12223.868,24043.184,320250.36,6.987,6.032,9.753,78.24,4.012,3.0,LST_ASSAM_2022_07.tif,18.667,1.0,2.0,1.0,5.0,0.0,2.0
BAJALI,18-799,2022_08,70,0.0,12223.868,24043.184,320250.36,6.987,6.032,9.753,78.24,4.012,5.0,LST_ASSAM_2022_08.tif,17.333,1.0,2.0,1.0,5.0,0.0,2.0
BAJALI,18-799,2022_09,70,0.0,12223.868,24043.184,320250.36,6.987,6.032,9.753,78.24,4.012,5.0,LST_ASSAM_2022_09.tif,3.5,3.0,2.0,1.0,5.0,0.0,3.0
BAJALI,18-799,2022_10,70,0.0,12223.868,24043.184,320250.36,6.987,6.032,9.753,78.24,4.012,5.0,LST_ASSAM_2022_10.tif,23.5,1.0,2.0,1.0,5.0,0.0,2.0
BAJALI,18-799,2022_11,70,0.0,12223.868,24043.184,320250.36,6.987,6.032,9.753,78.24,4.012,5.0,LST_ASSAM_2022_11.tif,0.0,3.0,2.0,1.0,5.0,0.0,2.0
BAJALI,18-799,2022_12,70,0.0,12223.868,24043.184,320250.36,6.987,6.032,9.753,78.24,4.012,4.0,LST_ASSAM_2022_12.tif,0.0,3.0,2.0,1.0,5.0,0.0,2.0
BAJALI,18-799,2023_01,70,0.0,12625.319,24079.506,322293.7,6.987,6.032,9.753,78.24,4.012,5.0,LST_ASSAM_2023_01.tif,0.0,2.0,2.0,1.0,5.0,0.0,2.0
BAJALI,18-799,2023_02,70,0.0,12625.319,24079.506,322293.7,6.987,6.032,9.753,78.24,4.012,4.0,LST_ASSAM_2023_02.tif,0.0,2.0,2.0,1.0,5.0,0.0,2.0
BAJALI,18-799,2023_03,70,0.0,12625.319,24079.506,322293.7,6.987,6.032,9.753,78.24,4.012,3.0,LST_ASSAM_2023_03.tif,16.5,2.0,2.0,1.0,5.0,0.0,2.0
BAJALI,18-799,2023_04,70,0.0,12625.319,24079.506,322293.7,6.987,6.032,9.753,78.24,4.012,2.0,LST_ASSAM_2023_04.tif,2.833,3.0,2.0,1.0,5.0,0.0,3.0
BAJALI,18-799,2023_05,70,0.0,12625.319,24079.506,322293.7,6.987,6.032,9.753,78.24,4.012,3.0,LST_ASSAM_2023_05.tif,4.667,3.0,2.0,1.0,5.0,0.0,3.0
BAJALI,18-799,2023_06,70,0.0,12625.319,24079.506,322293.7,6.987,6.032,9.753,78.24,4.012,4.0,LST_ASSAM_2023_06.tif,25.333,1.0,2.0,1.0,5.0,0.0,2.0
BAJALI,18-799,2023_07,70,0.0,12625.319,24079.506,322293.7,6.987,6.032,9.753,78.24,4.012,5.0,LST_ASSAM_2023_07.tif,22.333,2.0,2.0,1.0,5.0,0.0,2.0
BAJALI,18-799,2023_08,70,0.0,12625.319,24079.506,322293.7,6.987,6.032,9.753,78.24,4.012,4.0,LST_ASSAM_2023_08.tif,15.0,2.0,2.0,1.0,5.0,0.0,2.0
BAJALI,18-799,2023_09,70,0.0,12625.319,24079.506,322293.7,6.987,6.032,9.753,78.24,4.012,5.0,LST_ASSAM_2023_09.tif,23.5,1.0,2.0,1.0,5.0,0.0,2.0
BAJALI,18-799,2023_10,70,0.0,12625.319,24079.506,322293.7,6.987,6.032,9.753,78.24,4.012,4.0,LST_ASSAM_2023_10.tif,25.0,1.0,2.0,1.0,5.0,0.0,2.0
BAJALI,18-799,2023_11,70,0.0,12625.319,24079.506,322293.7,6.987,6.032,9.753,78.24,4.012,5.0,LST_ASSAM_2023_11.tif,0.667,2.0,2.0,1.0,5.0,0.0,2.0
BAJALI,18-799,2023_12,70,0.0,12625.319,24079.506,322293.7,6.987,6.032,9.753,78.24,4.012,5.0,LST_ASSAM_2023_12.tif,0.0,3.0,2.0,1.0,5.0,0.0,2.0
BAJALI,18-799,2024_01,70,0.0,13026.77,24115.828,324337.041,6.987,6.032,9.753,78.24,4.012,4.0,LST_ASSAM_2024_01.tif,0.0,3.0,2.0,1.0,5.0,0.0,2.0
BAJALI,18-799,2024_02,70,0.0,13026.77,24115.828,324337.041,6.987,6.032,9.753,78.24,4.012,4.0,LST_ASSAM_2024_02.tif,0.0,3.0,2.0,1.0,5.0,0.0,2.0
BAJALI,18-799,2024_03,70,0.0,13026.77,24115.828,324337.041,6.987,6.032,9.753,78.24,4.012,4.0,LST_ASSAM_2024_03.tif,18.833,1.0,2.0,1.0,5.0,0.0,2.0
BAJALI,18-799,2024_04,70,0.0,13026.77,24115.828,324337.041,6.987,6.032,9.753,78.24,4.012,3.0,LST_ASSAM_2024_04.tif,0.5,3.0,2.0,1.0,5.0,0.0,2.0
BAJALI,18-799,2024_05,70,0.0,13026.77,24115.828,324337.041,6.987,6.032,9.753,78.24,4.012,4.0,LST_ASSAM_2024_05.tif,21.833,2.0,2.0,1.0,5.0,0.0,2.0
BAJALI,18-799,2024_06,70,0.0,13026.77,24115.828,324337.041,6.987,6.032,9.753,78.24,4.012,1.0,LST_ASSAM_2024_06.tif,27.0,1.0,2.0,1.0,5.0,0.0,2.0
BAJALI,18-799,2024_07,70,0.0,13026.77,24115.828,324337.041,6.987,6.032,9.753,78.24,4.012,0.0,LST_ASSAM_2024_07.tif,29.167,2.0,2.0,1.0,5.0,0.0,2.0
BAJALI,18-799,2024_08,70,0.0,13026.77,24115.828,324337.041,6.987,6.032,9.753,78.24,4.012,4.0,LST_ASSAM_2024_08.tif,16.833,2.0,2.0,1.0,5.0,0.0,2.0
BAJALI,18-799,2024_09,70,0.0,13026.77,24115.828,324337.041,6.987,6.032,9.753,78.24,4.012,4.0,LST_ASSAM_2024_09.tif,29.667,1.0,2.0,1.0,5.0,0.0,2.0
BAJALI,18-799,2024_10,70,0.0,13026.77,24115.828,324337.041,6.987,6.032,9.753,78.24,4.012,5.0,LST_ASSAM_2024_10.tif,16.0,1.0,2.0,1.0,5.0,0.0,2.0
BAJALI,18-799,2024_11,70,0.0,13026.77,24115.828,324337.041,6.987,6.032,9.753,78.24,4.012,5.0,LST_ASSAM_2024_11.tif,3.0,2.0,2.0,1.0,5.0,0.0,2.0
BAJALI,18-799,2024_12,70,0.0,13026.77,24115.828,324337.041,6.987,6.032,9.753,78.24,4.012,4.0,LST_ASSAM_2024_12.tif,0.0,3.0,2.0,1.0,5.0,0.0,2.0
BAJALI,18-799,2025_01,70,0.0,13428.221,24152.15,326380.382,6.987,6.032,9.753,78.24,4.012,5.0,LST_ASSAM_2025_01.tif,0.0,3.0,2.0,1.0,5.0,0.0,2.0
BAJALI,18-799,2025_02,70,0.0,13428.221,24152.15,326380.382,6.987,6.032,9.753,78.24,4.012,4.0,LST_ASSAM_2025_02.tif,0.0,2.0,2.0,1.0,5.0,0.0,2.0
BAJALI,18-799,2025_03,70,0.0,13428.221,24152.15,326380.382,6.987,6.032,9.753,78.24,4.012,3.0,LST_ASSAM_2025_03.tif,19.833,1.0,2.0,1.0,5.0,0.0,2.0
BAJALI,18-799,2025_04,70,0.0,13428.221,24152.15,326380.382,6.987,6.032,9.753,78.24,4.012,4.0,LST_ASSAM_2025_04.tif,0.0,2.0,2.0,1.0,5.0,0.0,2.0
BAJALI,18-799,2025_05,70,0.0,13428.221,24152.15,326380.382,6.987,6.032,9.753,78.24,4.012,5.0,LST_ASSAM_2025_05.tif,3.667,2.0,2.0,1.0,5.0,0.0,2.0
BAJALI,18-799,2025_06,70,0.0,13428.221,24152.15,326380.382,6.987,6.032,9.753,78.24,4.012,4.0,LST_ASSAM_2025_06.tif,30.833,1.0,2.0,1.0,5.0,0.0,2.0
BAJALI,18-799,2025_07,70,0.0,13428.221,24152.15,326380.382,6.987,6.032,9.753,78.24,4.012,4.0,LST_ASSAM_2025_07.tif,16.5,1.0,2.0,1.0,5.0,0.0,2.0
BAJALI,18-799,2025_08,70,0.0,13428.221,24152.15,326380.382,6.987,6.032,9.753,78.24,4.012,5.0,LST_ASSAM_2025_08.tif,5.333,1.0,2.0,1.0,5.0,0.0,2.0
BAJALI,18-799,2025_09,70,0.0,13428.221,24152.15,326380.382,6.987,6.032,9.753,78.24,4.012,5.0,LST_ASSAM_2025_09.tif,13.5,1.0,2.0,1.0,5.0,0.0,2.0
BAJALI,18-799,2025_10,70,0.0,13428.221,24152.15,326380.382,6.987,6.032,9.753,78.24,4.012,4.0,LST_ASSAM_2025_10.tif,36.833,1.0,2.0,1.0,5.0,0.0,2.0
BAJALI,18-799,2025_11,70,0.0,13428.221,24152.15,326380.382,6.987,6.032,9.753,78.24,4.012,5.0,LST_ASSAM_2025_11.tif,1.5,2.0,2.0,1.0,5.0,0.0,2.0
BAJALI,18-799,2025_12,70,0.0,13428.221,24152.15,326380.382,6.987,6.032,9.753,78.24,4.012,5.0,LST_ASSAM_2025_12.tif,0.0,3.0,2.0,1.0,5.0,0.0,2.0
BAJALI,18-799,2026_01,70,0.0,13829.672,24188.472,328423.722,6.987,6.032,9.753,78.24,4.012,4.0,LST_ASSAM_2026_01.tif,0.0,3.0,2.0,1.0,5.0,0.0,2.0
BAJALI,18-799,2026_02,70,0.0,13829.672,24188.472,328423.722,6.987,6.032,9.753,78.24,4.012,3.0,LST_ASSAM_2026_02.tif,2.667,2.0,2.0,1.0,5.0,0.0,2.0
BAJALI,18-799,2026_03,70,0.0,13829.672,24188.472,328423.722,6.987,6.032,9.753,78.24,4.012,3.0,LST_ASSAM_2026_03.tif,12.833,2.0,2.0,1.0,5.0,0.0,2.0
BAJALI,18-799,2026_04,70,0.0,13829.672,24188.472,328423.722,6.987,6.032,9.753,78.24,4.012,1.0,LST_ASSAM_2026_04.tif,0.0,3.0,2.0,1.0,5.0,0.0,1.0
BAJALI,18-799,2026_05,70,0.0,13829.672,24188.472,328423.722,6.987,6.032,9.753,78.24,4.012,5.0,LST_ASSAM_2026_05.tif,0.0,3.0,2.0,1.0,5.0,0.0,3.0
BAKSA,18-324,2021_04,109,0.0,25466.889,38116.543,713721.353,8.984,2.802,15.46,81.84,5.68,2.0,LST_ASSAM_2021_04.tif,0.335,3.0,2.0,1.0,5.0,0.0,2.0
BAKSA,18-324,2021_05,109,0.0,25466.889,38116.543,713721.353,8.984,2.802,15.46,81.84,5.68,3.0,LST_ASSAM_2021_05.tif,10.185,2.0,2.0,1.0,5.0,0.0,2.0
BAKSA,18-324,2021_06,109,0.0,25466.889,38116.543,713721.353,8.984,2.802,15.46,81.84,5.68,5.0,LST_ASSAM_2021_06.tif,22.474,3.0,2.0,1.0,5.0,0.0,3.0
BAKSA,18-324,2021_07,109,0.0,25466.889,38116.543,713721.353,8.984,2.802,15.46,81.84,5.68,5.0,LST_ASSAM_2021_07.tif,17.554,3.0,2.0,1.0,5.0,0.0,3.0
BAKSA,18-324,2021_08,109,0.0,25466.889,38116.543,713721.353,8.984,2.802,15.46,81.84,5.68,4.0,LST_ASSAM_2021_08.tif,9.286,3.0,2.0,1.0,5.0,0.0,3.0
BAKSA,18-324,2021_09,109,0.0,25466.889,38116.543,713721.353,8.984,2.802,15.46,81.84,5.68,4.0,LST_ASSAM_2021_09.tif,14.034,3.0,2.0,1.0,5.0,0.0,3.0
BAKSA,18-324,2021_10,109,0.0,25466.889,38116.543,713721.353,8.984,2.802,15.46,81.84,5.68,3.0,LST_ASSAM_2021_10.tif,56.308,3.0,2.0,1.0,5.0,0.0,3.0
BAKSA,18-324,2021_11,109,19649513.15,25466.889,38116.543,713721.353,8.984,2.802,15.46,81.84,5.68,4.0,LST_ASSAM_2021_11.tif,0.0,3.0,2.0,1.0,4.0,19649513.15,2.0
BAKSA,18-324,2021_12,109,0.0,25466.889,38116.543,713721.353,8.984,2.802,15.46,81.84,5.68,4.0,LST_ASSAM_2021_12.tif,0.0,3.0,2.0,1.0,4.0,19649513.15,2.0
BAKSA,18-324,2022_01,109,0.0,26244.356,38010.848,719391.222,8.984,2.802,15.46,81.84,5.68,4.0,LST_ASSAM_2022_01.tif,0.199,3.0,2.0,1.0,4.0,19649513.15,2.0
BAKSA,18-324,2022_02,109,0.0,26244.356,38010.848,719391.222,8.984,2.802,15.46,81.84,5.68,3.0,LST_ASSAM_2022_02.tif,0.5,3.0,2.0,1.0,4.0,19649513.15,2.0
BAKSA,18-324,2022_03,109,0.0,26244.356,38010.848,719391.222,8.984,2.802,15.46,81.84,5.68,3.0,LST_ASSAM_2022_03.tif,67.325,3.0,2.0,1.0,5.0,19649513.15,3.0
BAKSA,18-324,2022_04,109,0.0,26244.356,38010.848,719391.222,8.984,2.802,15.46,81.84,5.68,2.0,LST_ASSAM_2022_04.tif,0.0,3.0,2.0,1.0,5.0,0.0,2.0
BAKSA,18-324,2022_05,109,0.0,26244.356,38010.848,719391.222,8.984,2.802,15.46,81.84,5.68,3.0,LST_ASSAM_2022_05.tif,3.202,3.0,2.0,1.0,5.0,0.0,3.0
BAKSA,18-324,2022_06,109,0.0,26244.356,38010.848,719391.222,8.984,2.802,15.46,81.84,5.68,0.0,LST_ASSAM_2022_06.tif,9.651,5.0,2.0,1.0,5.0,0.0,4.0
BAKSA,18-324,2022_07,109,0.0,26244.356,38010.848,719391.222,8.984,2.802,15.46,81.84,5.68,5.0,LST_ASSAM_2022_07.tif,25.782,3.0,2.0,1.0,5.0,0.0,3.0
BAKSA,18-324,2022_08,109,0.0,26244.356,38010.848,719391.222,8.984,2.802,15.46,81.84,5.68,4.0,LST_ASSAM_2022_08.tif,27.665,3.0,2.0,1.0,5.0,0.0,3.0
BAKSA,18-324,2022_09,109,0.0,26244.356,38010.848,719391.222,8.984,2.802,15.46,81.84,5.68,5.0,LST_ASSAM_2022_09.tif,4.599,3.0,2.0,1.0,5.0,0.0,3.0
BAKSA,18-324,2022_10,109,18397650.0,26244.356,38010.848,719391.222,8.984,2.802,15.46,81.84,5.68,4.0,LST_ASSAM_2022_10.tif,34.299,3.0,2.0,1.0,4.0,18397650.0,3.0
BAKSA,18-324,2022_11,109,0.0,26244.356,38010.848,719391.222,8.984,2.802,15.46,81.84,5.68,4.0,LST_ASSAM_2022_11.tif,0.056,3.0,2.0,1.0,4.0,18397650.0,2.0
BAKSA,18-324,2022_12,109,0.0,26244.356,38010.848,719391.222,8.984,2.802,15.46,81.84,5.68,4.0,LST_ASSAM_2022_12.tif,0.0,3.0,2.0,1.0,4.0,18397650.0,2.0
BAKSA,18-324,2023_01,109,0.0,27021.823,37905.153,725061.091,8.984,2.802,15.46,81.84,5.68,4.0,LST_ASSAM_2023_01.tif,0.179,3.0,2.0,1.0,4.0,18397650.0,2.0
BAKSA,18-324,2023_02,109,0.0,27021.823,37905.153,725061.091,8.984,2.802,15.46,81.84,5.68,4.0,LST_ASSAM_2023_02.tif,0.082,2.0,2.0,1.0,4.0,18397650.0,2.0
BAKSA,18-324,2023_03,109,9571953.52,27021.823,37905.153,725061.091,8.984,2.802,15.46,81.84,5.68,3.0,LST_ASSAM_2023_03.tif,24.146,3.0,2.0,1.0,4.0,27969603.52,3.0
BAKSA,18-324,2023_04,109,0.0,27021.823,37905.153,725061.091,8.984,2.802,15.46,81.84,5.68,1.0,LST_ASSAM_2023_04.tif,4.483,3.0,2.0,1.0,5.0,0.0,3.0
BAKSA,18-324,2023_05,109,0.0,27021.823,37905.153,725061.091,8.984,2.802,15.46,81.84,5.68,3.0,LST_ASSAM_2023_05.tif,6.408,4.0,2.0,1.0,5.0,0.0,3.0
BAKSA,18-324,2023_06,109,2961000.0,27021.823,37905.153,725061.091,8.984,2.802,15.46,81.84,5.68,4.0,LST_ASSAM_2023_06.tif,37.374,3.0,2.0,1.0,5.0,2961000.0,3.0
BAKSA,18-324,2023_07,109,0.0,27021.823,37905.153,725061.091,8.984,2.802,15.46,81.84,5.68,5.0,LST_ASSAM_2023_07.tif,32.588,4.0,2.0,1.0,5.0,2961000.0,3.0
BAKSA,18-324,2023_08,109,0.0,27021.823,37905.153,725061.091,8.984,2.802,15.46,81.84,5.68,4.0,LST_ASSAM_2023_08.tif,20.459,3.0,2.0,1.0,5.0,2961000.0,3.0
BAKSA,18-324,2023_09,109,0.0,27021.823,37905.153,725061.091,8.984,2.802,15.46,81.84,5.68,3.0,LST_ASSAM_2023_09.tif,35.539,2.0,2.0,1.0,5.0,2961000.0,2.0
BAKSA,18-324,2023_10,109,0.0,27021.823,37905.153,725061.091,8.984,2.802,15.46,81.84,5.68,3.0,LST_ASSAM_2023_10.tif,37.918,3.0,2.0,1.0,5.0,2961000.0,3.0
BAKSA,18-324,2023_11,109,0.0,27021.823,37905.153,725061.091,8.984,2.802,15.46,81.84,5.68,4.0,LST_ASSAM_2023_11.tif,0.952,2.0,2.0,1.0,5.0,2961000.0,2.0
BAKSA,18-324,2023_12,109,0.0,27021.823,37905.153,725061.091,8.984,2.802,15.46,81.84,5.68,5.0,LST_ASSAM_2023_12.tif,0.0,3.0,2.0,1.0,5.0,2961000.0,2.0
BAKSA,18-324,2024_01,109,0.0,27799.29,37799.458,730730.959,8.984,2.802,15.46,81.84,5.68,4.0,LST_ASSAM_2024_01.tif,0.0,3.0,2.0,1.0,5.0,2961000.0,2.0
BAKSA,18-324,2024_02,109,0.0,27799.29,37799.458,730730.959,8.984,2.802,15.46,81.84,5.68,4.0,LST_ASSAM_2024_02.tif,0.107,3.0,2.0,1.0,5.0,2961000.0,2.0
BAKSA,18-324,2024_03,109,2601689.0,27799.29,37799.458,730730.959,8.984,2.802,15.46,81.84,5.68,4.0,LST_ASSAM_2024_03.tif,29.577,3.0,2.0,1.0,5.0,5562689.0,3.0
BAKSA,18-324,2024_04,109,0.0,27799.29,37799.458,730730.959,8.984,2.802,15.46,81.84,5.68,3.0,LST_ASSAM_2024_04.tif,0.082,3.0,2.0,1.0,5.0,0.0,2.0
BAKSA,18-324,2024_05,109,0.0,27799.29,37799.458,730730.959,8.984,2.802,15.46,81.84,5.68,3.0,LST_ASSAM_2024_05.tif,32.512,3.0,2.0,1.0,5.0,0.0,3.0
BAKSA,18-324,2024_06,109,0.0,27799.29,37799.458,730730.959,8.984,2.802,15.46,81.84,5.68,3.0,LST_ASSAM_2024_06.tif,40.578,4.0,2.0,1.0,5.0,0.0,3.0
BAKSA,18-324,2024_07,109,10983541.03,27799.29,37799.458,730730.959,8.984,2.802,15.46,81.84,5.68,5.0,LST_ASSAM_2024_07.tif,41.32,4.0,2.0,1.0,3.0,10983541.03,3.0
BAKSA,18-324,2024_08,109,0.0,27799.29,37799.458,730730.959,8.984,2.802,15.46,81.84,5.68,4.0,LST_ASSAM_2024_08.tif,26.854,4.0,2.0,1.0,4.0,10983541.03,3.0
BAKSA,18-324,2024_09,109,0.0,27799.29,37799.458,730730.959,8.984,2.802,15.46,81.84,5.68,4.0,LST_ASSAM_2024_09.tif,42.854,3.0,2.0,1.0,4.0,10983541.03,3.0
BAKSA,18-324,2024_10,109,0.0,27799.29,37799.458,730730.959,8.984,2.802,15.46,81.84,5.68,4.0,LST_ASSAM_2024_10.tif,20.878,2.0,2.0,1.0,4.0,10983541.03,2.0
BAKSA,18-324,2024_11,109,0.0,27799.29,37799.458,730730.959,8.984,2.802,15.46,81.84,5.68,4.0,LST_ASSAM_2024_11.tif,4.711,4.0,2.0,1.0,4.0,10983541.03,3.0
BAKSA,18-324,2024_12,109,0.0,27799.29,37799.458,730730.959,8.984,2.802,15.46,81.84,5.68,4.0,LST_ASSAM_2024_12.tif,0.0,3.0,2.0,1.0,4.0,10983541.03,2.0
BAKSA,18-324,2025_01,109,2099343.0,28576.757,37693.763,736400.828,8.984,2.802,15.46,81.84,5.68,4.0,LST_ASSAM_2025_01.tif,0.0,3.0,2.0,1.0,4.0,13082884.03,2.0
BAKSA,18-324,2025_02,109,0.0,28576.757,37693.763,736400.828,8.984,2.802,15.46,81.84,5.68,3.0,LST_ASSAM_2025_02.tif,0.0,2.0,2.0,1.0,5.0,13082884.03,2.0
BAKSA,18-324,2025_03,109,0.0,28576.757,37693.763,736400.828,8.984,2.802,15.46,81.84,5.68,4.0,LST_ASSAM_2025_03.tif,26.231,2.0,2.0,1.0,5.0,13082884.03,2.0
BAKSA,18-324,2025_04,109,0.0,28576.757,37693.763,736400.828,8.984,2.802,15.46,81.84,5.68,4.0,LST_ASSAM_2025_04.tif,0.0,2.0,2.0,1.0,5.0,0.0,2.0
BAKSA,18-324,2025_05,109,0.0,28576.757,37693.763,736400.828,8.984,2.802,15.46,81.84,5.68,5.0,LST_ASSAM_2025_05.tif,6.383,3.0,2.0,1.0,5.0,0.0,3.0
BAKSA,18-324,2025_06,109,0.0,28576.757,37693.763,736400.828,8.984,2.802,15.46,81.84,5.68,4.0,LST_ASSAM_2025_06.tif,48.056,3.0,2.0,1.0,5.0,0.0,3.0
BAKSA,18-324,2025_07,109,0.0,28576.757,37693.763,736400.828,8.984,2.802,15.46,81.84,5.68,4.0,LST_ASSAM_2025_07.tif,26.034,3.0,2.0,1.0,5.0,0.0,3.0
BAKSA,18-324,2025_08,109,2499994.67,28576.757,37693.763,736400.828,8.984,2.802,15.46,81.84,5.68,5.0,LST_ASSAM_2025_08.tif,8.126,3.0,2.0,1.0,5.0,2499994.67,3.0
BAKSA,18-324,2025_09,109,9499870.37,28576.757,37693.763,736400.828,8.984,2.802,15.46,81.84,5.68,4.0,LST_ASSAM_2025_09.tif,20.869,3.0,2.0,1.0,5.0,11999865.04,3.0
BAKSA,18-324,2025_10,109,0.0,28576.757,37693.763,736400.828,8.984,2.802,15.46,81.84,5.68,3.0,LST_ASSAM_2025_10.tif,52.502,3.0,2.0,1.0,5.0,11999865.04,3.0
BAKSA,18-324,2025_11,109,0.0,28576.757,37693.763,736400.828,8.984,2.802,15.46,81.84,5.68,4.0,LST_ASSAM_2025_11.tif,2.796,3.0,2.0,1.0,5.0,11999865.04,3.0
BAKSA,18-324,2025_12,109,0.0,28576.757,37693.763,736400.828,8.984,2.802,15.46,81.84,5.68,4.0,LST_ASSAM_2025_12.tif,0.0,3.0,2.0,1.0,5.0,11999865.04,2.0
BAKSA,18-324,2026_01,109,0.0,29354.224,37588.068,742070.697,8.984,2.802,15.46,81.84,5.68,3.0,LST_ASSAM_2026_01.tif,0.0,3.0,2.0,1.0,5.0,11999865.04,2.0
BAKSA,18-324,2026_02,109,0.0,29354.224,37588.068,742070.697,8.984,2.802,15.46,81.84,5.68,3.0,LST_ASSAM_2026_02.tif,4.73,3.0,2.0,1.0,5.0,11999865.04,3.0
BAKSA,18-324,2026_03,109,0.0,29354.224,37588.068,742070.697,8.984,2.802,15.46,81.84,5.68,4.0,LST_ASSAM_2026_03.tif,20.327,3.0,2.0,1.0,5.0,11999865.04,3.0
BAKSA,18-324,2026_04,109,0.0,29354.224,37588.068,742070.697,8.984,2.802,15.46,81.84,5.68,2.0,LST_ASSAM_2026_04.tif,0.0,3.0,2.0,1.0,5.0,0.0,1.0
BAKSA,18-324,2026_05,109,0.0,29354.224,37588.068,742070.697,8.984,2.802,15.46,81.84,5.68,4.0,LST_ASSAM_2026_05.tif,0.0,3.0,2.0,1.0,5.0,0.0,3.0
BARPETA,18-303,2021_04,205,0.0,65407.624,137133.733,1572627.969,8.022,2.252,15.042,78.24,4.012,1.0,LST_ASSAM_2021_04.tif,0.196,3.0,4.0,2.0,5.0,0.0,2.0
BARPETA,18-303,2021_05,205,0.0,65407.624,137133.733,1572627.969,8.022,2.252,15.042,78.24,4.012,2.0,LST_ASSAM_2021_05.tif,13.351,3.0,4.0,2.0,5.0,0.0,3.0
BARPETA,18-303,2021_06,205,0.0,65407.624,137133.733,1572627.969,8.022,2.252,15.042,78.24,4.012,4.0,LST_ASSAM_2021_06.tif,24.762,3.0,4.0,2.0,5.0,0.0,3.0
BARPETA,18-303,2021_07,205,61289994.0,65407.624,137133.733,1572627.969,8.022,2.252,15.042,78.24,4.012,2.0,LST_ASSAM_2021_07.tif,14.119,2.0,4.0,2.0,3.0,61289994.0,2.0
BARPETA,18-303,2021_08,205,0.0,65407.624,137133.733,1572627.969,8.022,2.252,15.042,78.24,4.012,2.0,LST_ASSAM_2021_08.tif,7.998,2.0,4.0,2.0,3.0,61289994.0,2.0
BARPETA,18-303,2021_09,205,0.0,65407.624,137133.733,1572627.969,8.022,2.252,15.042,78.24,4.012,2.0,LST_ASSAM_2021_09.tif,15.837,3.0,4.0,2.0,3.0,61289994.0,3.0
BARPETA,18-303,2021_10,205,0.0,65407.624,137133.733,1572627.969,8.022,2.252,15.042,78.24,4.012,3.0,LST_ASSAM_2021_10.tif,56.632,3.0,4.0,2.0,3.0,61289994.0,3.0
BARPETA,18-303,2021_11,205,0.0,65407.624,137133.733,1572627.969,8.022,2.252,15.042,78.24,4.012,5.0,LST_ASSAM_2021_11.tif,0.0,3.0,4.0,2.0,3.0,61289994.0,2.0
BARPETA,18-303,2021_12,205,0.0,65407.624,137133.733,1572627.969,8.022,2.252,15.042,78.24,4.012,5.0,LST_ASSAM_2021_12.tif,0.0,3.0,4.0,2.0,3.0,61289994.0,2.0
BARPETA,18-303,2022_01,205,0.0,67952.746,138170.938,1592951.284,8.022,2.252,15.042,78.24,4.012,3.0,LST_ASSAM_2022_01.tif,0.0,3.0,4.0,2.0,3.0,61289994.0,2.0
BARPETA,18-303,2022_02,205,28775700.0,67952.746,138170.938,1592951.284,8.022,2.252,15.042,78.24,4.012,3.0,LST_ASSAM_2022_02.tif,0.0,3.0,4.0,2.0,3.0,90065694.0,2.0
BARPETA,18-303,2022_03,205,0.0,67952.746,138170.938,1592951.284,8.022,2.252,15.042,78.24,4.012,3.0,LST_ASSAM_2022_03.tif,65.821,3.0,4.0,2.0,4.0,90065694.0,4.0
BARPETA,18-303,2022_04,205,0.0,67952.746,138170.938,1592951.284,8.022,2.252,15.042,78.24,4.012,1.0,LST_ASSAM_2022_04.tif,0.0,3.0,4.0,2.0,5.0,0.0,2.0
BARPETA,18-303,2022_05,205,0.0,67952.746,138170.938,1592951.284,8.022,2.252,15.042,78.24,4.012,1.0,LST_ASSAM_2022_05.tif,3.196,3.0,4.0,2.0,5.0,0.0,3.0
BARPETA,18-303,2022_06,205,0.0,67952.746,138170.938,1592951.284,8.022,2.252,15.042,78.24,4.012,4.0,LST_ASSAM_2022_06.tif,8.269,4.0,4.0,2.0,5.0,0.0,4.0
BARPETA,18-303,2022_07,205,0.0,67952.746,138170.938,1592951.284,8.022,2.252,15.042,78.24,4.012,1.0,LST_ASSAM_2022_07.tif,23.032,2.0,4.0,2.0,5.0,0.0,3.0
BARPETA,18-303,2022_08,205,0.0,67952.746,138170.938,1592951.284,8.022,2.252,15.042,78.24,4.012,2.0,LST_ASSAM_2022_08.tif,23.784,2.0,4.0,2.0,5.0,0.0,3.0
BARPETA,18-303,2022_09,205,0.0,67952.746,138170.938,1592951.284,8.022,2.252,15.042,78.24,4.012,3.0,LST_ASSAM_2022_09.tif,3.788,3.0,4.0,2.0,5.0,0.0,3.0
BARPETA,18-303,2022_10,205,0.0,67952.746,138170.938,1592951.284,8.022,2.252,15.042,78.24,4.012,3.0,LST_ASSAM_2022_10.tif,38.731,3.0,4.0,2.0,5.0,0.0,3.0
BARPETA,18-303,2022_11,205,0.0,67952.746,138170.938,1592951.284,8.022,2.252,15.042,78.24,4.012,5.0,LST_ASSAM_2022_11.tif,0.0,3.0,4.0,2.0,5.0,0.0,2.0
BARPETA,18-303,2022_12,205,0.0,67952.746,138170.938,1592951.284,8.022,2.252,15.042,78.24,4.012,4.0,LST_ASSAM_2022_12.tif,0.0,3.0,4.0,2.0,5.0,0.0,2.0
BARPETA,18-303,2023_01,205,0.0,70497.868,139208.143,1613274.6,8.022,2.252,15.042,78.24,4.012,5.0,LST_ASSAM_2023_01.tif,0.0,2.0,4.0,2.0,5.0,0.0,2.0
BARPETA,18-303,2023_02,205,0.0,70497.868,139208.143,1613274.6,8.022,2.252,15.042,78.24,4.012,4.0,LST_ASSAM_2023_02.tif,0.0,2.0,4.0,2.0,5.0,0.0,2.0
BARPETA,18-303,2023_03,205,0.0,70497.868,139208.143,1613274.6,8.022,2.252,15.042,78.24,4.012,3.0,LST_ASSAM_2023_03.tif,24.073,3.0,4.0,2.0,5.0,0.0,3.0
BARPETA,18-303,2023_04,205,0.0,70497.868,139208.143,1613274.6,8.022,2.252,15.042,78.24,4.012,2.0,LST_ASSAM_2023_04.tif,6.394,4.0,4.0,2.0,5.0,0.0,4.0
BARPETA,18-303,2023_05,205,0.0,70497.868,139208.143,1613274.6,8.022,2.252,15.042,78.24,4.012,2.0,LST_ASSAM_2023_05.tif,7.075,4.0,4.0,2.0,5.0,0.0,4.0
BARPETA,18-303,2023_06,205,0.0,70497.868,139208.143,1613274.6,8.022,2.252,15.042,78.24,4.012,3.0,LST_ASSAM_2023_06.tif,40.204,4.0,4.0,2.0,5.0,0.0,4.0
BARPETA,18-303,2023_07,205,0.0,70497.868,139208.143,1613274.6,8.022,2.252,15.042,78.24,4.012,1.0,LST_ASSAM_2023_07.tif,34.479,4.0,4.0,2.0,5.0,0.0,4.0
BARPETA,18-303,2023_08,205,0.0,70497.868,139208.143,1613274.6,8.022,2.252,15.042,78.24,4.012,2.0,LST_ASSAM_2023_08.tif,23.274,4.0,4.0,2.0,5.0,0.0,4.0
BARPETA,18-303,2023_09,205,0.0,70497.868,139208.143,1613274.6,8.022,2.252,15.042,78.24,4.012,2.0,LST_ASSAM_2023_09.tif,40.254,3.0,4.0,2.0,5.0,0.0,3.0
BARPETA,18-303,2023_10,205,0.0,70497.868,139208.143,1613274.6,8.022,2.252,15.042,78.24,4.012,5.0,LST_ASSAM_2023_10.tif,35.835,3.0,4.0,2.0,5.0,0.0,4.0
BARPETA,18-303,2023_11,205,0.0,70497.868,139208.143,1613274.6,8.022,2.252,15.042,78.24,4.012,5.0,LST_ASSAM_2023_11.tif,1.41,3.0,4.0,2.0,5.0,0.0,3.0
BARPETA,18-303,2023_12,205,0.0,70497.868,139208.143,1613274.6,8.022,2.252,15.042,78.24,4.012,5.0,LST_ASSAM_2023_12.tif,0.0,3.0,4.0,2.0,5.0,0.0,2.0
BARPETA,18-303,2024_01,205,0.0,73042.99,140245.348,1633597.916,8.022,2.252,15.042,78.24,4.012,4.0,LST_ASSAM_2024_01.tif,0.0,3.0,4.0,2.0,5.0,0.0,2.0
BARPETA,18-303,2024_02,205,0.0,73042.99,140245.348,1633597.916,8.022,2.252,15.042,78.24,4.012,4.0,LST_ASSAM_2024_02.tif,0.0,3.0,4.0,2.0,5.0,0.0,2.0
BARPETA,18-303,2024_03,205,0.0,73042.99,140245.348,1633597.916,8.022,2.252,15.042,78.24,4.012,4.0,LST_ASSAM_2024_03.tif,27.695,3.0,4.0,2.0,5.0,0.0,3.0
BARPETA,18-303,2024_04,205,0.0,73042.99,140245.348,1633597.916,8.022,2.252,15.042,78.24,4.012,3.0,LST_ASSAM_2024_04.tif,3.021,3.0,4.0,2.0,5.0,0.0,2.0
BARPETA,18-303,2024_05,205,0.0,73042.99,140245.348,1633597.916,8.022,2.252,15.042,78.24,4.012,4.0,LST_ASSAM_2024_05.tif,33.74,3.0,4.0,2.0,5.0,0.0,3.0
BARPETA,18-303,2024_06,205,0.0,73042.99,140245.348,1633597.916,8.022,2.252,15.042,78.24,4.012,1.0,LST_ASSAM_2024_06.tif,37.613,3.0,4.0,2.0,5.0,0.0,3.0
BARPETA,18-303,2024_07,205,0.0,73042.99,140245.348,1633597.916,8.022,2.252,15.042,78.24,4.012,1.0,LST_ASSAM_2024_07.tif,46.303,4.0,4.0,2.0,5.0,0.0,4.0
BARPETA,18-303,2024_08,205,0.0,73042.99,140245.348,1633597.916,8.022,2.252,15.042,78.24,4.012,1.0,LST_ASSAM_2024_08.tif,22.159,3.0,4.0,2.0,5.0,0.0,3.0
BARPETA,18-303,2024_09,205,0.0,73042.99,140245.348,1633597.916,8.022,2.252,15.042,78.24,4.012,4.0,LST_ASSAM_2024_09.tif,41.498,3.0,4.0,2.0,5.0,0.0,4.0
BARPETA,18-303,2024_10,205,0.0,73042.99,140245.348,1633597.916,8.022,2.252,15.042,78.24,4.012,3.0,LST_ASSAM_2024_10.tif,30.516,3.0,4.0,2.0,5.0,0.0,3.0
BARPETA,18-303,2024_11,205,0.0,73042.99,140245.348,1633597.916,8.022,2.252,15.042,78.24,4.012,5.0,LST_ASSAM_2024_11.tif,4.55,4.0,4.0,2.0,5.0,0.0,4.0
BARPETA,18-303,2024_12,205,0.0,73042.99,140245.348,1633597.916,8.022,2.252,15.042,78.24,4.012,4.0,LST_ASSAM_2024_12.tif,0.0,3.0,4.0,2.0,5.0,0.0,2.0
BARPETA,18-303,2025_01,205,0.0,75588.112,141282.553,1653921.231,8.022,2.252,15.042,78.24,4.012,5.0,LST_ASSAM_2025_01.tif,0.0,3.0,4.0,2.0,5.0,0.0,2.0
BARPETA,18-303,2025_02,205,0.0,75588.112,141282.553,1653921.231,8.022,2.252,15.042,78.24,4.012,4.0,LST_ASSAM_2025_02.tif,0.0,2.0,4.0,2.0,5.0,0.0,2.0
BARPETA,18-303,2025_03,205,0.0,75588.112,141282.553,1653921.231,8.022,2.252,15.042,78.24,4.012,3.0,LST_ASSAM_2025_03.tif,34.984,4.0,4.0,2.0,5.0,0.0,4.0
BARPETA,18-303,2025_04,205,0.0,75588.112,141282.553,1653921.231,8.022,2.252,15.042,78.24,4.012,3.0,LST_ASSAM_2025_04.tif,0.828,3.0,4.0,2.0,5.0,0.0,3.0
BARPETA,18-303,2025_05,205,0.0,75588.112,141282.553,1653921.231,8.022,2.252,15.042,78.24,4.012,2.0,LST_ASSAM_2025_05.tif,8.483,3.0,4.0,2.0,5.0,0.0,3.0
BARPETA,18-303,2025_06,205,0.0,75588.112,141282.553,1653921.231,8.022,2.252,15.042,78.24,4.012,3.0,LST_ASSAM_2025_06.tif,49.208,3.0,4.0,2.0,5.0,0.0,4.0
BARPETA,18-303,2025_07,205,0.0,75588.112,141282.553,1653921.231,8.022,2.252,15.042,78.24,4.012,2.0,LST_ASSAM_2025_07.tif,24.006,2.0,4.0,2.0,5.0,0.0,3.0
BARPETA,18-303,2025_08,205,0.0,75588.112,141282.553,1653921.231,8.022,2.252,15.042,78.24,4.012,1.0,LST_ASSAM_2025_08.tif,8.155,3.0,4.0,2.0,5.0,0.0,3.0
BARPETA,18-303,2025_09,205,0.0,75588.112,141282.553,1653921.231,8.022,2.252,15.042,78.24,4.012,3.0,LST_ASSAM_2025_09.tif,20.001,3.0,4.0,2.0,5.0,0.0,3.0
BARPETA,18-303,2025_10,205,0.0,75588.112,141282.553,1653921.231,8.022,2.252,15.042,78.24,4.012,5.0,LST_ASSAM_2025_10.tif,54.191,4.0,4.0,2.0,5.0,0.0,4.0
BARPETA,18-303,2025_11,205,0.0,75588.112,141282.553,1653921.231,8.022,2.252,15.042,78.24,4.012,5.0,LST_ASSAM_2025_11.tif,2.361,3.0,4.0,2.0,5.0,0.0,3.0
BARPETA,18-303,2025_12,205,0.0,75588.112,141282.553,1653921.231,8.022,2.252,15.042,78.24,4.012,4.0,LST_ASSAM_2025_12.tif,0.0,3.0,4.0,2.0,5.0,0.0,2.0
BARPETA,18-303,2026_01,205,0.0,78133.234,142319.758,1674244.547,8.022,2.252,15.042,78.24,4.012,4.0,LST_ASSAM_2026_01.tif,0.0,3.0,4.0,2.0,5.0,0.0,2.0
BARPETA,18-303,2026_02,205,0.0,78133.234,142319.758,1674244.547,8.022,2.252,15.042,78.24,4.012,3.0,LST_ASSAM_2026_02.tif,3.55,2.0,4.0,2.0,5.0,0.0,2.0
BARPETA,18-303,2026_03,205,0.0,78133.234,142319.758,1674244.547,8.022,2.252,15.042,78.24,4.012,3.0,LST_ASSAM_2026_03.tif,18.795,2.0,4.0,2.0,5.0,0.0,3.0
BARPETA,18-303,2026_04,205,0.0,78133.234,142319.758,1674244.547,8.022,2.252,15.042,78.24,4.012,1.0,LST_ASSAM_2026_04.tif,0.0,3.0,4.0,2.0,5.0,0.0,2.0
BARPETA,18-303,2026_05,205,0.0,78133.234,142319.758,1674244.547,8.022,2.252,15.042,78.24,4.012,3.0,LST_ASSAM_2026_05.tif,0.0,3.0,4.0,2.0,5.0,0.0,3.0
BISWANATH,18-756,2021_04,100,0.0,30541.265,54999.285,658525.04,8.896,4.204,28.46,55.39,5.398,4.0,LST_ASSAM_2021_04.tif,0.447,3.0,3.0,1.0,5.0,0.0,2.0
BISWANATH,18-756,2021_05,100,0.0,30541.265,54999.285,658525.04,8.896,4.204,28.46,55.39,5.398,2.0,LST_ASSAM_2021_05.tif,17.457,4.0,3.0,1.0,5.0,0.0,3.0
BISWANATH,18-756,2021_06,100,0.0,30541.265,54999.285,658525.04,8.896,4.204,28.46,55.39,5.398,3.0,LST_ASSAM_2021_06.tif,32.218,4.0,3.0,1.0,5.0,0.0,4.0
BISWANATH,18-756,2021_07,100,0.0,30541.265,54999.285,658525.04,8.896,4.204,28.46,55.39,5.398,2.0,LST_ASSAM_2021_07.tif,15.94,3.0,3.0,1.0,5.0,0.0,3.0
BISWANATH,18-756,2021_08,100,0.0,30541.265,54999.285,658525.04,8.896,4.204,28.46,55.39,5.398,1.0,LST_ASSAM_2021_08.tif,10.023,3.0,3.0,1.0,5.0,0.0,3.0
BISWANATH,18-756,2021_09,100,0.0,30541.265,54999.285,658525.04,8.896,4.204,28.46,55.39,5.398,4.0,LST_ASSAM_2021_09.tif,12.273,2.0,3.0,1.0,5.0,0.0,2.0
BISWANATH,18-756,2021_10,100,0.0,30541.265,54999.285,658525.04,8.896,4.204,28.46,55.39,5.398,4.0,LST_ASSAM_2021_10.tif,61.306,4.0,3.0,1.0,5.0,0.0,4.0
BISWANATH,18-756,2021_11,100,0.0,30541.265,54999.285,658525.04,8.896,4.204,28.46,55.39,5.398,4.0,LST_ASSAM_2021_11.tif,0.0,3.0,3.0,1.0,5.0,0.0,2.0
BISWANATH,18-756,2021_12,100,0.0,30541.265,54999.285,658525.04,8.896,4.204,28.46,55.39,5.398,4.0,LST_ASSAM_2021_12.tif,0.0,3.0,3.0,1.0,5.0,0.0,2.0
BISWANATH,18-756,2022_01,100,0.0,31591.292,55099.446,661663.028,8.896,4.204,28.46,55.39,5.398,4.0,LST_ASSAM_2022_01.tif,0.083,3.0,3.0,1.0,5.0,0.0,2.0
BISWANATH,18-756,2022_02,100,0.0,31591.292,55099.446,661663.028,8.896,4.204,28.46,55.39,5.398,3.0,LST_ASSAM_2022_02.tif,0.25,3.0,3.0,1.0,5.0,0.0,2.0
BISWANATH,18-756,2022_03,100,0.0,31591.292,55099.446,661663.028,8.896,4.204,28.46,55.39,5.398,3.0,LST_ASSAM_2022_03.tif,76.084,4.0,3.0,1.0,5.0,0.0,4.0
BISWANATH,18-756,2022_04,100,0.0,31591.292,55099.446,661663.028,8.896,4.204,28.46,55.39,5.398,3.0,LST_ASSAM_2022_04.tif,0.0,3.0,3.0,1.0,5.0,0.0,2.0
BISWANATH,18-756,2022_05,100,0.0,31591.292,55099.446,661663.028,8.896,4.204,28.46,55.39,5.398,4.0,LST_ASSAM_2022_05.tif,2.35,3.0,3.0,1.0,5.0,0.0,3.0
BISWANATH,18-756,2022_06,100,0.0,31591.292,55099.446,661663.028,8.896,4.204,28.46,55.39,5.398,3.0,LST_ASSAM_2022_06.tif,7.931,4.0,3.0,1.0,5.0,0.0,4.0
BISWANATH,18-756,2022_07,100,0.0,31591.292,55099.446,661663.028,8.896,4.204,28.46,55.39,5.398,1.0,LST_ASSAM_2022_07.tif,27.044,3.0,3.0,1.0,5.0,0.0,3.0
BISWANATH,18-756,2022_08,100,0.0,31591.292,55099.446,661663.028,8.896,4.204,28.46,55.39,5.398,3.0,LST_ASSAM_2022_08.tif,33.25,4.0,3.0,1.0,5.0,0.0,4.0
BISWANATH,18-756,2022_09,100,0.0,31591.292,55099.446,661663.028,8.896,4.204,28.46,55.39,5.398,4.0,LST_ASSAM_2022_09.tif,4.717,3.0,3.0,1.0,5.0,0.0,3.0
BISWANATH,18-756,2022_10,100,0.0,31591.292,55099.446,661663.028,8.896,4.204,28.46,55.39,5.398,3.0,LST_ASSAM_2022_10.tif,42.697,4.0,3.0,1.0,5.0,0.0,4.0
BISWANATH,18-756,2022_11,100,0.0,31591.292,55099.446,661663.028,8.896,4.204,28.46,55.39,5.398,4.0,LST_ASSAM_2022_11.tif,0.0,3.0,3.0,1.0,5.0,0.0,2.0
BISWANATH,18-756,2022_12,100,0.0,31591.292,55099.446,661663.028,8.896,4.204,28.46,55.39,5.398,4.0,LST_ASSAM_2022_12.tif,0.0,3.0,3.0,1.0,5.0,0.0,2.0
BISWANATH,18-756,2023_01,100,0.0,32641.319,55199.607,664801.016,8.896,4.204,28.46,55.39,5.398,5.0,LST_ASSAM_2023_01.tif,0.872,4.0,3.0,1.0,5.0,0.0,3.0
BISWANATH,18-756,2023_02,100,0.0,32641.319,55199.607,664801.016,8.896,4.204,28.46,55.39,5.398,4.0,LST_ASSAM_2023_02.tif,5.26,4.0,3.0,1.0,5.0,0.0,3.0
BISWANATH,18-756,2023_03,100,0.0,32641.319,55199.607,664801.016,8.896,4.204,28.46,55.39,5.398,3.0,LST_ASSAM_2023_03.tif,28.265,3.0,3.0,1.0,5.0,0.0,3.0
BISWANATH,18-756,2023_04,100,0.0,32641.319,55199.607,664801.016,8.896,4.204,28.46,55.39,5.398,1.0,LST_ASSAM_2023_04.tif,2.1,3.0,3.0,1.0,5.0,0.0,3.0
BISWANATH,18-756,2023_05,100,0.0,32641.319,55199.607,664801.016,8.896,4.204,28.46,55.39,5.398,2.0,LST_ASSAM_2023_05.tif,4.515,2.0,3.0,1.0,5.0,0.0,2.0
BISWANATH,18-756,2023_06,100,0.0,32641.319,55199.607,664801.016,8.896,4.204,28.46,55.39,5.398,2.0,LST_ASSAM_2023_06.tif,41.251,4.0,3.0,1.0,5.0,0.0,4.0
BISWANATH,18-756,2023_07,100,0.0,32641.319,55199.607,664801.016,8.896,4.204,28.46,55.39,5.398,3.0,LST_ASSAM_2023_07.tif,21.604,2.0,3.0,1.0,5.0,0.0,2.0
BISWANATH,18-756,2023_08,100,105993574.0,32641.319,55199.607,664801.016,8.896,4.204,28.46,55.39,5.398,3.0,LST_ASSAM_2023_08.tif,18.637,3.0,3.0,1.0,3.0,105993574.0,3.0
BISWANATH,18-756,2023_09,100,0.0,32641.319,55199.607,664801.016,8.896,4.204,28.46,55.39,5.398,4.0,LST_ASSAM_2023_09.tif,41.052,3.0,3.0,1.0,3.0,105993574.0,3.0
BISWANATH,18-756,2023_10,100,0.0,32641.319,55199.607,664801.016,8.896,4.204,28.46,55.39,5.398,3.0,LST_ASSAM_2023_10.tif,42.748,4.0,3.0,1.0,3.0,105993574.0,4.0
BISWANATH,18-756,2023_11,100,132657815.0,32641.319,55199.607,664801.016,8.896,4.204,28.46,55.39,5.398,3.0,LST_ASSAM_2023_11.tif,1.198,3.0,3.0,1.0,4.0,238651389.0,3.0
BISWANATH,18-756,2023_12,100,0.0,32641.319,55199.607,664801.016,8.896,4.204,28.46,55.39,5.398,4.0,LST_ASSAM_2023_12.tif,0.0,3.0,3.0,1.0,4.0,238651389.0,2.0
BISWANATH,18-756,2024_01,100,0.0,33691.346,55299.768,667939.005,8.896,4.204,28.46,55.39,5.398,4.0,LST_ASSAM_2024_01.tif,0.0,3.0,3.0,1.0,4.0,238651389.0,2.0
BISWANATH,18-756,2024_02,100,0.0,33691.346,55299.768,667939.005,8.896,4.204,28.46,55.39,5.398,5.0,LST_ASSAM_2024_02.tif,0.0,3.0,3.0,1.0,4.0,238651389.0,2.0
BISWANATH,18-756,2024_03,100,0.0,33691.346,55299.768,667939.005,8.896,4.204,28.46,55.39,5.398,5.0,LST_ASSAM_2024_03.tif,35.534,5.0,3.0,1.0,4.0,238651389.0,4.0
BISWANATH,18-756,2024_04,100,0.0,33691.346,55299.768,667939.005,8.896,4.204,28.46,55.39,5.398,2.0,LST_ASSAM_2024_04.tif,0.0,3.0,3.0,1.0,5.0,0.0,2.0
BISWANATH,18-756,2024_05,100,0.0,33691.346,55299.768,667939.005,8.896,4.204,28.46,55.39,5.398,3.0,LST_ASSAM_2024_05.tif,27.952,3.0,3.0,1.0,5.0,0.0,3.0
BISWANATH,18-756,2024_06,100,0.0,33691.346,55299.768,667939.005,8.896,4.204,28.46,55.39,5.398,2.0,LST_ASSAM_2024_06.tif,41.571,4.0,3.0,1.0,5.0,0.0,4.0
BISWANATH,18-756,2024_07,100,0.0,33691.346,55299.768,667939.005,8.896,4.204,28.46,55.39,5.398,1.0,LST_ASSAM_2024_07.tif,35.124,3.0,3.0,1.0,5.0,0.0,3.0
BISWANATH,18-756,2024_08,100,0.0,33691.346,55299.768,667939.005,8.896,4.204,28.46,55.39,5.398,3.0,LST_ASSAM_2024_08.tif,30.695,5.0,3.0,1.0,5.0,0.0,4.0
BISWANATH,18-756,2024_09,100,0.0,33691.346,55299.768,667939.005,8.896,4.204,28.46,55.39,5.398,5.0,LST_ASSAM_2024_09.tif,47.891,4.0,3.0,1.0,5.0,0.0,4.0
BISWANATH,18-756,2024_10,100,0.0,33691.346,55299.768,667939.005,8.896,4.204,28.46,55.39,5.398,3.0,LST_ASSAM_2024_10.tif,26.192,3.0,3.0,1.0,5.0,0.0,3.0
BISWANATH,18-756,2024_11,100,0.0,33691.346,55299.768,667939.005,8.896,4.204,28.46,55.39,5.398,3.0,LST_ASSAM_2024_11.tif,5.11,4.0,3.0,1.0,5.0,0.0,4.0
BISWANATH,18-756,2024_12,100,0.0,33691.346,55299.768,667939.005,8.896,4.204,28.46,55.39,5.398,3.0,LST_ASSAM_2024_12.tif,0.0,3.0,3.0,1.0,5.0,0.0,2.0
BISWANATH,18-756,2025_01,100,0.0,34741.373,55399.929,671076.993,8.896,4.204,28.46,55.39,5.398,4.0,LST_ASSAM_2025_01.tif,0.0,3.0,3.0,1.0,5.0,0.0,2.0
BISWANATH,18-756,2025_02,100,0.0,34741.373,55399.929,671076.993,8.896,4.204,28.46,55.39,5.398,4.0,LST_ASSAM_2025_02.tif,0.465,3.0,3.0,1.0,5.0,0.0,3.0
BISWANATH,18-756,2025_03,100,0.0,34741.373,55399.929,671076.993,8.896,4.204,28.46,55.39,5.398,3.0,LST_ASSAM_2025_03.tif,28.897,3.0,3.0,1.0,5.0,0.0,3.0
BISWANATH,18-756,2025_04,100,0.0,34741.373,55399.929,671076.993,8.896,4.204,28.46,55.39,5.398,3.0,LST_ASSAM_2025_04.tif,0.0,2.0,3.0,1.0,5.0,0.0,2.0
BISWANATH,18-756,2025_05,100,0.0,34741.373,55399.929,671076.993,8.896,4.204,28.46,55.39,5.398,5.0,LST_ASSAM_2025_05.tif,6.925,3.0,3.0,1.0,5.0,0.0,3.0
BISWANATH,18-756,2025_06,100,0.0,34741.373,55399.929,671076.993,8.896,4.204,28.46,55.39,5.398,4.0,LST_ASSAM_2025_06.tif,59.12,4.0,3.0,1.0,5.0,0.0,4.0
BISWANATH,18-756,2025_07,100,0.0,34741.373,55399.929,671076.993,8.896,4.204,28.46,55.39,5.398,3.0,LST_ASSAM_2025_07.tif,34.145,4.0,3.0,1.0,5.0,0.0,4.0
BISWANATH,18-756,2025_08,100,0.0,34741.373,55399.929,671076.993,8.896,4.204,28.46,55.39,5.398,2.0,LST_ASSAM_2025_08.tif,9.043,4.0,3.0,1.0,5.0,0.0,4.0
BISWANATH,18-756,2025_09,100,0.0,34741.373,55399.929,671076.993,8.896,4.204,28.46,55.39,5.398,3.0,LST_ASSAM_2025_09.tif,21.588,3.0,3.0,1.0,5.0,0.0,3.0
BISWANATH,18-756,2025_10,100,0.0,34741.373,55399.929,671076.993,8.896,4.204,28.46,55.39,5.398,4.0,LST_ASSAM_2025_10.tif,55.355,4.0,3.0,1.0,5.0,0.0,4.0
BISWANATH,18-756,2025_11,100,0.0,34741.373,55399.929,671076.993,8.896,4.204,28.46,55.39,5.398,4.0,LST_ASSAM_2025_11.tif,3.198,4.0,3.0,1.0,5.0,0.0,3.0
BISWANATH,18-756,2025_12,100,2670000.0,34741.373,55399.929,671076.993,8.896,4.204,28.46,55.39,5.398,4.0,LST_ASSAM_2025_12.tif,0.0,3.0,3.0,1.0,5.0,2670000.0,2.0
BISWANATH,18-756,2026_01,100,0.0,35791.4,55500.09,674214.981,8.896,4.204,28.46,55.39,5.398,4.0,LST_ASSAM_2026_01.tif,0.0,3.0,3.0,1.0,5.0,2670000.0,2.0
BISWANATH,18-756,2026_02,100,0.0,35791.4,55500.09,674214.981,8.896,4.204,28.46,55.39,5.398,4.0,LST_ASSAM_2026_02.tif,13.353,4.0,3.0,1.0,5.0,2670000.0,3.0
BISWANATH,18-756,2026_03,100,0.0,35791.4,55500.09,674214.981,8.896,4.204,28.46,55.39,5.398,3.0,LST_ASSAM_2026_03.tif,28.451,4.0,3.0,1.0,5.0,2670000.0,4.0
BISWANATH,18-756,2026_04,100,0.0,35791.4,55500.09,674214.981,8.896,4.204,28.46,55.39,5.398,4.0,LST_ASSAM_2026_04.tif,0.0,3.0,3.0,1.0,5.0,0.0,1.0
BISWANATH,18-756,2026_05,100,0.0,35791.4,55500.09,674214.981,8.896,4.204,28.46,55.39,5.398,4.0,LST_ASSAM_2026_05.tif,0.0,3.0,3.0,1.0,5.0,0.0,3.0
BONGAIGAON,18-319,2021_04,88,0.0,33347.881,68142.86,796774.046,9.118,2.038,12.862,59.85,4.362,1.0,LST_ASSAM_2021_04.tif,0.323,3.0,2.0,2.0,5.0,0.0,2.0
BONGAIGAON,18-319,2021_05,88,0.0,33347.881,68142.86,796774.046,9.118,2.038,12.862,59.85,4.362,2.0,LST_ASSAM_2021_05.tif,13.293,3.0,2.0,2.0,5.0,0.0,3.0
BONGAIGAON,18-319,2021_06,88,0.0,33347.881,68142.86,796774.046,9.118,2.038,12.862,59.85,4.362,4.0,LST_ASSAM_2021_06.tif,23.847,3.0,2.0,2.0,5.0,0.0,3.0
BONGAIGAON,18-319,2021_07,88,0.0,33347.881,68142.86,796774.046,9.118,2.038,12.862,59.85,4.362,2.0,LST_ASSAM_2021_07.tif,16.59,3.0,2.0,2.0,5.0,0.0,3.0
BONGAIGAON,18-319,2021_08,88,0.0,33347.881,68142.86,796774.046,9.118,2.038,12.862,59.85,4.362,2.0,LST_ASSAM_2021_08.tif,6.863,2.0,2.0,2.0,5.0,0.0,2.0
BONGAIGAON,18-319,2021_09,88,0.0,33347.881,68142.86,796774.046,9.118,2.038,12.862,59.85,4.362,3.0,LST_ASSAM_2021_09.tif,15.517,3.0,2.0,2.0,5.0,0.0,3.0
BONGAIGAON,18-319,2021_10,88,0.0,33347.881,68142.86,796774.046,9.118,2.038,12.862,59.85,4.362,3.0,LST_ASSAM_2021_10.tif,55.133,3.0,2.0,2.0,5.0,0.0,4.0
BONGAIGAON,18-319,2021_11,88,0.0,33347.881,68142.86,796774.046,9.118,2.038,12.862,59.85,4.362,4.0,LST_ASSAM_2021_11.tif,0.0,3.0,2.0,2.0,5.0,0.0,2.0
BONGAIGAON,18-319,2021_12,88,0.0,33347.881,68142.86,796774.046,9.118,2.038,12.862,59.85,4.362,4.0,LST_ASSAM_2021_12.tif,0.0,3.0,2.0,2.0,5.0,0.0,2.0
BONGAIGAON,18-319,2022_01,88,0.0,34649.098,68670.942,805116.92,9.118,2.038,12.862,59.85,4.362,3.0,LST_ASSAM_2022_01.tif,0.0,3.0,2.0,2.0,5.0,0.0,2.0
BONGAIGAON,18-319,2022_02,88,0.0,34649.098,68670.942,805116.92,9.118,2.038,12.862,59.85,4.362,3.0,LST_ASSAM_2022_02.tif,0.0,3.0,2.0,2.0,5.0,0.0,2.0
BONGAIGAON,18-319,2022_03,88,0.0,34649.098,68670.942,805116.92,9.118,2.038,12.862,59.85,4.362,3.0,LST_ASSAM_2022_03.tif,67.207,3.0,2.0,2.0,5.0,0.0,4.0
BONGAIGAON,18-319,2022_04,88,0.0,34649.098,68670.942,805116.92,9.118,2.038,12.862,59.85,4.362,1.0,LST_ASSAM_2022_04.tif,0.0,3.0,2.0,2.0,5.0,0.0,2.0
BONGAIGAON,18-319,2022_05,88,0.0,34649.098,68670.942,805116.92,9.118,2.038,12.862,59.85,4.362,2.0,LST_ASSAM_2022_05.tif,5.927,5.0,2.0,2.0,5.0,0.0,4.0
BONGAIGAON,18-319,2022_06,88,0.0,34649.098,68670.942,805116.92,9.118,2.038,12.862,59.85,4.362,3.0,LST_ASSAM_2022_06.tif,6.523,3.0,2.0,2.0,5.0,0.0,3.0
BONGAIGAON,18-319,2022_07,88,0.0,34649.098,68670.942,805116.92,9.118,2.038,12.862,59.85,4.362,1.0,LST_ASSAM_2022_07.tif,23.79,3.0,2.0,2.0,5.0,0.0,3.0
BONGAIGAON,18-319,2022_08,88,0.0,34649.098,68670.942,805116.92,9.118,2.038,12.862,59.85,4.362,1.0,LST_ASSAM_2022_08.tif,25.203,3.0,2.0,2.0,5.0,0.0,4.0
BONGAIGAON,18-319,2022_09,88,0.0,34649.098,68670.942,805116.92,9.118,2.038,12.862,59.85,4.362,4.0,LST_ASSAM_2022_09.tif,3.7,3.0,2.0,2.0,5.0,0.0,3.0
BONGAIGAON,18-319,2022_10,88,0.0,34649.098,68670.942,805116.92,9.118,2.038,12.862,59.85,4.362,4.0,LST_ASSAM_2022_10.tif,38.75,3.0,2.0,2.0,5.0,0.0,3.0
BONGAIGAON,18-319,2022_11,88,0.0,34649.098,68670.942,805116.92,9.118,2.038,12.862,59.85,4.362,4.0,LST_ASSAM_2022_11.tif,0.0,3.0,2.0,2.0,5.0,0.0,2.0
BONGAIGAON,18-319,2022_12,88,0.0,34649.098,68670.942,805116.92,9.118,2.038,12.862,59.85,4.362,4.0,LST_ASSAM_2022_12.tif,0.0,3.0,2.0,2.0,5.0,0.0,2.0
BONGAIGAON,18-319,2023_01,88,0.0,35950.315,69199.024,813459.793,9.118,2.038,12.862,59.85,4.362,4.0,LST_ASSAM_2023_01.tif,0.0,2.0,2.0,2.0,5.0,0.0,2.0
BONGAIGAON,18-319,2023_02,88,0.0,35950.315,69199.024,813459.793,9.118,2.038,12.862,59.85,4.362,3.0,LST_ASSAM_2023_02.tif,0.0,2.0,2.0,2.0,5.0,0.0,2.0
BONGAIGAON,18-319,2023_03,88,0.0,35950.315,69199.024,813459.793,9.118,2.038,12.862,59.85,4.362,2.0,LST_ASSAM_2023_03.tif,24.403,3.0,2.0,2.0,5.0,0.0,3.0
BONGAIGAON,18-319,2023_04,88,0.0,35950.315,69199.024,813459.793,9.118,2.038,12.862,59.85,4.362,2.0,LST_ASSAM_2023_04.tif,7.397,4.0,2.0,2.0,5.0,0.0,4.0
BONGAIGAON,18-319,2023_05,88,0.0,35950.315,69199.024,813459.793,9.118,2.038,12.862,59.85,4.362,3.0,LST_ASSAM_2023_05.tif,6.99,4.0,2.0,2.0,5.0,0.0,4.0
BONGAIGAON,18-319,2023_06,88,0.0,35950.315,69199.024,813459.793,9.118,2.038,12.862,59.85,4.362,4.0,LST_ASSAM_2023_06.tif,37.623,3.0,2.0,2.0,5.0,0.0,4.0
BONGAIGAON,18-319,2023_07,88,0.0,35950.315,69199.024,813459.793,9.118,2.038,12.862,59.85,4.362,1.0,LST_ASSAM_2023_07.tif,31.75,4.0,2.0,2.0,5.0,0.0,4.0
BONGAIGAON,18-319,2023_08,88,0.0,35950.315,69199.024,813459.793,9.118,2.038,12.862,59.85,4.362,2.0,LST_ASSAM_2023_08.tif,25.177,5.0,2.0,2.0,5.0,0.0,4.0
BONGAIGAON,18-319,2023_09,88,0.0,35950.315,69199.024,813459.793,9.118,2.038,12.862,59.85,4.362,3.0,LST_ASSAM_2023_09.tif,39.853,3.0,2.0,2.0,5.0,0.0,3.0
BONGAIGAON,18-319,2023_10,88,0.0,35950.315,69199.024,813459.793,9.118,2.038,12.862,59.85,4.362,4.0,LST_ASSAM_2023_10.tif,37.473,3.0,2.0,2.0,5.0,0.0,4.0
BONGAIGAON,18-319,2023_11,88,0.0,35950.315,69199.024,813459.793,9.118,2.038,12.862,59.85,4.362,5.0,LST_ASSAM_2023_11.tif,1.65,4.0,2.0,2.0,5.0,0.0,4.0
BONGAIGAON,18-319,2023_12,88,0.0,35950.315,69199.024,813459.793,9.118,2.038,12.862,59.85,4.362,4.0,LST_ASSAM_2023_12.tif,0.0,3.0,2.0,2.0,5.0,0.0,2.0
BONGAIGAON,18-319,2024_01,88,0.0,37251.532,69727.106,821802.666,9.118,2.038,12.862,59.85,4.362,3.0,LST_ASSAM_2024_01.tif,0.0,3.0,2.0,2.0,5.0,0.0,2.0
BONGAIGAON,18-319,2024_02,88,0.0,37251.532,69727.106,821802.666,9.118,2.038,12.862,59.85,4.362,3.0,LST_ASSAM_2024_02.tif,0.0,3.0,2.0,2.0,5.0,0.0,2.0
BONGAIGAON,18-319,2024_03,88,0.0,37251.532,69727.106,821802.666,9.118,2.038,12.862,59.85,4.362,3.0,LST_ASSAM_2024_03.tif,27.72,3.0,2.0,2.0,5.0,0.0,3.0
BONGAIGAON,18-319,2024_04,88,0.0,37251.532,69727.106,821802.666,9.118,2.038,12.862,59.85,4.362,3.0,LST_ASSAM_2024_04.tif,2.08,3.0,2.0,2.0,5.0,0.0,2.0
BONGAIGAON,18-319,2024_05,88,0.0,37251.532,69727.106,821802.666,9.118,2.038,12.862,59.85,4.362,4.0,LST_ASSAM_2024_05.tif,33.187,3.0,2.0,2.0,5.0,0.0,3.0
BONGAIGAON,18-319,2024_06,88,0.0,37251.532,69727.106,821802.666,9.118,2.038,12.862,59.85,4.362,3.0,LST_ASSAM_2024_06.tif,34.7,3.0,2.0,2.0,5.0,0.0,3.0
BONGAIGAON,18-319,2024_07,88,0.0,37251.532,69727.106,821802.666,9.118,2.038,12.862,59.85,4.362,1.0,LST_ASSAM_2024_07.tif,45.24,4.0,2.0,2.0,5.0,0.0,4.0
BONGAIGAON,18-319,2024_08,88,0.0,37251.532,69727.106,821802.666,9.118,2.038,12.862,59.85,4.362,1.0,LST_ASSAM_2024_08.tif,21.46,3.0,2.0,2.0,5.0,0.0,3.0
BONGAIGAON,18-319,2024_09,88,0.0,37251.532,69727.106,821802.666,9.118,2.038,12.862,59.85,4.362,4.0,LST_ASSAM_2024_09.tif,45.6,4.0,2.0,2.0,5.0,0.0,4.0
BONGAIGAON,18-319,2024_10,88,0.0,37251.532,69727.106,821802.666,9.118,2.038,12.862,59.85,4.362,4.0,LST_ASSAM_2024_10.tif,31.85,4.0,2.0,2.0,5.0,0.0,4.0
BONGAIGAON,18-319,2024_11,88,0.0,37251.532,69727.106,821802.666,9.118,2.038,12.862,59.85,4.362,4.0,LST_ASSAM_2024_11.tif,4.3,4.0,2.0,2.0,5.0,0.0,4.0
BONGAIGAON,18-319,2024_12,88,0.0,37251.532,69727.106,821802.666,9.118,2.038,12.862,59.85,4.362,4.0,LST_ASSAM_2024_12.tif,0.0,3.0,2.0,2.0,5.0,0.0,2.0
BONGAIGAON,18-319,2025_01,88,0.0,38552.749,70255.188,830145.54,9.118,2.038,12.862,59.85,4.362,4.0,LST_ASSAM_2025_01.tif,0.0,3.0,2.0,2.0,5.0,0.0,2.0
BONGAIGAON,18-319,2025_02,88,0.0,38552.749,70255.188,830145.54,9.118,2.038,12.862,59.85,4.362,3.0,LST_ASSAM_2025_02.tif,0.0,2.0,2.0,2.0,5.0,0.0,2.0
BONGAIGAON,18-319,2025_03,88,0.0,38552.749,70255.188,830145.54,9.118,2.038,12.862,59.85,4.362,3.0,LST_ASSAM_2025_03.tif,33.88,3.0,2.0,2.0,5.0,0.0,3.0
BONGAIGAON,18-319,2025_04,88,0.0,38552.749,70255.188,830145.54,9.118,2.038,12.862,59.85,4.362,3.0,LST_ASSAM_2025_04.tif,0.9,3.0,2.0,2.0,5.0,0.0,3.0
BONGAIGAON,18-319,2025_05,88,0.0,38552.749,70255.188,830145.54,9.118,2.038,12.862,59.85,4.362,4.0,LST_ASSAM_2025_05.tif,8.643,3.0,2.0,2.0,5.0,0.0,3.0
BONGAIGAON,18-319,2025_06,88,0.0,38552.749,70255.188,830145.54,9.118,2.038,12.862,59.85,4.362,3.0,LST_ASSAM_2025_06.tif,47.083,3.0,2.0,2.0,5.0,0.0,4.0
BONGAIGAON,18-319,2025_07,88,0.0,38552.749,70255.188,830145.54,9.118,2.038,12.862,59.85,4.362,3.0,LST_ASSAM_2025_07.tif,25.033,2.0,2.0,2.0,5.0,0.0,2.0
BONGAIGAON,18-319,2025_08,88,0.0,38552.749,70255.188,830145.54,9.118,2.038,12.862,59.85,4.362,1.0,LST_ASSAM_2025_08.tif,9.337,4.0,2.0,2.0,5.0,0.0,4.0
BONGAIGAON,18-319,2025_09,88,0.0,38552.749,70255.188,830145.54,9.118,2.038,12.862,59.85,4.362,4.0,LST_ASSAM_2025_09.tif,20.767,3.0,2.0,2.0,5.0,0.0,3.0
BONGAIGAON,18-319,2025_10,88,0.0,38552.749,70255.188,830145.54,9.118,2.038,12.862,59.85,4.362,4.0,LST_ASSAM_2025_10.tif,55.39,4.0,2.0,2.0,5.0,0.0,4.0
BONGAIGAON,18-319,2025_11,88,0.0,38552.749,70255.188,830145.54,9.118,2.038,12.862,59.85,4.362,5.0,LST_ASSAM_2025_11.tif,2.893,3.0,2.0,2.0,5.0,0.0,3.0
BONGAIGAON,18-319,2025_12,88,0.0,38552.749,70255.188,830145.54,9.118,2.038,12.862,59.85,4.362,4.0,LST_ASSAM_2025_12.tif,0.0,3.0,2.0,2.0,5.0,0.0,2.0
BONGAIGAON,18-319,2026_01,88,0.0,39853.966,70783.27,838488.413,9.118,2.038,12.862,59.85,4.362,3.0,LST_ASSAM_2026_01.tif,0.0,3.0,2.0,2.0,5.0,0.0,2.0
BONGAIGAON,18-319,2026_02,88,0.0,39853.966,70783.27,838488.413,9.118,2.038,12.862,59.85,4.362,2.0,LST_ASSAM_2026_02.tif,3.777,2.0,2.0,2.0,5.0,0.0,2.0
BONGAIGAON,18-319,2026_03,88,0.0,39853.966,70783.27,838488.413,9.118,2.038,12.862,59.85,4.362,2.0,LST_ASSAM_2026_03.tif,19.64,2.0,2.0,2.0,5.0,0.0,2.0
BONGAIGAON,18-319,2026_04,88,0.0,39853.966,70783.27,838488.413,9.118,2.038,12.862,59.85,4.362,2.0,LST_ASSAM_2026_04.tif,0.0,3.0,2.0,2.0,5.0,0.0,2.0
BONGAIGAON,18-319,2026_05,88,0.0,39853.966,70783.27,838488.413,9.118,2.038,12.862,59.85,4.362,4.0,LST_ASSAM_2026_05.tif,0.0,3.0,2.0,2.0,5.0,0.0,3.0
CACHAR,18-316,2021_04,176,0.0,103558.458,184741.426,2087230.487,9.771,8.534,15.871,69.81,4.283,1.0,LST_ASSAM_2021_04.tif,1.573,5.0,5.0,1.0,5.0,0.0,4.0
CACHAR,18-316,2021_05,176,0.0,103558.458,184741.426,2087230.487,9.771,8.534,15.871,69.81,4.283,3.0,LST_ASSAM_2021_05.tif,17.732,4.0,5.0,1.0,5.0,0.0,3.0
CACHAR,18-316,2021_06,176,0.0,103558.458,184741.426,2087230.487,9.771,8.534,15.871,69.81,4.283,3.0,LST_ASSAM_2021_06.tif,12.014,1.0,5.0,1.0,5.0,0.0,2.0
CACHAR,18-316,2021_07,176,0.0,103558.458,184741.426,2087230.487,9.771,8.534,15.871,69.81,4.283,3.0,LST_ASSAM_2021_07.tif,16.457,3.0,5.0,1.0,5.0,0.0,3.0
CACHAR,18-316,2021_08,176,0.0,103558.458,184741.426,2087230.487,9.771,8.534,15.871,69.81,4.283,5.0,LST_ASSAM_2021_08.tif,5.398,1.0,5.0,1.0,5.0,0.0,2.0
CACHAR,18-316,2021_09,176,0.0,103558.458,184741.426,2087230.487,9.771,8.534,15.871,69.81,4.283,4.0,LST_ASSAM_2021_09.tif,23.24,5.0,5.0,1.0,5.0,0.0,4.0
CACHAR,18-316,2021_10,176,0.0,103558.458,184741.426,2087230.487,9.771,8.534,15.871,69.81,4.283,3.0,LST_ASSAM_2021_10.tif,52.777,3.0,5.0,1.0,5.0,0.0,3.0
CACHAR,18-316,2021_11,176,0.0,103558.458,184741.426,2087230.487,9.771,8.534,15.871,69.81,4.283,3.0,LST_ASSAM_2021_11.tif,0.0,3.0,5.0,1.0,5.0,0.0,2.0
CACHAR,18-316,2021_12,176,0.0,103558.458,184741.426,2087230.487,9.771,8.534,15.871,69.81,4.283,3.0,LST_ASSAM_2021_12.tif,0.0,3.0,5.0,1.0,5.0,0.0,2.0
CACHAR,18-316,2022_01,176,0.0,107624.536,186199.892,2109649.55,9.771,8.534,15.871,69.81,4.283,3.0,LST_ASSAM_2022_01.tif,0.34,3.0,5.0,1.0,5.0,0.0,2.0
CACHAR,18-316,2022_02,176,0.0,107624.536,186199.892,2109649.55,9.771,8.534,15.871,69.81,4.283,3.0,LST_ASSAM_2022_02.tif,0.28,3.0,5.0,1.0,5.0,0.0,2.0
CACHAR,18-316,2022_03,176,0.0,107624.536,186199.892,2109649.55,9.771,8.534,15.871,69.81,4.283,3.0,LST_ASSAM_2022_03.tif,62.105,3.0,5.0,1.0,5.0,0.0,3.0
CACHAR,18-316,2022_04,176,0.0,107624.536,186199.892,2109649.55,9.771,8.534,15.871,69.81,4.283,2.0,LST_ASSAM_2022_04.tif,2.105,5.0,5.0,1.0,5.0,0.0,4.0
CACHAR,18-316,2022_05,176,0.0,107624.536,186199.892,2109649.55,9.771,8.534,15.871,69.81,4.283,2.0,LST_ASSAM_2022_05.tif,0.534,1.0,5.0,1.0,5.0,0.0,2.0
CACHAR,18-316,2022_06,176,0.0,107624.536,186199.892,2109649.55,9.771,8.534,15.871,69.81,4.283,4.0,LST_ASSAM_2022_06.tif,0.374,1.0,5.0,1.0,5.0,0.0,2.0
CACHAR,18-316,2022_07,176,4999800.0,107624.536,186199.892,2109649.55,9.771,8.534,15.871,69.81,4.283,3.0,LST_ASSAM_2022_07.tif,26.161,3.0,5.0,1.0,4.0,4999800.0,3.0
CACHAR,18-316,2022_08,176,0.0,107624.536,186199.892,2109649.55,9.771,8.534,15.871,69.81,4.283,3.0,LST_ASSAM_2022_08.tif,22.428,2.0,5.0,1.0,5.0,4999800.0,3.0
CACHAR,18-316,2022_09,176,0.0,107624.536,186199.892,2109649.55,9.771,8.534,15.871,69.81,4.283,5.0,LST_ASSAM_2022_09.tif,15.839,5.0,5.0,1.0,5.0,4999800.0,4.0
CACHAR,18-316,2022_10,176,0.0,107624.536,186199.892,2109649.55,9.771,8.534,15.871,69.81,4.283,4.0,LST_ASSAM_2022_10.tif,43.257,4.0,5.0,1.0,5.0,4999800.0,4.0
CACHAR,18-316,2022_11,176,0.0,107624.536,186199.892,2109649.55,9.771,8.534,15.871,69.81,4.283,4.0,LST_ASSAM_2022_11.tif,0.176,4.0,5.0,1.0,5.0,4999800.0,3.0
CACHAR,18-316,2022_12,176,0.0,107624.536,186199.892,2109649.55,9.771,8.534,15.871,69.81,4.283,3.0,LST_ASSAM_2022_12.tif,0.0,3.0,5.0,1.0,5.0,4999800.0,2.0
CACHAR,18-316,2023_01,176,0.0,111690.614,187658.358,2132068.613,9.771,8.534,15.871,69.81,4.283,4.0,LST_ASSAM_2023_01.tif,0.06,2.0,5.0,1.0,5.0,4999800.0,2.0
CACHAR,18-316,2023_02,176,0.0,111690.614,187658.358,2132068.613,9.771,8.534,15.871,69.81,4.283,4.0,LST_ASSAM_2023_02.tif,1.029,3.0,5.0,1.0,5.0,4999800.0,3.0
CACHAR,18-316,2023_03,176,0.0,111690.614,187658.358,2132068.613,9.771,8.534,15.871,69.81,4.283,4.0,LST_ASSAM_2023_03.tif,41.536,5.0,5.0,1.0,5.0,4999800.0,4.0
CACHAR,18-316,2023_04,176,0.0,111690.614,187658.358,2132068.613,9.771,8.534,15.871,69.81,4.283,3.0,LST_ASSAM_2023_04.tif,7.315,4.0,5.0,1.0,5.0,0.0,3.0
CACHAR,18-316,2023_05,176,0.0,111690.614,187658.358,2132068.613,9.771,8.534,15.871,69.81,4.283,2.0,LST_ASSAM_2023_05.tif,8.87,5.0,5.0,1.0,5.0,0.0,4.0
CACHAR,18-316,2023_06,176,0.0,111690.614,187658.358,2132068.613,9.771,8.534,15.871,69.81,4.283,2.0,LST_ASSAM_2023_06.tif,40.722,4.0,5.0,1.0,5.0,0.0,4.0
CACHAR,18-316,2023_07,176,0.0,111690.614,187658.358,2132068.613,9.771,8.534,15.871,69.81,4.283,3.0,LST_ASSAM_2023_07.tif,32.703,4.0,5.0,1.0,5.0,0.0,4.0
CACHAR,18-316,2023_08,176,0.0,111690.614,187658.358,2132068.613,9.771,8.534,15.871,69.81,4.283,5.0,LST_ASSAM_2023_08.tif,17.044,2.0,5.0,1.0,5.0,0.0,3.0
CACHAR,18-316,2023_09,176,0.0,111690.614,187658.358,2132068.613,9.771,8.534,15.871,69.81,4.283,3.0,LST_ASSAM_2023_09.tif,38.21,3.0,5.0,1.0,5.0,0.0,3.0
CACHAR,18-316,2023_10,176,0.0,111690.614,187658.358,2132068.613,9.771,8.534,15.871,69.81,4.283,5.0,LST_ASSAM_2023_10.tif,35.591,3.0,5.0,1.0,5.0,0.0,3.0
CACHAR,18-316,2023_11,176,0.0,111690.614,187658.358,2132068.613,9.771,8.534,15.871,69.81,4.283,3.0,LST_ASSAM_2023_11.tif,1.925,4.0,5.0,1.0,5.0,0.0,4.0
CACHAR,18-316,2023_12,176,0.0,111690.614,187658.358,2132068.613,9.771,8.534,15.871,69.81,4.283,3.0,LST_ASSAM_2023_12.tif,0.0,3.0,5.0,1.0,5.0,0.0,2.0
CACHAR,18-316,2024_01,176,0.0,115756.692,189116.824,2154487.675,9.771,8.534,15.871,69.81,4.283,3.0,LST_ASSAM_2024_01.tif,0.04,3.0,5.0,1.0,5.0,0.0,2.0
CACHAR,18-316,2024_02,176,0.0,115756.692,189116.824,2154487.675,9.771,8.534,15.871,69.81,4.283,2.0,LST_ASSAM_2024_02.tif,0.04,3.0,5.0,1.0,5.0,0.0,2.0
CACHAR,18-316,2024_03,176,7144127.0,115756.692,189116.824,2154487.675,9.771,8.534,15.871,69.81,4.283,2.0,LST_ASSAM_2024_03.tif,26.316,3.0,5.0,1.0,5.0,7144127.0,3.0
CACHAR,18-316,2024_04,176,2025000.0,115756.692,189116.824,2154487.675,9.771,8.534,15.871,69.81,4.283,2.0,LST_ASSAM_2024_04.tif,18.696,5.0,5.0,1.0,2.0,2025000.0,4.0
CACHAR,18-316,2024_05,176,0.0,115756.692,189116.824,2154487.675,9.771,8.534,15.871,69.81,4.283,1.0,LST_ASSAM_2024_05.tif,48.445,5.0,5.0,1.0,4.0,2025000.0,4.0
CACHAR,18-316,2024_06,176,0.0,115756.692,189116.824,2154487.675,9.771,8.534,15.871,69.81,4.283,4.0,LST_ASSAM_2024_06.tif,37.128,3.0,5.0,1.0,4.0,2025000.0,3.0
CACHAR,18-316,2024_07,176,0.0,115756.692,189116.824,2154487.675,9.771,8.534,15.871,69.81,4.283,3.0,LST_ASSAM_2024_07.tif,37.242,3.0,5.0,1.0,5.0,2025000.0,3.0
CACHAR,18-316,2024_08,176,0.0,115756.692,189116.824,2154487.675,9.771,8.534,15.871,69.81,4.283,4.0,LST_ASSAM_2024_08.tif,12.62,1.0,5.0,1.0,5.0,2025000.0,2.0
CACHAR,18-316,2024_09,176,0.0,115756.692,189116.824,2154487.675,9.771,8.534,15.871,69.81,4.283,3.0,LST_ASSAM_2024_09.tif,44.224,3.0,5.0,1.0,5.0,2025000.0,3.0
CACHAR,18-316,2024_10,176,0.0,115756.692,189116.824,2154487.675,9.771,8.534,15.871,69.81,4.283,5.0,LST_ASSAM_2024_10.tif,36.591,4.0,5.0,1.0,5.0,2025000.0,4.0
CACHAR,18-316,2024_11,176,0.0,115756.692,189116.824,2154487.675,9.771,8.534,15.871,69.81,4.283,4.0,LST_ASSAM_2024_11.tif,4.839,4.0,5.0,1.0,5.0,2025000.0,4.0
CACHAR,18-316,2024_12,176,0.0,115756.692,189116.824,2154487.675,9.771,8.534,15.871,69.81,4.283,4.0,LST_ASSAM_2024_12.tif,0.0,3.0,5.0,1.0,5.0,2025000.0,2.0
CACHAR,18-316,2025_01,176,0.0,119822.77,190575.29,2176906.738,9.771,8.534,15.871,69.81,4.283,5.0,LST_ASSAM_2025_01.tif,0.0,3.0,5.0,1.0,5.0,2025000.0,2.0
CACHAR,18-316,2025_02,176,0.0,119822.77,190575.29,2176906.738,9.771,8.534,15.871,69.81,4.283,4.0,LST_ASSAM_2025_02.tif,0.0,2.0,5.0,1.0,5.0,2025000.0,2.0
CACHAR,18-316,2025_03,176,0.0,119822.77,190575.29,2176906.738,9.771,8.534,15.871,69.81,4.283,3.0,LST_ASSAM_2025_03.tif,37.397,4.0,5.0,1.0,5.0,2025000.0,4.0
CACHAR,18-316,2025_04,176,7200000.0,119822.77,190575.29,2176906.738,9.771,8.534,15.871,69.81,4.283,3.0,LST_ASSAM_2025_04.tif,0.123,3.0,5.0,1.0,2.0,7200000.0,2.0
CACHAR,18-316,2025_05,176,0.0,119822.77,190575.29,2176906.738,9.771,8.534,15.871,69.81,4.283,3.0,LST_ASSAM_2025_05.tif,15.661,5.0,5.0,1.0,3.0,7200000.0,4.0
CACHAR,18-316,2025_06,176,0.0,119822.77,190575.29,2176906.738,9.771,8.534,15.871,69.81,4.283,3.0,LST_ASSAM_2025_06.tif,34.756,2.0,5.0,1.0,4.0,7200000.0,2.0
CACHAR,18-316,2025_07,176,9000000.0,119822.77,190575.29,2176906.738,9.771,8.534,15.871,69.81,4.283,2.0,LST_ASSAM_2025_07.tif,26.613,3.0,5.0,1.0,3.0,16200000.0,3.0
CACHAR,18-316,2025_08,176,0.0,119822.77,190575.29,2176906.738,9.771,8.534,15.871,69.81,4.283,3.0,LST_ASSAM_2025_08.tif,10.578,5.0,5.0,1.0,3.0,16200000.0,4.0
CACHAR,18-316,2025_09,176,0.0,119822.77,190575.29,2176906.738,9.771,8.534,15.871,69.81,4.283,3.0,LST_ASSAM_2025_09.tif,28.877,5.0,5.0,1.0,4.0,16200000.0,4.0
CACHAR,18-316,2025_10,176,0.0,119822.77,190575.29,2176906.738,9.771,8.534,15.871,69.81,4.283,3.0,LST_ASSAM_2025_10.tif,57.137,4.0,5.0,1.0,4.0,16200000.0,4.0
CACHAR,18-316,2025_11,176,31350240.0,119822.77,190575.29,2176906.738,9.771,8.534,15.871,69.81,4.283,3.0,LST_ASSAM_2025_11.tif,4.522,5.0,5.0,1.0,4.0,47550240.0,4.0
CACHAR,18-316,2025_12,176,6500000.0,119822.77,190575.29,2176906.738,9.771,8.534,15.871,69.81,4.283,4.0,LST_ASSAM_2025_12.tif,0.0,3.0,5.0,1.0,4.0,54050240.0,2.0
CACHAR,18-316,2026_01,176,0.0,123888.848,192033.756,2199325.8,9.771,8.534,15.871,69.81,4.283,4.0,LST_ASSAM_2026_01.tif,0.0,3.0,5.0,1.0,5.0,54050240.0,2.0
CACHAR,18-316,2026_02,176,0.0,123888.848,192033.756,2199325.8,9.771,8.534,15.871,69.81,4.283,3.0,LST_ASSAM_2026_02.tif,5.346,3.0,5.0,1.0,5.0,54050240.0,3.0
CACHAR,18-316,2026_03,176,0.0,123888.848,192033.756,2199325.8,9.771,8.534,15.871,69.81,4.283,2.0,LST_ASSAM_2026_03.tif,26.978,3.0,5.0,1.0,5.0,54050240.0,3.0
CACHAR,18-316,2026_04,176,0.0,123888.848,192033.756,2199325.8,9.771,8.534,15.871,69.81,4.283,1.0,LST_ASSAM_2026_04.tif,0.0,3.0,5.0,1.0,5.0,0.0,2.0
CACHAR,18-316,2026_05,176,0.0,123888.848,192033.756,2199325.8,9.771,8.534,15.871,69.81,4.283,3.0,LST_ASSAM_2026_05.tif,0.0,3.0,5.0,1.0,5.0,0.0,3.0
CHARAIDEO,18-755,2021_04,82,0.0,16076.055,22418.736,495615.904,8.624,3.803,19.713,97.38,4.332,5.0,LST_ASSAM_2021_04.tif,0.0,2.0,3.0,1.0,5.0,0.0,1.0
CHARAIDEO,18-755,2021_05,82,0.0,16076.055,22418.736,495615.904,8.624,3.803,19.713,97.38,4.332,5.0,LST_ASSAM_2021_05.tif,13.656,3.0,3.0,1.0,5.0,0.0,3.0
CHARAIDEO,18-755,2021_06,82,0.0,16076.055,22418.736,495615.904,8.624,3.803,19.713,97.38,4.332,3.0,LST_ASSAM_2021_06.tif,25.144,3.0,3.0,1.0,5.0,0.0,3.0
CHARAIDEO,18-755,2021_07,82,0.0,16076.055,22418.736,495615.904,8.624,3.803,19.713,97.38,4.332,5.0,LST_ASSAM_2021_07.tif,16.3,3.0,3.0,1.0,5.0,0.0,3.0
CHARAIDEO,18-755,2021_08,82,0.0,16076.055,22418.736,495615.904,8.624,3.803,19.713,97.38,4.332,4.0,LST_ASSAM_2021_08.tif,9.633,3.0,3.0,1.0,5.0,0.0,3.0
CHARAIDEO,18-755,2021_09,82,0.0,16076.055,22418.736,495615.904,8.624,3.803,19.713,97.38,4.332,5.0,LST_ASSAM_2021_09.tif,15.667,3.0,3.0,1.0,5.0,0.0,3.0
CHARAIDEO,18-755,2021_10,82,0.0,16076.055,22418.736,495615.904,8.624,3.803,19.713,97.38,4.332,4.0,LST_ASSAM_2021_10.tif,62.322,4.0,3.0,1.0,5.0,0.0,4.0
CHARAIDEO,18-755,2021_11,82,0.0,16076.055,22418.736,495615.904,8.624,3.803,19.713,97.38,4.332,3.0,LST_ASSAM_2021_11.tif,0.0,3.0,3.0,1.0,5.0,0.0,2.0
CHARAIDEO,18-755,2021_12,82,0.0,16076.055,22418.736,495615.904,8.624,3.803,19.713,97.38,4.332,3.0,LST_ASSAM_2021_12.tif,0.0,3.0,3.0,1.0,5.0,0.0,2.0
CHARAIDEO,18-755,2022_01,82,0.0,16626.232,22453.542,496729.8,8.624,3.803,19.713,97.38,4.332,3.0,LST_ASSAM_2022_01.tif,0.111,3.0,3.0,1.0,5.0,0.0,2.0
CHARAIDEO,18-755,2022_02,82,0.0,16626.232,22453.542,496729.8,8.624,3.803,19.713,97.38,4.332,5.0,LST_ASSAM_2022_02.tif,0.056,3.0,3.0,1.0,5.0,0.0,2.0
CHARAIDEO,18-755,2022_03,82,0.0,16626.232,22453.542,496729.8,8.624,3.803,19.713,97.38,4.332,3.0,LST_ASSAM_2022_03.tif,73.211,4.0,3.0,1.0,5.0,0.0,4.0
CHARAIDEO,18-755,2022_04,82,0.0,16626.232,22453.542,496729.8,8.624,3.803,19.713,97.38,4.332,4.0,LST_ASSAM_2022_04.tif,0.0,3.0,3.0,1.0,5.0,0.0,2.0
CHARAIDEO,18-755,2022_05,82,0.0,16626.232,22453.542,496729.8,8.624,3.803,19.713,97.38,4.332,4.0,LST_ASSAM_2022_05.tif,3.689,3.0,3.0,1.0,5.0,0.0,3.0
CHARAIDEO,18-755,2022_06,82,0.0,16626.232,22453.542,496729.8,8.624,3.803,19.713,97.38,4.332,0.0,LST_ASSAM_2022_06.tif,8.289,4.0,3.0,1.0,5.0,0.0,4.0
CHARAIDEO,18-755,2022_07,82,0.0,16626.232,22453.542,496729.8,8.624,3.803,19.713,97.38,4.332,4.0,LST_ASSAM_2022_07.tif,21.3,2.0,3.0,1.0,5.0,0.0,2.0
CHARAIDEO,18-755,2022_08,82,0.0,16626.232,22453.542,496729.8,8.624,3.803,19.713,97.38,4.332,4.0,LST_ASSAM_2022_08.tif,33.689,4.0,3.0,1.0,5.0,0.0,4.0
CHARAIDEO,18-755,2022_09,82,0.0,16626.232,22453.542,496729.8,8.624,3.803,19.713,97.38,4.332,3.0,LST_ASSAM_2022_09.tif,2.5,2.0,3.0,1.0,5.0,0.0,2.0
CHARAIDEO,18-755,2022_10,82,0.0,16626.232,22453.542,496729.8,8.624,3.803,19.713,97.38,4.332,3.0,LST_ASSAM_2022_10.tif,40.856,4.0,3.0,1.0,5.0,0.0,4.0
CHARAIDEO,18-755,2022_11,82,0.0,16626.232,22453.542,496729.8,8.624,3.803,19.713,97.38,4.332,3.0,LST_ASSAM_2022_11.tif,0.0,3.0,3.0,1.0,5.0,0.0,2.0
CHARAIDEO,18-755,2022_12,82,0.0,16626.232,22453.542,496729.8,8.624,3.803,19.713,97.38,4.332,3.0,LST_ASSAM_2022_12.tif,0.0,3.0,3.0,1.0,5.0,0.0,2.0
CHARAIDEO,18-755,2023_01,82,0.0,17176.409,22488.348,497843.696,8.624,3.803,19.713,97.38,4.332,3.0,LST_ASSAM_2023_01.tif,1.0,4.0,2.0,1.0,5.0,0.0,3.0
CHARAIDEO,18-755,2023_02,82,0.0,17176.409,22488.348,497843.696,8.624,3.803,19.713,97.38,4.332,3.0,LST_ASSAM_2023_02.tif,7.344,5.0,2.0,1.0,5.0,0.0,4.0
CHARAIDEO,18-755,2023_03,82,0.0,17176.409,22488.348,497843.696,8.624,3.803,19.713,97.38,4.332,3.0,LST_ASSAM_2023_03.tif,30.989,4.0,2.0,1.0,5.0,0.0,3.0
CHARAIDEO,18-755,2023_04,82,0.0,17176.409,22488.348,497843.696,8.624,3.803,19.713,97.38,4.332,1.0,LST_ASSAM_2023_04.tif,0.0,2.0,2.0,1.0,5.0,0.0,2.0
CHARAIDEO,18-755,2023_05,82,0.0,17176.409,22488.348,497843.696,8.624,3.803,19.713,97.38,4.332,3.0,LST_ASSAM_2023_05.tif,4.578,2.0,2.0,1.0,5.0,0.0,2.0
CHARAIDEO,18-755,2023_06,82,0.0,17176.409,22488.348,497843.696,8.624,3.803,19.713,97.38,4.332,3.0,LST_ASSAM_2023_06.tif,41.889,4.0,2.0,1.0,5.0,0.0,4.0
CHARAIDEO,18-755,2023_07,82,0.0,17176.409,22488.348,497843.696,8.624,3.803,19.713,97.38,4.332,4.0,LST_ASSAM_2023_07.tif,19.322,2.0,2.0,1.0,5.0,0.0,2.0
CHARAIDEO,18-755,2023_08,82,0.0,17176.409,22488.348,497843.696,8.624,3.803,19.713,97.38,4.332,5.0,LST_ASSAM_2023_08.tif,18.978,3.0,2.0,1.0,5.0,0.0,3.0
CHARAIDEO,18-755,2023_09,82,0.0,17176.409,22488.348,497843.696,8.624,3.803,19.713,97.38,4.332,5.0,LST_ASSAM_2023_09.tif,41.078,3.0,2.0,1.0,5.0,0.0,3.0
CHARAIDEO,18-755,2023_10,82,0.0,17176.409,22488.348,497843.696,8.624,3.803,19.713,97.38,4.332,2.0,LST_ASSAM_2023_10.tif,43.178,4.0,2.0,1.0,5.0,0.0,4.0
CHARAIDEO,18-755,2023_11,82,0.0,17176.409,22488.348,497843.696,8.624,3.803,19.713,97.38,4.332,2.0,LST_ASSAM_2023_11.tif,1.056,3.0,2.0,1.0,5.0,0.0,3.0
CHARAIDEO,18-755,2023_12,82,0.0,17176.409,22488.348,497843.696,8.624,3.803,19.713,97.38,4.332,3.0,LST_ASSAM_2023_12.tif,0.0,3.0,2.0,1.0,5.0,0.0,2.0
CHARAIDEO,18-755,2024_01,82,0.0,17726.586,22523.154,498957.592,8.624,3.803,19.713,97.38,4.332,3.0,LST_ASSAM_2024_01.tif,0.0,3.0,2.0,1.0,5.0,0.0,2.0
CHARAIDEO,18-755,2024_02,82,0.0,17726.586,22523.154,498957.592,8.624,3.803,19.713,97.38,4.332,2.0,LST_ASSAM_2024_02.tif,0.0,3.0,2.0,1.0,5.0,0.0,2.0
CHARAIDEO,18-755,2024_03,82,0.0,17726.586,22523.154,498957.592,8.624,3.803,19.713,97.38,4.332,2.0,LST_ASSAM_2024_03.tif,30.989,4.0,2.0,1.0,5.0,0.0,3.0
CHARAIDEO,18-755,2024_04,82,0.0,17726.586,22523.154,498957.592,8.624,3.803,19.713,97.38,4.332,1.0,LST_ASSAM_2024_04.tif,0.0,3.0,2.0,1.0,5.0,0.0,2.0
CHARAIDEO,18-755,2024_05,82,0.0,17726.586,22523.154,498957.592,8.624,3.803,19.713,97.38,4.332,2.0,LST_ASSAM_2024_05.tif,22.811,2.0,2.0,1.0,5.0,0.0,2.0
CHARAIDEO,18-755,2024_06,82,0.0,17726.586,22523.154,498957.592,8.624,3.803,19.713,97.38,4.332,5.0,LST_ASSAM_2024_06.tif,30.767,2.0,2.0,1.0,5.0,0.0,2.0
CHARAIDEO,18-755,2024_07,82,0.0,17726.586,22523.154,498957.592,8.624,3.803,19.713,97.38,4.332,4.0,LST_ASSAM_2024_07.tif,31.433,2.0,2.0,1.0,5.0,0.0,2.0
CHARAIDEO,18-755,2024_08,82,0.0,17726.586,22523.154,498957.592,8.624,3.803,19.713,97.38,4.332,5.0,LST_ASSAM_2024_08.tif,27.011,4.0,2.0,1.0,5.0,0.0,3.0
CHARAIDEO,18-755,2024_09,82,0.0,17726.586,22523.154,498957.592,8.624,3.803,19.713,97.38,4.332,4.0,LST_ASSAM_2024_09.tif,41.522,3.0,2.0,1.0,5.0,0.0,3.0
CHARAIDEO,18-755,2024_10,82,0.0,17726.586,22523.154,498957.592,8.624,3.803,19.713,97.38,4.332,4.0,LST_ASSAM_2024_10.tif,25.789,3.0,2.0,1.0,5.0,0.0,3.0
CHARAIDEO,18-755,2024_11,82,0.0,17726.586,22523.154,498957.592,8.624,3.803,19.713,97.38,4.332,2.0,LST_ASSAM_2024_11.tif,3.633,3.0,2.0,1.0,5.0,0.0,3.0
CHARAIDEO,18-755,2024_12,82,0.0,17726.586,22523.154,498957.592,8.624,3.803,19.713,97.38,4.332,2.0,LST_ASSAM_2024_12.tif,0.0,3.0,2.0,1.0,5.0,0.0,2.0
CHARAIDEO,18-755,2025_01,82,0.0,18276.763,22557.96,500071.488,8.624,3.803,19.713,97.38,4.332,3.0,LST_ASSAM_2025_01.tif,0.0,3.0,2.0,1.0,5.0,0.0,2.0
CHARAIDEO,18-755,2025_02,82,0.0,18276.763,22557.96,500071.488,8.624,3.803,19.713,97.38,4.332,2.0,LST_ASSAM_2025_02.tif,1.111,4.0,2.0,1.0,5.0,0.0,3.0
CHARAIDEO,18-755,2025_03,82,4802400.0,18276.763,22557.96,500071.488,8.624,3.803,19.713,97.38,4.332,1.0,LST_ASSAM_2025_03.tif,26.756,2.0,2.0,1.0,5.0,4802400.0,2.0
CHARAIDEO,18-755,2025_04,82,0.0,18276.763,22557.96,500071.488,8.624,3.803,19.713,97.38,4.332,2.0,LST_ASSAM_2025_04.tif,0.0,2.0,2.0,1.0,5.0,0.0,2.0
CHARAIDEO,18-755,2025_05,82,0.0,18276.763,22557.96,500071.488,8.624,3.803,19.713,97.38,4.332,4.0,LST_ASSAM_2025_05.tif,4.622,2.0,2.0,1.0,5.0,0.0,2.0
CHARAIDEO,18-755,2025_06,82,0.0,18276.763,22557.96,500071.488,8.624,3.803,19.713,97.38,4.332,5.0,LST_ASSAM_2025_06.tif,54.711,4.0,2.0,1.0,5.0,0.0,4.0
CHARAIDEO,18-755,2025_07,82,0.0,18276.763,22557.96,500071.488,8.624,3.803,19.713,97.38,4.332,3.0,LST_ASSAM_2025_07.tif,26.711,3.0,2.0,1.0,5.0,0.0,3.0
CHARAIDEO,18-755,2025_08,82,0.0,18276.763,22557.96,500071.488,8.624,3.803,19.713,97.38,4.332,5.0,LST_ASSAM_2025_08.tif,9.456,4.0,2.0,1.0,5.0,0.0,3.0
CHARAIDEO,18-755,2025_09,82,0.0,18276.763,22557.96,500071.488,8.624,3.803,19.713,97.38,4.332,4.0,LST_ASSAM_2025_09.tif,23.1,3.0,2.0,1.0,5.0,0.0,3.0
CHARAIDEO,18-755,2025_10,82,0.0,18276.763,22557.96,500071.488,8.624,3.803,19.713,97.38,4.332,2.0,LST_ASSAM_2025_10.tif,50.311,3.0,2.0,1.0,5.0,0.0,3.0
CHARAIDEO,18-755,2025_11,82,0.0,18276.763,22557.96,500071.488,8.624,3.803,19.713,97.38,4.332,3.0,LST_ASSAM_2025_11.tif,2.0,2.0,2.0,1.0,5.0,0.0,2.0
CHARAIDEO,18-755,2025_12,82,0.0,18276.763,22557.96,500071.488,8.624,3.803,19.713,97.38,4.332,3.0,LST_ASSAM_2025_12.tif,0.0,3.0,2.0,1.0,5.0,0.0,2.0
CHARAIDEO,18-755,2026_01,82,0.0,18826.94,22592.766,501185.384,8.624,3.803,19.713,97.38,4.332,3.0,LST_ASSAM_2026_01.tif,0.0,3.0,2.0,1.0,5.0,0.0,2.0
CHARAIDEO,18-755,2026_02,82,0.0,18826.94,22592.766,501185.384,8.624,3.803,19.713,97.38,4.332,4.0,LST_ASSAM_2026_02.tif,16.789,5.0,2.0,1.0,5.0,0.0,4.0
CHARAIDEO,18-755,2026_03,82,0.0,18826.94,22592.766,501185.384,8.624,3.803,19.713,97.38,4.332,4.0,LST_ASSAM_2026_03.tif,34.856,5.0,2.0,1.0,5.0,0.0,4.0
CHARAIDEO,18-755,2026_04,82,0.0,18826.94,22592.766,501185.384,8.624,3.803,19.713,97.38,4.332,5.0,LST_ASSAM_2026_04.tif,0.0,3.0,2.0,1.0,5.0,0.0,1.0
CHARAIDEO,18-755,2026_05,82,6555136.5,18826.94,22592.766,501185.384,8.624,3.803,19.713,97.38,4.332,4.0,LST_ASSAM_2026_05.tif,0.0,3.0,2.0,1.0,4.0,6555136.5,2.0
CHIRANG,18-320,2021_04,68,0.0,30767.422,62610.27,606534.901,8.241,1.028,25.348,85.96,4.582,2.0,LST_ASSAM_2021_04.tif,0.16,3.0,2.0,4.0,5.0,0.0,3.0
CHIRANG,18-320,2021_05,68,0.0,30767.422,62610.27,606534.901,8.241,1.028,25.348,85.96,4.582,2.0,LST_ASSAM_2021_05.tif,9.54,2.0,2.0,4.0,5.0,0.0,2.0
CHIRANG,18-320,2021_06,68,0.0,30767.422,62610.27,606534.901,8.241,1.028,25.348,85.96,4.582,5.0,LST_ASSAM_2021_06.tif,21.789,3.0,2.0,4.0,5.0,0.0,3.0
CHIRANG,18-320,2021_07,68,0.0,30767.422,62610.27,606534.901,8.241,1.028,25.348,85.96,4.582,5.0,LST_ASSAM_2021_07.tif,13.595,2.0,2.0,4.0,5.0,0.0,3.0
CHIRANG,18-320,2021_08,68,0.0,30767.422,62610.27,606534.901,8.241,1.028,25.348,85.96,4.582,4.0,LST_ASSAM_2021_08.tif,5.931,2.0,2.0,4.0,5.0,0.0,3.0
CHIRANG,18-320,2021_09,68,0.0,30767.422,62610.27,606534.901,8.241,1.028,25.348,85.96,4.582,5.0,LST_ASSAM_2021_09.tif,11.755,2.0,2.0,4.0,5.0,0.0,3.0
CHIRANG,18-320,2021_10,68,0.0,30767.422,62610.27,606534.901,8.241,1.028,25.348,85.96,4.582,4.0,LST_ASSAM_2021_10.tif,44.233,2.0,2.0,4.0,5.0,0.0,3.0
CHIRANG,18-320,2021_11,68,0.0,30767.422,62610.27,606534.901,8.241,1.028,25.348,85.96,4.582,4.0,LST_ASSAM_2021_11.tif,0.0,3.0,2.0,4.0,5.0,0.0,2.0
CHIRANG,18-320,2021_12,68,0.0,30767.422,62610.27,606534.901,8.241,1.028,25.348,85.96,4.582,4.0,LST_ASSAM_2021_12.tif,0.26,4.0,2.0,4.0,5.0,0.0,3.0
CHIRANG,18-320,2022_01,68,0.0,31826.548,62729.08,610606.733,8.241,1.028,25.348,85.96,4.582,4.0,LST_ASSAM_2022_01.tif,0.76,3.0,2.0,4.0,5.0,0.0,2.0
CHIRANG,18-320,2022_02,68,0.0,31826.548,62729.08,610606.733,8.241,1.028,25.348,85.96,4.582,4.0,LST_ASSAM_2022_02.tif,0.72,3.0,2.0,4.0,5.0,0.0,2.0
CHIRANG,18-320,2022_03,68,0.0,31826.548,62729.08,610606.733,8.241,1.028,25.348,85.96,4.582,4.0,LST_ASSAM_2022_03.tif,54.793,2.0,2.0,4.0,5.0,0.0,3.0
CHIRANG,18-320,2022_04,68,0.0,31826.548,62729.08,610606.733,8.241,1.028,25.348,85.96,4.582,1.0,LST_ASSAM_2022_04.tif,0.036,3.0,2.0,4.0,5.0,0.0,2.0
CHIRANG,18-320,2022_05,68,0.0,31826.548,62729.08,610606.733,8.241,1.028,25.348,85.96,4.582,3.0,LST_ASSAM_2022_05.tif,4.349,4.0,2.0,4.0,5.0,0.0,4.0
CHIRANG,18-320,2022_06,68,0.0,31826.548,62729.08,610606.733,8.241,1.028,25.348,85.96,4.582,5.0,LST_ASSAM_2022_06.tif,4.513,2.0,2.0,4.0,5.0,0.0,3.0
CHIRANG,18-320,2022_07,68,0.0,31826.548,62729.08,610606.733,8.241,1.028,25.348,85.96,4.582,4.0,LST_ASSAM_2022_07.tif,20.671,2.0,2.0,4.0,5.0,0.0,3.0
CHIRANG,18-320,2022_08,68,0.0,31826.548,62729.08,610606.733,8.241,1.028,25.348,85.96,4.582,4.0,LST_ASSAM_2022_08.tif,22.144,2.0,2.0,4.0,5.0,0.0,3.0
CHIRANG,18-320,2022_09,68,0.0,31826.548,62729.08,610606.733,8.241,1.028,25.348,85.96,4.582,5.0,LST_ASSAM_2022_09.tif,3.513,3.0,2.0,4.0,5.0,0.0,3.0
CHIRANG,18-320,2022_10,68,0.0,31826.548,62729.08,610606.733,8.241,1.028,25.348,85.96,4.582,5.0,LST_ASSAM_2022_10.tif,28.931,2.0,2.0,4.0,5.0,0.0,3.0
CHIRANG,18-320,2022_11,68,0.0,31826.548,62729.08,610606.733,8.241,1.028,25.348,85.96,4.582,5.0,LST_ASSAM_2022_11.tif,0.1,3.0,2.0,4.0,5.0,0.0,2.0
CHIRANG,18-320,2022_12,68,4944795.42,31826.548,62729.08,610606.733,8.241,1.028,25.348,85.96,4.582,4.0,LST_ASSAM_2022_12.tif,0.2,4.0,2.0,4.0,5.0,4944795.42,3.0
CHIRANG,18-320,2023_01,68,15950547.0,32885.674,62847.89,614678.565,8.241,1.028,25.348,85.96,4.582,5.0,LST_ASSAM_2023_01.tif,0.52,3.0,2.0,4.0,4.0,20895342.42,3.0
CHIRANG,18-320,2023_02,68,0.0,32885.674,62847.89,614678.565,8.241,1.028,25.348,85.96,4.582,4.0,LST_ASSAM_2023_02.tif,0.249,2.0,2.0,4.0,4.0,20895342.42,2.0
CHIRANG,18-320,2023_03,68,0.0,32885.674,62847.89,614678.565,8.241,1.028,25.348,85.96,4.582,4.0,LST_ASSAM_2023_03.tif,19.269,2.0,2.0,4.0,4.0,20895342.42,3.0
CHIRANG,18-320,2023_04,68,0.0,32885.674,62847.89,614678.565,8.241,1.028,25.348,85.96,4.582,1.0,LST_ASSAM_2023_04.tif,4.556,3.0,2.0,4.0,5.0,0.0,3.0
CHIRANG,18-320,2023_05,68,0.0,32885.674,62847.89,614678.565,8.241,1.028,25.348,85.96,4.582,3.0,LST_ASSAM_2023_05.tif,5.645,3.0,2.0,4.0,5.0,0.0,3.0
CHIRANG,18-320,2023_06,68,0.0,32885.674,62847.89,614678.565,8.241,1.028,25.348,85.96,4.582,3.0,LST_ASSAM_2023_06.tif,28.582,2.0,2.0,4.0,5.0,0.0,3.0
CHIRANG,18-320,2023_07,68,0.0,32885.674,62847.89,614678.565,8.241,1.028,25.348,85.96,4.582,5.0,LST_ASSAM_2023_07.tif,23.504,2.0,2.0,4.0,5.0,0.0,3.0
CHIRANG,18-320,2023_08,68,0.0,32885.674,62847.89,614678.565,8.241,1.028,25.348,85.96,4.582,3.0,LST_ASSAM_2023_08.tif,18.825,3.0,2.0,4.0,5.0,0.0,3.0
CHIRANG,18-320,2023_09,68,0.0,32885.674,62847.89,614678.565,8.241,1.028,25.348,85.96,4.582,4.0,LST_ASSAM_2023_09.tif,31.605,2.0,2.0,4.0,5.0,0.0,3.0
CHIRANG,18-320,2023_10,68,0.0,32885.674,62847.89,614678.565,8.241,1.028,25.348,85.96,4.582,4.0,LST_ASSAM_2023_10.tif,32.12,2.0,2.0,4.0,5.0,0.0,3.0
CHIRANG,18-320,2023_11,68,0.0,32885.674,62847.89,614678.565,8.241,1.028,25.348,85.96,4.582,4.0,LST_ASSAM_2023_11.tif,0.938,2.0,2.0,4.0,5.0,0.0,3.0
CHIRANG,18-320,2023_12,68,0.0,32885.674,62847.89,614678.565,8.241,1.028,25.348,85.96,4.582,5.0,LST_ASSAM_2023_12.tif,0.0,3.0,2.0,4.0,5.0,0.0,2.0
CHIRANG,18-320,2024_01,68,0.0,33944.8,62966.7,618750.397,8.241,1.028,25.348,85.96,4.582,4.0,LST_ASSAM_2024_01.tif,0.28,3.0,2.0,4.0,5.0,0.0,2.0
CHIRANG,18-320,2024_02,68,0.0,33944.8,62966.7,618750.397,8.241,1.028,25.348,85.96,4.582,5.0,LST_ASSAM_2024_02.tif,0.18,3.0,2.0,4.0,5.0,0.0,2.0
CHIRANG,18-320,2024_03,68,0.0,33944.8,62966.7,618750.397,8.241,1.028,25.348,85.96,4.582,5.0,LST_ASSAM_2024_03.tif,21.755,2.0,2.0,4.0,5.0,0.0,3.0
CHIRANG,18-320,2024_04,68,0.0,33944.8,62966.7,618750.397,8.241,1.028,25.348,85.96,4.582,3.0,LST_ASSAM_2024_04.tif,0.68,3.0,2.0,4.0,5.0,0.0,2.0
CHIRANG,18-320,2024_05,68,0.0,33944.8,62966.7,618750.397,8.241,1.028,25.348,85.96,4.582,3.0,LST_ASSAM_2024_05.tif,27.705,3.0,2.0,4.0,5.0,0.0,3.0
CHIRANG,18-320,2024_06,68,0.0,33944.8,62966.7,618750.397,8.241,1.028,25.348,85.96,4.582,4.0,LST_ASSAM_2024_06.tif,26.293,1.0,2.0,4.0,5.0,0.0,2.0
CHIRANG,18-320,2024_07,68,0.0,33944.8,62966.7,618750.397,8.241,1.028,25.348,85.96,4.582,5.0,LST_ASSAM_2024_07.tif,34.775,3.0,2.0,4.0,5.0,0.0,3.0
CHIRANG,18-320,2024_08,68,0.0,33944.8,62966.7,618750.397,8.241,1.028,25.348,85.96,4.582,5.0,LST_ASSAM_2024_08.tif,21.015,3.0,2.0,4.0,5.0,0.0,3.0
CHIRANG,18-320,2024_09,68,0.0,33944.8,62966.7,618750.397,8.241,1.028,25.348,85.96,4.582,5.0,LST_ASSAM_2024_09.tif,41.322,3.0,2.0,4.0,5.0,0.0,4.0
CHIRANG,18-320,2024_10,68,0.0,33944.8,62966.7,618750.397,8.241,1.028,25.348,85.96,4.582,5.0,LST_ASSAM_2024_10.tif,21.285,2.0,2.0,4.0,5.0,0.0,3.0
CHIRANG,18-320,2024_11,68,0.0,33944.8,62966.7,618750.397,8.241,1.028,25.348,85.96,4.582,4.0,LST_ASSAM_2024_11.tif,4.14,3.0,2.0,4.0,5.0,0.0,3.0
CHIRANG,18-320,2024_12,68,0.0,33944.8,62966.7,618750.397,8.241,1.028,25.348,85.96,4.582,4.0,LST_ASSAM_2024_12.tif,0.1,5.0,2.0,4.0,5.0,0.0,5.0
CHIRANG,18-320,2025_01,68,0.0,35003.926,63085.51,622822.229,8.241,1.028,25.348,85.96,4.582,5.0,LST_ASSAM_2025_01.tif,0.02,3.0,2.0,4.0,5.0,0.0,2.0
CHIRANG,18-320,2025_02,68,0.0,35003.926,63085.51,622822.229,8.241,1.028,25.348,85.96,4.582,3.0,LST_ASSAM_2025_02.tif,0.02,2.0,2.0,4.0,5.0,0.0,2.0
CHIRANG,18-320,2025_03,68,0.0,35003.926,63085.51,622822.229,8.241,1.028,25.348,85.96,4.582,4.0,LST_ASSAM_2025_03.tif,23.027,2.0,2.0,4.0,5.0,0.0,3.0
CHIRANG,18-320,2025_04,68,0.0,35003.926,63085.51,622822.229,8.241,1.028,25.348,85.96,4.582,3.0,LST_ASSAM_2025_04.tif,0.0,2.0,2.0,4.0,5.0,0.0,2.0
CHIRANG,18-320,2025_05,68,2000000.0,35003.926,63085.51,622822.229,8.241,1.028,25.348,85.96,4.582,5.0,LST_ASSAM_2025_05.tif,7.255,3.0,2.0,4.0,4.0,2000000.0,3.0
CHIRANG,18-320,2025_06,68,0.0,35003.926,63085.51,622822.229,8.241,1.028,25.348,85.96,4.582,3.0,LST_ASSAM_2025_06.tif,42.798,3.0,2.0,4.0,5.0,2000000.0,4.0
CHIRANG,18-320,2025_07,68,0.0,35003.926,63085.51,622822.229,8.241,1.028,25.348,85.96,4.582,4.0,LST_ASSAM_2025_07.tif,22.707,2.0,2.0,4.0,5.0,2000000.0,3.0
CHIRANG,18-320,2025_08,68,0.0,35003.926,63085.51,622822.229,8.241,1.028,25.348,85.96,4.582,4.0,LST_ASSAM_2025_08.tif,7.513,3.0,2.0,4.0,5.0,2000000.0,3.0
CHIRANG,18-320,2025_09,68,0.0,35003.926,63085.51,622822.229,8.241,1.028,25.348,85.96,4.582,5.0,LST_ASSAM_2025_09.tif,18.36,2.0,2.0,4.0,5.0,2000000.0,3.0
CHIRANG,18-320,2025_10,68,0.0,35003.926,63085.51,622822.229,8.241,1.028,25.348,85.96,4.582,3.0,LST_ASSAM_2025_10.tif,43.751,2.0,2.0,4.0,5.0,2000000.0,3.0
CHIRANG,18-320,2025_11,68,13000000.0,35003.926,63085.51,622822.229,8.241,1.028,25.348,85.96,4.582,4.0,LST_ASSAM_2025_11.tif,2.613,3.0,2.0,4.0,5.0,15000000.0,3.0
CHIRANG,18-320,2025_12,68,0.0,35003.926,63085.51,622822.229,8.241,1.028,25.348,85.96,4.582,4.0,LST_ASSAM_2025_12.tif,0.02,3.0,2.0,4.0,5.0,15000000.0,2.0
CHIRANG,18-320,2026_01,68,0.0,36063.052,63204.32,626894.062,8.241,1.028,25.348,85.96,4.582,3.0,LST_ASSAM_2026_01.tif,0.1,3.0,2.0,4.0,5.0,15000000.0,2.0
CHIRANG,18-320,2026_02,68,0.0,36063.052,63204.32,626894.062,8.241,1.028,25.348,85.96,4.582,3.0,LST_ASSAM_2026_02.tif,4.084,2.0,2.0,4.0,5.0,15000000.0,2.0
CHIRANG,18-320,2026_03,68,2490000.0,36063.052,63204.32,626894.062,8.241,1.028,25.348,85.96,4.582,4.0,LST_ASSAM_2026_03.tif,15.275,2.0,2.0,4.0,5.0,17490000.0,3.0
CHIRANG,18-320,2026_04,68,0.0,36063.052,63204.32,626894.062,8.241,1.028,25.348,85.96,4.582,1.0,LST_ASSAM_2026_04.tif,0.0,3.0,2.0,4.0,5.0,0.0,3.0
CHIRANG,18-320,2026_05,68,0.0,36063.052,63204.32,626894.062,8.241,1.028,25.348,85.96,4.582,4.0,LST_ASSAM_2026_05.tif,0.0,3.0,2.0,4.0,5.0,0.0,4.0
DARRANG,18-325,2021_04,129,0.0,52396.859,110745.509,1140899.955,9.188,5.102,12.999,85.43,3.61,2.0,LST_ASSAM_2021_04.tif,0.0,2.0,3.0,3.0,5.0,0.0,2.0
DARRANG,18-325,2021_05,129,0.0,52396.859,110745.509,1140899.955,9.188,5.102,12.999,85.43,3.61,2.0,LST_ASSAM_2021_05.tif,11.93,2.0,3.0,3.0,5.0,0.0,2.0
DARRANG,18-325,2021_06,129,0.0,52396.859,110745.509,1140899.955,9.188,5.102,12.999,85.43,3.61,5.0,LST_ASSAM_2021_06.tif,20.94,3.0,3.0,3.0,5.0,0.0,3.0
DARRANG,18-325,2021_07,129,0.0,52396.859,110745.509,1140899.955,9.188,5.102,12.999,85.43,3.61,2.0,LST_ASSAM_2021_07.tif,10.908,2.0,3.0,3.0,5.0,0.0,3.0
DARRANG,18-325,2021_08,129,0.0,52396.859,110745.509,1140899.955,9.188,5.102,12.999,85.43,3.61,2.0,LST_ASSAM_2021_08.tif,9.67,3.0,3.0,3.0,5.0,0.0,3.0
DARRANG,18-325,2021_09,129,0.0,52396.859,110745.509,1140899.955,9.188,5.102,12.999,85.43,3.61,4.0,LST_ASSAM_2021_09.tif,11.919,2.0,3.0,3.0,5.0,0.0,3.0
DARRANG,18-325,2021_10,129,0.0,52396.859,110745.509,1140899.955,9.188,5.102,12.999,85.43,3.61,4.0,LST_ASSAM_2021_10.tif,47.724,2.0,3.0,3.0,5.0,0.0,3.0
DARRANG,18-325,2021_11,129,0.0,52396.859,110745.509,1140899.955,9.188,5.102,12.999,85.43,3.61,5.0,LST_ASSAM_2021_11.tif,0.0,3.0,3.0,3.0,5.0,0.0,2.0
DARRANG,18-325,2021_12,129,0.0,52396.859,110745.509,1140899.955,9.188,5.102,12.999,85.43,3.61,5.0,LST_ASSAM_2021_12.tif,0.0,3.0,3.0,3.0,5.0,0.0,2.0
DARRANG,18-325,2022_01,129,0.0,54587.514,111966.654,1155604.501,9.188,5.102,12.999,85.43,3.61,4.0,LST_ASSAM_2022_01.tif,0.0,3.0,3.0,3.0,5.0,0.0,2.0
DARRANG,18-325,2022_02,129,0.0,54587.514,111966.654,1155604.501,9.188,5.102,12.999,85.43,3.61,3.0,LST_ASSAM_2022_02.tif,0.0,3.0,3.0,3.0,5.0,0.0,2.0
DARRANG,18-325,2022_03,129,0.0,54587.514,111966.654,1155604.501,9.188,5.102,12.999,85.43,3.61,4.0,LST_ASSAM_2022_03.tif,56.671,2.0,3.0,3.0,5.0,0.0,3.0
DARRANG,18-325,2022_04,129,0.0,54587.514,111966.654,1155604.501,9.188,5.102,12.999,85.43,3.61,1.0,LST_ASSAM_2022_04.tif,0.0,3.0,3.0,3.0,5.0,0.0,2.0
DARRANG,18-325,2022_05,129,0.0,54587.514,111966.654,1155604.501,9.188,5.102,12.999,85.43,3.61,3.0,LST_ASSAM_2022_05.tif,1.633,2.0,3.0,3.0,5.0,0.0,3.0
DARRANG,18-325,2022_06,129,0.0,54587.514,111966.654,1155604.501,9.188,5.102,12.999,85.43,3.61,3.0,LST_ASSAM_2022_06.tif,6.451,3.0,3.0,3.0,5.0,0.0,3.0
DARRANG,18-325,2022_07,129,0.0,54587.514,111966.654,1155604.501,9.188,5.102,12.999,85.43,3.61,1.0,LST_ASSAM_2022_07.tif,21.351,2.0,3.0,3.0,5.0,0.0,3.0
DARRANG,18-325,2022_08,129,0.0,54587.514,111966.654,1155604.501,9.188,5.102,12.999,85.43,3.61,3.0,LST_ASSAM_2022_08.tif,23.308,2.0,3.0,3.0,5.0,0.0,3.0
DARRANG,18-325,2022_09,129,0.0,54587.514,111966.654,1155604.501,9.188,5.102,12.999,85.43,3.61,4.0,LST_ASSAM_2022_09.tif,2.724,2.0,3.0,3.0,5.0,0.0,2.0
DARRANG,18-325,2022_10,129,0.0,54587.514,111966.654,1155604.501,9.188,5.102,12.999,85.43,3.61,3.0,LST_ASSAM_2022_10.tif,28.235,2.0,3.0,3.0,5.0,0.0,3.0
DARRANG,18-325,2022_11,129,0.0,54587.514,111966.654,1155604.501,9.188,5.102,12.999,85.43,3.61,5.0,LST_ASSAM_2022_11.tif,0.0,3.0,3.0,3.0,5.0,0.0,2.0
DARRANG,18-325,2022_12,129,0.0,54587.514,111966.654,1155604.501,9.188,5.102,12.999,85.43,3.61,5.0,LST_ASSAM_2022_12.tif,0.0,3.0,3.0,3.0,5.0,0.0,2.0
DARRANG,18-325,2023_01,129,0.0,56778.169,113187.799,1170309.047,9.188,5.102,12.999,85.43,3.61,5.0,LST_ASSAM_2023_01.tif,0.0,2.0,3.0,3.0,5.0,0.0,2.0
DARRANG,18-325,2023_02,129,0.0,56778.169,113187.799,1170309.047,9.188,5.102,12.999,85.43,3.61,4.0,LST_ASSAM_2023_02.tif,0.156,2.0,3.0,3.0,5.0,0.0,2.0
DARRANG,18-325,2023_03,129,0.0,56778.169,113187.799,1170309.047,9.188,5.102,12.999,85.43,3.61,2.0,LST_ASSAM_2023_03.tif,18.529,2.0,3.0,3.0,5.0,0.0,3.0
DARRANG,18-325,2023_04,129,0.0,56778.169,113187.799,1170309.047,9.188,5.102,12.999,85.43,3.61,1.0,LST_ASSAM_2023_04.tif,1.857,2.0,3.0,3.0,5.0,0.0,2.0
DARRANG,18-325,2023_05,129,0.0,56778.169,113187.799,1170309.047,9.188,5.102,12.999,85.43,3.61,2.0,LST_ASSAM_2023_05.tif,4.403,2.0,3.0,3.0,5.0,0.0,3.0
DARRANG,18-325,2023_06,129,0.0,56778.169,113187.799,1170309.047,9.188,5.102,12.999,85.43,3.61,4.0,LST_ASSAM_2023_06.tif,29.884,2.0,3.0,3.0,5.0,0.0,3.0
DARRANG,18-325,2023_07,129,0.0,56778.169,113187.799,1170309.047,9.188,5.102,12.999,85.43,3.61,4.0,LST_ASSAM_2023_07.tif,21.249,2.0,3.0,3.0,5.0,0.0,3.0
DARRANG,18-325,2023_08,129,0.0,56778.169,113187.799,1170309.047,9.188,5.102,12.999,85.43,3.61,3.0,LST_ASSAM_2023_08.tif,16.719,2.0,3.0,3.0,5.0,0.0,3.0
DARRANG,18-325,2023_09,129,0.0,56778.169,113187.799,1170309.047,9.188,5.102,12.999,85.43,3.61,4.0,LST_ASSAM_2023_09.tif,34.316,2.0,3.0,3.0,5.0,0.0,3.0
DARRANG,18-325,2023_10,129,0.0,56778.169,113187.799,1170309.047,9.188,5.102,12.999,85.43,3.61,4.0,LST_ASSAM_2023_10.tif,30.298,2.0,3.0,3.0,5.0,0.0,3.0
DARRANG,18-325,2023_11,129,0.0,56778.169,113187.799,1170309.047,9.188,5.102,12.999,85.43,3.61,5.0,LST_ASSAM_2023_11.tif,0.776,2.0,3.0,3.0,5.0,0.0,3.0
DARRANG,18-325,2023_12,129,0.0,56778.169,113187.799,1170309.047,9.188,5.102,12.999,85.43,3.61,5.0,LST_ASSAM_2023_12.tif,0.0,3.0,3.0,3.0,5.0,0.0,2.0
DARRANG,18-325,2024_01,129,0.0,58968.824,114408.944,1185013.593,9.188,5.102,12.999,85.43,3.61,5.0,LST_ASSAM_2024_01.tif,0.0,3.0,3.0,3.0,5.0,0.0,2.0
DARRANG,18-325,2024_02,129,0.0,58968.824,114408.944,1185013.593,9.188,5.102,12.999,85.43,3.61,4.0,LST_ASSAM_2024_02.tif,0.0,3.0,3.0,3.0,5.0,0.0,2.0
DARRANG,18-325,2024_03,129,0.0,58968.824,114408.944,1185013.593,9.188,5.102,12.999,85.43,3.61,3.0,LST_ASSAM_2024_03.tif,24.714,2.0,3.0,3.0,5.0,0.0,3.0
DARRANG,18-325,2024_04,129,0.0,58968.824,114408.944,1185013.593,9.188,5.102,12.999,85.43,3.61,2.0,LST_ASSAM_2024_04.tif,0.089,3.0,3.0,3.0,5.0,0.0,2.0
DARRANG,18-325,2024_05,129,0.0,58968.824,114408.944,1185013.593,9.188,5.102,12.999,85.43,3.61,3.0,LST_ASSAM_2024_05.tif,23.102,2.0,3.0,3.0,5.0,0.0,3.0
DARRANG,18-325,2024_06,129,0.0,58968.824,114408.944,1185013.593,9.188,5.102,12.999,85.43,3.61,1.0,LST_ASSAM_2024_06.tif,29.51,2.0,3.0,3.0,5.0,0.0,3.0
DARRANG,18-325,2024_07,129,0.0,58968.824,114408.944,1185013.593,9.188,5.102,12.999,85.43,3.61,2.0,LST_ASSAM_2024_07.tif,32.067,2.0,3.0,3.0,5.0,0.0,3.0
DARRANG,18-325,2024_08,129,0.0,58968.824,114408.944,1185013.593,9.188,5.102,12.999,85.43,3.61,3.0,LST_ASSAM_2024_08.tif,16.559,2.0,3.0,3.0,5.0,0.0,3.0
DARRANG,18-325,2024_09,129,0.0,58968.824,114408.944,1185013.593,9.188,5.102,12.999,85.43,3.61,5.0,LST_ASSAM_2024_09.tif,35.548,2.0,3.0,3.0,5.0,0.0,3.0
DARRANG,18-325,2024_10,129,0.0,58968.824,114408.944,1185013.593,9.188,5.102,12.999,85.43,3.61,3.0,LST_ASSAM_2024_10.tif,21.381,2.0,3.0,3.0,5.0,0.0,3.0
DARRANG,18-325,2024_11,129,0.0,58968.824,114408.944,1185013.593,9.188,5.102,12.999,85.43,3.61,4.0,LST_ASSAM_2024_11.tif,2.759,2.0,3.0,3.0,5.0,0.0,3.0
DARRANG,18-325,2024_12,129,0.0,58968.824,114408.944,1185013.593,9.188,5.102,12.999,85.43,3.61,3.0,LST_ASSAM_2024_12.tif,0.0,3.0,3.0,3.0,5.0,0.0,2.0
DARRANG,18-325,2025_01,129,0.0,61159.479,115630.089,1199718.139,9.188,5.102,12.999,85.43,3.61,4.0,LST_ASSAM_2025_01.tif,0.0,3.0,3.0,3.0,5.0,0.0,2.0
DARRANG,18-325,2025_02,129,0.0,61159.479,115630.089,1199718.139,9.188,5.102,12.999,85.43,3.61,3.0,LST_ASSAM_2025_02.tif,0.0,2.0,3.0,3.0,5.0,0.0,2.0
DARRANG,18-325,2025_03,129,0.0,61159.479,115630.089,1199718.139,9.188,5.102,12.999,85.43,3.61,3.0,LST_ASSAM_2025_03.tif,26.14,2.0,3.0,3.0,5.0,0.0,3.0
DARRANG,18-325,2025_04,129,0.0,61159.479,115630.089,1199718.139,9.188,5.102,12.999,85.43,3.61,3.0,LST_ASSAM_2025_04.tif,0.435,3.0,3.0,3.0,5.0,0.0,3.0
DARRANG,18-325,2025_05,129,0.0,61159.479,115630.089,1199718.139,9.188,5.102,12.999,85.43,3.61,3.0,LST_ASSAM_2025_05.tif,4.438,2.0,3.0,3.0,5.0,0.0,2.0
DARRANG,18-325,2025_06,129,0.0,61159.479,115630.089,1199718.139,9.188,5.102,12.999,85.43,3.61,4.0,LST_ASSAM_2025_06.tif,41.249,2.0,3.0,3.0,5.0,0.0,3.0
DARRANG,18-325,2025_07,129,0.0,61159.479,115630.089,1199718.139,9.188,5.102,12.999,85.43,3.61,4.0,LST_ASSAM_2025_07.tif,22.005,2.0,3.0,3.0,5.0,0.0,3.0
DARRANG,18-325,2025_08,129,0.0,61159.479,115630.089,1199718.139,9.188,5.102,12.999,85.43,3.61,4.0,LST_ASSAM_2025_08.tif,5.867,2.0,3.0,3.0,5.0,0.0,3.0
DARRANG,18-325,2025_09,129,0.0,61159.479,115630.089,1199718.139,9.188,5.102,12.999,85.43,3.61,4.0,LST_ASSAM_2025_09.tif,18.144,2.0,3.0,3.0,5.0,0.0,3.0
DARRANG,18-325,2025_10,129,0.0,61159.479,115630.089,1199718.139,9.188,5.102,12.999,85.43,3.61,5.0,LST_ASSAM_2025_10.tif,39.027,1.0,3.0,3.0,5.0,0.0,2.0
DARRANG,18-325,2025_11,129,0.0,61159.479,115630.089,1199718.139,9.188,5.102,12.999,85.43,3.61,5.0,LST_ASSAM_2025_11.tif,2.059,3.0,3.0,3.0,5.0,0.0,3.0
DARRANG,18-325,2025_12,129,0.0,61159.479,115630.089,1199718.139,9.188,5.102,12.999,85.43,3.61,4.0,LST_ASSAM_2025_12.tif,0.0,3.0,3.0,3.0,5.0,0.0,2.0
DARRANG,18-325,2026_01,129,0.0,63350.134,116851.234,1214422.685,9.188,5.102,12.999,85.43,3.61,4.0,LST_ASSAM_2026_01.tif,0.0,3.0,3.0,3.0,5.0,0.0,2.0
DARRANG,18-325,2026_02,129,0.0,63350.134,116851.234,1214422.685,9.188,5.102,12.999,85.43,3.61,3.0,LST_ASSAM_2026_02.tif,3.444,2.0,3.0,3.0,5.0,0.0,2.0
DARRANG,18-325,2026_03,129,0.0,63350.134,116851.234,1214422.685,9.188,5.102,12.999,85.43,3.61,2.0,LST_ASSAM_2026_03.tif,15.93,2.0,3.0,3.0,5.0,0.0,3.0
DARRANG,18-325,2026_04,129,0.0,63350.134,116851.234,1214422.685,9.188,5.102,12.999,85.43,3.61,2.0,LST_ASSAM_2026_04.tif,0.0,3.0,3.0,3.0,5.0,0.0,3.0
DARRANG,18-325,2026_05,129,0.0,63350.134,116851.234,1214422.685,9.188,5.102,12.999,85.43,3.61,4.0,LST_ASSAM_2026_05.tif,0.0,3.0,3.0,3.0,5.0,0.0,4.0
DHEMAJI,18-308,2021_04,73,0.0,31350.03,63338.127,694960.811,7.045,2.258,20.872,77.87,3.948,4.0,LST_ASSAM_2021_04.tif,0.25,3.0,2.0,3.0,5.0,0.0,2.0
DHEMAJI,18-308,2021_05,73,0.0,31350.03,63338.127,694960.811,7.045,2.258,20.872,77.87,3.948,4.0,LST_ASSAM_2021_05.tif,9.459,2.0,2.0,3.0,5.0,0.0,2.0
DHEMAJI,18-308,2021_06,73,0.0,31350.03,63338.127,694960.811,7.045,2.258,20.872,77.87,3.948,2.0,LST_ASSAM_2021_06.tif,26.762,3.0,2.0,3.0,5.0,0.0,3.0
DHEMAJI,18-308,2021_07,73,0.0,31350.03,63338.127,694960.811,7.045,2.258,20.872,77.87,3.948,4.0,LST_ASSAM_2021_07.tif,17.59,3.0,2.0,3.0,5.0,0.0,3.0
DHEMAJI,18-308,2021_08,73,0.0,31350.03,63338.127,694960.811,7.045,2.258,20.872,77.87,3.948,4.0,LST_ASSAM_2021_08.tif,11.464,4.0,2.0,3.0,5.0,0.0,4.0
DHEMAJI,18-308,2021_09,73,0.0,31350.03,63338.127,694960.811,7.045,2.258,20.872,77.87,3.948,5.0,LST_ASSAM_2021_09.tif,8.029,1.0,2.0,3.0,5.0,0.0,2.0
DHEMAJI,18-308,2021_10,73,0.0,31350.03,63338.127,694960.811,7.045,2.258,20.872,77.87,3.948,5.0,LST_ASSAM_2021_10.tif,50.71,2.0,2.0,3.0,5.0,0.0,3.0
DHEMAJI,18-308,2021_11,73,0.0,31350.03,63338.127,694960.811,7.045,2.258,20.872,77.87,3.948,4.0,LST_ASSAM_2021_11.tif,0.0,3.0,2.0,3.0,5.0,0.0,2.0
DHEMAJI,18-308,2021_12,73,0.0,31350.03,63338.127,694960.811,7.045,2.258,20.872,77.87,3.948,4.0,LST_ASSAM_2021_12.tif,0.667,5.0,2.0,3.0,5.0,0.0,4.0
DHEMAJI,18-308,2022_01,73,0.0,32532.86,63721.898,701395.177,7.045,2.258,20.872,77.87,3.948,3.0,LST_ASSAM_2022_01.tif,2.367,4.0,2.0,3.0,5.0,0.0,3.0
DHEMAJI,18-308,2022_02,73,0.0,32532.86,63721.898,701395.177,7.045,2.258,20.872,77.87,3.948,4.0,LST_ASSAM_2022_02.tif,2.983,4.0,2.0,3.0,5.0,0.0,3.0
DHEMAJI,18-308,2022_03,73,0.0,32532.86,63721.898,701395.177,7.045,2.258,20.872,77.87,3.948,3.0,LST_ASSAM_2022_03.tif,57.945,2.0,2.0,3.0,5.0,0.0,3.0
DHEMAJI,18-308,2022_04,73,0.0,32532.86,63721.898,701395.177,7.045,2.258,20.872,77.87,3.948,2.0,LST_ASSAM_2022_04.tif,0.0,3.0,2.0,3.0,5.0,0.0,2.0
DHEMAJI,18-308,2022_05,73,4559548.0,32532.86,63721.898,701395.177,7.045,2.258,20.872,77.87,3.948,4.0,LST_ASSAM_2022_05.tif,5.962,5.0,2.0,3.0,2.0,4559548.0,4.0
DHEMAJI,18-308,2022_06,73,0.0,32532.86,63721.898,701395.177,7.045,2.258,20.872,77.87,3.948,2.0,LST_ASSAM_2022_06.tif,5.939,3.0,2.0,3.0,2.0,4559548.0,3.0
DHEMAJI,18-308,2022_07,73,0.0,32532.86,63721.898,701395.177,7.045,2.258,20.872,77.87,3.948,4.0,LST_ASSAM_2022_07.tif,22.733,2.0,2.0,3.0,4.0,4559548.0,2.0
DHEMAJI,18-308,2022_08,73,0.0,32532.86,63721.898,701395.177,7.045,2.258,20.872,77.87,3.948,2.0,LST_ASSAM_2022_08.tif,30.717,4.0,2.0,3.0,5.0,4559548.0,4.0
DHEMAJI,18-308,2022_09,73,9724355.7,32532.86,63721.898,701395.177,7.045,2.258,20.872,77.87,3.948,3.0,LST_ASSAM_2022_09.tif,2.856,2.0,2.0,3.0,4.0,14283903.7,2.0
DHEMAJI,18-308,2022_10,73,0.0,32532.86,63721.898,701395.177,7.045,2.258,20.872,77.87,3.948,3.0,LST_ASSAM_2022_10.tif,27.839,2.0,2.0,3.0,4.0,14283903.7,2.0
DHEMAJI,18-308,2022_11,73,0.0,32532.86,63721.898,701395.177,7.045,2.258,20.872,77.87,3.948,4.0,LST_ASSAM_2022_11.tif,0.0,3.0,2.0,3.0,4.0,14283903.7,2.0
DHEMAJI,18-308,2022_12,73,0.0,32532.86,63721.898,701395.177,7.045,2.258,20.872,77.87,3.948,4.0,LST_ASSAM_2022_12.tif,0.583,5.0,2.0,3.0,5.0,14283903.7,4.0
DHEMAJI,18-308,2023_01,73,0.0,33715.69,64105.669,707829.543,7.045,2.258,20.872,77.87,3.948,4.0,LST_ASSAM_2023_01.tif,2.718,5.0,2.0,3.0,5.0,14283903.7,4.0
DHEMAJI,18-308,2023_02,73,0.0,33715.69,64105.669,707829.543,7.045,2.258,20.872,77.87,3.948,3.0,LST_ASSAM_2023_02.tif,9.665,5.0,2.0,3.0,5.0,14283903.7,4.0
DHEMAJI,18-308,2023_03,73,0.0,33715.69,64105.669,707829.543,7.045,2.258,20.872,77.87,3.948,2.0,LST_ASSAM_2023_03.tif,21.818,2.0,2.0,3.0,5.0,14283903.7,3.0
DHEMAJI,18-308,2023_04,73,0.0,33715.69,64105.669,707829.543,7.045,2.258,20.872,77.87,3.948,2.0,LST_ASSAM_2023_04.tif,0.407,2.0,2.0,3.0,5.0,0.0,2.0
DHEMAJI,18-308,2023_05,73,0.0,33715.69,64105.669,707829.543,7.045,2.258,20.872,77.87,3.948,2.0,LST_ASSAM_2023_05.tif,4.384,2.0,2.0,3.0,5.0,0.0,3.0
DHEMAJI,18-308,2023_06,73,0.0,33715.69,64105.669,707829.543,7.045,2.258,20.872,77.87,3.948,2.0,LST_ASSAM_2023_06.tif,35.709,3.0,2.0,3.0,5.0,0.0,4.0
DHEMAJI,18-308,2023_07,73,0.0,33715.69,64105.669,707829.543,7.045,2.258,20.872,77.87,3.948,3.0,LST_ASSAM_2023_07.tif,17.953,2.0,2.0,3.0,5.0,0.0,3.0
DHEMAJI,18-308,2023_08,73,0.0,33715.69,64105.669,707829.543,7.045,2.258,20.872,77.87,3.948,3.0,LST_ASSAM_2023_08.tif,15.564,2.0,2.0,3.0,5.0,0.0,3.0
DHEMAJI,18-308,2023_09,73,0.0,33715.69,64105.669,707829.543,7.045,2.258,20.872,77.87,3.948,5.0,LST_ASSAM_2023_09.tif,34.072,2.0,2.0,3.0,5.0,0.0,3.0
DHEMAJI,18-308,2023_10,73,0.0,33715.69,64105.669,707829.543,7.045,2.258,20.872,77.87,3.948,4.0,LST_ASSAM_2023_10.tif,36.77,3.0,2.0,3.0,5.0,0.0,4.0
DHEMAJI,18-308,2023_11,73,0.0,33715.69,64105.669,707829.543,7.045,2.258,20.872,77.87,3.948,4.0,LST_ASSAM_2023_11.tif,0.931,2.0,2.0,3.0,5.0,0.0,3.0
DHEMAJI,18-308,2023_12,73,0.0,33715.69,64105.669,707829.543,7.045,2.258,20.872,77.87,3.948,5.0,LST_ASSAM_2023_12.tif,0.0,3.0,2.0,3.0,5.0,0.0,2.0
DHEMAJI,18-308,2024_01,73,0.0,34898.52,64489.44,714263.909,7.045,2.258,20.872,77.87,3.948,4.0,LST_ASSAM_2024_01.tif,2.0,5.0,2.0,3.0,5.0,0.0,4.0
DHEMAJI,18-308,2024_02,73,0.0,34898.52,64489.44,714263.909,7.045,2.258,20.872,77.87,3.948,3.0,LST_ASSAM_2024_02.tif,1.417,5.0,2.0,3.0,5.0,0.0,4.0
DHEMAJI,18-308,2024_03,73,143131000.0,34898.52,64489.44,714263.909,7.045,2.258,20.872,77.87,3.948,2.0,LST_ASSAM_2024_03.tif,25.924,3.0,2.0,3.0,4.0,143131000.0,3.0
DHEMAJI,18-308,2024_04,73,0.0,34898.52,64489.44,714263.909,7.045,2.258,20.872,77.87,3.948,1.0,LST_ASSAM_2024_04.tif,0.0,3.0,2.0,3.0,5.0,0.0,2.0
DHEMAJI,18-308,2024_05,73,0.0,34898.52,64489.44,714263.909,7.045,2.258,20.872,77.87,3.948,3.0,LST_ASSAM_2024_05.tif,17.117,1.0,2.0,3.0,5.0,0.0,2.0
DHEMAJI,18-308,2024_06,73,0.0,34898.52,64489.44,714263.909,7.045,2.258,20.872,77.87,3.948,3.0,LST_ASSAM_2024_06.tif,28.593,2.0,2.0,3.0,5.0,0.0,3.0
DHEMAJI,18-308,2024_07,73,0.0,34898.52,64489.44,714263.909,7.045,2.258,20.872,77.87,3.948,4.0,LST_ASSAM_2024_07.tif,24.021,1.0,2.0,3.0,5.0,0.0,2.0
DHEMAJI,18-308,2024_08,73,0.0,34898.52,64489.44,714263.909,7.045,2.258,20.872,77.87,3.948,4.0,LST_ASSAM_2024_08.tif,25.38,4.0,2.0,3.0,5.0,0.0,4.0
DHEMAJI,18-308,2024_09,73,0.0,34898.52,64489.44,714263.909,7.045,2.258,20.872,77.87,3.948,4.0,LST_ASSAM_2024_09.tif,40.387,3.0,2.0,3.0,5.0,0.0,4.0
DHEMAJI,18-308,2024_10,73,0.0,34898.52,64489.44,714263.909,7.045,2.258,20.872,77.87,3.948,3.0,LST_ASSAM_2024_10.tif,21.179,2.0,2.0,3.0,5.0,0.0,3.0
DHEMAJI,18-308,2024_11,73,0.0,34898.52,64489.44,714263.909,7.045,2.258,20.872,77.87,3.948,4.0,LST_ASSAM_2024_11.tif,4.328,4.0,2.0,3.0,5.0,0.0,4.0
DHEMAJI,18-308,2024_12,73,0.0,34898.52,64489.44,714263.909,7.045,2.258,20.872,77.87,3.948,4.0,LST_ASSAM_2024_12.tif,0.0,3.0,2.0,3.0,5.0,0.0,2.0
DHEMAJI,18-308,2025_01,73,0.0,36081.35,64873.211,720698.275,7.045,2.258,20.872,77.87,3.948,4.0,LST_ASSAM_2025_01.tif,0.0,3.0,2.0,3.0,5.0,0.0,2.0
DHEMAJI,18-308,2025_02,73,3600000.0,36081.35,64873.211,720698.275,7.045,2.258,20.872,77.87,3.948,3.0,LST_ASSAM_2025_02.tif,2.083,5.0,2.0,3.0,5.0,3600000.0,4.0
DHEMAJI,18-308,2025_03,73,0.0,36081.35,64873.211,720698.275,7.045,2.258,20.872,77.87,3.948,2.0,LST_ASSAM_2025_03.tif,20.502,2.0,2.0,3.0,5.0,3600000.0,3.0
DHEMAJI,18-308,2025_04,73,1800000.0,36081.35,64873.211,720698.275,7.045,2.258,20.872,77.87,3.948,2.0,LST_ASSAM_2025_04.tif,0.0,2.0,2.0,3.0,4.0,1800000.0,2.0
DHEMAJI,18-308,2025_05,73,0.0,36081.35,64873.211,720698.275,7.045,2.258,20.872,77.87,3.948,4.0,LST_ASSAM_2025_05.tif,6.269,3.0,2.0,3.0,4.0,1800000.0,3.0
DHEMAJI,18-308,2025_06,73,7921167.76,36081.35,64873.211,720698.275,7.045,2.258,20.872,77.87,3.948,4.0,LST_ASSAM_2025_06.tif,46.249,3.0,2.0,3.0,3.0,9721167.76,3.0
DHEMAJI,18-308,2025_07,73,0.0,36081.35,64873.211,720698.275,7.045,2.258,20.872,77.87,3.948,2.0,LST_ASSAM_2025_07.tif,29.247,3.0,2.0,3.0,4.0,9721167.76,3.0
DHEMAJI,18-308,2025_08,73,9000000.0,36081.35,64873.211,720698.275,7.045,2.258,20.872,77.87,3.948,4.0,LST_ASSAM_2025_08.tif,6.137,2.0,2.0,3.0,3.0,18721167.76,2.0
DHEMAJI,18-308,2025_09,73,0.0,36081.35,64873.211,720698.275,7.045,2.258,20.872,77.87,3.948,4.0,LST_ASSAM_2025_09.tif,21.058,3.0,2.0,3.0,4.0,18721167.76,3.0
DHEMAJI,18-308,2025_10,73,0.0,36081.35,64873.211,720698.275,7.045,2.258,20.872,77.87,3.948,3.0,LST_ASSAM_2025_10.tif,43.535,2.0,2.0,3.0,4.0,18721167.76,3.0
DHEMAJI,18-308,2025_11,73,0.0,36081.35,64873.211,720698.275,7.045,2.258,20.872,77.87,3.948,5.0,LST_ASSAM_2025_11.tif,4.256,5.0,2.0,3.0,4.0,18721167.76,4.0
DHEMAJI,18-308,2025_12,73,0.0,36081.35,64873.211,720698.275,7.045,2.258,20.872,77.87,3.948,4.0,LST_ASSAM_2025_12.tif,0.0,3.0,2.0,3.0,5.0,18721167.76,2.0
DHEMAJI,18-308,2026_01,73,0.0,37264.18,65256.982,727132.642,7.045,2.258,20.872,77.87,3.948,3.0,LST_ASSAM_2026_01.tif,0.167,4.0,2.0,3.0,5.0,18721167.76,3.0
DHEMAJI,18-308,2026_02,73,0.0,37264.18,65256.982,727132.642,7.045,2.258,20.872,77.87,3.948,4.0,LST_ASSAM_2026_02.tif,17.872,5.0,2.0,3.0,5.0,18721167.76,4.0
DHEMAJI,18-308,2026_03,73,0.0,37264.18,65256.982,727132.642,7.045,2.258,20.872,77.87,3.948,5.0,LST_ASSAM_2026_03.tif,29.091,4.0,2.0,3.0,5.0,18721167.76,4.0
DHEMAJI,18-308,2026_04,73,0.0,37264.18,65256.982,727132.642,7.045,2.258,20.872,77.87,3.948,5.0,LST_ASSAM_2026_04.tif,0.0,3.0,2.0,3.0,5.0,0.0,3.0
DHEMAJI,18-308,2026_05,73,4999500.0,37264.18,65256.982,727132.642,7.045,2.258,20.872,77.87,3.948,4.0,LST_ASSAM_2026_05.tif,0.0,3.0,2.0,3.0,4.0,4999500.0,3.0
DHUBRI,18-301,2021_04,151,0.0,40764.694,106665.507,1359043.115,7.528,1.185,25.006,78.55,4.425,1.0,LST_ASSAM_2021_04.tif,0.583,3.0,3.0,2.0,5.0,0.0,2.0
DHUBRI,18-301,2021_05,151,0.0,40764.694,106665.507,1359043.115,7.528,1.185,25.006,78.55,4.425,1.0,LST_ASSAM_2021_05.tif,11.238,2.0,3.0,2.0,5.0,0.0,2.0
DHUBRI,18-301,2021_06,151,0.0,40764.694,106665.507,1359043.115,7.528,1.185,25.006,78.55,4.425,4.0,LST_ASSAM_2021_06.tif,27.821,4.0,3.0,2.0,5.0,0.0,4.0
DHUBRI,18-301,2021_07,151,0.0,40764.694,106665.507,1359043.115,7.528,1.185,25.006,78.55,4.425,3.0,LST_ASSAM_2021_07.tif,14.964,3.0,3.0,2.0,5.0,0.0,3.0
DHUBRI,18-301,2021_08,151,0.0,40764.694,106665.507,1359043.115,7.528,1.185,25.006,78.55,4.425,2.0,LST_ASSAM_2021_08.tif,7.655,2.0,3.0,2.0,5.0,0.0,3.0
DHUBRI,18-301,2021_09,151,0.0,40764.694,106665.507,1359043.115,7.528,1.185,25.006,78.55,4.425,2.0,LST_ASSAM_2021_09.tif,17.488,3.0,3.0,2.0,5.0,0.0,3.0
DHUBRI,18-301,2021_10,151,0.0,40764.694,106665.507,1359043.115,7.528,1.185,25.006,78.55,4.425,3.0,LST_ASSAM_2021_10.tif,53.845,3.0,3.0,2.0,5.0,0.0,4.0
DHUBRI,18-301,2021_11,151,0.0,40764.694,106665.507,1359043.115,7.528,1.185,25.006,78.55,4.425,4.0,LST_ASSAM_2021_11.tif,0.0,3.0,3.0,2.0,5.0,0.0,2.0
DHUBRI,18-301,2021_12,151,0.0,40764.694,106665.507,1359043.115,7.528,1.185,25.006,78.55,4.425,4.0,LST_ASSAM_2021_12.tif,0.0,3.0,3.0,2.0,5.0,0.0,2.0
DHUBRI,18-301,2022_01,151,0.0,42574.632,108187.3,1380036.34,7.528,1.185,25.006,78.55,4.425,5.0,LST_ASSAM_2022_01.tif,0.0,3.0,3.0,2.0,5.0,0.0,2.0
DHUBRI,18-301,2022_02,151,0.0,42574.632,108187.3,1380036.34,7.528,1.185,25.006,78.55,4.425,4.0,LST_ASSAM_2022_02.tif,0.0,3.0,3.0,2.0,5.0,0.0,2.0
DHUBRI,18-301,2022_03,151,0.0,42574.632,108187.3,1380036.34,7.528,1.185,25.006,78.55,4.425,4.0,LST_ASSAM_2022_03.tif,67.0,3.0,3.0,2.0,5.0,0.0,4.0
DHUBRI,18-301,2022_04,151,9998000.0,42574.632,108187.3,1380036.34,7.528,1.185,25.006,78.55,4.425,2.0,LST_ASSAM_2022_04.tif,0.417,3.0,3.0,2.0,1.0,9998000.0,1.0
DHUBRI,18-301,2022_05,151,0.0,42574.632,108187.3,1380036.34,7.528,1.185,25.006,78.55,4.425,2.0,LST_ASSAM_2022_05.tif,6.798,5.0,3.0,2.0,1.0,9998000.0,4.0
DHUBRI,18-301,2022_06,151,0.0,42574.632,108187.3,1380036.34,7.528,1.185,25.006,78.55,4.425,4.0,LST_ASSAM_2022_06.tif,6.821,3.0,3.0,2.0,1.0,9998000.0,2.0
DHUBRI,18-301,2022_07,151,0.0,42574.632,108187.3,1380036.34,7.528,1.185,25.006,78.55,4.425,1.0,LST_ASSAM_2022_07.tif,29.417,4.0,3.0,2.0,4.0,9998000.0,4.0
DHUBRI,18-301,2022_08,151,0.0,42574.632,108187.3,1380036.34,7.528,1.185,25.006,78.55,4.425,1.0,LST_ASSAM_2022_08.tif,22.262,2.0,3.0,2.0,4.0,9998000.0,2.0
DHUBRI,18-301,2022_09,151,0.0,42574.632,108187.3,1380036.34,7.528,1.185,25.006,78.55,4.425,2.0,LST_ASSAM_2022_09.tif,4.655,3.0,3.0,2.0,4.0,9998000.0,2.0
DHUBRI,18-301,2022_10,151,0.0,42574.632,108187.3,1380036.34,7.528,1.185,25.006,78.55,4.425,4.0,LST_ASSAM_2022_10.tif,38.321,3.0,3.0,2.0,4.0,9998000.0,3.0
DHUBRI,18-301,2022_11,151,0.0,42574.632,108187.3,1380036.34,7.528,1.185,25.006,78.55,4.425,5.0,LST_ASSAM_2022_11.tif,0.0,3.0,3.0,2.0,5.0,9998000.0,2.0
DHUBRI,18-301,2022_12,151,0.0,42574.632,108187.3,1380036.34,7.528,1.185,25.006,78.55,4.425,4.0,LST_ASSAM_2022_12.tif,0.0,3.0,3.0,2.0,5.0,9998000.0,2.0
DHUBRI,18-301,2023_01,151,0.0,44384.57,109709.093,1401029.565,7.528,1.185,25.006,78.55,4.425,5.0,LST_ASSAM_2023_01.tif,0.0,2.0,3.0,2.0,5.0,9998000.0,2.0
DHUBRI,18-301,2023_02,151,0.0,44384.57,109709.093,1401029.565,7.528,1.185,25.006,78.55,4.425,5.0,LST_ASSAM_2023_02.tif,0.381,2.0,3.0,2.0,5.0,9998000.0,2.0
DHUBRI,18-301,2023_03,151,0.0,44384.57,109709.093,1401029.565,7.528,1.185,25.006,78.55,4.425,4.0,LST_ASSAM_2023_03.tif,23.19,3.0,3.0,2.0,5.0,9998000.0,3.0
DHUBRI,18-301,2023_04,151,0.0,44384.57,109709.093,1401029.565,7.528,1.185,25.006,78.55,4.425,3.0,LST_ASSAM_2023_04.tif,8.357,5.0,3.0,2.0,5.0,0.0,4.0
DHUBRI,18-301,2023_05,151,0.0,44384.57,109709.093,1401029.565,7.528,1.185,25.006,78.55,4.425,4.0,LST_ASSAM_2023_05.tif,6.143,3.0,3.0,2.0,5.0,0.0,3.0
DHUBRI,18-301,2023_06,151,0.0,44384.57,109709.093,1401029.565,7.528,1.185,25.006,78.55,4.425,4.0,LST_ASSAM_2023_06.tif,43.702,4.0,3.0,2.0,5.0,0.0,4.0
DHUBRI,18-301,2023_07,151,0.0,44384.57,109709.093,1401029.565,7.528,1.185,25.006,78.55,4.425,3.0,LST_ASSAM_2023_07.tif,33.833,4.0,3.0,2.0,5.0,0.0,4.0
DHUBRI,18-301,2023_08,151,0.0,44384.57,109709.093,1401029.565,7.528,1.185,25.006,78.55,4.425,2.0,LST_ASSAM_2023_08.tif,25.06,5.0,3.0,2.0,5.0,0.0,4.0
DHUBRI,18-301,2023_09,151,0.0,44384.57,109709.093,1401029.565,7.528,1.185,25.006,78.55,4.425,1.0,LST_ASSAM_2023_09.tif,43.238,4.0,3.0,2.0,5.0,0.0,4.0
DHUBRI,18-301,2023_10,151,0.0,44384.57,109709.093,1401029.565,7.528,1.185,25.006,78.55,4.425,5.0,LST_ASSAM_2023_10.tif,41.107,4.0,3.0,2.0,5.0,0.0,4.0
DHUBRI,18-301,2023_11,151,0.0,44384.57,109709.093,1401029.565,7.528,1.185,25.006,78.55,4.425,5.0,LST_ASSAM_2023_11.tif,1.512,3.0,3.0,2.0,5.0,0.0,3.0
DHUBRI,18-301,2023_12,151,0.0,44384.57,109709.093,1401029.565,7.528,1.185,25.006,78.55,4.425,5.0,LST_ASSAM_2023_12.tif,0.0,3.0,3.0,2.0,5.0,0.0,2.0
DHUBRI,18-301,2024_01,151,0.0,46194.508,111230.886,1422022.789,7.528,1.185,25.006,78.55,4.425,5.0,LST_ASSAM_2024_01.tif,0.0,3.0,3.0,2.0,5.0,0.0,2.0
DHUBRI,18-301,2024_02,151,0.0,46194.508,111230.886,1422022.789,7.528,1.185,25.006,78.55,4.425,5.0,LST_ASSAM_2024_02.tif,0.0,3.0,3.0,2.0,5.0,0.0,2.0
DHUBRI,18-301,2024_03,151,0.0,46194.508,111230.886,1422022.789,7.528,1.185,25.006,78.55,4.425,4.0,LST_ASSAM_2024_03.tif,27.405,3.0,3.0,2.0,5.0,0.0,3.0
DHUBRI,18-301,2024_04,151,0.0,46194.508,111230.886,1422022.789,7.528,1.185,25.006,78.55,4.425,4.0,LST_ASSAM_2024_04.tif,2.131,3.0,3.0,2.0,5.0,0.0,2.0
DHUBRI,18-301,2024_05,151,0.0,46194.508,111230.886,1422022.789,7.528,1.185,25.006,78.55,4.425,4.0,LST_ASSAM_2024_05.tif,32.833,3.0,3.0,2.0,5.0,0.0,3.0
DHUBRI,18-301,2024_06,151,0.0,46194.508,111230.886,1422022.789,7.528,1.185,25.006,78.55,4.425,3.0,LST_ASSAM_2024_06.tif,36.119,3.0,3.0,2.0,5.0,0.0,3.0
DHUBRI,18-301,2024_07,151,0.0,46194.508,111230.886,1422022.789,7.528,1.185,25.006,78.55,4.425,2.0,LST_ASSAM_2024_07.tif,49.286,5.0,3.0,2.0,5.0,0.0,4.0
DHUBRI,18-301,2024_08,151,0.0,46194.508,111230.886,1422022.789,7.528,1.185,25.006,78.55,4.425,2.0,LST_ASSAM_2024_08.tif,21.583,3.0,3.0,2.0,5.0,0.0,3.0
DHUBRI,18-301,2024_09,151,0.0,46194.508,111230.886,1422022.789,7.528,1.185,25.006,78.55,4.425,3.0,LST_ASSAM_2024_09.tif,44.393,3.0,3.0,2.0,5.0,0.0,4.0
DHUBRI,18-301,2024_10,151,0.0,46194.508,111230.886,1422022.789,7.528,1.185,25.006,78.55,4.425,4.0,LST_ASSAM_2024_10.tif,36.012,4.0,3.0,2.0,5.0,0.0,4.0
DHUBRI,18-301,2024_11,151,0.0,46194.508,111230.886,1422022.789,7.528,1.185,25.006,78.55,4.425,5.0,LST_ASSAM_2024_11.tif,4.0,3.0,3.0,2.0,5.0,0.0,3.0
DHUBRI,18-301,2024_12,151,0.0,46194.508,111230.886,1422022.789,7.528,1.185,25.006,78.55,4.425,4.0,LST_ASSAM_2024_12.tif,0.0,3.0,3.0,2.0,5.0,0.0,2.0
DHUBRI,18-301,2025_01,151,0.0,48004.446,112752.679,1443016.014,7.528,1.185,25.006,78.55,4.425,5.0,LST_ASSAM_2025_01.tif,0.0,3.0,3.0,2.0,5.0,0.0,2.0
DHUBRI,18-301,2025_02,151,0.0,48004.446,112752.679,1443016.014,7.528,1.185,25.006,78.55,4.425,3.0,LST_ASSAM_2025_02.tif,0.0,2.0,3.0,2.0,5.0,0.0,2.0
DHUBRI,18-301,2025_03,151,0.0,48004.446,112752.679,1443016.014,7.528,1.185,25.006,78.55,4.425,3.0,LST_ASSAM_2025_03.tif,34.714,3.0,3.0,2.0,5.0,0.0,3.0
DHUBRI,18-301,2025_04,151,5923800.0,48004.446,112752.679,1443016.014,7.528,1.185,25.006,78.55,4.425,3.0,LST_ASSAM_2025_04.tif,2.536,5.0,3.0,2.0,3.0,5923800.0,4.0
DHUBRI,18-301,2025_05,151,0.0,48004.446,112752.679,1443016.014,7.528,1.185,25.006,78.55,4.425,3.0,LST_ASSAM_2025_05.tif,7.988,3.0,3.0,2.0,3.0,5923800.0,2.0
DHUBRI,18-301,2025_06,151,0.0,48004.446,112752.679,1443016.014,7.528,1.185,25.006,78.55,4.425,2.0,LST_ASSAM_2025_06.tif,46.905,3.0,3.0,2.0,4.0,5923800.0,3.0
DHUBRI,18-301,2025_07,151,0.0,48004.446,112752.679,1443016.014,7.528,1.185,25.006,78.55,4.425,2.0,LST_ASSAM_2025_07.tif,28.726,3.0,3.0,2.0,4.0,5923800.0,3.0
DHUBRI,18-301,2025_08,151,0.0,48004.446,112752.679,1443016.014,7.528,1.185,25.006,78.55,4.425,1.0,LST_ASSAM_2025_08.tif,8.274,3.0,3.0,2.0,4.0,5923800.0,3.0
DHUBRI,18-301,2025_09,151,0.0,48004.446,112752.679,1443016.014,7.528,1.185,25.006,78.55,4.425,3.0,LST_ASSAM_2025_09.tif,20.726,3.0,3.0,2.0,5.0,5923800.0,3.0
DHUBRI,18-301,2025_10,151,0.0,48004.446,112752.679,1443016.014,7.528,1.185,25.006,78.55,4.425,5.0,LST_ASSAM_2025_10.tif,53.798,3.0,3.0,2.0,5.0,5923800.0,4.0
DHUBRI,18-301,2025_11,151,0.0,48004.446,112752.679,1443016.014,7.528,1.185,25.006,78.55,4.425,5.0,LST_ASSAM_2025_11.tif,3.0,3.0,3.0,2.0,5.0,5923800.0,3.0
DHUBRI,18-301,2025_12,151,0.0,48004.446,112752.679,1443016.014,7.528,1.185,25.006,78.55,4.425,4.0,LST_ASSAM_2025_12.tif,0.0,3.0,3.0,2.0,5.0,5923800.0,2.0
DHUBRI,18-301,2026_01,151,0.0,49814.384,114274.472,1464009.239,7.528,1.185,25.006,78.55,4.425,4.0,LST_ASSAM_2026_01.tif,0.0,3.0,3.0,2.0,5.0,5923800.0,2.0
DHUBRI,18-301,2026_02,151,0.0,49814.384,114274.472,1464009.239,7.528,1.185,25.006,78.55,4.425,3.0,LST_ASSAM_2026_02.tif,3.095,2.0,3.0,2.0,5.0,5923800.0,2.0
DHUBRI,18-301,2026_03,151,11314868.4,49814.384,114274.472,1464009.239,7.528,1.185,25.006,78.55,4.425,3.0,LST_ASSAM_2026_03.tif,19.75,2.0,3.0,2.0,5.0,17238668.4,3.0
DHUBRI,18-301,2026_04,151,0.0,49814.384,114274.472,1464009.239,7.528,1.185,25.006,78.55,4.425,2.0,LST_ASSAM_2026_04.tif,0.0,3.0,3.0,2.0,5.0,0.0,2.0
DHUBRI,18-301,2026_05,151,0.0,49814.384,114274.472,1464009.239,7.528,1.185,25.006,78.55,4.425,2.0,LST_ASSAM_2026_05.tif,0.0,3.0,3.0,2.0,5.0,0.0,3.0
DIBRUGARH,18-310,2021_04,169,0.0,63360.343,99072.486,1487017.263,10.219,4.188,12.796,81.66,6.027,4.0,LST_ASSAM_2021_04.tif,0.0,2.0,3.0,4.0,5.0,0.0,2.0
DIBRUGARH,18-310,2021_05,169,0.0,63360.343,99072.486,1487017.263,10.219,4.188,12.796,81.66,6.027,4.0,LST_ASSAM_2021_05.tif,12.397,3.0,3.0,4.0,5.0,0.0,3.0
DIBRUGARH,18-310,2021_06,169,0.0,63360.343,99072.486,1487017.263,10.219,4.188,12.796,81.66,6.027,1.0,LST_ASSAM_2021_06.tif,29.986,4.0,3.0,4.0,5.0,0.0,4.0
DIBRUGARH,18-310,2021_07,169,0.0,63360.343,99072.486,1487017.263,10.219,4.188,12.796,81.66,6.027,2.0,LST_ASSAM_2021_07.tif,19.45,4.0,3.0,4.0,5.0,0.0,4.0
DIBRUGARH,18-310,2021_08,169,0.0,63360.343,99072.486,1487017.263,10.219,4.188,12.796,81.66,6.027,3.0,LST_ASSAM_2021_08.tif,12.987,5.0,3.0,4.0,5.0,0.0,5.0
DIBRUGARH,18-310,2021_09,169,0.0,63360.343,99072.486,1487017.263,10.219,4.188,12.796,81.66,6.027,3.0,LST_ASSAM_2021_09.tif,12.067,2.0,3.0,4.0,5.0,0.0,3.0
DIBRUGARH,18-310,2021_10,169,0.0,63360.343,99072.486,1487017.263,10.219,4.188,12.796,81.66,6.027,3.0,LST_ASSAM_2021_10.tif,62.137,4.0,3.0,4.0,5.0,0.0,5.0
DIBRUGARH,18-310,2021_11,169,0.0,63360.343,99072.486,1487017.263,10.219,4.188,12.796,81.66,6.027,3.0,LST_ASSAM_2021_11.tif,0.0,3.0,3.0,4.0,5.0,0.0,2.0
DIBRUGARH,18-310,2021_12,169,0.0,63360.343,99072.486,1487017.263,10.219,4.188,12.796,81.66,6.027,3.0,LST_ASSAM_2021_12.tif,0.0,3.0,3.0,4.0,5.0,0.0,2.0
DIBRUGARH,18-310,2022_01,169,0.0,65397.148,98976.762,1493590.984,10.219,4.188,12.796,81.66,6.027,3.0,LST_ASSAM_2022_01.tif,0.0,3.0,3.0,4.0,5.0,0.0,2.0
DIBRUGARH,18-310,2022_02,169,0.0,65397.148,98976.762,1493590.984,10.219,4.188,12.796,81.66,6.027,4.0,LST_ASSAM_2022_02.tif,0.0,3.0,3.0,4.0,5.0,0.0,2.0
DIBRUGARH,18-310,2022_03,169,0.0,65397.148,98976.762,1493590.984,10.219,4.188,12.796,81.66,6.027,3.0,LST_ASSAM_2022_03.tif,74.248,4.0,3.0,4.0,5.0,0.0,5.0
DIBRUGARH,18-310,2022_04,169,0.0,65397.148,98976.762,1493590.984,10.219,4.188,12.796,81.66,6.027,3.0,LST_ASSAM_2022_04.tif,0.0,3.0,3.0,4.0,5.0,0.0,2.0
DIBRUGARH,18-310,2022_05,169,0.0,65397.148,98976.762,1493590.984,10.219,4.188,12.796,81.66,6.027,3.0,LST_ASSAM_2022_05.tif,5.381,4.0,3.0,4.0,5.0,0.0,4.0
DIBRUGARH,18-310,2022_06,169,0.0,65397.148,98976.762,1493590.984,10.219,4.188,12.796,81.66,6.027,3.0,LST_ASSAM_2022_06.tif,7.765,4.0,3.0,4.0,5.0,0.0,4.0
DIBRUGARH,18-310,2022_07,169,0.0,65397.148,98976.762,1493590.984,10.219,4.188,12.796,81.66,6.027,2.0,LST_ASSAM_2022_07.tif,24.583,3.0,3.0,4.0,5.0,0.0,3.0
DIBRUGARH,18-310,2022_08,169,0.0,65397.148,98976.762,1493590.984,10.219,4.188,12.796,81.66,6.027,3.0,LST_ASSAM_2022_08.tif,33.689,4.0,3.0,4.0,5.0,0.0,5.0
DIBRUGARH,18-310,2022_09,169,0.0,65397.148,98976.762,1493590.984,10.219,4.188,12.796,81.66,6.027,2.0,LST_ASSAM_2022_09.tif,3.279,3.0,3.0,4.0,5.0,0.0,3.0
DIBRUGARH,18-310,2022_10,169,0.0,65397.148,98976.762,1493590.984,10.219,4.188,12.796,81.66,6.027,2.0,LST_ASSAM_2022_10.tif,37.82,3.0,3.0,4.0,5.0,0.0,3.0
DIBRUGARH,18-310,2022_11,169,0.0,65397.148,98976.762,1493590.984,10.219,4.188,12.796,81.66,6.027,3.0,LST_ASSAM_2022_11.tif,0.0,3.0,3.0,4.0,5.0,0.0,2.0
DIBRUGARH,18-310,2022_12,169,0.0,65397.148,98976.762,1493590.984,10.219,4.188,12.796,81.66,6.027,3.0,LST_ASSAM_2022_12.tif,0.0,3.0,3.0,4.0,5.0,0.0,2.0
DIBRUGARH,18-310,2023_01,169,0.0,67433.953,98881.038,1500164.706,10.219,4.188,12.796,81.66,6.027,4.0,LST_ASSAM_2023_01.tif,1.117,4.0,3.0,4.0,5.0,0.0,4.0
DIBRUGARH,18-310,2023_02,169,0.0,67433.953,98881.038,1500164.706,10.219,4.188,12.796,81.66,6.027,3.0,LST_ASSAM_2023_02.tif,8.077,5.0,3.0,4.0,5.0,0.0,5.0
DIBRUGARH,18-310,2023_03,169,7662672.0,67433.953,98881.038,1500164.706,10.219,4.188,12.796,81.66,6.027,2.0,LST_ASSAM_2023_03.tif,30.851,4.0,3.0,4.0,5.0,7662672.0,4.0
DIBRUGARH,18-310,2023_04,169,0.0,67433.953,98881.038,1500164.706,10.219,4.188,12.796,81.66,6.027,1.0,LST_ASSAM_2023_04.tif,0.076,2.0,3.0,4.0,5.0,0.0,2.0
DIBRUGARH,18-310,2023_05,169,2933297.2,67433.953,98881.038,1500164.706,10.219,4.188,12.796,81.66,6.027,1.0,LST_ASSAM_2023_05.tif,5.071,3.0,3.0,4.0,4.0,2933297.2,3.0
DIBRUGARH,18-310,2023_06,169,0.0,67433.953,98881.038,1500164.706,10.219,4.188,12.796,81.66,6.027,2.0,LST_ASSAM_2023_06.tif,44.306,4.0,3.0,4.0,5.0,2933297.2,5.0
DIBRUGARH,18-310,2023_07,169,0.0,67433.953,98881.038,1500164.706,10.219,4.188,12.796,81.66,6.027,2.0,LST_ASSAM_2023_07.tif,22.876,2.0,3.0,4.0,5.0,2933297.2,3.0
DIBRUGARH,18-310,2023_08,169,0.0,67433.953,98881.038,1500164.706,10.219,4.188,12.796,81.66,6.027,1.0,LST_ASSAM_2023_08.tif,19.638,3.0,3.0,4.0,5.0,2933297.2,3.0
DIBRUGARH,18-310,2023_09,169,0.0,67433.953,98881.038,1500164.706,10.219,4.188,12.796,81.66,6.027,4.0,LST_ASSAM_2023_09.tif,45.414,4.0,3.0,4.0,5.0,2933297.2,4.0
DIBRUGARH,18-310,2023_10,169,0.0,67433.953,98881.038,1500164.706,10.219,4.188,12.796,81.66,6.027,2.0,LST_ASSAM_2023_10.tif,43.33,4.0,3.0,4.0,5.0,2933297.2,5.0
DIBRUGARH,18-310,2023_11,169,0.0,67433.953,98881.038,1500164.706,10.219,4.188,12.796,81.66,6.027,3.0,LST_ASSAM_2023_11.tif,1.0,2.0,3.0,4.0,5.0,2933297.2,3.0
DIBRUGARH,18-310,2023_12,169,0.0,67433.953,98881.038,1500164.706,10.219,4.188,12.796,81.66,6.027,4.0,LST_ASSAM_2023_12.tif,0.0,3.0,3.0,4.0,5.0,2933297.2,2.0
DIBRUGARH,18-310,2024_01,169,0.0,69470.758,98785.314,1506738.428,10.219,4.188,12.796,81.66,6.027,4.0,LST_ASSAM_2024_01.tif,0.0,3.0,3.0,4.0,5.0,2933297.2,2.0
DIBRUGARH,18-310,2024_02,169,0.0,69470.758,98785.314,1506738.428,10.219,4.188,12.796,81.66,6.027,3.0,LST_ASSAM_2024_02.tif,0.0,3.0,3.0,4.0,5.0,2933297.2,2.0
DIBRUGARH,18-310,2024_03,169,0.0,69470.758,98785.314,1506738.428,10.219,4.188,12.796,81.66,6.027,2.0,LST_ASSAM_2024_03.tif,34.346,4.0,3.0,4.0,5.0,2933297.2,4.0
DIBRUGARH,18-310,2024_04,169,0.0,69470.758,98785.314,1506738.428,10.219,4.188,12.796,81.66,6.027,1.0,LST_ASSAM_2024_04.tif,0.0,3.0,3.0,4.0,5.0,0.0,2.0
DIBRUGARH,18-310,2024_05,169,0.0,69470.758,98785.314,1506738.428,10.219,4.188,12.796,81.66,6.027,2.0,LST_ASSAM_2024_05.tif,21.778,2.0,3.0,4.0,5.0,0.0,3.0
DIBRUGARH,18-310,2024_06,169,0.0,69470.758,98785.314,1506738.428,10.219,4.188,12.796,81.66,6.027,1.0,LST_ASSAM_2024_06.tif,34.123,3.0,3.0,4.0,5.0,0.0,3.0
DIBRUGARH,18-310,2024_07,169,0.0,69470.758,98785.314,1506738.428,10.219,4.188,12.796,81.66,6.027,2.0,LST_ASSAM_2024_07.tif,31.948,2.0,3.0,4.0,5.0,0.0,3.0
DIBRUGARH,18-310,2024_08,169,0.0,69470.758,98785.314,1506738.428,10.219,4.188,12.796,81.66,6.027,4.0,LST_ASSAM_2024_08.tif,30.042,4.0,3.0,4.0,5.0,0.0,4.0
DIBRUGARH,18-310,2024_09,169,43080582.0,69470.758,98785.314,1506738.428,10.219,4.188,12.796,81.66,6.027,3.0,LST_ASSAM_2024_09.tif,44.274,3.0,3.0,4.0,2.0,43080582.0,3.0
DIBRUGARH,18-310,2024_10,169,0.0,69470.758,98785.314,1506738.428,10.219,4.188,12.796,81.66,6.027,2.0,LST_ASSAM_2024_10.tif,25.027,3.0,3.0,4.0,2.0,43080582.0,3.0
DIBRUGARH,18-310,2024_11,169,0.0,69470.758,98785.314,1506738.428,10.219,4.188,12.796,81.66,6.027,3.0,LST_ASSAM_2024_11.tif,4.005,3.0,3.0,4.0,2.0,43080582.0,3.0
DIBRUGARH,18-310,2024_12,169,0.0,69470.758,98785.314,1506738.428,10.219,4.188,12.796,81.66,6.027,3.0,LST_ASSAM_2024_12.tif,0.0,3.0,3.0,4.0,3.0,43080582.0,2.0
DIBRUGARH,18-310,2025_01,169,28679485.0,71507.563,98689.59,1513312.15,10.219,4.188,12.796,81.66,6.027,3.0,LST_ASSAM_2025_01.tif,0.0,3.0,3.0,4.0,2.0,71760067.0,2.0
DIBRUGARH,18-310,2025_02,169,28708000.0,71507.563,98689.59,1513312.15,10.219,4.188,12.796,81.66,6.027,3.0,LST_ASSAM_2025_02.tif,1.372,5.0,3.0,4.0,3.0,100468067.0,4.0
DIBRUGARH,18-310,2025_03,169,28885898.0,71507.563,98689.59,1513312.15,10.219,4.188,12.796,81.66,6.027,1.0,LST_ASSAM_2025_03.tif,26.686,2.0,3.0,4.0,3.0,129353965.0,2.0
DIBRUGARH,18-310,2025_04,169,0.0,71507.563,98689.59,1513312.15,10.219,4.188,12.796,81.66,6.027,1.0,LST_ASSAM_2025_04.tif,0.0,2.0,3.0,4.0,5.0,0.0,2.0
DIBRUGARH,18-310,2025_05,169,0.0,71507.563,98689.59,1513312.15,10.219,4.188,12.796,81.66,6.027,2.0,LST_ASSAM_2025_05.tif,5.899,3.0,3.0,4.0,5.0,0.0,3.0
DIBRUGARH,18-310,2025_06,169,0.0,71507.563,98689.59,1513312.15,10.219,4.188,12.796,81.66,6.027,4.0,LST_ASSAM_2025_06.tif,56.008,4.0,3.0,4.0,5.0,0.0,5.0
DIBRUGARH,18-310,2025_07,169,0.0,71507.563,98689.59,1513312.15,10.219,4.188,12.796,81.66,6.027,2.0,LST_ASSAM_2025_07.tif,29.179,3.0,3.0,4.0,5.0,0.0,3.0
DIBRUGARH,18-310,2025_08,169,0.0,71507.563,98689.59,1513312.15,10.219,4.188,12.796,81.66,6.027,4.0,LST_ASSAM_2025_08.tif,6.94,2.0,3.0,4.0,5.0,0.0,3.0
DIBRUGARH,18-310,2025_09,169,0.0,71507.563,98689.59,1513312.15,10.219,4.188,12.796,81.66,6.027,3.0,LST_ASSAM_2025_09.tif,23.16,3.0,3.0,4.0,5.0,0.0,3.0
DIBRUGARH,18-310,2025_10,169,0.0,71507.563,98689.59,1513312.15,10.219,4.188,12.796,81.66,6.027,2.0,LST_ASSAM_2025_10.tif,52.177,3.0,3.0,4.0,5.0,0.0,4.0
DIBRUGARH,18-310,2025_11,169,0.0,71507.563,98689.59,1513312.15,10.219,4.188,12.796,81.66,6.027,4.0,LST_ASSAM_2025_11.tif,3.232,4.0,3.0,4.0,5.0,0.0,4.0
DIBRUGARH,18-310,2025_12,169,0.0,71507.563,98689.59,1513312.15,10.219,4.188,12.796,81.66,6.027,4.0,LST_ASSAM_2025_12.tif,0.0,3.0,3.0,4.0,5.0,0.0,2.0
DIBRUGARH,18-310,2026_01,169,519279068.29,73544.368,98593.866,1519885.872,10.219,4.188,12.796,81.66,6.027,4.0,LST_ASSAM_2026_01.tif,0.0,3.0,3.0,4.0,2.0,519279068.29,2.0
DIBRUGARH,18-310,2026_02,169,4590350.0,73544.368,98593.866,1519885.872,10.219,4.188,12.796,81.66,6.027,4.0,LST_ASSAM_2026_02.tif,18.117,5.0,3.0,4.0,3.0,523869418.29,4.0
DIBRUGARH,18-310,2026_03,169,246368230.59,73544.368,98593.866,1519885.872,10.219,4.188,12.796,81.66,6.027,5.0,LST_ASSAM_2026_03.tif,38.21,5.0,3.0,4.0,2.0,770237648.88,4.0
DIBRUGARH,18-310,2026_04,169,0.0,73544.368,98593.866,1519885.872,10.219,4.188,12.796,81.66,6.027,4.0,LST_ASSAM_2026_04.tif,0.0,3.0,3.0,4.0,5.0,0.0,4.0
DIBRUGARH,18-310,2026_05,169,0.0,73544.368,98593.866,1519885.872,10.219,4.188,12.796,81.66,6.027,3.0,LST_ASSAM_2026_05.tif,0.0,3.0,3.0,4.0,5.0,0.0,4.0
DIMA HASAO,18-315,2021_04,4,0.0,10402.927,25509.907,284483.746,8.147,6.363,23.25,89.42,3.17,1.0,LST_ASSAM_2021_04.tif,4.113,5.0,2.0,1.0,5.0,0.0,4.0
DIMA HASAO,18-315,2021_05,4,0.0,10402.927,25509.907,284483.746,8.147,6.363,23.25,89.42,3.17,1.0,LST_ASSAM_2021_05.tif,16.837,4.0,2.0,1.0,5.0,0.0,3.0
DIMA HASAO,18-315,2021_06,4,0.0,10402.927,25509.907,284483.746,8.147,6.363,23.25,89.42,3.17,4.0,LST_ASSAM_2021_06.tif,13.124,1.0,2.0,1.0,5.0,0.0,2.0
DIMA HASAO,18-315,2021_07,4,0.0,10402.927,25509.907,284483.746,8.147,6.363,23.25,89.42,3.17,2.0,LST_ASSAM_2021_07.tif,17.821,3.0,2.0,1.0,5.0,0.0,3.0
DIMA HASAO,18-315,2021_08,4,0.0,10402.927,25509.907,284483.746,8.147,6.363,23.25,89.42,3.17,4.0,LST_ASSAM_2021_08.tif,5.858,2.0,2.0,1.0,5.0,0.0,2.0
DIMA HASAO,18-315,2021_09,4,0.0,10402.927,25509.907,284483.746,8.147,6.363,23.25,89.42,3.17,1.0,LST_ASSAM_2021_09.tif,20.784,4.0,2.0,1.0,5.0,0.0,3.0
DIMA HASAO,18-315,2021_10,4,0.0,10402.927,25509.907,284483.746,8.147,6.363,23.25,89.42,3.17,1.0,LST_ASSAM_2021_10.tif,55.464,3.0,2.0,1.0,5.0,0.0,3.0
DIMA HASAO,18-315,2021_11,4,0.0,10402.927,25509.907,284483.746,8.147,6.363,23.25,89.42,3.17,1.0,LST_ASSAM_2021_11.tif,0.049,5.0,2.0,1.0,5.0,0.0,4.0
DIMA HASAO,18-315,2021_12,4,0.0,10402.927,25509.907,284483.746,8.147,6.363,23.25,89.42,3.17,1.0,LST_ASSAM_2021_12.tif,1.21,5.0,2.0,1.0,5.0,0.0,4.0
DIMA HASAO,18-315,2022_01,4,0.0,10817.66,25721.268,287572.564,8.147,6.363,23.25,89.42,3.17,1.0,LST_ASSAM_2022_01.tif,7.369,5.0,2.0,1.0,5.0,0.0,4.0
DIMA HASAO,18-315,2022_02,4,0.0,10817.66,25721.268,287572.564,8.147,6.363,23.25,89.42,3.17,1.0,LST_ASSAM_2022_02.tif,8.978,5.0,2.0,1.0,5.0,0.0,4.0
DIMA HASAO,18-315,2022_03,4,0.0,10817.66,25721.268,287572.564,8.147,6.363,23.25,89.42,3.17,1.0,LST_ASSAM_2022_03.tif,60.477,2.0,2.0,1.0,5.0,0.0,3.0
DIMA HASAO,18-315,2022_04,4,0.0,10817.66,25721.268,287572.564,8.147,6.363,23.25,89.42,3.17,2.0,LST_ASSAM_2022_04.tif,1.42,4.0,2.0,1.0,5.0,0.0,3.0
DIMA HASAO,18-315,2022_05,4,0.0,10817.66,25721.268,287572.564,8.147,6.363,23.25,89.42,3.17,2.0,LST_ASSAM_2022_05.tif,1.453,2.0,2.0,1.0,5.0,0.0,2.0
DIMA HASAO,18-315,2022_06,4,0.0,10817.66,25721.268,287572.564,8.147,6.363,23.25,89.42,3.17,5.0,LST_ASSAM_2022_06.tif,0.677,1.0,2.0,1.0,5.0,0.0,2.0
DIMA HASAO,18-315,2022_07,4,0.0,10817.66,25721.268,287572.564,8.147,6.363,23.25,89.42,3.17,2.0,LST_ASSAM_2022_07.tif,30.072,4.0,2.0,1.0,5.0,0.0,3.0
DIMA HASAO,18-315,2022_08,4,0.0,10817.66,25721.268,287572.564,8.147,6.363,23.25,89.42,3.17,2.0,LST_ASSAM_2022_08.tif,24.88,3.0,2.0,1.0,5.0,0.0,3.0
DIMA HASAO,18-315,2022_09,4,0.0,10817.66,25721.268,287572.564,8.147,6.363,23.25,89.42,3.17,2.0,LST_ASSAM_2022_09.tif,8.145,4.0,2.0,1.0,5.0,0.0,3.0
DIMA HASAO,18-315,2022_10,4,0.0,10817.66,25721.268,287572.564,8.147,6.363,23.25,89.42,3.17,1.0,LST_ASSAM_2022_10.tif,37.222,3.0,2.0,1.0,5.0,0.0,3.0
DIMA HASAO,18-315,2022_11,4,0.0,10817.66,25721.268,287572.564,8.147,6.363,23.25,89.42,3.17,1.0,LST_ASSAM_2022_11.tif,0.058,3.0,2.0,1.0,5.0,0.0,2.0
DIMA HASAO,18-315,2022_12,4,0.0,10817.66,25721.268,287572.564,8.147,6.363,23.25,89.42,3.17,1.0,LST_ASSAM_2022_12.tif,1.343,5.0,2.0,1.0,5.0,0.0,4.0
DIMA HASAO,18-315,2023_01,4,0.0,11232.393,25932.629,290661.382,8.147,6.363,23.25,89.42,3.17,1.0,LST_ASSAM_2023_01.tif,2.212,5.0,2.0,1.0,5.0,0.0,4.0
DIMA HASAO,18-315,2023_02,4,0.0,11232.393,25932.629,290661.382,8.147,6.363,23.25,89.42,3.17,1.0,LST_ASSAM_2023_02.tif,0.347,2.0,2.0,1.0,5.0,0.0,2.0
DIMA HASAO,18-315,2023_03,4,0.0,11232.393,25932.629,290661.382,8.147,6.363,23.25,89.42,3.17,1.0,LST_ASSAM_2023_03.tif,24.48,3.0,2.0,1.0,5.0,0.0,3.0
DIMA HASAO,18-315,2023_04,4,0.0,11232.393,25932.629,290661.382,8.147,6.363,23.25,89.42,3.17,2.0,LST_ASSAM_2023_04.tif,8.302,5.0,2.0,1.0,5.0,0.0,4.0
DIMA HASAO,18-315,2023_05,4,0.0,11232.393,25932.629,290661.382,8.147,6.363,23.25,89.42,3.17,1.0,LST_ASSAM_2023_05.tif,10.221,5.0,2.0,1.0,5.0,0.0,4.0
DIMA HASAO,18-315,2023_06,4,0.0,11232.393,25932.629,290661.382,8.147,6.363,23.25,89.42,3.17,2.0,LST_ASSAM_2023_06.tif,36.913,3.0,2.0,1.0,5.0,0.0,3.0
DIMA HASAO,18-315,2023_07,4,0.0,11232.393,25932.629,290661.382,8.147,6.363,23.25,89.42,3.17,3.0,LST_ASSAM_2023_07.tif,28.742,3.0,2.0,1.0,5.0,0.0,3.0
DIMA HASAO,18-315,2023_08,4,0.0,11232.393,25932.629,290661.382,8.147,6.363,23.25,89.42,3.17,2.0,LST_ASSAM_2023_08.tif,14.448,1.0,2.0,1.0,5.0,0.0,2.0
DIMA HASAO,18-315,2023_09,4,0.0,11232.393,25932.629,290661.382,8.147,6.363,23.25,89.42,3.17,1.0,LST_ASSAM_2023_09.tif,33.125,2.0,2.0,1.0,5.0,0.0,2.0
DIMA HASAO,18-315,2023_10,4,0.0,11232.393,25932.629,290661.382,8.147,6.363,23.25,89.42,3.17,1.0,LST_ASSAM_2023_10.tif,35.078,2.0,2.0,1.0,5.0,0.0,3.0
DIMA HASAO,18-315,2023_11,4,55080320.0,11232.393,25932.629,290661.382,8.147,6.363,23.25,89.42,3.17,1.0,LST_ASSAM_2023_11.tif,2.716,5.0,2.0,1.0,5.0,55080320.0,4.0
DIMA HASAO,18-315,2023_12,4,0.0,11232.393,25932.629,290661.382,8.147,6.363,23.25,89.42,3.17,1.0,LST_ASSAM_2023_12.tif,0.01,5.0,2.0,1.0,5.0,55080320.0,4.0
DIMA HASAO,18-315,2024_01,4,0.0,11647.126,26143.99,293750.199,8.147,6.363,23.25,89.42,3.17,1.0,LST_ASSAM_2024_01.tif,4.117,5.0,2.0,1.0,5.0,55080320.0,4.0
DIMA HASAO,18-315,2024_02,4,0.0,11647.126,26143.99,293750.199,8.147,6.363,23.25,89.42,3.17,1.0,LST_ASSAM_2024_02.tif,1.316,5.0,2.0,1.0,5.0,55080320.0,4.0
DIMA HASAO,18-315,2024_03,4,0.0,11647.126,26143.99,293750.199,8.147,6.363,23.25,89.42,3.17,1.0,LST_ASSAM_2024_03.tif,16.201,1.0,2.0,1.0,5.0,55080320.0,2.0
DIMA HASAO,18-315,2024_04,4,0.0,11647.126,26143.99,293750.199,8.147,6.363,23.25,89.42,3.17,3.0,LST_ASSAM_2024_04.tif,4.98,3.0,2.0,1.0,5.0,0.0,2.0
DIMA HASAO,18-315,2024_05,4,0.0,11647.126,26143.99,293750.199,8.147,6.363,23.25,89.42,3.17,2.0,LST_ASSAM_2024_05.tif,35.602,4.0,2.0,1.0,5.0,0.0,3.0
DIMA HASAO,18-315,2024_06,4,0.0,11647.126,26143.99,293750.199,8.147,6.363,23.25,89.42,3.17,2.0,LST_ASSAM_2024_06.tif,33.889,3.0,2.0,1.0,5.0,0.0,3.0
DIMA HASAO,18-315,2024_07,4,0.0,11647.126,26143.99,293750.199,8.147,6.363,23.25,89.42,3.17,3.0,LST_ASSAM_2024_07.tif,39.218,3.0,2.0,1.0,5.0,0.0,3.0
DIMA HASAO,18-315,2024_08,4,0.0,11647.126,26143.99,293750.199,8.147,6.363,23.25,89.42,3.17,1.0,LST_ASSAM_2024_08.tif,14.629,2.0,2.0,1.0,5.0,0.0,2.0
DIMA HASAO,18-315,2024_09,4,0.0,11647.126,26143.99,293750.199,8.147,6.363,23.25,89.42,3.17,1.0,LST_ASSAM_2024_09.tif,44.354,3.0,2.0,1.0,5.0,0.0,3.0
DIMA HASAO,18-315,2024_10,4,0.0,11647.126,26143.99,293750.199,8.147,6.363,23.25,89.42,3.17,1.0,LST_ASSAM_2024_10.tif,30.245,3.0,2.0,1.0,5.0,0.0,3.0
DIMA HASAO,18-315,2024_11,4,0.0,11647.126,26143.99,293750.199,8.147,6.363,23.25,89.42,3.17,1.0,LST_ASSAM_2024_11.tif,3.214,2.0,2.0,1.0,5.0,0.0,2.0
DIMA HASAO,18-315,2024_12,4,0.0,11647.126,26143.99,293750.199,8.147,6.363,23.25,89.42,3.17,1.0,LST_ASSAM_2024_12.tif,0.058,5.0,2.0,1.0,5.0,0.0,4.0
DIMA HASAO,18-315,2025_01,4,0.0,12061.859,26355.351,296839.017,8.147,6.363,23.25,89.42,3.17,1.0,LST_ASSAM_2025_01.tif,0.246,5.0,2.0,1.0,5.0,0.0,4.0
DIMA HASAO,18-315,2025_02,4,0.0,12061.859,26355.351,296839.017,8.147,6.363,23.25,89.42,3.17,1.0,LST_ASSAM_2025_02.tif,0.058,2.0,2.0,1.0,5.0,0.0,2.0
DIMA HASAO,18-315,2025_03,4,0.0,12061.859,26355.351,296839.017,8.147,6.363,23.25,89.42,3.17,2.0,LST_ASSAM_2025_03.tif,29.988,3.0,2.0,1.0,5.0,0.0,3.0
DIMA HASAO,18-315,2025_04,4,0.0,12061.859,26355.351,296839.017,8.147,6.363,23.25,89.42,3.17,2.0,LST_ASSAM_2025_04.tif,0.282,3.0,2.0,1.0,5.0,0.0,3.0
DIMA HASAO,18-315,2025_05,4,0.0,12061.859,26355.351,296839.017,8.147,6.363,23.25,89.42,3.17,1.0,LST_ASSAM_2025_05.tif,6.656,3.0,2.0,1.0,5.0,0.0,3.0
DIMA HASAO,18-315,2025_06,4,0.0,12061.859,26355.351,296839.017,8.147,6.363,23.25,89.42,3.17,2.0,LST_ASSAM_2025_06.tif,38.686,2.0,2.0,1.0,5.0,0.0,3.0
DIMA HASAO,18-315,2025_07,4,0.0,12061.859,26355.351,296839.017,8.147,6.363,23.25,89.42,3.17,2.0,LST_ASSAM_2025_07.tif,27.058,3.0,2.0,1.0,5.0,0.0,3.0
DIMA HASAO,18-315,2025_08,4,0.0,12061.859,26355.351,296839.017,8.147,6.363,23.25,89.42,3.17,2.0,LST_ASSAM_2025_08.tif,8.448,3.0,2.0,1.0,5.0,0.0,3.0
DIMA HASAO,18-315,2025_09,4,0.0,12061.859,26355.351,296839.017,8.147,6.363,23.25,89.42,3.17,1.0,LST_ASSAM_2025_09.tif,22.936,3.0,2.0,1.0,5.0,0.0,3.0
DIMA HASAO,18-315,2025_10,4,0.0,12061.859,26355.351,296839.017,8.147,6.363,23.25,89.42,3.17,1.0,LST_ASSAM_2025_10.tif,52.798,3.0,2.0,1.0,5.0,0.0,3.0
DIMA HASAO,18-315,2025_11,4,0.0,12061.859,26355.351,296839.017,8.147,6.363,23.25,89.42,3.17,1.0,LST_ASSAM_2025_11.tif,1.338,2.0,2.0,1.0,5.0,0.0,2.0
DIMA HASAO,18-315,2025_12,4,0.0,12061.859,26355.351,296839.017,8.147,6.363,23.25,89.42,3.17,1.0,LST_ASSAM_2025_12.tif,0.406,5.0,2.0,1.0,5.0,0.0,4.0
DIMA HASAO,18-315,2026_01,4,0.0,12476.592,26566.712,299927.834,8.147,6.363,23.25,89.42,3.17,1.0,LST_ASSAM_2026_01.tif,0.918,5.0,2.0,1.0,5.0,0.0,4.0
DIMA HASAO,18-315,2026_02,4,0.0,12476.592,26566.712,299927.834,8.147,6.363,23.25,89.42,3.17,1.0,LST_ASSAM_2026_02.tif,3.805,2.0,2.0,1.0,5.0,0.0,2.0
DIMA HASAO,18-315,2026_03,4,0.0,12476.592,26566.712,299927.834,8.147,6.363,23.25,89.42,3.17,1.0,LST_ASSAM_2026_03.tif,19.625,2.0,2.0,1.0,5.0,0.0,2.0
DIMA HASAO,18-315,2026_04,4,0.0,12476.592,26566.712,299927.834,8.147,6.363,23.25,89.42,3.17,1.0,LST_ASSAM_2026_04.tif,0.0,3.0,2.0,1.0,5.0,0.0,1.0
DIMA HASAO,18-315,2026_05,4,0.0,12476.592,26566.712,299927.834,8.147,6.363,23.25,89.42,3.17,1.0,LST_ASSAM_2026_05.tif,0.0,3.0,2.0,1.0,5.0,0.0,3.0
GOALPARA,18-302,2021_04,154,0.0,44786.231,109634.949,1060533.163,8.904,3.555,25.416,87.33,3.388,2.0,LST_ASSAM_2021_04.tif,0.517,3.0,3.0,1.0,5.0,0.0,2.0
GOALPARA,18-302,2021_05,154,0.0,44786.231,109634.949,1060533.163,8.904,3.555,25.416,87.33,3.388,2.0,LST_ASSAM_2021_05.tif,13.708,3.0,3.0,1.0,5.0,0.0,3.0
GOALPARA,18-302,2021_06,154,0.0,44786.231,109634.949,1060533.163,8.904,3.555,25.416,87.33,3.388,3.0,LST_ASSAM_2021_06.tif,22.625,3.0,3.0,1.0,5.0,0.0,3.0
GOALPARA,18-302,2021_07,154,0.0,44786.231,109634.949,1060533.163,8.904,3.555,25.416,87.33,3.388,2.0,LST_ASSAM_2021_07.tif,20.408,4.0,3.0,1.0,5.0,0.0,4.0
GOALPARA,18-302,2021_08,154,0.0,44786.231,109634.949,1060533.163,8.904,3.555,25.416,87.33,3.388,2.0,LST_ASSAM_2021_08.tif,7.892,2.0,3.0,1.0,5.0,0.0,2.0
GOALPARA,18-302,2021_09,154,0.0,44786.231,109634.949,1060533.163,8.904,3.555,25.416,87.33,3.388,2.0,LST_ASSAM_2021_09.tif,21.0,4.0,3.0,1.0,5.0,0.0,4.0
GOALPARA,18-302,2021_10,154,0.0,44786.231,109634.949,1060533.163,8.904,3.555,25.416,87.33,3.388,2.0,LST_ASSAM_2021_10.tif,56.058,3.0,3.0,1.0,5.0,0.0,3.0
GOALPARA,18-302,2021_11,154,0.0,44786.231,109634.949,1060533.163,8.904,3.555,25.416,87.33,3.388,3.0,LST_ASSAM_2021_11.tif,0.0,3.0,3.0,1.0,5.0,0.0,2.0
GOALPARA,18-302,2021_12,154,0.0,44786.231,109634.949,1060533.163,8.904,3.555,25.416,87.33,3.388,3.0,LST_ASSAM_2021_12.tif,0.0,3.0,3.0,1.0,5.0,0.0,2.0
GOALPARA,18-302,2022_01,154,0.0,46470.152,110299.312,1071402.55,8.904,3.555,25.416,87.33,3.388,3.0,LST_ASSAM_2022_01.tif,0.0,3.0,3.0,1.0,5.0,0.0,2.0
GOALPARA,18-302,2022_02,154,0.0,46470.152,110299.312,1071402.55,8.904,3.555,25.416,87.33,3.388,3.0,LST_ASSAM_2022_02.tif,0.0,3.0,3.0,1.0,5.0,0.0,2.0
GOALPARA,18-302,2022_03,154,0.0,46470.152,110299.312,1071402.55,8.904,3.555,25.416,87.33,3.388,4.0,LST_ASSAM_2022_03.tif,62.95,3.0,3.0,1.0,5.0,0.0,3.0
GOALPARA,18-302,2022_04,154,0.0,46470.152,110299.312,1071402.55,8.904,3.555,25.416,87.33,3.388,2.0,LST_ASSAM_2022_04.tif,0.067,3.0,3.0,1.0,5.0,0.0,2.0
GOALPARA,18-302,2022_05,154,0.0,46470.152,110299.312,1071402.55,8.904,3.555,25.416,87.33,3.388,2.0,LST_ASSAM_2022_05.tif,4.142,4.0,3.0,1.0,5.0,0.0,4.0
GOALPARA,18-302,2022_06,154,0.0,46470.152,110299.312,1071402.55,8.904,3.555,25.416,87.33,3.388,3.0,LST_ASSAM_2022_06.tif,6.542,3.0,3.0,1.0,5.0,0.0,3.0
GOALPARA,18-302,2022_07,154,0.0,46470.152,110299.312,1071402.55,8.904,3.555,25.416,87.33,3.388,1.0,LST_ASSAM_2022_07.tif,23.367,2.0,3.0,1.0,5.0,0.0,2.0
GOALPARA,18-302,2022_08,154,0.0,46470.152,110299.312,1071402.55,8.904,3.555,25.416,87.33,3.388,1.0,LST_ASSAM_2022_08.tif,21.808,2.0,3.0,1.0,5.0,0.0,3.0
GOALPARA,18-302,2022_09,154,0.0,46470.152,110299.312,1071402.55,8.904,3.555,25.416,87.33,3.388,2.0,LST_ASSAM_2022_09.tif,5.492,3.0,3.0,1.0,5.0,0.0,3.0
GOALPARA,18-302,2022_10,154,0.0,46470.152,110299.312,1071402.55,8.904,3.555,25.416,87.33,3.388,3.0,LST_ASSAM_2022_10.tif,39.325,3.0,3.0,1.0,5.0,0.0,3.0
GOALPARA,18-302,2022_11,154,0.0,46470.152,110299.312,1071402.55,8.904,3.555,25.416,87.33,3.388,3.0,LST_ASSAM_2022_11.tif,0.0,3.0,3.0,1.0,5.0,0.0,2.0
GOALPARA,18-302,2022_12,154,0.0,46470.152,110299.312,1071402.55,8.904,3.555,25.416,87.33,3.388,3.0,LST_ASSAM_2022_12.tif,0.0,3.0,3.0,1.0,5.0,0.0,2.0
GOALPARA,18-302,2023_01,154,0.0,48154.073,110963.675,1082271.938,8.904,3.555,25.416,87.33,3.388,4.0,LST_ASSAM_2023_01.tif,0.0,2.0,3.0,1.0,5.0,0.0,2.0
GOALPARA,18-302,2023_02,154,0.0,48154.073,110963.675,1082271.938,8.904,3.555,25.416,87.33,3.388,5.0,LST_ASSAM_2023_02.tif,0.025,2.0,3.0,1.0,5.0,0.0,2.0
GOALPARA,18-302,2023_03,154,0.0,48154.073,110963.675,1082271.938,8.904,3.555,25.416,87.33,3.388,4.0,LST_ASSAM_2023_03.tif,22.617,3.0,3.0,1.0,5.0,0.0,3.0
GOALPARA,18-302,2023_04,154,0.0,48154.073,110963.675,1082271.938,8.904,3.555,25.416,87.33,3.388,3.0,LST_ASSAM_2023_04.tif,6.458,4.0,3.0,1.0,5.0,0.0,3.0
GOALPARA,18-302,2023_05,154,0.0,48154.073,110963.675,1082271.938,8.904,3.555,25.416,87.33,3.388,4.0,LST_ASSAM_2023_05.tif,4.9,3.0,3.0,1.0,5.0,0.0,3.0
GOALPARA,18-302,2023_06,154,0.0,48154.073,110963.675,1082271.938,8.904,3.555,25.416,87.33,3.388,4.0,LST_ASSAM_2023_06.tif,38.575,3.0,3.0,1.0,5.0,0.0,3.0
GOALPARA,18-302,2023_07,154,0.0,48154.073,110963.675,1082271.938,8.904,3.555,25.416,87.33,3.388,1.0,LST_ASSAM_2023_07.tif,37.233,5.0,3.0,1.0,5.0,0.0,4.0
GOALPARA,18-302,2023_08,154,0.0,48154.073,110963.675,1082271.938,8.904,3.555,25.416,87.33,3.388,3.0,LST_ASSAM_2023_08.tif,21.967,4.0,3.0,1.0,5.0,0.0,4.0
GOALPARA,18-302,2023_09,154,0.0,48154.073,110963.675,1082271.938,8.904,3.555,25.416,87.33,3.388,1.0,LST_ASSAM_2023_09.tif,40.667,3.0,3.0,1.0,5.0,0.0,3.0
GOALPARA,18-302,2023_10,154,0.0,48154.073,110963.675,1082271.938,8.904,3.555,25.416,87.33,3.388,3.0,LST_ASSAM_2023_10.tif,37.733,3.0,3.0,1.0,5.0,0.0,3.0
GOALPARA,18-302,2023_11,154,0.0,48154.073,110963.675,1082271.938,8.904,3.555,25.416,87.33,3.388,3.0,LST_ASSAM_2023_11.tif,2.042,5.0,3.0,1.0,5.0,0.0,4.0
GOALPARA,18-302,2023_12,154,0.0,48154.073,110963.675,1082271.938,8.904,3.555,25.416,87.33,3.388,4.0,LST_ASSAM_2023_12.tif,0.0,3.0,3.0,1.0,5.0,0.0,2.0
GOALPARA,18-302,2024_01,154,0.0,49837.994,111628.038,1093141.325,8.904,3.555,25.416,87.33,3.388,4.0,LST_ASSAM_2024_01.tif,0.0,3.0,3.0,1.0,5.0,0.0,2.0
GOALPARA,18-302,2024_02,154,0.0,49837.994,111628.038,1093141.325,8.904,3.555,25.416,87.33,3.388,5.0,LST_ASSAM_2024_02.tif,0.0,3.0,3.0,1.0,5.0,0.0,2.0
GOALPARA,18-302,2024_03,154,0.0,49837.994,111628.038,1093141.325,8.904,3.555,25.416,87.33,3.388,5.0,LST_ASSAM_2024_03.tif,27.583,3.0,3.0,1.0,5.0,0.0,3.0
GOALPARA,18-302,2024_04,154,0.0,49837.994,111628.038,1093141.325,8.904,3.555,25.416,87.33,3.388,4.0,LST_ASSAM_2024_04.tif,3.742,3.0,3.0,1.0,5.0,0.0,2.0
GOALPARA,18-302,2024_05,154,0.0,49837.994,111628.038,1093141.325,8.904,3.555,25.416,87.33,3.388,4.0,LST_ASSAM_2024_05.tif,34.583,4.0,3.0,1.0,5.0,0.0,4.0
GOALPARA,18-302,2024_06,154,0.0,49837.994,111628.038,1093141.325,8.904,3.555,25.416,87.33,3.388,2.0,LST_ASSAM_2024_06.tif,42.375,4.0,3.0,1.0,5.0,0.0,4.0
GOALPARA,18-302,2024_07,154,0.0,49837.994,111628.038,1093141.325,8.904,3.555,25.416,87.33,3.388,1.0,LST_ASSAM_2024_07.tif,48.858,5.0,3.0,1.0,5.0,0.0,4.0
GOALPARA,18-302,2024_08,154,0.0,49837.994,111628.038,1093141.325,8.904,3.555,25.416,87.33,3.388,1.0,LST_ASSAM_2024_08.tif,22.992,3.0,3.0,1.0,5.0,0.0,3.0
GOALPARA,18-302,2024_09,154,0.0,49837.994,111628.038,1093141.325,8.904,3.555,25.416,87.33,3.388,3.0,LST_ASSAM_2024_09.tif,45.025,4.0,3.0,1.0,5.0,0.0,4.0
GOALPARA,18-302,2024_10,154,0.0,49837.994,111628.038,1093141.325,8.904,3.555,25.416,87.33,3.388,3.0,LST_ASSAM_2024_10.tif,38.1,4.0,3.0,1.0,5.0,0.0,4.0
GOALPARA,18-302,2024_11,154,0.0,49837.994,111628.038,1093141.325,8.904,3.555,25.416,87.33,3.388,3.0,LST_ASSAM_2024_11.tif,3.908,3.0,3.0,1.0,5.0,0.0,3.0
GOALPARA,18-302,2024_12,154,0.0,49837.994,111628.038,1093141.325,8.904,3.555,25.416,87.33,3.388,2.0,LST_ASSAM_2024_12.tif,0.0,3.0,3.0,1.0,5.0,0.0,2.0
GOALPARA,18-302,2025_01,154,0.0,51521.915,112292.401,1104010.712,8.904,3.555,25.416,87.33,3.388,4.0,LST_ASSAM_2025_01.tif,0.0,3.0,3.0,1.0,5.0,0.0,2.0
GOALPARA,18-302,2025_02,154,0.0,51521.915,112292.401,1104010.712,8.904,3.555,25.416,87.33,3.388,4.0,LST_ASSAM_2025_02.tif,0.0,2.0,3.0,1.0,5.0,0.0,2.0
GOALPARA,18-302,2025_03,154,0.0,51521.915,112292.401,1104010.712,8.904,3.555,25.416,87.33,3.388,4.0,LST_ASSAM_2025_03.tif,37.533,4.0,3.0,1.0,5.0,0.0,4.0
GOALPARA,18-302,2025_04,154,3600000.0,51521.915,112292.401,1104010.712,8.904,3.555,25.416,87.33,3.388,4.0,LST_ASSAM_2025_04.tif,2.133,4.0,3.0,1.0,4.0,3600000.0,3.0
GOALPARA,18-302,2025_05,154,0.0,51521.915,112292.401,1104010.712,8.904,3.555,25.416,87.33,3.388,2.0,LST_ASSAM_2025_05.tif,11.2,4.0,3.0,1.0,4.0,3600000.0,3.0
GOALPARA,18-302,2025_06,154,0.0,51521.915,112292.401,1104010.712,8.904,3.555,25.416,87.33,3.388,2.0,LST_ASSAM_2025_06.tif,48.808,3.0,3.0,1.0,4.0,3600000.0,3.0
GOALPARA,18-302,2025_07,154,0.0,51521.915,112292.401,1104010.712,8.904,3.555,25.416,87.33,3.388,2.0,LST_ASSAM_2025_07.tif,29.242,3.0,3.0,1.0,4.0,3600000.0,3.0
GOALPARA,18-302,2025_08,154,0.0,51521.915,112292.401,1104010.712,8.904,3.555,25.416,87.33,3.388,1.0,LST_ASSAM_2025_08.tif,9.275,4.0,3.0,1.0,5.0,3600000.0,4.0
GOALPARA,18-302,2025_09,154,0.0,51521.915,112292.401,1104010.712,8.904,3.555,25.416,87.33,3.388,2.0,LST_ASSAM_2025_09.tif,23.417,3.0,3.0,1.0,5.0,3600000.0,3.0
GOALPARA,18-302,2025_10,154,0.0,51521.915,112292.401,1104010.712,8.904,3.555,25.416,87.33,3.388,4.0,LST_ASSAM_2025_10.tif,54.308,4.0,3.0,1.0,5.0,3600000.0,4.0
GOALPARA,18-302,2025_11,154,1711000.0,51521.915,112292.401,1104010.712,8.904,3.555,25.416,87.33,3.388,4.0,LST_ASSAM_2025_11.tif,2.383,3.0,3.0,1.0,5.0,5311000.0,3.0
GOALPARA,18-302,2025_12,154,0.0,51521.915,112292.401,1104010.712,8.904,3.555,25.416,87.33,3.388,3.0,LST_ASSAM_2025_12.tif,0.0,3.0,3.0,1.0,5.0,5311000.0,2.0
GOALPARA,18-302,2026_01,154,4142367.9,53205.836,112956.764,1114880.1,8.904,3.555,25.416,87.33,3.388,3.0,LST_ASSAM_2026_01.tif,0.0,3.0,3.0,1.0,5.0,9453367.9,2.0
GOALPARA,18-302,2026_02,154,0.0,53205.836,112956.764,1114880.1,8.904,3.555,25.416,87.33,3.388,4.0,LST_ASSAM_2026_02.tif,3.875,2.0,3.0,1.0,5.0,9453367.9,2.0
GOALPARA,18-302,2026_03,154,0.0,53205.836,112956.764,1114880.1,8.904,3.555,25.416,87.33,3.388,3.0,LST_ASSAM_2026_03.tif,19.017,2.0,3.0,1.0,5.0,9453367.9,2.0
GOALPARA,18-302,2026_04,154,0.0,53205.836,112956.764,1114880.1,8.904,3.555,25.416,87.33,3.388,3.0,LST_ASSAM_2026_04.tif,0.0,3.0,3.0,1.0,5.0,0.0,1.0
GOALPARA,18-302,2026_05,154,0.0,53205.836,112956.764,1114880.1,8.904,3.555,25.416,87.33,3.388,3.0,LST_ASSAM_2026_05.tif,0.0,3.0,3.0,1.0,5.0,0.0,3.0
GOLAGHAT,18-313,2021_04,153,0.0,68331.981,106775.838,1291199.695,8.803,7.176,15.06,73.24,6.09,5.0,LST_ASSAM_2021_04.tif,0.0,2.0,3.0,4.0,5.0,0.0,2.0
GOLAGHAT,18-313,2021_05,153,0.0,68331.981,106775.838,1291199.695,8.803,7.176,15.06,73.24,6.09,3.0,LST_ASSAM_2021_05.tif,17.303,4.0,3.0,4.0,5.0,0.0,4.0
GOLAGHAT,18-313,2021_06,153,0.0,68331.981,106775.838,1291199.695,8.803,7.176,15.06,73.24,6.09,3.0,LST_ASSAM_2021_06.tif,28.095,4.0,3.0,4.0,5.0,0.0,4.0
GOLAGHAT,18-313,2021_07,153,0.0,68331.981,106775.838,1291199.695,8.803,7.176,15.06,73.24,6.09,3.0,LST_ASSAM_2021_07.tif,19.058,4.0,3.0,4.0,5.0,0.0,4.0
GOLAGHAT,18-313,2021_08,153,10572578.5,68331.981,106775.838,1291199.695,8.803,7.176,15.06,73.24,6.09,2.0,LST_ASSAM_2021_08.tif,10.727,4.0,3.0,4.0,5.0,10572578.5,4.0
GOLAGHAT,18-313,2021_09,153,0.0,68331.981,106775.838,1291199.695,8.803,7.176,15.06,73.24,6.09,4.0,LST_ASSAM_2021_09.tif,15.153,3.0,3.0,4.0,5.0,10572578.5,3.0
GOLAGHAT,18-313,2021_10,153,0.0,68331.981,106775.838,1291199.695,8.803,7.176,15.06,73.24,6.09,4.0,LST_ASSAM_2021_10.tif,62.873,4.0,3.0,4.0,5.0,10572578.5,5.0
GOLAGHAT,18-313,2021_11,153,0.0,68331.981,106775.838,1291199.695,8.803,7.176,15.06,73.24,6.09,4.0,LST_ASSAM_2021_11.tif,0.0,3.0,3.0,4.0,5.0,10572578.5,2.0
GOLAGHAT,18-313,2021_12,153,0.0,68331.981,106775.838,1291199.695,8.803,7.176,15.06,73.24,6.09,4.0,LST_ASSAM_2021_12.tif,0.0,3.0,3.0,4.0,5.0,10572578.5,2.0
GOLAGHAT,18-313,2022_01,153,0.0,70723.052,107008.442,1300195.42,8.803,7.176,15.06,73.24,6.09,5.0,LST_ASSAM_2022_01.tif,0.0,3.0,3.0,4.0,5.0,10572578.5,2.0
GOLAGHAT,18-313,2022_02,153,0.0,70723.052,107008.442,1300195.42,8.803,7.176,15.06,73.24,6.09,4.0,LST_ASSAM_2022_02.tif,0.0,3.0,3.0,4.0,5.0,10572578.5,2.0
GOLAGHAT,18-313,2022_03,153,0.0,70723.052,107008.442,1300195.42,8.803,7.176,15.06,73.24,6.09,4.0,LST_ASSAM_2022_03.tif,73.518,4.0,3.0,4.0,5.0,10572578.5,5.0
GOLAGHAT,18-313,2022_04,153,0.0,70723.052,107008.442,1300195.42,8.803,7.176,15.06,73.24,6.09,3.0,LST_ASSAM_2022_04.tif,0.0,3.0,3.0,4.0,5.0,0.0,2.0
GOLAGHAT,18-313,2022_05,153,0.0,70723.052,107008.442,1300195.42,8.803,7.176,15.06,73.24,6.09,4.0,LST_ASSAM_2022_05.tif,1.502,2.0,3.0,4.0,5.0,0.0,3.0
GOLAGHAT,18-313,2022_06,153,0.0,70723.052,107008.442,1300195.42,8.803,7.176,15.06,73.24,6.09,1.0,LST_ASSAM_2022_06.tif,6.19,3.0,3.0,4.0,5.0,0.0,3.0
GOLAGHAT,18-313,2022_07,153,87039407.0,70723.052,107008.442,1300195.42,8.803,7.176,15.06,73.24,6.09,3.0,LST_ASSAM_2022_07.tif,27.694,4.0,3.0,4.0,1.0,87039407.0,3.0
GOLAGHAT,18-313,2022_08,153,0.0,70723.052,107008.442,1300195.42,8.803,7.176,15.06,73.24,6.09,2.0,LST_ASSAM_2022_08.tif,29.965,4.0,3.0,4.0,1.0,87039407.0,4.0
GOLAGHAT,18-313,2022_09,153,19854000.0,70723.052,107008.442,1300195.42,8.803,7.176,15.06,73.24,6.09,3.0,LST_ASSAM_2022_09.tif,2.506,2.0,3.0,4.0,1.0,106893407.0,2.0
GOLAGHAT,18-313,2022_10,153,0.0,70723.052,107008.442,1300195.42,8.803,7.176,15.06,73.24,6.09,3.0,LST_ASSAM_2022_10.tif,47.527,5.0,3.0,4.0,1.0,106893407.0,4.0
GOLAGHAT,18-313,2022_11,153,0.0,70723.052,107008.442,1300195.42,8.803,7.176,15.06,73.24,6.09,4.0,LST_ASSAM_2022_11.tif,0.0,3.0,3.0,4.0,2.0,106893407.0,2.0
GOLAGHAT,18-313,2022_12,153,0.0,70723.052,107008.442,1300195.42,8.803,7.176,15.06,73.24,6.09,4.0,LST_ASSAM_2022_12.tif,0.0,3.0,3.0,4.0,2.0,106893407.0,2.0
GOLAGHAT,18-313,2023_01,153,0.0,73114.123,107241.046,1309191.146,8.803,7.176,15.06,73.24,6.09,5.0,LST_ASSAM_2023_01.tif,0.816,4.0,3.0,4.0,2.0,106893407.0,3.0
GOLAGHAT,18-313,2023_02,153,0.0,73114.123,107241.046,1309191.146,8.803,7.176,15.06,73.24,6.09,5.0,LST_ASSAM_2023_02.tif,4.037,4.0,3.0,4.0,2.0,106893407.0,3.0
GOLAGHAT,18-313,2023_03,153,0.0,73114.123,107241.046,1309191.146,8.803,7.176,15.06,73.24,6.09,4.0,LST_ASSAM_2023_03.tif,27.88,3.0,3.0,4.0,2.0,106893407.0,3.0
GOLAGHAT,18-313,2023_04,153,0.0,73114.123,107241.046,1309191.146,8.803,7.176,15.06,73.24,6.09,3.0,LST_ASSAM_2023_04.tif,0.291,2.0,3.0,4.0,5.0,0.0,2.0
GOLAGHAT,18-313,2023_05,153,0.0,73114.123,107241.046,1309191.146,8.803,7.176,15.06,73.24,6.09,4.0,LST_ASSAM_2023_05.tif,4.339,2.0,3.0,4.0,5.0,0.0,3.0
GOLAGHAT,18-313,2023_06,153,0.0,73114.123,107241.046,1309191.146,8.803,7.176,15.06,73.24,6.09,1.0,LST_ASSAM_2023_06.tif,40.036,4.0,3.0,4.0,5.0,0.0,5.0
GOLAGHAT,18-313,2023_07,153,0.0,73114.123,107241.046,1309191.146,8.803,7.176,15.06,73.24,6.09,3.0,LST_ASSAM_2023_07.tif,21.011,2.0,3.0,4.0,5.0,0.0,3.0
GOLAGHAT,18-313,2023_08,153,10000000.0,73114.123,107241.046,1309191.146,8.803,7.176,15.06,73.24,6.09,3.0,LST_ASSAM_2023_08.tif,20.605,3.0,3.0,4.0,5.0,10000000.0,3.0
GOLAGHAT,18-313,2023_09,153,0.0,73114.123,107241.046,1309191.146,8.803,7.176,15.06,73.24,6.09,3.0,LST_ASSAM_2023_09.tif,38.799,3.0,3.0,4.0,5.0,10000000.0,3.0
GOLAGHAT,18-313,2023_10,153,0.0,73114.123,107241.046,1309191.146,8.803,7.176,15.06,73.24,6.09,3.0,LST_ASSAM_2023_10.tif,40.917,3.0,3.0,4.0,5.0,10000000.0,4.0
GOLAGHAT,18-313,2023_11,153,564932500.0,73114.123,107241.046,1309191.146,8.803,7.176,15.06,73.24,6.09,3.0,LST_ASSAM_2023_11.tif,1.091,3.0,3.0,4.0,3.0,574932500.0,3.0
GOLAGHAT,18-313,2023_12,153,0.0,73114.123,107241.046,1309191.146,8.803,7.176,15.06,73.24,6.09,3.0,LST_ASSAM_2023_12.tif,0.0,3.0,3.0,4.0,3.0,574932500.0,2.0
GOLAGHAT,18-313,2024_01,153,0.0,75505.194,107473.65,1318186.872,8.803,7.176,15.06,73.24,6.09,3.0,LST_ASSAM_2024_01.tif,0.0,3.0,3.0,4.0,3.0,574932500.0,2.0
GOLAGHAT,18-313,2024_02,153,0.0,75505.194,107473.65,1318186.872,8.803,7.176,15.06,73.24,6.09,4.0,LST_ASSAM_2024_02.tif,0.0,3.0,3.0,4.0,3.0,574932500.0,2.0
GOLAGHAT,18-313,2024_03,153,256879093.0,75505.194,107473.65,1318186.872,8.803,7.176,15.06,73.24,6.09,5.0,LST_ASSAM_2024_03.tif,32.32,4.0,3.0,4.0,2.0,831811593.0,4.0
GOLAGHAT,18-313,2024_04,153,0.0,75505.194,107473.65,1318186.872,8.803,7.176,15.06,73.24,6.09,2.0,LST_ASSAM_2024_04.tif,0.045,3.0,3.0,4.0,5.0,0.0,2.0
GOLAGHAT,18-313,2024_05,153,0.0,75505.194,107473.65,1318186.872,8.803,7.176,15.06,73.24,6.09,2.0,LST_ASSAM_2024_05.tif,27.041,3.0,3.0,4.0,5.0,0.0,3.0
GOLAGHAT,18-313,2024_06,153,0.0,75505.194,107473.65,1318186.872,8.803,7.176,15.06,73.24,6.09,4.0,LST_ASSAM_2024_06.tif,38.808,3.0,3.0,4.0,5.0,0.0,3.0
GOLAGHAT,18-313,2024_07,153,0.0,75505.194,107473.65,1318186.872,8.803,7.176,15.06,73.24,6.09,1.0,LST_ASSAM_2024_07.tif,36.342,3.0,3.0,4.0,5.0,0.0,3.0
GOLAGHAT,18-313,2024_08,153,0.0,75505.194,107473.65,1318186.872,8.803,7.176,15.06,73.24,6.09,2.0,LST_ASSAM_2024_08.tif,24.584,4.0,3.0,4.0,5.0,0.0,4.0
GOLAGHAT,18-313,2024_09,153,0.0,75505.194,107473.65,1318186.872,8.803,7.176,15.06,73.24,6.09,4.0,LST_ASSAM_2024_09.tif,46.808,4.0,3.0,4.0,5.0,0.0,5.0
GOLAGHAT,18-313,2024_10,153,0.0,75505.194,107473.65,1318186.872,8.803,7.176,15.06,73.24,6.09,3.0,LST_ASSAM_2024_10.tif,27.833,3.0,3.0,4.0,5.0,0.0,3.0
GOLAGHAT,18-313,2024_11,153,0.0,75505.194,107473.65,1318186.872,8.803,7.176,15.06,73.24,6.09,3.0,LST_ASSAM_2024_11.tif,3.355,2.0,3.0,4.0,5.0,0.0,3.0
GOLAGHAT,18-313,2024_12,153,0.0,75505.194,107473.65,1318186.872,8.803,7.176,15.06,73.24,6.09,3.0,LST_ASSAM_2024_12.tif,0.0,3.0,3.0,4.0,5.0,0.0,2.0
GOLAGHAT,18-313,2025_01,153,0.0,77896.265,107706.254,1327182.598,8.803,7.176,15.06,73.24,6.09,4.0,LST_ASSAM_2025_01.tif,0.0,3.0,3.0,4.0,5.0,0.0,2.0
GOLAGHAT,18-313,2025_02,153,0.0,77896.265,107706.254,1327182.598,8.803,7.176,15.06,73.24,6.09,4.0,LST_ASSAM_2025_02.tif,0.761,4.0,3.0,4.0,5.0,0.0,4.0
GOLAGHAT,18-313,2025_03,153,0.0,77896.265,107706.254,1327182.598,8.803,7.176,15.06,73.24,6.09,3.0,LST_ASSAM_2025_03.tif,31.145,3.0,3.0,4.0,5.0,0.0,3.0
GOLAGHAT,18-313,2025_04,153,0.0,77896.265,107706.254,1327182.598,8.803,7.176,15.06,73.24,6.09,4.0,LST_ASSAM_2025_04.tif,0.366,3.0,3.0,4.0,5.0,0.0,3.0
GOLAGHAT,18-313,2025_05,153,0.0,77896.265,107706.254,1327182.598,8.803,7.176,15.06,73.24,6.09,3.0,LST_ASSAM_2025_05.tif,4.83,2.0,3.0,4.0,5.0,0.0,2.0
GOLAGHAT,18-313,2025_06,153,0.0,77896.265,107706.254,1327182.598,8.803,7.176,15.06,73.24,6.09,4.0,LST_ASSAM_2025_06.tif,53.646,4.0,3.0,4.0,5.0,0.0,5.0
GOLAGHAT,18-313,2025_07,153,0.0,77896.265,107706.254,1327182.598,8.803,7.176,15.06,73.24,6.09,2.0,LST_ASSAM_2025_07.tif,32.805,4.0,3.0,4.0,5.0,0.0,4.0
GOLAGHAT,18-313,2025_08,153,0.0,77896.265,107706.254,1327182.598,8.803,7.176,15.06,73.24,6.09,3.0,LST_ASSAM_2025_08.tif,9.038,4.0,3.0,4.0,5.0,0.0,4.0
GOLAGHAT,18-313,2025_09,153,0.0,77896.265,107706.254,1327182.598,8.803,7.176,15.06,73.24,6.09,3.0,LST_ASSAM_2025_09.tif,21.927,3.0,3.0,4.0,5.0,0.0,3.0
GOLAGHAT,18-313,2025_10,153,0.0,77896.265,107706.254,1327182.598,8.803,7.176,15.06,73.24,6.09,3.0,LST_ASSAM_2025_10.tif,53.546,3.0,3.0,4.0,5.0,0.0,4.0
GOLAGHAT,18-313,2025_11,153,0.0,77896.265,107706.254,1327182.598,8.803,7.176,15.06,73.24,6.09,4.0,LST_ASSAM_2025_11.tif,1.943,2.0,3.0,4.0,5.0,0.0,2.0
GOLAGHAT,18-313,2025_12,153,0.0,77896.265,107706.254,1327182.598,8.803,7.176,15.06,73.24,6.09,4.0,LST_ASSAM_2025_12.tif,0.0,3.0,3.0,4.0,5.0,0.0,2.0
GOLAGHAT,18-313,2026_01,153,672222563.82,80287.336,107938.858,1336178.323,8.803,7.176,15.06,73.24,6.09,4.0,LST_ASSAM_2026_01.tif,0.0,3.0,3.0,4.0,1.0,672222563.82,2.0
GOLAGHAT,18-313,2026_02,153,0.0,80287.336,107938.858,1336178.323,8.803,7.176,15.06,73.24,6.09,5.0,LST_ASSAM_2026_02.tif,12.167,4.0,3.0,4.0,2.0,672222563.82,3.0
GOLAGHAT,18-313,2026_03,153,340026066.4,80287.336,107938.858,1336178.323,8.803,7.176,15.06,73.24,6.09,4.0,LST_ASSAM_2026_03.tif,29.52,4.0,3.0,4.0,1.0,1012248630.22,3.0
GOLAGHAT,18-313,2026_04,153,0.0,80287.336,107938.858,1336178.323,8.803,7.176,15.06,73.24,6.09,3.0,LST_ASSAM_2026_04.tif,0.0,3.0,3.0,4.0,5.0,0.0,4.0
GOLAGHAT,18-313,2026_05,153,0.0,80287.336,107938.858,1336178.323,8.803,7.176,15.06,73.24,6.09,3.0,LST_ASSAM_2026_05.tif,0.0,3.0,3.0,4.0,5.0,0.0,4.0
HAILAKANDI,18-318,2021_04,87,0.0,27239.959,60523.764,757942.338,9.485,4.01,19.262,79.86,6.115,3.0,LST_ASSAM_2021_04.tif,1.158,4.0,3.0,3.0,5.0,0.0,4.0
HAILAKANDI,18-318,2021_05,87,0.0,27239.959,60523.764,757942.338,9.485,4.01,19.262,79.86,6.115,3.0,LST_ASSAM_2021_05.tif,19.7,5.0,3.0,3.0,5.0,0.0,4.0
HAILAKANDI,18-318,2021_06,87,0.0,27239.959,60523.764,757942.338,9.485,4.01,19.262,79.86,6.115,4.0,LST_ASSAM_2021_06.tif,13.433,1.0,3.0,3.0,5.0,0.0,2.0
HAILAKANDI,18-318,2021_07,87,0.0,27239.959,60523.764,757942.338,9.485,4.01,19.262,79.86,6.115,0.0,LST_ASSAM_2021_07.tif,16.242,3.0,3.0,3.0,5.0,0.0,3.0
HAILAKANDI,18-318,2021_08,87,0.0,27239.959,60523.764,757942.338,9.485,4.01,19.262,79.86,6.115,5.0,LST_ASSAM_2021_08.tif,6.792,2.0,3.0,3.0,5.0,0.0,3.0
HAILAKANDI,18-318,2021_09,87,0.0,27239.959,60523.764,757942.338,9.485,4.01,19.262,79.86,6.115,4.0,LST_ASSAM_2021_09.tif,26.0,5.0,3.0,3.0,5.0,0.0,4.0
HAILAKANDI,18-318,2021_10,87,0.0,27239.959,60523.764,757942.338,9.485,4.01,19.262,79.86,6.115,4.0,LST_ASSAM_2021_10.tif,54.392,3.0,3.0,3.0,5.0,0.0,4.0
HAILAKANDI,18-318,2021_11,87,0.0,27239.959,60523.764,757942.338,9.485,4.01,19.262,79.86,6.115,4.0,LST_ASSAM_2021_11.tif,0.0,3.0,3.0,3.0,5.0,0.0,2.0
HAILAKANDI,18-318,2021_12,87,0.0,27239.959,60523.764,757942.338,9.485,4.01,19.262,79.86,6.115,3.0,LST_ASSAM_2021_12.tif,0.0,3.0,3.0,3.0,5.0,0.0,2.0
HAILAKANDI,18-318,2022_01,87,0.0,28439.13,61334.312,767428.448,9.485,4.01,19.262,79.86,6.115,4.0,LST_ASSAM_2022_01.tif,0.0,3.0,3.0,3.0,5.0,0.0,2.0
HAILAKANDI,18-318,2022_02,87,0.0,28439.13,61334.312,767428.448,9.485,4.01,19.262,79.86,6.115,4.0,LST_ASSAM_2022_02.tif,0.0,3.0,3.0,3.0,5.0,0.0,2.0
HAILAKANDI,18-318,2022_03,87,0.0,28439.13,61334.312,767428.448,9.485,4.01,19.262,79.86,6.115,4.0,LST_ASSAM_2022_03.tif,61.125,3.0,3.0,3.0,5.0,0.0,4.0
HAILAKANDI,18-318,2022_04,87,0.0,28439.13,61334.312,767428.448,9.485,4.01,19.262,79.86,6.115,3.0,LST_ASSAM_2022_04.tif,3.233,5.0,3.0,3.0,5.0,0.0,4.0
HAILAKANDI,18-318,2022_05,87,0.0,28439.13,61334.312,767428.448,9.485,4.01,19.262,79.86,6.115,1.0,LST_ASSAM_2022_05.tif,0.858,2.0,3.0,3.0,5.0,0.0,3.0
HAILAKANDI,18-318,2022_06,87,0.0,28439.13,61334.312,767428.448,9.485,4.01,19.262,79.86,6.115,5.0,LST_ASSAM_2022_06.tif,1.358,1.0,3.0,3.0,5.0,0.0,2.0
HAILAKANDI,18-318,2022_07,87,0.0,28439.13,61334.312,767428.448,9.485,4.01,19.262,79.86,6.115,3.0,LST_ASSAM_2022_07.tif,30.6,4.0,3.0,3.0,5.0,0.0,4.0
HAILAKANDI,18-318,2022_08,87,3998800.01,28439.13,61334.312,767428.448,9.485,4.01,19.262,79.86,6.115,2.0,LST_ASSAM_2022_08.tif,24.2,3.0,3.0,3.0,5.0,3998800.01,4.0
HAILAKANDI,18-318,2022_09,87,0.0,28439.13,61334.312,767428.448,9.485,4.01,19.262,79.86,6.115,5.0,LST_ASSAM_2022_09.tif,14.883,5.0,3.0,3.0,5.0,3998800.01,4.0
HAILAKANDI,18-318,2022_10,87,0.0,28439.13,61334.312,767428.448,9.485,4.01,19.262,79.86,6.115,4.0,LST_ASSAM_2022_10.tif,43.683,4.0,3.0,3.0,5.0,3998800.01,4.0
HAILAKANDI,18-318,2022_11,87,0.0,28439.13,61334.312,767428.448,9.485,4.01,19.262,79.86,6.115,5.0,LST_ASSAM_2022_11.tif,0.125,4.0,3.0,3.0,5.0,3998800.01,3.0
HAILAKANDI,18-318,2022_12,87,0.0,28439.13,61334.312,767428.448,9.485,4.01,19.262,79.86,6.115,4.0,LST_ASSAM_2022_12.tif,0.0,3.0,3.0,3.0,5.0,3998800.01,2.0
HAILAKANDI,18-318,2023_01,87,0.0,29638.301,62144.86,776914.559,9.485,4.01,19.262,79.86,6.115,5.0,LST_ASSAM_2023_01.tif,0.0,2.0,3.0,3.0,5.0,3998800.01,2.0
HAILAKANDI,18-318,2023_02,87,0.0,29638.301,62144.86,776914.559,9.485,4.01,19.262,79.86,6.115,5.0,LST_ASSAM_2023_02.tif,0.75,2.0,3.0,3.0,5.0,3998800.01,2.0
HAILAKANDI,18-318,2023_03,87,0.0,29638.301,62144.86,776914.559,9.485,4.01,19.262,79.86,6.115,5.0,LST_ASSAM_2023_03.tif,41.467,5.0,3.0,3.0,5.0,3998800.01,4.0
HAILAKANDI,18-318,2023_04,87,0.0,29638.301,62144.86,776914.559,9.485,4.01,19.262,79.86,6.115,4.0,LST_ASSAM_2023_04.tif,7.467,4.0,3.0,3.0,5.0,0.0,4.0
HAILAKANDI,18-318,2023_05,87,0.0,29638.301,62144.86,776914.559,9.485,4.01,19.262,79.86,6.115,3.0,LST_ASSAM_2023_05.tif,9.517,5.0,3.0,3.0,5.0,0.0,4.0
HAILAKANDI,18-318,2023_06,87,0.0,29638.301,62144.86,776914.559,9.485,4.01,19.262,79.86,6.115,2.0,LST_ASSAM_2023_06.tif,44.692,4.0,3.0,3.0,5.0,0.0,4.0
HAILAKANDI,18-318,2023_07,87,0.0,29638.301,62144.86,776914.559,9.485,4.01,19.262,79.86,6.115,2.0,LST_ASSAM_2023_07.tif,35.7,4.0,3.0,3.0,5.0,0.0,4.0
HAILAKANDI,18-318,2023_08,87,0.0,29638.301,62144.86,776914.559,9.485,4.01,19.262,79.86,6.115,5.0,LST_ASSAM_2023_08.tif,18.858,3.0,3.0,3.0,5.0,0.0,3.0
HAILAKANDI,18-318,2023_09,87,0.0,29638.301,62144.86,776914.559,9.485,4.01,19.262,79.86,6.115,3.0,LST_ASSAM_2023_09.tif,39.183,3.0,3.0,3.0,5.0,0.0,3.0
HAILAKANDI,18-318,2023_10,87,0.0,29638.301,62144.86,776914.559,9.485,4.01,19.262,79.86,6.115,4.0,LST_ASSAM_2023_10.tif,40.375,3.0,3.0,3.0,5.0,0.0,4.0
HAILAKANDI,18-318,2023_11,87,60488595.0,29638.301,62144.86,776914.559,9.485,4.01,19.262,79.86,6.115,3.0,LST_ASSAM_2023_11.tif,2.025,4.0,3.0,3.0,5.0,60488595.0,4.0
HAILAKANDI,18-318,2023_12,87,0.0,29638.301,62144.86,776914.559,9.485,4.01,19.262,79.86,6.115,3.0,LST_ASSAM_2023_12.tif,0.0,3.0,3.0,3.0,5.0,60488595.0,2.0
HAILAKANDI,18-318,2024_01,87,0.0,30837.472,62955.408,786400.67,9.485,4.01,19.262,79.86,6.115,3.0,LST_ASSAM_2024_01.tif,0.0,3.0,3.0,3.0,5.0,60488595.0,2.0
HAILAKANDI,18-318,2024_02,87,0.0,30837.472,62955.408,786400.67,9.485,4.01,19.262,79.86,6.115,3.0,LST_ASSAM_2024_02.tif,0.0,3.0,3.0,3.0,5.0,60488595.0,2.0
HAILAKANDI,18-318,2024_03,87,0.0,30837.472,62955.408,786400.67,9.485,4.01,19.262,79.86,6.115,3.0,LST_ASSAM_2024_03.tif,26.858,3.0,3.0,3.0,5.0,60488595.0,3.0
HAILAKANDI,18-318,2024_04,87,0.0,30837.472,62955.408,786400.67,9.485,4.01,19.262,79.86,6.115,3.0,LST_ASSAM_2024_04.tif,23.283,5.0,3.0,3.0,5.0,0.0,4.0
HAILAKANDI,18-318,2024_05,87,0.0,30837.472,62955.408,786400.67,9.485,4.01,19.262,79.86,6.115,1.0,LST_ASSAM_2024_05.tif,52.425,5.0,3.0,3.0,5.0,0.0,4.0
HAILAKANDI,18-318,2024_06,87,0.0,30837.472,62955.408,786400.67,9.485,4.01,19.262,79.86,6.115,3.0,LST_ASSAM_2024_06.tif,41.55,4.0,3.0,3.0,5.0,0.0,4.0
HAILAKANDI,18-318,2024_07,87,2.0,30837.472,62955.408,786400.67,9.485,4.01,19.262,79.86,6.115,0.0,LST_ASSAM_2024_07.tif,37.608,3.0,3.0,3.0,5.0,2.0,3.0
HAILAKANDI,18-318,2024_08,87,1.0,30837.472,62955.408,786400.67,9.485,4.01,19.262,79.86,6.115,2.0,LST_ASSAM_2024_08.tif,9.617,1.0,3.0,3.0,5.0,3.0,2.0
HAILAKANDI,18-318,2024_09,87,0.0,30837.472,62955.408,786400.67,9.485,4.01,19.262,79.86,6.115,3.0,LST_ASSAM_2024_09.tif,40.092,3.0,3.0,3.0,5.0,3.0,4.0
HAILAKANDI,18-318,2024_10,87,0.0,30837.472,62955.408,786400.67,9.485,4.01,19.262,79.86,6.115,5.0,LST_ASSAM_2024_10.tif,43.475,5.0,3.0,3.0,5.0,3.0,4.0
HAILAKANDI,18-318,2024_11,87,0.0,30837.472,62955.408,786400.67,9.485,4.01,19.262,79.86,6.115,4.0,LST_ASSAM_2024_11.tif,5.292,5.0,3.0,3.0,5.0,3.0,4.0
HAILAKANDI,18-318,2024_12,87,0.0,30837.472,62955.408,786400.67,9.485,4.01,19.262,79.86,6.115,5.0,LST_ASSAM_2024_12.tif,0.0,3.0,3.0,3.0,5.0,3.0,2.0
HAILAKANDI,18-318,2025_01,87,0.0,32036.643,63765.956,795886.781,9.485,4.01,19.262,79.86,6.115,5.0,LST_ASSAM_2025_01.tif,0.0,3.0,3.0,3.0,5.0,3.0,2.0
HAILAKANDI,18-318,2025_02,87,0.0,32036.643,63765.956,795886.781,9.485,4.01,19.262,79.86,6.115,4.0,LST_ASSAM_2025_02.tif,0.0,2.0,3.0,3.0,5.0,3.0,2.0
HAILAKANDI,18-318,2025_03,87,0.0,32036.643,63765.956,795886.781,9.485,4.01,19.262,79.86,6.115,4.0,LST_ASSAM_2025_03.tif,42.267,5.0,3.0,3.0,5.0,3.0,4.0
HAILAKANDI,18-318,2025_04,87,0.0,32036.643,63765.956,795886.781,9.485,4.01,19.262,79.86,6.115,4.0,LST_ASSAM_2025_04.tif,0.0,2.0,3.0,3.0,5.0,0.0,2.0
HAILAKANDI,18-318,2025_05,87,0.0,32036.643,63765.956,795886.781,9.485,4.01,19.262,79.86,6.115,3.0,LST_ASSAM_2025_05.tif,18.833,5.0,3.0,3.0,5.0,0.0,4.0
HAILAKANDI,18-318,2025_06,87,0.0,32036.643,63765.956,795886.781,9.485,4.01,19.262,79.86,6.115,3.0,LST_ASSAM_2025_06.tif,31.617,1.0,3.0,3.0,5.0,0.0,2.0
HAILAKANDI,18-318,2025_07,87,18875700.0,32036.643,63765.956,795886.781,9.485,4.01,19.262,79.86,6.115,1.0,LST_ASSAM_2025_07.tif,26.983,3.0,3.0,3.0,2.0,18875700.0,3.0
HAILAKANDI,18-318,2025_08,87,0.0,32036.643,63765.956,795886.781,9.485,4.01,19.262,79.86,6.115,3.0,LST_ASSAM_2025_08.tif,10.125,4.0,3.0,3.0,3.0,18875700.0,4.0
HAILAKANDI,18-318,2025_09,87,0.0,32036.643,63765.956,795886.781,9.485,4.01,19.262,79.86,6.115,2.0,LST_ASSAM_2025_09.tif,27.958,5.0,3.0,3.0,4.0,18875700.0,4.0
HAILAKANDI,18-318,2025_10,87,0.0,32036.643,63765.956,795886.781,9.485,4.01,19.262,79.86,6.115,3.0,LST_ASSAM_2025_10.tif,60.025,4.0,3.0,3.0,4.0,18875700.0,4.0
HAILAKANDI,18-318,2025_11,87,0.0,32036.643,63765.956,795886.781,9.485,4.01,19.262,79.86,6.115,4.0,LST_ASSAM_2025_11.tif,5.2,5.0,3.0,3.0,4.0,18875700.0,4.0
HAILAKANDI,18-318,2025_12,87,0.0,32036.643,63765.956,795886.781,9.485,4.01,19.262,79.86,6.115,5.0,LST_ASSAM_2025_12.tif,0.0,3.0,3.0,3.0,5.0,18875700.0,2.0
HAILAKANDI,18-318,2026_01,87,0.0,33235.814,64576.504,805372.892,9.485,4.01,19.262,79.86,6.115,4.0,LST_ASSAM_2026_01.tif,0.0,3.0,3.0,3.0,5.0,18875700.0,2.0
HAILAKANDI,18-318,2026_02,87,0.0,33235.814,64576.504,805372.892,9.485,4.01,19.262,79.86,6.115,4.0,LST_ASSAM_2026_02.tif,2.792,2.0,3.0,3.0,5.0,18875700.0,2.0
HAILAKANDI,18-318,2026_03,87,0.0,33235.814,64576.504,805372.892,9.485,4.01,19.262,79.86,6.115,3.0,LST_ASSAM_2026_03.tif,28.1,4.0,3.0,3.0,5.0,18875700.0,4.0
HAILAKANDI,18-318,2026_04,87,0.0,33235.814,64576.504,805372.892,9.485,4.01,19.262,79.86,6.115,1.0,LST_ASSAM_2026_04.tif,0.0,3.0,3.0,3.0,5.0,0.0,3.0
HAILAKANDI,18-318,2026_05,87,0.0,33235.814,64576.504,805372.892,9.485,4.01,19.262,79.86,6.115,4.0,LST_ASSAM_2026_05.tif,0.0,3.0,3.0,3.0,5.0,0.0,4.0
HOJAI,18-757,2021_04,91,0.0,44657.678,89876.432,1101898.08,8.001,5.275,27.657,75.41,7.42,5.0,LST_ASSAM_2021_04.tif,0.0,2.0,5.0,5.0,5.0,0.0,2.0
HOJAI,18-757,2021_05,91,0.0,44657.678,89876.432,1101898.08,8.001,5.275,27.657,75.41,7.42,5.0,LST_ASSAM_2021_05.tif,14.128,3.0,5.0,5.0,5.0,0.0,3.0
HOJAI,18-757,2021_06,91,0.0,44657.678,89876.432,1101898.08,8.001,5.275,27.657,75.41,7.42,5.0,LST_ASSAM_2021_06.tif,20.367,2.0,5.0,5.0,5.0,0.0,3.0
HOJAI,18-757,2021_07,91,0.0,44657.678,89876.432,1101898.08,8.001,5.275,27.657,75.41,7.42,0.0,LST_ASSAM_2021_07.tif,16.294,3.0,5.0,5.0,5.0,0.0,4.0
HOJAI,18-757,2021_08,91,0.0,44657.678,89876.432,1101898.08,8.001,5.275,27.657,75.41,7.42,5.0,LST_ASSAM_2021_08.tif,9.106,3.0,5.0,5.0,5.0,0.0,4.0
HOJAI,18-757,2021_09,91,0.0,44657.678,89876.432,1101898.08,8.001,5.275,27.657,75.41,7.42,3.0,LST_ASSAM_2021_09.tif,24.578,5.0,5.0,5.0,5.0,0.0,5.0
HOJAI,18-757,2021_10,91,0.0,44657.678,89876.432,1101898.08,8.001,5.275,27.657,75.41,7.42,2.0,LST_ASSAM_2021_10.tif,58.411,3.0,5.0,5.0,5.0,0.0,4.0
HOJAI,18-757,2021_11,91,0.0,44657.678,89876.432,1101898.08,8.001,5.275,27.657,75.41,7.42,4.0,LST_ASSAM_2021_11.tif,0.0,3.0,5.0,5.0,5.0,0.0,3.0
HOJAI,18-757,2021_12,91,0.0,44657.678,89876.432,1101898.08,8.001,5.275,27.657,75.41,7.42,4.0,LST_ASSAM_2021_12.tif,0.0,3.0,5.0,5.0,5.0,0.0,3.0
HOJAI,18-757,2022_01,91,0.0,46543.35,90897.668,1116143.678,8.001,5.275,27.657,75.41,7.42,5.0,LST_ASSAM_2022_01.tif,0.0,3.0,5.0,5.0,5.0,0.0,3.0
HOJAI,18-757,2022_02,91,0.0,46543.35,90897.668,1116143.678,8.001,5.275,27.657,75.41,7.42,5.0,LST_ASSAM_2022_02.tif,0.0,3.0,5.0,5.0,5.0,0.0,3.0
HOJAI,18-757,2022_03,91,0.0,46543.35,90897.668,1116143.678,8.001,5.275,27.657,75.41,7.42,5.0,LST_ASSAM_2022_03.tif,72.189,4.0,5.0,5.0,5.0,0.0,5.0
HOJAI,18-757,2022_04,91,0.0,46543.35,90897.668,1116143.678,8.001,5.275,27.657,75.41,7.42,5.0,LST_ASSAM_2022_04.tif,0.0,3.0,5.0,5.0,5.0,0.0,3.0
HOJAI,18-757,2022_05,91,0.0,46543.35,90897.668,1116143.678,8.001,5.275,27.657,75.41,7.42,5.0,LST_ASSAM_2022_05.tif,0.467,1.0,5.0,5.0,5.0,0.0,3.0
HOJAI,18-757,2022_06,91,0.0,46543.35,90897.668,1116143.678,8.001,5.275,27.657,75.41,7.42,5.0,LST_ASSAM_2022_06.tif,2.106,1.0,5.0,5.0,5.0,0.0,3.0
HOJAI,18-757,2022_07,91,0.0,46543.35,90897.668,1116143.678,8.001,5.275,27.657,75.41,7.42,5.0,LST_ASSAM_2022_07.tif,29.972,4.0,5.0,5.0,5.0,0.0,5.0
HOJAI,18-757,2022_08,91,0.0,46543.35,90897.668,1116143.678,8.001,5.275,27.657,75.41,7.42,3.0,LST_ASSAM_2022_08.tif,25.056,3.0,5.0,5.0,5.0,0.0,4.0
HOJAI,18-757,2022_09,91,0.0,46543.35,90897.668,1116143.678,8.001,5.275,27.657,75.41,7.42,4.0,LST_ASSAM_2022_09.tif,4.439,3.0,5.0,5.0,5.0,0.0,3.0
HOJAI,18-757,2022_10,91,0.0,46543.35,90897.668,1116143.678,8.001,5.275,27.657,75.41,7.42,2.0,LST_ASSAM_2022_10.tif,38.706,3.0,5.0,5.0,5.0,0.0,4.0
HOJAI,18-757,2022_11,91,0.0,46543.35,90897.668,1116143.678,8.001,5.275,27.657,75.41,7.42,3.0,LST_ASSAM_2022_11.tif,0.0,3.0,5.0,5.0,5.0,0.0,3.0
HOJAI,18-757,2022_12,91,0.0,46543.35,90897.668,1116143.678,8.001,5.275,27.657,75.41,7.42,4.0,LST_ASSAM_2022_12.tif,0.0,3.0,5.0,5.0,5.0,0.0,3.0
HOJAI,18-757,2023_01,91,0.0,48429.022,91918.904,1130389.277,8.001,5.275,27.657,75.41,7.42,5.0,LST_ASSAM_2023_01.tif,0.0,2.0,5.0,5.0,5.0,0.0,3.0
HOJAI,18-757,2023_02,91,0.0,48429.022,91918.904,1130389.277,8.001,5.275,27.657,75.41,7.42,5.0,LST_ASSAM_2023_02.tif,1.011,3.0,5.0,5.0,5.0,0.0,3.0
HOJAI,18-757,2023_03,91,0.0,48429.022,91918.904,1130389.277,8.001,5.275,27.657,75.41,7.42,5.0,LST_ASSAM_2023_03.tif,25.189,3.0,5.0,5.0,5.0,0.0,4.0
HOJAI,18-757,2023_04,91,0.0,48429.022,91918.904,1130389.277,8.001,5.275,27.657,75.41,7.42,5.0,LST_ASSAM_2023_04.tif,1.528,2.0,5.0,5.0,5.0,0.0,3.0
HOJAI,18-757,2023_05,91,0.0,48429.022,91918.904,1130389.277,8.001,5.275,27.657,75.41,7.42,5.0,LST_ASSAM_2023_05.tif,4.244,2.0,5.0,5.0,5.0,0.0,3.0
HOJAI,18-757,2023_06,91,0.0,48429.022,91918.904,1130389.277,8.001,5.275,27.657,75.41,7.42,5.0,LST_ASSAM_2023_06.tif,32.15,2.0,5.0,5.0,5.0,0.0,3.0
HOJAI,18-757,2023_07,91,0.0,48429.022,91918.904,1130389.277,8.001,5.275,27.657,75.41,7.42,4.0,LST_ASSAM_2023_07.tif,23.517,3.0,5.0,5.0,5.0,0.0,4.0
HOJAI,18-757,2023_08,91,0.0,48429.022,91918.904,1130389.277,8.001,5.275,27.657,75.41,7.42,5.0,LST_ASSAM_2023_08.tif,20.644,3.0,5.0,5.0,5.0,0.0,4.0
HOJAI,18-757,2023_09,91,0.0,48429.022,91918.904,1130389.277,8.001,5.275,27.657,75.41,7.42,4.0,LST_ASSAM_2023_09.tif,41.922,4.0,5.0,5.0,5.0,0.0,5.0
HOJAI,18-757,2023_10,91,0.0,48429.022,91918.904,1130389.277,8.001,5.275,27.657,75.41,7.42,2.0,LST_ASSAM_2023_10.tif,44.039,4.0,5.0,5.0,5.0,0.0,5.0
HOJAI,18-757,2023_11,91,792743653.0,48429.022,91918.904,1130389.277,8.001,5.275,27.657,75.41,7.42,3.0,LST_ASSAM_2023_11.tif,1.289,3.0,5.0,5.0,2.0,792743653.0,3.0
HOJAI,18-757,2023_12,91,0.0,48429.022,91918.904,1130389.277,8.001,5.275,27.657,75.41,7.42,3.0,LST_ASSAM_2023_12.tif,0.0,3.0,5.0,5.0,2.0,792743653.0,2.0
HOJAI,18-757,2024_01,91,0.0,50314.694,92940.14,1144634.875,8.001,5.275,27.657,75.41,7.42,4.0,LST_ASSAM_2024_01.tif,0.0,3.0,5.0,5.0,2.0,792743653.0,2.0
HOJAI,18-757,2024_02,91,0.0,50314.694,92940.14,1144634.875,8.001,5.275,27.657,75.41,7.42,5.0,LST_ASSAM_2024_02.tif,0.0,3.0,5.0,5.0,2.0,792743653.0,2.0
HOJAI,18-757,2024_03,91,0.0,50314.694,92940.14,1144634.875,8.001,5.275,27.657,75.41,7.42,5.0,LST_ASSAM_2024_03.tif,25.522,3.0,5.0,5.0,2.0,792743653.0,3.0
HOJAI,18-757,2024_04,91,0.0,50314.694,92940.14,1144634.875,8.001,5.275,27.657,75.41,7.42,5.0,LST_ASSAM_2024_04.tif,1.261,3.0,5.0,5.0,5.0,0.0,3.0
HOJAI,18-757,2024_05,91,0.0,50314.694,92940.14,1144634.875,8.001,5.275,27.657,75.41,7.42,5.0,LST_ASSAM_2024_05.tif,36.606,4.0,5.0,5.0,5.0,0.0,5.0
HOJAI,18-757,2024_06,91,0.0,50314.694,92940.14,1144634.875,8.001,5.275,27.657,75.41,7.42,4.0,LST_ASSAM_2024_06.tif,45.828,5.0,5.0,5.0,5.0,0.0,5.0
HOJAI,18-757,2024_07,91,0.0,50314.694,92940.14,1144634.875,8.001,5.275,27.657,75.41,7.42,4.0,LST_ASSAM_2024_07.tif,40.6,4.0,5.0,5.0,5.0,0.0,5.0
HOJAI,18-757,2024_08,91,0.0,50314.694,92940.14,1144634.875,8.001,5.275,27.657,75.41,7.42,2.0,LST_ASSAM_2024_08.tif,16.428,2.0,5.0,5.0,5.0,0.0,3.0
HOJAI,18-757,2024_09,91,0.0,50314.694,92940.14,1144634.875,8.001,5.275,27.657,75.41,7.42,3.0,LST_ASSAM_2024_09.tif,44.067,3.0,5.0,5.0,5.0,0.0,4.0
HOJAI,18-757,2024_10,91,0.0,50314.694,92940.14,1144634.875,8.001,5.275,27.657,75.41,7.42,3.0,LST_ASSAM_2024_10.tif,31.622,4.0,5.0,5.0,5.0,0.0,5.0
HOJAI,18-757,2024_11,91,0.0,50314.694,92940.14,1144634.875,8.001,5.275,27.657,75.41,7.42,3.0,LST_ASSAM_2024_11.tif,2.0,1.0,5.0,5.0,5.0,0.0,3.0
HOJAI,18-757,2024_12,91,0.0,50314.694,92940.14,1144634.875,8.001,5.275,27.657,75.41,7.42,3.0,LST_ASSAM_2024_12.tif,0.0,3.0,5.0,5.0,5.0,0.0,3.0
HOJAI,18-757,2025_01,91,0.0,52200.366,93961.376,1158880.473,8.001,5.275,27.657,75.41,7.42,5.0,LST_ASSAM_2025_01.tif,0.0,3.0,5.0,5.0,5.0,0.0,3.0
HOJAI,18-757,2025_02,91,0.0,52200.366,93961.376,1158880.473,8.001,5.275,27.657,75.41,7.42,5.0,LST_ASSAM_2025_02.tif,0.0,2.0,5.0,5.0,5.0,0.0,3.0
HOJAI,18-757,2025_03,91,0.0,52200.366,93961.376,1158880.473,8.001,5.275,27.657,75.41,7.42,5.0,LST_ASSAM_2025_03.tif,46.028,5.0,5.0,5.0,5.0,0.0,5.0
HOJAI,18-757,2025_04,91,0.0,52200.366,93961.376,1158880.473,8.001,5.275,27.657,75.41,7.42,5.0,LST_ASSAM_2025_04.tif,0.822,3.0,5.0,5.0,5.0,0.0,3.0
HOJAI,18-757,2025_05,91,0.0,52200.366,93961.376,1158880.473,8.001,5.275,27.657,75.41,7.42,5.0,LST_ASSAM_2025_05.tif,5.828,3.0,5.0,5.0,5.0,0.0,3.0
HOJAI,18-757,2025_06,91,33006880.0,52200.366,93961.376,1158880.473,8.001,5.275,27.657,75.41,7.42,5.0,LST_ASSAM_2025_06.tif,49.511,3.0,5.0,5.0,1.0,33006880.0,3.0
HOJAI,18-757,2025_07,91,0.0,52200.366,93961.376,1158880.473,8.001,5.275,27.657,75.41,7.42,2.0,LST_ASSAM_2025_07.tif,29.917,4.0,5.0,5.0,1.0,33006880.0,4.0
HOJAI,18-757,2025_08,91,0.0,52200.366,93961.376,1158880.473,8.001,5.275,27.657,75.41,7.42,2.0,LST_ASSAM_2025_08.tif,9.433,4.0,5.0,5.0,2.0,33006880.0,4.0
HOJAI,18-757,2025_09,91,0.0,52200.366,93961.376,1158880.473,8.001,5.275,27.657,75.41,7.42,3.0,LST_ASSAM_2025_09.tif,24.822,4.0,5.0,5.0,4.0,33006880.0,4.0
HOJAI,18-757,2025_10,91,17401995.9,52200.366,93961.376,1158880.473,8.001,5.275,27.657,75.41,7.42,2.0,LST_ASSAM_2025_10.tif,53.506,3.0,5.0,5.0,4.0,50408875.9,4.0
HOJAI,18-757,2025_11,91,0.0,52200.366,93961.376,1158880.473,8.001,5.275,27.657,75.41,7.42,5.0,LST_ASSAM_2025_11.tif,1.333,2.0,5.0,5.0,4.0,50408875.9,3.0
HOJAI,18-757,2025_12,91,0.0,52200.366,93961.376,1158880.473,8.001,5.275,27.657,75.41,7.42,5.0,LST_ASSAM_2025_12.tif,0.0,3.0,5.0,5.0,4.0,50408875.9,3.0
HOJAI,18-757,2026_01,91,0.0,54086.038,94982.612,1173126.072,8.001,5.275,27.657,75.41,7.42,5.0,LST_ASSAM_2026_01.tif,0.0,3.0,5.0,5.0,5.0,50408875.9,3.0
HOJAI,18-757,2026_02,91,8410307.4,54086.038,94982.612,1173126.072,8.001,5.275,27.657,75.41,7.42,5.0,LST_ASSAM_2026_02.tif,3.317,2.0,5.0,5.0,5.0,58819183.3,3.0
HOJAI,18-757,2026_03,91,0.0,54086.038,94982.612,1173126.072,8.001,5.275,27.657,75.41,7.42,5.0,LST_ASSAM_2026_03.tif,22.85,3.0,5.0,5.0,5.0,58819183.3,4.0
HOJAI,18-757,2026_04,91,0.0,54086.038,94982.612,1173126.072,8.001,5.275,27.657,75.41,7.42,5.0,LST_ASSAM_2026_04.tif,0.0,3.0,5.0,5.0,5.0,0.0,5.0
HOJAI,18-757,2026_05,91,0.0,54086.038,94982.612,1173126.072,8.001,5.275,27.657,75.41,7.42,5.0,LST_ASSAM_2026_05.tif,0.0,3.0,5.0,5.0,5.0,0.0,5.0
JORHAT,18-312,2021_04,106,0.0,49025.134,58475.469,997471.544,10.292,14.251,12.066,73.71,7.53,4.0,LST_ASSAM_2021_04.tif,0.0,2.0,3.0,1.0,5.0,0.0,1.0
JORHAT,18-312,2021_05,106,0.0,49025.134,58475.469,997471.544,10.292,14.251,12.066,73.71,7.53,4.0,LST_ASSAM_2021_05.tif,14.305,3.0,3.0,1.0,5.0,0.0,3.0
JORHAT,18-312,2021_06,106,4592400.0,49025.134,58475.469,997471.544,10.292,14.251,12.066,73.71,7.53,3.0,LST_ASSAM_2021_06.tif,27.285,4.0,3.0,1.0,4.0,4592400.0,3.0
JORHAT,18-312,2021_07,106,0.0,49025.134,58475.469,997471.544,10.292,14.251,12.066,73.71,7.53,5.0,LST_ASSAM_2021_07.tif,23.413,5.0,3.0,1.0,5.0,4592400.0,4.0
JORHAT,18-312,2021_08,106,0.0,49025.134,58475.469,997471.544,10.292,14.251,12.066,73.71,7.53,3.0,LST_ASSAM_2021_08.tif,11.428,4.0,3.0,1.0,5.0,4592400.0,4.0
JORHAT,18-312,2021_09,106,0.0,49025.134,58475.469,997471.544,10.292,14.251,12.066,73.71,7.53,4.0,LST_ASSAM_2021_09.tif,16.478,3.0,3.0,1.0,5.0,4592400.0,3.0
JORHAT,18-312,2021_10,106,0.0,49025.134,58475.469,997471.544,10.292,14.251,12.066,73.71,7.53,5.0,LST_ASSAM_2021_10.tif,64.577,4.0,3.0,1.0,5.0,4592400.0,4.0
JORHAT,18-312,2021_11,106,0.0,49025.134,58475.469,997471.544,10.292,14.251,12.066,73.71,7.53,3.0,LST_ASSAM_2021_11.tif,0.0,3.0,3.0,1.0,5.0,4592400.0,2.0
JORHAT,18-312,2021_12,106,0.0,49025.134,58475.469,997471.544,10.292,14.251,12.066,73.71,7.53,3.0,LST_ASSAM_2021_12.tif,0.0,3.0,3.0,1.0,5.0,4592400.0,2.0
JORHAT,18-312,2022_01,106,61065050.0,50347.664,58037.986,999319.797,10.292,14.251,12.066,73.71,7.53,4.0,LST_ASSAM_2022_01.tif,0.075,3.0,3.0,1.0,3.0,65657450.0,1.0
JORHAT,18-312,2022_02,106,0.0,50347.664,58037.986,999319.797,10.292,14.251,12.066,73.71,7.53,4.0,LST_ASSAM_2022_02.tif,0.025,3.0,3.0,1.0,3.0,65657450.0,1.0
JORHAT,18-312,2022_03,106,1290716550.0,50347.664,58037.986,999319.797,10.292,14.251,12.066,73.71,7.53,3.0,LST_ASSAM_2022_03.tif,74.687,4.0,3.0,1.0,1.0,1356374000.0,3.0
JORHAT,18-312,2022_04,106,0.0,50347.664,58037.986,999319.797,10.292,14.251,12.066,73.71,7.53,4.0,LST_ASSAM_2022_04.tif,0.0,3.0,3.0,1.0,5.0,0.0,2.0
JORHAT,18-312,2022_05,106,0.0,50347.664,58037.986,999319.797,10.292,14.251,12.066,73.71,7.53,4.0,LST_ASSAM_2022_05.tif,1.772,2.0,3.0,1.0,5.0,0.0,2.0
JORHAT,18-312,2022_06,106,0.0,50347.664,58037.986,999319.797,10.292,14.251,12.066,73.71,7.53,3.0,LST_ASSAM_2022_06.tif,5.462,3.0,3.0,1.0,5.0,0.0,3.0
JORHAT,18-312,2022_07,106,0.0,50347.664,58037.986,999319.797,10.292,14.251,12.066,73.71,7.53,5.0,LST_ASSAM_2022_07.tif,26.528,3.0,3.0,1.0,5.0,0.0,3.0
JORHAT,18-312,2022_08,106,0.0,50347.664,58037.986,999319.797,10.292,14.251,12.066,73.71,7.53,3.0,LST_ASSAM_2022_08.tif,32.797,4.0,3.0,1.0,5.0,0.0,4.0
JORHAT,18-312,2022_09,106,0.0,50347.664,58037.986,999319.797,10.292,14.251,12.066,73.71,7.53,3.0,LST_ASSAM_2022_09.tif,2.59,2.0,3.0,1.0,5.0,0.0,2.0
JORHAT,18-312,2022_10,106,0.0,50347.664,58037.986,999319.797,10.292,14.251,12.066,73.71,7.53,3.0,LST_ASSAM_2022_10.tif,45.56,4.0,3.0,1.0,5.0,0.0,4.0
JORHAT,18-312,2022_11,106,0.0,50347.664,58037.986,999319.797,10.292,14.251,12.066,73.71,7.53,3.0,LST_ASSAM_2022_11.tif,0.0,3.0,3.0,1.0,5.0,0.0,2.0
JORHAT,18-312,2022_12,106,0.0,50347.664,58037.986,999319.797,10.292,14.251,12.066,73.71,7.53,3.0,LST_ASSAM_2022_12.tif,0.0,3.0,3.0,1.0,5.0,0.0,2.0
JORHAT,18-312,2023_01,106,0.0,51670.194,57600.503,1001168.05,10.292,14.251,12.066,73.71,7.53,4.0,LST_ASSAM_2023_01.tif,0.592,3.0,3.0,1.0,5.0,0.0,3.0
JORHAT,18-312,2023_02,106,0.0,51670.194,57600.503,1001168.05,10.292,14.251,12.066,73.71,7.53,4.0,LST_ASSAM_2023_02.tif,4.685,4.0,3.0,1.0,5.0,0.0,3.0
JORHAT,18-312,2023_03,106,0.0,51670.194,57600.503,1001168.05,10.292,14.251,12.066,73.71,7.53,3.0,LST_ASSAM_2023_03.tif,32.263,4.0,3.0,1.0,5.0,0.0,4.0
JORHAT,18-312,2023_04,106,0.0,51670.194,57600.503,1001168.05,10.292,14.251,12.066,73.71,7.53,1.0,LST_ASSAM_2023_04.tif,0.0,2.0,3.0,1.0,5.0,0.0,2.0
JORHAT,18-312,2023_05,106,0.0,51670.194,57600.503,1001168.05,10.292,14.251,12.066,73.71,7.53,4.0,LST_ASSAM_2023_05.tif,3.838,2.0,3.0,1.0,5.0,0.0,2.0
JORHAT,18-312,2023_06,106,2769630.0,51670.194,57600.503,1001168.05,10.292,14.251,12.066,73.71,7.53,1.0,LST_ASSAM_2023_06.tif,38.778,3.0,3.0,1.0,5.0,2769630.0,3.0
JORHAT,18-312,2023_07,106,0.0,51670.194,57600.503,1001168.05,10.292,14.251,12.066,73.71,7.53,1.0,LST_ASSAM_2023_07.tif,24.155,3.0,3.0,1.0,5.0,2769630.0,3.0
JORHAT,18-312,2023_08,106,0.0,51670.194,57600.503,1001168.05,10.292,14.251,12.066,73.71,7.53,4.0,LST_ASSAM_2023_08.tif,19.265,3.0,3.0,1.0,5.0,2769630.0,3.0
JORHAT,18-312,2023_09,106,0.0,51670.194,57600.503,1001168.05,10.292,14.251,12.066,73.71,7.53,4.0,LST_ASSAM_2023_09.tif,42.405,4.0,3.0,1.0,5.0,2769630.0,4.0
JORHAT,18-312,2023_10,106,0.0,51670.194,57600.503,1001168.05,10.292,14.251,12.066,73.71,7.53,2.0,LST_ASSAM_2023_10.tif,43.403,4.0,3.0,1.0,5.0,2769630.0,4.0
JORHAT,18-312,2023_11,106,0.0,51670.194,57600.503,1001168.05,10.292,14.251,12.066,73.71,7.53,2.0,LST_ASSAM_2023_11.tif,1.0,2.0,3.0,1.0,5.0,2769630.0,2.0
JORHAT,18-312,2023_12,106,0.0,51670.194,57600.503,1001168.05,10.292,14.251,12.066,73.71,7.53,3.0,LST_ASSAM_2023_12.tif,0.0,3.0,3.0,1.0,5.0,2769630.0,2.0
JORHAT,18-312,2024_01,106,0.0,52992.724,57163.02,1003016.303,10.292,14.251,12.066,73.71,7.53,3.0,LST_ASSAM_2024_01.tif,0.0,3.0,3.0,1.0,5.0,2769630.0,2.0
JORHAT,18-312,2024_02,106,0.0,52992.724,57163.02,1003016.303,10.292,14.251,12.066,73.71,7.53,3.0,LST_ASSAM_2024_02.tif,0.0,3.0,3.0,1.0,5.0,2769630.0,2.0
JORHAT,18-312,2024_03,106,74172833.0,52992.724,57163.02,1003016.303,10.292,14.251,12.066,73.71,7.53,3.0,LST_ASSAM_2024_03.tif,31.702,4.0,3.0,1.0,5.0,76942463.0,4.0
JORHAT,18-312,2024_04,106,0.0,52992.724,57163.02,1003016.303,10.292,14.251,12.066,73.71,7.53,2.0,LST_ASSAM_2024_04.tif,0.0,3.0,3.0,1.0,5.0,0.0,2.0
JORHAT,18-312,2024_05,106,0.0,52992.724,57163.02,1003016.303,10.292,14.251,12.066,73.71,7.53,2.0,LST_ASSAM_2024_05.tif,24.56,2.0,3.0,1.0,5.0,0.0,2.0
JORHAT,18-312,2024_06,106,0.0,52992.724,57163.02,1003016.303,10.292,14.251,12.066,73.71,7.53,5.0,LST_ASSAM_2024_06.tif,37.092,3.0,3.0,1.0,5.0,0.0,3.0
JORHAT,18-312,2024_07,106,2.0,52992.724,57163.02,1003016.303,10.292,14.251,12.066,73.71,7.53,3.0,LST_ASSAM_2024_07.tif,36.27,3.0,3.0,1.0,5.0,2.0,3.0
JORHAT,18-312,2024_08,106,1.0,52992.724,57163.02,1003016.303,10.292,14.251,12.066,73.71,7.53,3.0,LST_ASSAM_2024_08.tif,24.845,4.0,3.0,1.0,5.0,3.0,4.0
JORHAT,18-312,2024_09,106,0.0,52992.724,57163.02,1003016.303,10.292,14.251,12.066,73.71,7.53,4.0,LST_ASSAM_2024_09.tif,47.047,4.0,3.0,1.0,5.0,3.0,4.0
JORHAT,18-312,2024_10,106,0.0,52992.724,57163.02,1003016.303,10.292,14.251,12.066,73.71,7.53,4.0,LST_ASSAM_2024_10.tif,26.427,3.0,3.0,1.0,5.0,3.0,3.0
JORHAT,18-312,2024_11,106,0.0,52992.724,57163.02,1003016.303,10.292,14.251,12.066,73.71,7.53,2.0,LST_ASSAM_2024_11.tif,3.672,3.0,3.0,1.0,5.0,3.0,3.0
JORHAT,18-312,2024_12,106,0.0,52992.724,57163.02,1003016.303,10.292,14.251,12.066,73.71,7.53,2.0,LST_ASSAM_2024_12.tif,0.0,3.0,3.0,1.0,5.0,3.0,2.0
JORHAT,18-312,2025_01,106,1824247.0,54315.254,56725.537,1004864.556,10.292,14.251,12.066,73.71,7.53,3.0,LST_ASSAM_2025_01.tif,0.0,3.0,3.0,1.0,5.0,1824250.0,2.0
JORHAT,18-312,2025_02,106,0.0,54315.254,56725.537,1004864.556,10.292,14.251,12.066,73.71,7.53,3.0,LST_ASSAM_2025_02.tif,1.342,5.0,3.0,1.0,5.0,1824250.0,4.0
JORHAT,18-312,2025_03,106,0.0,54315.254,56725.537,1004864.556,10.292,14.251,12.066,73.71,7.53,2.0,LST_ASSAM_2025_03.tif,29.462,3.0,3.0,1.0,5.0,1824250.0,3.0
JORHAT,18-312,2025_04,106,0.0,54315.254,56725.537,1004864.556,10.292,14.251,12.066,73.71,7.53,3.0,LST_ASSAM_2025_04.tif,0.067,3.0,3.0,1.0,5.0,0.0,3.0
JORHAT,18-312,2025_05,106,0.0,54315.254,56725.537,1004864.556,10.292,14.251,12.066,73.71,7.53,4.0,LST_ASSAM_2025_05.tif,5.858,3.0,3.0,1.0,5.0,0.0,3.0
JORHAT,18-312,2025_06,106,0.0,54315.254,56725.537,1004864.556,10.292,14.251,12.066,73.71,7.53,5.0,LST_ASSAM_2025_06.tif,54.577,4.0,3.0,1.0,5.0,0.0,4.0
JORHAT,18-312,2025_07,106,0.0,54315.254,56725.537,1004864.556,10.292,14.251,12.066,73.71,7.53,3.0,LST_ASSAM_2025_07.tif,29.577,3.0,3.0,1.0,5.0,0.0,3.0
JORHAT,18-312,2025_08,106,0.0,54315.254,56725.537,1004864.556,10.292,14.251,12.066,73.71,7.53,4.0,LST_ASSAM_2025_08.tif,10.2,4.0,3.0,1.0,5.0,0.0,4.0
JORHAT,18-312,2025_09,106,5104023.0,54315.254,56725.537,1004864.556,10.292,14.251,12.066,73.71,7.53,4.0,LST_ASSAM_2025_09.tif,23.833,4.0,3.0,1.0,5.0,5104023.0,4.0
JORHAT,18-312,2025_10,106,0.0,54315.254,56725.537,1004864.556,10.292,14.251,12.066,73.71,7.53,3.0,LST_ASSAM_2025_10.tif,54.123,4.0,3.0,1.0,5.0,5104023.0,4.0
JORHAT,18-312,2025_11,106,0.0,54315.254,56725.537,1004864.556,10.292,14.251,12.066,73.71,7.53,3.0,LST_ASSAM_2025_11.tif,1.465,2.0,3.0,1.0,5.0,5104023.0,2.0
JORHAT,18-312,2025_12,106,0.0,54315.254,56725.537,1004864.556,10.292,14.251,12.066,73.71,7.53,3.0,LST_ASSAM_2025_12.tif,0.0,3.0,3.0,1.0,5.0,5104023.0,2.0
JORHAT,18-312,2026_01,106,635878394.39,55637.784,56288.054,1006712.809,10.292,14.251,12.066,73.71,7.53,3.0,LST_ASSAM_2026_01.tif,0.0,3.0,3.0,1.0,1.0,640982417.39,1.0
JORHAT,18-312,2026_02,106,326397426.41,55637.784,56288.054,1006712.809,10.292,14.251,12.066,73.71,7.53,4.0,LST_ASSAM_2026_02.tif,13.395,4.0,3.0,1.0,1.0,967379843.8,3.0
JORHAT,18-312,2026_03,106,200843424.54,55637.784,56288.054,1006712.809,10.292,14.251,12.066,73.71,7.53,4.0,LST_ASSAM_2026_03.tif,32.822,4.0,3.0,1.0,1.0,1168223268.34,3.0
JORHAT,18-312,2026_04,106,0.0,55637.784,56288.054,1006712.809,10.292,14.251,12.066,73.71,7.53,4.0,LST_ASSAM_2026_04.tif,0.0,3.0,3.0,1.0,5.0,0.0,1.0
JORHAT,18-312,2026_05,106,0.0,55637.784,56288.054,1006712.809,10.292,14.251,12.066,73.71,7.53,4.0,LST_ASSAM_2026_05.tif,0.0,3.0,3.0,1.0,5.0,0.0,3.0
KAMRUP,18-321,2021_04,282,0.0,70976.994,107784.855,1618630.325,10.062,3.324,9.48,61.86,5.825,1.0,LST_ASSAM_2021_04.tif,0.335,3.0,2.0,1.0,5.0,0.0,2.0
KAMRUP,18-321,2021_05,282,0.0,70976.994,107784.855,1618630.325,10.062,3.324,9.48,61.86,5.825,2.0,LST_ASSAM_2021_05.tif,14.396,3.0,2.0,1.0,5.0,0.0,2.0
KAMRUP,18-321,2021_06,282,0.0,70976.994,107784.855,1618630.325,10.062,3.324,9.48,61.86,5.825,5.0,LST_ASSAM_2021_06.tif,25.066,3.0,2.0,1.0,5.0,0.0,3.0
KAMRUP,18-321,2021_07,282,0.0,70976.994,107784.855,1618630.325,10.062,3.324,9.48,61.86,5.825,3.0,LST_ASSAM_2021_07.tif,16.259,3.0,2.0,1.0,5.0,0.0,3.0
KAMRUP,18-321,2021_08,282,0.0,70976.994,107784.855,1618630.325,10.062,3.324,9.48,61.86,5.825,3.0,LST_ASSAM_2021_08.tif,11.569,4.0,2.0,1.0,5.0,0.0,3.0
KAMRUP,18-321,2021_09,282,0.0,70976.994,107784.855,1618630.325,10.062,3.324,9.48,61.86,5.825,3.0,LST_ASSAM_2021_09.tif,17.599,3.0,2.0,1.0,5.0,0.0,3.0
KAMRUP,18-321,2021_10,282,0.0,70976.994,107784.855,1618630.325,10.062,3.324,9.48,61.86,5.825,2.0,LST_ASSAM_2021_10.tif,58.018,3.0,2.0,1.0,5.0,0.0,3.0
KAMRUP,18-321,2021_11,282,0.0,70976.994,107784.855,1618630.325,10.062,3.324,9.48,61.86,5.825,3.0,LST_ASSAM_2021_11.tif,0.0,3.0,2.0,1.0,5.0,0.0,2.0
KAMRUP,18-321,2021_12,282,0.0,70976.994,107784.855,1618630.325,10.062,3.324,9.48,61.86,5.825,3.0,LST_ASSAM_2021_12.tif,0.0,3.0,2.0,1.0,5.0,0.0,2.0
KAMRUP,18-321,2022_01,282,0.0,73517.972,108185.348,1631482.723,10.062,3.324,9.48,61.86,5.825,2.0,LST_ASSAM_2022_01.tif,0.198,3.0,2.0,1.0,5.0,0.0,2.0
KAMRUP,18-321,2022_02,282,0.0,73517.972,108185.348,1631482.723,10.062,3.324,9.48,61.86,5.825,3.0,LST_ASSAM_2022_02.tif,0.121,3.0,2.0,1.0,5.0,0.0,2.0
KAMRUP,18-321,2022_03,282,0.0,73517.972,108185.348,1631482.723,10.062,3.324,9.48,61.86,5.825,3.0,LST_ASSAM_2022_03.tif,65.393,3.0,2.0,1.0,5.0,0.0,3.0
KAMRUP,18-321,2022_04,282,0.0,73517.972,108185.348,1631482.723,10.062,3.324,9.48,61.86,5.825,2.0,LST_ASSAM_2022_04.tif,0.022,3.0,2.0,1.0,5.0,0.0,2.0
KAMRUP,18-321,2022_05,282,0.0,73517.972,108185.348,1631482.723,10.062,3.324,9.48,61.86,5.825,2.0,LST_ASSAM_2022_05.tif,3.245,3.0,2.0,1.0,5.0,0.0,3.0
KAMRUP,18-321,2022_06,282,0.0,73517.972,108185.348,1631482.723,10.062,3.324,9.48,61.86,5.825,4.0,LST_ASSAM_2022_06.tif,8.217,4.0,2.0,1.0,5.0,0.0,3.0
KAMRUP,18-321,2022_07,282,0.0,73517.972,108185.348,1631482.723,10.062,3.324,9.48,61.86,5.825,2.0,LST_ASSAM_2022_07.tif,25.795,3.0,2.0,1.0,5.0,0.0,3.0
KAMRUP,18-321,2022_08,282,14691519.9,73517.972,108185.348,1631482.723,10.062,3.324,9.48,61.86,5.825,3.0,LST_ASSAM_2022_08.tif,28.027,3.0,2.0,1.0,4.0,14691519.9,3.0
KAMRUP,18-321,2022_09,282,0.0,73517.972,108185.348,1631482.723,10.062,3.324,9.48,61.86,5.825,4.0,LST_ASSAM_2022_09.tif,4.289,3.0,2.0,1.0,4.0,14691519.9,2.0
KAMRUP,18-321,2022_10,282,0.0,73517.972,108185.348,1631482.723,10.062,3.324,9.48,61.86,5.825,3.0,LST_ASSAM_2022_10.tif,36.831,3.0,2.0,1.0,4.0,14691519.9,3.0
KAMRUP,18-321,2022_11,282,0.0,73517.972,108185.348,1631482.723,10.062,3.324,9.48,61.86,5.825,3.0,LST_ASSAM_2022_11.tif,0.044,3.0,2.0,1.0,4.0,14691519.9,2.0
KAMRUP,18-321,2022_12,282,0.0,73517.972,108185.348,1631482.723,10.062,3.324,9.48,61.86,5.825,3.0,LST_ASSAM_2022_12.tif,0.0,3.0,2.0,1.0,5.0,14691519.9,2.0
KAMRUP,18-321,2023_01,282,0.0,76058.95,108585.841,1644335.121,10.062,3.324,9.48,61.86,5.825,3.0,LST_ASSAM_2023_01.tif,0.0,2.0,2.0,1.0,5.0,14691519.9,2.0
KAMRUP,18-321,2023_02,282,0.0,76058.95,108585.841,1644335.121,10.062,3.324,9.48,61.86,5.825,4.0,LST_ASSAM_2023_02.tif,0.0,2.0,2.0,1.0,5.0,14691519.9,2.0
KAMRUP,18-321,2023_03,282,0.0,76058.95,108585.841,1644335.121,10.062,3.324,9.48,61.86,5.825,3.0,LST_ASSAM_2023_03.tif,22.712,3.0,2.0,1.0,5.0,14691519.9,3.0
KAMRUP,18-321,2023_04,282,0.0,76058.95,108585.841,1644335.121,10.062,3.324,9.48,61.86,5.825,2.0,LST_ASSAM_2023_04.tif,4.658,3.0,2.0,1.0,5.0,0.0,3.0
KAMRUP,18-321,2023_05,282,0.0,76058.95,108585.841,1644335.121,10.062,3.324,9.48,61.86,5.825,3.0,LST_ASSAM_2023_05.tif,6.1,3.0,2.0,1.0,5.0,0.0,3.0
KAMRUP,18-321,2023_06,282,0.0,76058.95,108585.841,1644335.121,10.062,3.324,9.48,61.86,5.825,4.0,LST_ASSAM_2023_06.tif,37.964,3.0,2.0,1.0,5.0,0.0,3.0
KAMRUP,18-321,2023_07,282,0.0,76058.95,108585.841,1644335.121,10.062,3.324,9.48,61.86,5.825,3.0,LST_ASSAM_2023_07.tif,32.119,4.0,2.0,1.0,5.0,0.0,3.0
KAMRUP,18-321,2023_08,282,0.0,76058.95,108585.841,1644335.121,10.062,3.324,9.48,61.86,5.825,4.0,LST_ASSAM_2023_08.tif,22.58,4.0,2.0,1.0,5.0,0.0,3.0
KAMRUP,18-321,2023_09,282,0.0,76058.95,108585.841,1644335.121,10.062,3.324,9.48,61.86,5.825,3.0,LST_ASSAM_2023_09.tif,41.191,3.0,2.0,1.0,5.0,0.0,3.0
KAMRUP,18-321,2023_10,282,0.0,76058.95,108585.841,1644335.121,10.062,3.324,9.48,61.86,5.825,3.0,LST_ASSAM_2023_10.tif,37.966,3.0,2.0,1.0,5.0,0.0,3.0
KAMRUP,18-321,2023_11,282,0.0,76058.95,108585.841,1644335.121,10.062,3.324,9.48,61.86,5.825,3.0,LST_ASSAM_2023_11.tif,1.322,3.0,2.0,1.0,5.0,0.0,3.0
KAMRUP,18-321,2023_12,282,0.0,76058.95,108585.841,1644335.121,10.062,3.324,9.48,61.86,5.825,3.0,LST_ASSAM_2023_12.tif,0.0,3.0,2.0,1.0,5.0,0.0,2.0
KAMRUP,18-321,2024_01,282,0.0,78599.928,108986.334,1657187.52,10.062,3.324,9.48,61.86,5.825,3.0,LST_ASSAM_2024_01.tif,0.0,3.0,2.0,1.0,5.0,0.0,2.0
KAMRUP,18-321,2024_02,282,0.0,78599.928,108986.334,1657187.52,10.062,3.324,9.48,61.86,5.825,3.0,LST_ASSAM_2024_02.tif,0.0,3.0,2.0,1.0,5.0,0.0,2.0
KAMRUP,18-321,2024_03,282,0.0,78599.928,108986.334,1657187.52,10.062,3.324,9.48,61.86,5.825,4.0,LST_ASSAM_2024_03.tif,29.667,3.0,2.0,1.0,5.0,0.0,3.0
KAMRUP,18-321,2024_04,282,0.0,78599.928,108986.334,1657187.52,10.062,3.324,9.48,61.86,5.825,3.0,LST_ASSAM_2024_04.tif,3.194,3.0,2.0,1.0,5.0,0.0,2.0
KAMRUP,18-321,2024_05,282,0.0,78599.928,108986.334,1657187.52,10.062,3.324,9.48,61.86,5.825,4.0,LST_ASSAM_2024_05.tif,33.23,3.0,2.0,1.0,5.0,0.0,3.0
KAMRUP,18-321,2024_06,282,0.0,78599.928,108986.334,1657187.52,10.062,3.324,9.48,61.86,5.825,1.0,LST_ASSAM_2024_06.tif,41.952,4.0,2.0,1.0,5.0,0.0,3.0
KAMRUP,18-321,2024_07,282,0.0,78599.928,108986.334,1657187.52,10.062,3.324,9.48,61.86,5.825,2.0,LST_ASSAM_2024_07.tif,43.959,4.0,2.0,1.0,5.0,0.0,3.0
KAMRUP,18-321,2024_08,282,0.0,78599.928,108986.334,1657187.52,10.062,3.324,9.48,61.86,5.825,1.0,LST_ASSAM_2024_08.tif,20.571,3.0,2.0,1.0,5.0,0.0,3.0
KAMRUP,18-321,2024_09,282,0.0,78599.928,108986.334,1657187.52,10.062,3.324,9.48,61.86,5.825,4.0,LST_ASSAM_2024_09.tif,42.751,3.0,2.0,1.0,5.0,0.0,3.0
KAMRUP,18-321,2024_10,282,0.0,78599.928,108986.334,1657187.52,10.062,3.324,9.48,61.86,5.825,4.0,LST_ASSAM_2024_10.tif,30.865,3.0,2.0,1.0,5.0,0.0,3.0
KAMRUP,18-321,2024_11,282,0.0,78599.928,108986.334,1657187.52,10.062,3.324,9.48,61.86,5.825,3.0,LST_ASSAM_2024_11.tif,4.83,4.0,2.0,1.0,5.0,0.0,3.0
KAMRUP,18-321,2024_12,282,0.0,78599.928,108986.334,1657187.52,10.062,3.324,9.48,61.86,5.825,2.0,LST_ASSAM_2024_12.tif,0.0,3.0,2.0,1.0,5.0,0.0,2.0
KAMRUP,18-321,2025_01,282,0.0,81140.906,109386.827,1670039.918,10.062,3.324,9.48,61.86,5.825,3.0,LST_ASSAM_2025_01.tif,0.0,3.0,2.0,1.0,5.0,0.0,2.0
KAMRUP,18-321,2025_02,282,0.0,81140.906,109386.827,1670039.918,10.062,3.324,9.48,61.86,5.825,3.0,LST_ASSAM_2025_02.tif,0.0,2.0,2.0,1.0,5.0,0.0,2.0
KAMRUP,18-321,2025_03,282,0.0,81140.906,109386.827,1670039.918,10.062,3.324,9.48,61.86,5.825,3.0,LST_ASSAM_2025_03.tif,37.359,4.0,2.0,1.0,5.0,0.0,3.0
KAMRUP,18-321,2025_04,282,0.0,81140.906,109386.827,1670039.918,10.062,3.324,9.48,61.86,5.825,4.0,LST_ASSAM_2025_04.tif,0.807,3.0,2.0,1.0,5.0,0.0,3.0
KAMRUP,18-321,2025_05,282,0.0,81140.906,109386.827,1670039.918,10.062,3.324,9.48,61.86,5.825,2.0,LST_ASSAM_2025_05.tif,8.841,3.0,2.0,1.0,5.0,0.0,3.0
KAMRUP,18-321,2025_06,282,0.0,81140.906,109386.827,1670039.918,10.062,3.324,9.48,61.86,5.825,3.0,LST_ASSAM_2025_06.tif,52.476,4.0,2.0,1.0,5.0,0.0,4.0
KAMRUP,18-321,2025_07,282,0.0,81140.906,109386.827,1670039.918,10.062,3.324,9.48,61.86,5.825,4.0,LST_ASSAM_2025_07.tif,25.036,2.0,2.0,1.0,5.0,0.0,2.0
KAMRUP,18-321,2025_08,282,0.0,81140.906,109386.827,1670039.918,10.062,3.324,9.48,61.86,5.825,2.0,LST_ASSAM_2025_08.tif,8.151,3.0,2.0,1.0,5.0,0.0,3.0
KAMRUP,18-321,2025_09,282,0.0,81140.906,109386.827,1670039.918,10.062,3.324,9.48,61.86,5.825,3.0,LST_ASSAM_2025_09.tif,21.849,3.0,2.0,1.0,5.0,0.0,3.0
KAMRUP,18-321,2025_10,282,0.0,81140.906,109386.827,1670039.918,10.062,3.324,9.48,61.86,5.825,4.0,LST_ASSAM_2025_10.tif,52.049,3.0,2.0,1.0,5.0,0.0,3.0
KAMRUP,18-321,2025_11,282,0.0,81140.906,109386.827,1670039.918,10.062,3.324,9.48,61.86,5.825,3.0,LST_ASSAM_2025_11.tif,2.493,3.0,2.0,1.0,5.0,0.0,3.0
KAMRUP,18-321,2025_12,282,0.0,81140.906,109386.827,1670039.918,10.062,3.324,9.48,61.86,5.825,3.0,LST_ASSAM_2025_12.tif,0.0,3.0,2.0,1.0,5.0,0.0,2.0
KAMRUP,18-321,2026_01,282,0.0,83681.884,109787.32,1682892.316,10.062,3.324,9.48,61.86,5.825,2.0,LST_ASSAM_2026_01.tif,0.0,3.0,2.0,1.0,5.0,0.0,2.0
KAMRUP,18-321,2026_02,282,0.0,83681.884,109787.32,1682892.316,10.062,3.324,9.48,61.86,5.825,2.0,LST_ASSAM_2026_02.tif,3.829,2.0,2.0,1.0,5.0,0.0,2.0
KAMRUP,18-321,2026_03,282,0.0,83681.884,109787.32,1682892.316,10.062,3.324,9.48,61.86,5.825,2.0,LST_ASSAM_2026_03.tif,18.283,2.0,2.0,1.0,5.0,0.0,2.0
KAMRUP,18-321,2026_04,282,0.0,83681.884,109787.32,1682892.316,10.062,3.324,9.48,61.86,5.825,3.0,LST_ASSAM_2026_04.tif,0.0,3.0,2.0,1.0,5.0,0.0,1.0
KAMRUP,18-321,2026_05,282,0.0,83681.884,109787.32,1682892.316,10.062,3.324,9.48,61.86,5.825,3.0,LST_ASSAM_2026_05.tif,0.0,3.0,2.0,1.0,5.0,0.0,3.0
KAMRUP METRO,18-322,2021_04,52,0.0,50815.31,64455.151,1343546.986,12.074,11.46,11.61,40.36,0.0,1.0,LST_ASSAM_2021_04.tif,0.0,2.0,4.0,1.0,5.0,0.0,1.0
KAMRUP METRO,18-322,2021_05,52,0.0,50815.31,64455.151,1343546.986,12.074,11.46,11.61,40.36,0.0,3.0,LST_ASSAM_2021_05.tif,13.875,3.0,4.0,1.0,5.0,0.0,3.0
KAMRUP METRO,18-322,2021_06,52,17573704.0,50815.31,64455.151,1343546.986,12.074,11.46,11.61,40.36,0.0,5.0,LST_ASSAM_2021_06.tif,28.188,4.0,4.0,1.0,1.0,17573704.0,3.0
KAMRUP METRO,18-322,2021_07,52,222750000.0,50815.31,64455.151,1343546.986,12.074,11.46,11.61,40.36,0.0,3.0,LST_ASSAM_2021_07.tif,15.469,3.0,4.0,1.0,1.0,240323704.0,2.0
KAMRUP METRO,18-322,2021_08,52,0.0,50815.31,64455.151,1343546.986,12.074,11.46,11.61,40.36,0.0,4.0,LST_ASSAM_2021_08.tif,12.156,4.0,4.0,1.0,1.0,240323704.0,3.0
KAMRUP METRO,18-322,2021_09,52,0.0,50815.31,64455.151,1343546.986,12.074,11.46,11.61,40.36,0.0,3.0,LST_ASSAM_2021_09.tif,18.438,4.0,4.0,1.0,1.0,240323704.0,3.0
KAMRUP METRO,18-322,2021_10,52,0.0,50815.31,64455.151,1343546.986,12.074,11.46,11.61,40.36,0.0,2.0,LST_ASSAM_2021_10.tif,58.875,3.0,4.0,1.0,1.0,240323704.0,3.0
KAMRUP METRO,18-322,2021_11,52,0.0,50815.31,64455.151,1343546.986,12.074,11.46,11.61,40.36,0.0,3.0,LST_ASSAM_2021_11.tif,0.0,3.0,4.0,1.0,1.0,240323704.0,1.0
KAMRUP METRO,18-322,2021_12,52,0.0,50815.31,64455.151,1343546.986,12.074,11.46,11.61,40.36,0.0,3.0,LST_ASSAM_2021_12.tif,0.0,3.0,4.0,1.0,1.0,240323704.0,1.0
KAMRUP METRO,18-322,2022_01,52,0.0,52534.422,64584.59,1355212.584,12.074,11.46,11.61,40.36,0.0,2.0,LST_ASSAM_2022_01.tif,0.0,3.0,4.0,1.0,1.0,240323704.0,1.0
KAMRUP METRO,18-322,2022_02,52,0.0,52534.422,64584.59,1355212.584,12.074,11.46,11.61,40.36,0.0,3.0,LST_ASSAM_2022_02.tif,0.0,3.0,4.0,1.0,1.0,240323704.0,1.0
KAMRUP METRO,18-322,2022_03,52,0.0,52534.422,64584.59,1355212.584,12.074,11.46,11.61,40.36,0.0,3.0,LST_ASSAM_2022_03.tif,68.781,3.0,4.0,1.0,4.0,240323704.0,3.0
KAMRUP METRO,18-322,2022_04,52,0.0,52534.422,64584.59,1355212.584,12.074,11.46,11.61,40.36,0.0,3.0,LST_ASSAM_2022_04.tif,0.0,3.0,4.0,1.0,5.0,0.0,2.0
KAMRUP METRO,18-322,2022_05,52,0.0,52534.422,64584.59,1355212.584,12.074,11.46,11.61,40.36,0.0,3.0,LST_ASSAM_2022_05.tif,5.688,4.0,4.0,1.0,5.0,0.0,4.0
KAMRUP METRO,18-322,2022_06,52,0.0,52534.422,64584.59,1355212.584,12.074,11.46,11.61,40.36,0.0,4.0,LST_ASSAM_2022_06.tif,8.25,4.0,4.0,1.0,5.0,0.0,4.0
KAMRUP METRO,18-322,2022_07,52,0.0,52534.422,64584.59,1355212.584,12.074,11.46,11.61,40.36,0.0,2.0,LST_ASSAM_2022_07.tif,26.438,3.0,4.0,1.0,5.0,0.0,3.0
KAMRUP METRO,18-322,2022_08,52,8977252.5,52534.422,64584.59,1355212.584,12.074,11.46,11.61,40.36,0.0,1.0,LST_ASSAM_2022_08.tif,31.5,4.0,4.0,1.0,4.0,8977252.5,4.0
KAMRUP METRO,18-322,2022_09,52,3000000.0,52534.422,64584.59,1355212.584,12.074,11.46,11.61,40.36,0.0,3.0,LST_ASSAM_2022_09.tif,3.875,3.0,4.0,1.0,4.0,11977252.5,2.0
KAMRUP METRO,18-322,2022_10,52,67779773.44,52534.422,64584.59,1355212.584,12.074,11.46,11.61,40.36,0.0,3.0,LST_ASSAM_2022_10.tif,35.031,3.0,4.0,1.0,1.0,79757025.94,2.0
KAMRUP METRO,18-322,2022_11,52,149123450.0,52534.422,64584.59,1355212.584,12.074,11.46,11.61,40.36,0.0,3.0,LST_ASSAM_2022_11.tif,0.0,3.0,4.0,1.0,1.0,228880475.94,1.0
KAMRUP METRO,18-322,2022_12,52,0.0,52534.422,64584.59,1355212.584,12.074,11.46,11.61,40.36,0.0,3.0,LST_ASSAM_2022_12.tif,0.0,3.0,4.0,1.0,1.0,228880475.94,1.0
KAMRUP METRO,18-322,2023_01,52,0.0,54253.534,64714.029,1366878.182,12.074,11.46,11.61,40.36,0.0,3.0,LST_ASSAM_2023_01.tif,0.0,2.0,4.0,1.0,1.0,228880475.94,1.0
KAMRUP METRO,18-322,2023_02,52,3555466.0,54253.534,64714.029,1366878.182,12.074,11.46,11.61,40.36,0.0,3.0,LST_ASSAM_2023_02.tif,0.0,2.0,4.0,1.0,1.0,232435941.94,1.0
KAMRUP METRO,18-322,2023_03,52,0.0,54253.534,64714.029,1366878.182,12.074,11.46,11.61,40.36,0.0,2.0,LST_ASSAM_2023_03.tif,24.312,3.0,4.0,1.0,1.0,232435941.94,2.0
KAMRUP METRO,18-322,2023_04,52,31459210.0,54253.534,64714.029,1366878.182,12.074,11.46,11.61,40.36,0.0,2.0,LST_ASSAM_2023_04.tif,2.125,3.0,4.0,1.0,1.0,31459210.0,2.0
KAMRUP METRO,18-322,2023_05,52,4873414.0,54253.534,64714.029,1366878.182,12.074,11.46,11.61,40.36,0.0,4.0,LST_ASSAM_2023_05.tif,5.031,3.0,4.0,1.0,1.0,36332624.0,2.0
KAMRUP METRO,18-322,2023_06,52,177039900.55,54253.534,64714.029,1366878.182,12.074,11.46,11.61,40.36,0.0,5.0,LST_ASSAM_2023_06.tif,35.969,3.0,4.0,1.0,1.0,213372524.55,3.0
KAMRUP METRO,18-322,2023_07,52,0.0,54253.534,64714.029,1366878.182,12.074,11.46,11.61,40.36,0.0,3.0,LST_ASSAM_2023_07.tif,26.719,3.0,4.0,1.0,1.0,213372524.55,2.0
KAMRUP METRO,18-322,2023_08,52,149410894.0,54253.534,64714.029,1366878.182,12.074,11.46,11.61,40.36,0.0,4.0,LST_ASSAM_2023_08.tif,21.969,4.0,4.0,1.0,1.0,362783418.55,3.0
KAMRUP METRO,18-322,2023_09,52,10000000.0,54253.534,64714.029,1366878.182,12.074,11.46,11.61,40.36,0.0,5.0,LST_ASSAM_2023_09.tif,40.875,3.0,4.0,1.0,1.0,372783418.55,2.0
KAMRUP METRO,18-322,2023_10,52,2999800.0,54253.534,64714.029,1366878.182,12.074,11.46,11.61,40.36,0.0,4.0,LST_ASSAM_2023_10.tif,40.719,3.0,4.0,1.0,1.0,375783218.55,3.0
KAMRUP METRO,18-322,2023_11,52,394105940.0,54253.534,64714.029,1366878.182,12.074,11.46,11.61,40.36,0.0,3.0,LST_ASSAM_2023_11.tif,1.5,3.0,4.0,1.0,2.0,769889158.55,3.0
KAMRUP METRO,18-322,2023_12,52,0.0,54253.534,64714.029,1366878.182,12.074,11.46,11.61,40.36,0.0,3.0,LST_ASSAM_2023_12.tif,0.0,3.0,4.0,1.0,2.0,769889158.55,1.0
KAMRUP METRO,18-322,2024_01,52,0.0,55972.646,64843.468,1378543.78,12.074,11.46,11.61,40.36,0.0,3.0,LST_ASSAM_2024_01.tif,0.0,3.0,4.0,1.0,2.0,769889158.55,1.0
KAMRUP METRO,18-322,2024_02,52,8975855.7,55972.646,64843.468,1378543.78,12.074,11.46,11.61,40.36,0.0,3.0,LST_ASSAM_2024_02.tif,0.0,3.0,4.0,1.0,2.0,778865014.25,1.0
KAMRUP METRO,18-322,2024_03,52,202585550.5,55972.646,64843.468,1378543.78,12.074,11.46,11.61,40.36,0.0,3.0,LST_ASSAM_2024_03.tif,30.031,4.0,4.0,1.0,1.0,981450564.75,3.0
KAMRUP METRO,18-322,2024_04,52,0.0,55972.646,64843.468,1378543.78,12.074,11.46,11.61,40.36,0.0,3.0,LST_ASSAM_2024_04.tif,0.188,3.0,4.0,1.0,5.0,0.0,2.0
KAMRUP METRO,18-322,2024_05,52,660023.1,55972.646,64843.468,1378543.78,12.074,11.46,11.61,40.36,0.0,4.0,LST_ASSAM_2024_05.tif,31.844,3.0,4.0,1.0,5.0,660023.1,3.0
KAMRUP METRO,18-322,2024_06,52,0.0,55972.646,64843.468,1378543.78,12.074,11.46,11.61,40.36,0.0,3.0,LST_ASSAM_2024_06.tif,40.719,4.0,4.0,1.0,5.0,660023.1,4.0
KAMRUP METRO,18-322,2024_07,52,14000134.35,55972.646,64843.468,1378543.78,12.074,11.46,11.61,40.36,0.0,1.0,LST_ASSAM_2024_07.tif,43.531,4.0,4.0,1.0,3.0,14660157.45,3.0
KAMRUP METRO,18-322,2024_08,52,1.0,55972.646,64843.468,1378543.78,12.074,11.46,11.61,40.36,0.0,3.0,LST_ASSAM_2024_08.tif,19.906,3.0,4.0,1.0,4.0,14660158.45,3.0
KAMRUP METRO,18-322,2024_09,52,0.0,55972.646,64843.468,1378543.78,12.074,11.46,11.61,40.36,0.0,4.0,LST_ASSAM_2024_09.tif,41.844,3.0,4.0,1.0,4.0,14660158.45,3.0
KAMRUP METRO,18-322,2024_10,52,0.0,55972.646,64843.468,1378543.78,12.074,11.46,11.61,40.36,0.0,4.0,LST_ASSAM_2024_10.tif,29.5,3.0,4.0,1.0,4.0,14660158.45,3.0
KAMRUP METRO,18-322,2024_11,52,0.0,55972.646,64843.468,1378543.78,12.074,11.46,11.61,40.36,0.0,3.0,LST_ASSAM_2024_11.tif,3.531,3.0,4.0,1.0,4.0,14660158.45,3.0
KAMRUP METRO,18-322,2024_12,52,5509538.63,55972.646,64843.468,1378543.78,12.074,11.46,11.61,40.36,0.0,2.0,LST_ASSAM_2024_12.tif,0.0,3.0,4.0,1.0,4.0,20169697.08,2.0
KAMRUP METRO,18-322,2025_01,52,0.0,57691.758,64972.907,1390209.378,12.074,11.46,11.61,40.36,0.0,3.0,LST_ASSAM_2025_01.tif,0.0,3.0,4.0,1.0,4.0,20169697.08,2.0
KAMRUP METRO,18-322,2025_02,52,262812550.0,57691.758,64972.907,1390209.378,12.074,11.46,11.61,40.36,0.0,3.0,LST_ASSAM_2025_02.tif,0.0,2.0,4.0,1.0,1.0,282982247.08,1.0
KAMRUP METRO,18-322,2025_03,52,0.0,57691.758,64972.907,1390209.378,12.074,11.46,11.61,40.36,0.0,3.0,LST_ASSAM_2025_03.tif,41.188,4.0,4.0,1.0,1.0,282982247.08,3.0
KAMRUP METRO,18-322,2025_04,52,0.0,57691.758,64972.907,1390209.378,12.074,11.46,11.61,40.36,0.0,4.0,LST_ASSAM_2025_04.tif,0.0,2.0,4.0,1.0,5.0,0.0,2.0
KAMRUP METRO,18-322,2025_05,52,10138011.66,57691.758,64972.907,1390209.378,12.074,11.46,11.61,40.36,0.0,4.0,LST_ASSAM_2025_05.tif,8.938,3.0,4.0,1.0,2.0,10138011.66,2.0
KAMRUP METRO,18-322,2025_06,52,1.0,57691.758,64972.907,1390209.378,12.074,11.46,11.61,40.36,0.0,4.0,LST_ASSAM_2025_06.tif,52.656,4.0,4.0,1.0,3.0,10138012.66,4.0
KAMRUP METRO,18-322,2025_07,52,0.0,57691.758,64972.907,1390209.378,12.074,11.46,11.61,40.36,0.0,4.0,LST_ASSAM_2025_07.tif,25.406,3.0,4.0,1.0,4.0,10138012.66,3.0
KAMRUP METRO,18-322,2025_08,52,32285466.72,57691.758,64972.907,1390209.378,12.074,11.46,11.61,40.36,0.0,3.0,LST_ASSAM_2025_08.tif,6.188,2.0,4.0,1.0,1.0,42423479.38,2.0
KAMRUP METRO,18-322,2025_09,52,307960814.0,57691.758,64972.907,1390209.378,12.074,11.46,11.61,40.36,0.0,3.0,LST_ASSAM_2025_09.tif,24.406,4.0,4.0,1.0,1.0,350384293.38,3.0
KAMRUP METRO,18-322,2025_10,52,17708819.0,57691.758,64972.907,1390209.378,12.074,11.46,11.61,40.36,0.0,4.0,LST_ASSAM_2025_10.tif,52.844,3.0,4.0,1.0,1.0,368093112.38,3.0
KAMRUP METRO,18-322,2025_11,52,15834773.0,57691.758,64972.907,1390209.378,12.074,11.46,11.61,40.36,0.0,3.0,LST_ASSAM_2025_11.tif,3.031,3.0,4.0,1.0,1.0,383927885.38,2.0
KAMRUP METRO,18-322,2025_12,52,87588438.0,57691.758,64972.907,1390209.378,12.074,11.46,11.61,40.36,0.0,3.0,LST_ASSAM_2025_12.tif,0.0,3.0,4.0,1.0,1.0,471516323.38,1.0
KAMRUP METRO,18-322,2026_01,52,0.0,59410.87,65102.346,1401874.976,12.074,11.46,11.61,40.36,0.0,2.0,LST_ASSAM_2026_01.tif,0.0,3.0,4.0,1.0,2.0,471516323.38,1.0
KAMRUP METRO,18-322,2026_02,52,20119468.55,59410.87,65102.346,1401874.976,12.074,11.46,11.61,40.36,0.0,2.0,LST_ASSAM_2026_02.tif,4.0,2.0,4.0,1.0,3.0,491635791.93,2.0
KAMRUP METRO,18-322,2026_03,52,1600000.0,59410.87,65102.346,1401874.976,12.074,11.46,11.61,40.36,0.0,1.0,LST_ASSAM_2026_03.tif,19.5,2.0,4.0,1.0,3.0,493235791.93,2.0
KAMRUP METRO,18-322,2026_04,52,0.0,59410.87,65102.346,1401874.976,12.074,11.46,11.61,40.36,0.0,3.0,LST_ASSAM_2026_04.tif,0.0,3.0,4.0,1.0,5.0,0.0,2.0
KAMRUP METRO,18-322,2026_05,52,36780997.0,59410.87,65102.346,1401874.976,12.074,11.46,11.61,40.36,0.0,3.0,LST_ASSAM_2026_05.tif,0.0,3.0,4.0,1.0,1.0,36780997.0,1.0
KARBI ANGLONG,18-314,2021_04,30,0.0,33994.082,83026.506,695436.745,7.161,1.955,23.466,79.48,5.27,3.0,LST_ASSAM_2021_04.tif,0.015,3.0,3.0,5.0,5.0,0.0,3.0
KARBI ANGLONG,18-314,2021_05,30,0.0,33994.082,83026.506,695436.745,7.161,1.955,23.466,79.48,5.27,3.0,LST_ASSAM_2021_05.tif,18.878,5.0,3.0,5.0,5.0,0.0,5.0
KARBI ANGLONG,18-314,2021_06,30,0.0,33994.082,83026.506,695436.745,7.161,1.955,23.466,79.48,5.27,3.0,LST_ASSAM_2021_06.tif,25.501,3.0,3.0,5.0,5.0,0.0,4.0
KARBI ANGLONG,18-314,2021_07,30,0.0,33994.082,83026.506,695436.745,7.161,1.955,23.466,79.48,5.27,4.0,LST_ASSAM_2021_07.tif,18.394,4.0,3.0,5.0,5.0,0.0,4.0
KARBI ANGLONG,18-314,2021_08,30,0.0,33994.082,83026.506,695436.745,7.161,1.955,23.466,79.48,5.27,4.0,LST_ASSAM_2021_08.tif,9.155,3.0,3.0,5.0,5.0,0.0,4.0
KARBI ANGLONG,18-314,2021_09,30,0.0,33994.082,83026.506,695436.745,7.161,1.955,23.466,79.48,5.27,2.0,LST_ASSAM_2021_09.tif,19.721,4.0,3.0,5.0,5.0,0.0,4.0
KARBI ANGLONG,18-314,2021_10,30,0.0,33994.082,83026.506,695436.745,7.161,1.955,23.466,79.48,5.27,2.0,LST_ASSAM_2021_10.tif,62.012,4.0,3.0,5.0,5.0,0.0,5.0
KARBI ANGLONG,18-314,2021_11,30,0.0,33994.082,83026.506,695436.745,7.161,1.955,23.466,79.48,5.27,2.0,LST_ASSAM_2021_11.tif,0.0,3.0,3.0,5.0,5.0,0.0,3.0
KARBI ANGLONG,18-314,2021_12,30,0.0,33994.082,83026.506,695436.745,7.161,1.955,23.466,79.48,5.27,2.0,LST_ASSAM_2021_12.tif,0.0,3.0,3.0,5.0,5.0,0.0,3.0
KARBI ANGLONG,18-314,2022_01,30,0.0,35381.15,83796.234,701882.644,7.161,1.955,23.466,79.48,5.27,1.0,LST_ASSAM_2022_01.tif,1.39,4.0,3.0,5.0,5.0,0.0,4.0
KARBI ANGLONG,18-314,2022_02,30,0.0,35381.15,83796.234,701882.644,7.161,1.955,23.466,79.48,5.27,2.0,LST_ASSAM_2022_02.tif,1.29,3.0,3.0,5.0,5.0,0.0,3.0
KARBI ANGLONG,18-314,2022_03,30,0.0,35381.15,83796.234,701882.644,7.161,1.955,23.466,79.48,5.27,2.0,LST_ASSAM_2022_03.tif,71.408,4.0,3.0,5.0,5.0,0.0,5.0
KARBI ANGLONG,18-314,2022_04,30,0.0,35381.15,83796.234,701882.644,7.161,1.955,23.466,79.48,5.27,2.0,LST_ASSAM_2022_04.tif,0.0,3.0,3.0,5.0,5.0,0.0,3.0
KARBI ANGLONG,18-314,2022_05,30,0.0,35381.15,83796.234,701882.644,7.161,1.955,23.466,79.48,5.27,3.0,LST_ASSAM_2022_05.tif,2.381,3.0,3.0,5.0,5.0,0.0,4.0
KARBI ANGLONG,18-314,2022_06,30,0.0,35381.15,83796.234,701882.644,7.161,1.955,23.466,79.48,5.27,5.0,LST_ASSAM_2022_06.tif,4.387,2.0,3.0,5.0,5.0,0.0,3.0
KARBI ANGLONG,18-314,2022_07,30,0.0,35381.15,83796.234,701882.644,7.161,1.955,23.466,79.48,5.27,3.0,LST_ASSAM_2022_07.tif,30.365,4.0,3.0,5.0,5.0,0.0,4.0
KARBI ANGLONG,18-314,2022_08,30,0.0,35381.15,83796.234,701882.644,7.161,1.955,23.466,79.48,5.27,2.0,LST_ASSAM_2022_08.tif,30.757,4.0,3.0,5.0,5.0,0.0,5.0
KARBI ANGLONG,18-314,2022_09,30,0.0,35381.15,83796.234,701882.644,7.161,1.955,23.466,79.48,5.27,3.0,LST_ASSAM_2022_09.tif,3.476,3.0,3.0,5.0,5.0,0.0,3.0
KARBI ANGLONG,18-314,2022_10,30,0.0,35381.15,83796.234,701882.644,7.161,1.955,23.466,79.48,5.27,1.0,LST_ASSAM_2022_10.tif,43.306,4.0,3.0,5.0,5.0,0.0,4.0
KARBI ANGLONG,18-314,2022_11,30,0.0,35381.15,83796.234,701882.644,7.161,1.955,23.466,79.48,5.27,2.0,LST_ASSAM_2022_11.tif,0.0,3.0,3.0,5.0,5.0,0.0,3.0
KARBI ANGLONG,18-314,2022_12,30,0.0,35381.15,83796.234,701882.644,7.161,1.955,23.466,79.48,5.27,2.0,LST_ASSAM_2022_12.tif,0.014,3.0,3.0,5.0,5.0,0.0,3.0
KARBI ANGLONG,18-314,2023_01,30,0.0,36768.218,84565.962,708328.542,7.161,1.955,23.466,79.48,5.27,2.0,LST_ASSAM_2023_01.tif,1.002,4.0,3.0,5.0,5.0,0.0,4.0
KARBI ANGLONG,18-314,2023_02,30,0.0,36768.218,84565.962,708328.542,7.161,1.955,23.466,79.48,5.27,2.0,LST_ASSAM_2023_02.tif,1.976,3.0,3.0,5.0,5.0,0.0,3.0
KARBI ANGLONG,18-314,2023_03,30,0.0,36768.218,84565.962,708328.542,7.161,1.955,23.466,79.48,5.27,2.0,LST_ASSAM_2023_03.tif,24.296,3.0,3.0,5.0,5.0,0.0,4.0
KARBI ANGLONG,18-314,2023_04,30,0.0,36768.218,84565.962,708328.542,7.161,1.955,23.466,79.48,5.27,2.0,LST_ASSAM_2023_04.tif,1.262,2.0,3.0,5.0,5.0,0.0,3.0
KARBI ANGLONG,18-314,2023_05,30,0.0,36768.218,84565.962,708328.542,7.161,1.955,23.466,79.48,5.27,2.0,LST_ASSAM_2023_05.tif,5.209,3.0,3.0,5.0,5.0,0.0,4.0
KARBI ANGLONG,18-314,2023_06,30,0.0,36768.218,84565.962,708328.542,7.161,1.955,23.466,79.48,5.27,2.0,LST_ASSAM_2023_06.tif,38.718,3.0,3.0,5.0,5.0,0.0,4.0
KARBI ANGLONG,18-314,2023_07,30,0.0,36768.218,84565.962,708328.542,7.161,1.955,23.466,79.48,5.27,4.0,LST_ASSAM_2023_07.tif,24.543,3.0,3.0,5.0,5.0,0.0,4.0
KARBI ANGLONG,18-314,2023_08,30,0.0,36768.218,84565.962,708328.542,7.161,1.955,23.466,79.48,5.27,4.0,LST_ASSAM_2023_08.tif,22.061,4.0,3.0,5.0,5.0,0.0,4.0
KARBI ANGLONG,18-314,2023_09,30,0.0,36768.218,84565.962,708328.542,7.161,1.955,23.466,79.48,5.27,2.0,LST_ASSAM_2023_09.tif,42.144,4.0,3.0,5.0,5.0,0.0,4.0
KARBI ANGLONG,18-314,2023_10,30,0.0,36768.218,84565.962,708328.542,7.161,1.955,23.466,79.48,5.27,1.0,LST_ASSAM_2023_10.tif,41.581,4.0,3.0,5.0,5.0,0.0,5.0
KARBI ANGLONG,18-314,2023_11,30,0.0,36768.218,84565.962,708328.542,7.161,1.955,23.466,79.48,5.27,1.0,LST_ASSAM_2023_11.tif,1.549,4.0,3.0,5.0,5.0,0.0,4.0
KARBI ANGLONG,18-314,2023_12,30,0.0,36768.218,84565.962,708328.542,7.161,1.955,23.466,79.48,5.27,2.0,LST_ASSAM_2023_12.tif,0.0,3.0,3.0,5.0,5.0,0.0,3.0
KARBI ANGLONG,18-314,2024_01,30,0.0,38155.286,85335.69,714774.441,7.161,1.955,23.466,79.48,5.27,2.0,LST_ASSAM_2024_01.tif,0.356,3.0,3.0,5.0,5.0,0.0,3.0
KARBI ANGLONG,18-314,2024_02,30,0.0,38155.286,85335.69,714774.441,7.161,1.955,23.466,79.48,5.27,1.0,LST_ASSAM_2024_02.tif,0.14,3.0,3.0,5.0,5.0,0.0,3.0
KARBI ANGLONG,18-314,2024_03,30,0.0,38155.286,85335.69,714774.441,7.161,1.955,23.466,79.48,5.27,2.0,LST_ASSAM_2024_03.tif,26.557,3.0,3.0,5.0,5.0,0.0,4.0
KARBI ANGLONG,18-314,2024_04,30,0.0,38155.286,85335.69,714774.441,7.161,1.955,23.466,79.48,5.27,3.0,LST_ASSAM_2024_04.tif,0.812,3.0,3.0,5.0,5.0,0.0,3.0
KARBI ANGLONG,18-314,2024_05,30,0.0,38155.286,85335.69,714774.441,7.161,1.955,23.466,79.48,5.27,2.0,LST_ASSAM_2024_05.tif,34.683,4.0,3.0,5.0,5.0,0.0,4.0
KARBI ANGLONG,18-314,2024_06,30,0.0,38155.286,85335.69,714774.441,7.161,1.955,23.466,79.48,5.27,4.0,LST_ASSAM_2024_06.tif,42.061,4.0,3.0,5.0,5.0,0.0,4.0
KARBI ANGLONG,18-314,2024_07,30,0.0,38155.286,85335.69,714774.441,7.161,1.955,23.466,79.48,5.27,3.0,LST_ASSAM_2024_07.tif,37.66,3.0,3.0,5.0,5.0,0.0,4.0
KARBI ANGLONG,18-314,2024_08,30,0.0,38155.286,85335.69,714774.441,7.161,1.955,23.466,79.48,5.27,1.0,LST_ASSAM_2024_08.tif,21.309,3.0,3.0,5.0,5.0,0.0,4.0
KARBI ANGLONG,18-314,2024_09,30,0.0,38155.286,85335.69,714774.441,7.161,1.955,23.466,79.48,5.27,2.0,LST_ASSAM_2024_09.tif,46.692,4.0,3.0,5.0,5.0,0.0,5.0
KARBI ANGLONG,18-314,2024_10,30,0.0,38155.286,85335.69,714774.441,7.161,1.955,23.466,79.48,5.27,1.0,LST_ASSAM_2024_10.tif,30.749,3.0,3.0,5.0,5.0,0.0,4.0
KARBI ANGLONG,18-314,2024_11,30,0.0,38155.286,85335.69,714774.441,7.161,1.955,23.466,79.48,5.27,1.0,LST_ASSAM_2024_11.tif,2.983,2.0,3.0,5.0,5.0,0.0,3.0
KARBI ANGLONG,18-314,2024_12,30,0.0,38155.286,85335.69,714774.441,7.161,1.955,23.466,79.48,5.27,1.0,LST_ASSAM_2024_12.tif,0.0,3.0,3.0,5.0,5.0,0.0,3.0
KARBI ANGLONG,18-314,2025_01,30,0.0,39542.354,86105.418,721220.339,7.161,1.955,23.466,79.48,5.27,2.0,LST_ASSAM_2025_01.tif,0.0,3.0,3.0,5.0,5.0,0.0,3.0
KARBI ANGLONG,18-314,2025_02,30,0.0,39542.354,86105.418,721220.339,7.161,1.955,23.466,79.48,5.27,2.0,LST_ASSAM_2025_02.tif,0.106,3.0,3.0,5.0,5.0,0.0,3.0
KARBI ANGLONG,18-314,2025_03,30,0.0,39542.354,86105.418,721220.339,7.161,1.955,23.466,79.48,5.27,2.0,LST_ASSAM_2025_03.tif,35.452,4.0,3.0,5.0,5.0,0.0,4.0
KARBI ANGLONG,18-314,2025_04,30,0.0,39542.354,86105.418,721220.339,7.161,1.955,23.466,79.48,5.27,4.0,LST_ASSAM_2025_04.tif,0.165,3.0,3.0,5.0,5.0,0.0,3.0
KARBI ANGLONG,18-314,2025_05,30,0.0,39542.354,86105.418,721220.339,7.161,1.955,23.466,79.48,5.27,3.0,LST_ASSAM_2025_05.tif,5.185,2.0,3.0,5.0,5.0,0.0,3.0
KARBI ANGLONG,18-314,2025_06,30,0.0,39542.354,86105.418,721220.339,7.161,1.955,23.466,79.48,5.27,3.0,LST_ASSAM_2025_06.tif,49.635,3.0,3.0,5.0,5.0,0.0,4.0
KARBI ANGLONG,18-314,2025_07,30,0.0,39542.354,86105.418,721220.339,7.161,1.955,23.466,79.48,5.27,2.0,LST_ASSAM_2025_07.tif,32.114,4.0,3.0,5.0,5.0,0.0,4.0
KARBI ANGLONG,18-314,2025_08,30,0.0,39542.354,86105.418,721220.339,7.161,1.955,23.466,79.48,5.27,2.0,LST_ASSAM_2025_08.tif,9.31,4.0,3.0,5.0,5.0,0.0,4.0
KARBI ANGLONG,18-314,2025_09,30,0.0,39542.354,86105.418,721220.339,7.161,1.955,23.466,79.48,5.27,1.0,LST_ASSAM_2025_09.tif,24.107,4.0,3.0,5.0,5.0,0.0,4.0
KARBI ANGLONG,18-314,2025_10,30,0.0,39542.354,86105.418,721220.339,7.161,1.955,23.466,79.48,5.27,1.0,LST_ASSAM_2025_10.tif,53.818,3.0,3.0,5.0,5.0,0.0,4.0
KARBI ANGLONG,18-314,2025_11,30,0.0,39542.354,86105.418,721220.339,7.161,1.955,23.466,79.48,5.27,2.0,LST_ASSAM_2025_11.tif,1.448,2.0,3.0,5.0,5.0,0.0,3.0
KARBI ANGLONG,18-314,2025_12,30,0.0,39542.354,86105.418,721220.339,7.161,1.955,23.466,79.48,5.27,2.0,LST_ASSAM_2025_12.tif,0.0,3.0,3.0,5.0,5.0,0.0,3.0
KARBI ANGLONG,18-314,2026_01,30,0.0,40929.422,86875.146,727666.237,7.161,1.955,23.466,79.48,5.27,1.0,LST_ASSAM_2026_01.tif,0.014,3.0,3.0,5.0,5.0,0.0,3.0
KARBI ANGLONG,18-314,2026_02,30,0.0,40929.422,86875.146,727666.237,7.161,1.955,23.466,79.48,5.27,2.0,LST_ASSAM_2026_02.tif,8.062,3.0,3.0,5.0,5.0,0.0,3.0
KARBI ANGLONG,18-314,2026_03,30,0.0,40929.422,86875.146,727666.237,7.161,1.955,23.466,79.48,5.27,2.0,LST_ASSAM_2026_03.tif,25.498,3.0,3.0,5.0,5.0,0.0,4.0
KARBI ANGLONG,18-314,2026_04,30,0.0,40929.422,86875.146,727666.237,7.161,1.955,23.466,79.48,5.27,1.0,LST_ASSAM_2026_04.tif,0.0,3.0,3.0,5.0,5.0,0.0,4.0
KARBI ANGLONG,18-314,2026_05,30,0.0,40929.422,86875.146,727666.237,7.161,1.955,23.466,79.48,5.27,2.0,LST_ASSAM_2026_05.tif,0.0,3.0,3.0,5.0,5.0,0.0,5.0
KARIMGANJ,18-317,2021_04,96,0.0,80707.374,163480.156,1373999.737,9.77,5.567,14.247,76.88,3.51,2.0,LST_ASSAM_2021_04.tif,1.08,4.0,4.0,5.0,5.0,0.0,4.0
KARIMGANJ,18-317,2021_05,96,0.0,80707.374,163480.156,1373999.737,9.77,5.567,14.247,76.88,3.51,3.0,LST_ASSAM_2021_05.tif,19.18,5.0,4.0,5.0,5.0,0.0,5.0
KARIMGANJ,18-317,2021_06,96,0.0,80707.374,163480.156,1373999.737,9.77,5.567,14.247,76.88,3.51,3.0,LST_ASSAM_2021_06.tif,13.333,1.0,4.0,5.0,5.0,0.0,3.0
KARIMGANJ,18-317,2021_07,96,0.0,80707.374,163480.156,1373999.737,9.77,5.567,14.247,76.88,3.51,3.0,LST_ASSAM_2021_07.tif,15.347,3.0,4.0,5.0,5.0,0.0,4.0
KARIMGANJ,18-317,2021_08,96,0.0,80707.374,163480.156,1373999.737,9.77,5.567,14.247,76.88,3.51,5.0,LST_ASSAM_2021_08.tif,7.08,2.0,4.0,5.0,5.0,0.0,3.0
KARIMGANJ,18-317,2021_09,96,0.0,80707.374,163480.156,1373999.737,9.77,5.567,14.247,76.88,3.51,5.0,LST_ASSAM_2021_09.tif,26.873,5.0,4.0,5.0,5.0,0.0,5.0
KARIMGANJ,18-317,2021_10,96,0.0,80707.374,163480.156,1373999.737,9.77,5.567,14.247,76.88,3.51,4.0,LST_ASSAM_2021_10.tif,52.86,3.0,4.0,5.0,5.0,0.0,4.0
KARIMGANJ,18-317,2021_11,96,0.0,80707.374,163480.156,1373999.737,9.77,5.567,14.247,76.88,3.51,4.0,LST_ASSAM_2021_11.tif,0.0,3.0,4.0,5.0,5.0,0.0,3.0
KARIMGANJ,18-317,2021_12,96,0.0,80707.374,163480.156,1373999.737,9.77,5.567,14.247,76.88,3.51,3.0,LST_ASSAM_2021_12.tif,0.0,3.0,4.0,5.0,5.0,0.0,3.0
KARIMGANJ,18-317,2022_01,96,0.0,84066.64,165255.05,1392873.022,9.77,5.567,14.247,76.88,3.51,5.0,LST_ASSAM_2022_01.tif,0.0,3.0,4.0,5.0,5.0,0.0,3.0
KARIMGANJ,18-317,2022_02,96,23645162.62,84066.64,165255.05,1392873.022,9.77,5.567,14.247,76.88,3.51,5.0,LST_ASSAM_2022_02.tif,0.0,3.0,4.0,5.0,4.0,23645162.62,2.0
KARIMGANJ,18-317,2022_03,96,0.0,84066.64,165255.05,1392873.022,9.77,5.567,14.247,76.88,3.51,4.0,LST_ASSAM_2022_03.tif,59.22,2.0,4.0,5.0,5.0,23645162.62,3.0
KARIMGANJ,18-317,2022_04,96,0.0,84066.64,165255.05,1392873.022,9.77,5.567,14.247,76.88,3.51,3.0,LST_ASSAM_2022_04.tif,2.767,5.0,4.0,5.0,5.0,0.0,5.0
KARIMGANJ,18-317,2022_05,96,0.0,84066.64,165255.05,1392873.022,9.77,5.567,14.247,76.88,3.51,1.0,LST_ASSAM_2022_05.tif,0.713,2.0,4.0,5.0,5.0,0.0,3.0
KARIMGANJ,18-317,2022_06,96,0.0,84066.64,165255.05,1392873.022,9.77,5.567,14.247,76.88,3.51,5.0,LST_ASSAM_2022_06.tif,1.053,1.0,4.0,5.0,5.0,0.0,3.0
KARIMGANJ,18-317,2022_07,96,4184701.2,84066.64,165255.05,1392873.022,9.77,5.567,14.247,76.88,3.51,4.0,LST_ASSAM_2022_07.tif,28.693,4.0,4.0,5.0,4.0,4184701.2,4.0
KARIMGANJ,18-317,2022_08,96,0.0,84066.64,165255.05,1392873.022,9.77,5.567,14.247,76.88,3.51,1.0,LST_ASSAM_2022_08.tif,23.24,2.0,4.0,5.0,5.0,4184701.2,3.0
KARIMGANJ,18-317,2022_09,96,0.0,84066.64,165255.05,1392873.022,9.77,5.567,14.247,76.88,3.51,5.0,LST_ASSAM_2022_09.tif,14.807,5.0,4.0,5.0,5.0,4184701.2,5.0
KARIMGANJ,18-317,2022_10,96,0.0,84066.64,165255.05,1392873.022,9.77,5.567,14.247,76.88,3.51,5.0,LST_ASSAM_2022_10.tif,43.827,4.0,4.0,5.0,5.0,4184701.2,4.0
KARIMGANJ,18-317,2022_11,96,0.0,84066.64,165255.05,1392873.022,9.77,5.567,14.247,76.88,3.51,5.0,LST_ASSAM_2022_11.tif,0.433,5.0,4.0,5.0,5.0,4184701.2,5.0
KARIMGANJ,18-317,2022_12,96,0.0,84066.64,165255.05,1392873.022,9.77,5.567,14.247,76.88,3.51,4.0,LST_ASSAM_2022_12.tif,0.0,3.0,4.0,5.0,5.0,4184701.2,3.0
KARIMGANJ,18-317,2023_01,96,0.0,87425.906,167029.944,1411746.306,9.77,5.567,14.247,76.88,3.51,5.0,LST_ASSAM_2023_01.tif,0.0,2.0,4.0,5.0,5.0,4184701.2,3.0
KARIMGANJ,18-317,2023_02,96,1869281.02,87425.906,167029.944,1411746.306,9.77,5.567,14.247,76.88,3.51,5.0,LST_ASSAM_2023_02.tif,0.593,2.0,4.0,5.0,5.0,6053982.22,3.0
KARIMGANJ,18-317,2023_03,96,0.0,87425.906,167029.944,1411746.306,9.77,5.567,14.247,76.88,3.51,5.0,LST_ASSAM_2023_03.tif,39.587,5.0,4.0,5.0,5.0,6053982.22,5.0
KARIMGANJ,18-317,2023_04,96,8899005.61,87425.906,167029.944,1411746.306,9.77,5.567,14.247,76.88,3.51,4.0,LST_ASSAM_2023_04.tif,9.027,5.0,4.0,5.0,3.0,8899005.61,5.0
KARIMGANJ,18-317,2023_05,96,853731.67,87425.906,167029.944,1411746.306,9.77,5.567,14.247,76.88,3.51,3.0,LST_ASSAM_2023_05.tif,8.333,5.0,4.0,5.0,3.0,9752737.28,5.0
KARIMGANJ,18-317,2023_06,96,923152.13,87425.906,167029.944,1411746.306,9.77,5.567,14.247,76.88,3.51,2.0,LST_ASSAM_2023_06.tif,42.227,4.0,4.0,5.0,4.0,10675889.41,5.0
KARIMGANJ,18-317,2023_07,96,0.0,87425.906,167029.944,1411746.306,9.77,5.567,14.247,76.88,3.51,4.0,LST_ASSAM_2023_07.tif,34.447,4.0,4.0,5.0,4.0,10675889.41,4.0
KARIMGANJ,18-317,2023_08,96,0.0,87425.906,167029.944,1411746.306,9.77,5.567,14.247,76.88,3.51,5.0,LST_ASSAM_2023_08.tif,18.427,3.0,4.0,5.0,5.0,10675889.41,4.0
KARIMGANJ,18-317,2023_09,96,0.0,87425.906,167029.944,1411746.306,9.77,5.567,14.247,76.88,3.51,4.0,LST_ASSAM_2023_09.tif,40.887,3.0,4.0,5.0,5.0,10675889.41,4.0
KARIMGANJ,18-317,2023_10,96,0.0,87425.906,167029.944,1411746.306,9.77,5.567,14.247,76.88,3.51,5.0,LST_ASSAM_2023_10.tif,38.98,3.0,4.0,5.0,5.0,10675889.41,4.0
KARIMGANJ,18-317,2023_11,96,943132885.0,87425.906,167029.944,1411746.306,9.77,5.567,14.247,76.88,3.51,4.0,LST_ASSAM_2023_11.tif,1.5,3.0,4.0,5.0,1.0,953808774.41,3.0
KARIMGANJ,18-317,2023_12,96,0.0,87425.906,167029.944,1411746.306,9.77,5.567,14.247,76.88,3.51,3.0,LST_ASSAM_2023_12.tif,0.0,3.0,4.0,5.0,1.0,953808774.41,2.0
KARIMGANJ,18-317,2024_01,96,0.0,90785.172,168804.838,1430619.591,9.77,5.567,14.247,76.88,3.51,3.0,LST_ASSAM_2024_01.tif,0.0,3.0,4.0,5.0,1.0,953808774.41,2.0
KARIMGANJ,18-317,2024_02,96,0.0,90785.172,168804.838,1430619.591,9.77,5.567,14.247,76.88,3.51,3.0,LST_ASSAM_2024_02.tif,0.0,3.0,4.0,5.0,1.0,953808774.41,2.0
KARIMGANJ,18-317,2024_03,96,0.0,90785.172,168804.838,1430619.591,9.77,5.567,14.247,76.88,3.51,3.0,LST_ASSAM_2024_03.tif,25.513,3.0,4.0,5.0,2.0,953808774.41,3.0
KARIMGANJ,18-317,2024_04,96,0.0,90785.172,168804.838,1430619.591,9.77,5.567,14.247,76.88,3.51,3.0,LST_ASSAM_2024_04.tif,24.573,5.0,4.0,5.0,5.0,0.0,5.0
KARIMGANJ,18-317,2024_05,96,0.0,90785.172,168804.838,1430619.591,9.77,5.567,14.247,76.88,3.51,1.0,LST_ASSAM_2024_05.tif,49.58,5.0,4.0,5.0,5.0,0.0,5.0
KARIMGANJ,18-317,2024_06,96,0.0,90785.172,168804.838,1430619.591,9.77,5.567,14.247,76.88,3.51,4.0,LST_ASSAM_2024_06.tif,38.18,3.0,4.0,5.0,5.0,0.0,4.0
KARIMGANJ,18-317,2024_07,96,0.0,90785.172,168804.838,1430619.591,9.77,5.567,14.247,76.88,3.51,0.0,LST_ASSAM_2024_07.tif,35.453,3.0,4.0,5.0,5.0,0.0,4.0
KARIMGANJ,18-317,2024_08,96,0.0,90785.172,168804.838,1430619.591,9.77,5.567,14.247,76.88,3.51,2.0,LST_ASSAM_2024_08.tif,8.273,1.0,4.0,5.0,5.0,0.0,3.0
KARIMGANJ,18-317,2024_09,96,0.0,90785.172,168804.838,1430619.591,9.77,5.567,14.247,76.88,3.51,3.0,LST_ASSAM_2024_09.tif,40.96,3.0,4.0,5.0,5.0,0.0,4.0
KARIMGANJ,18-317,2024_10,96,0.0,90785.172,168804.838,1430619.591,9.77,5.567,14.247,76.88,3.51,5.0,LST_ASSAM_2024_10.tif,39.133,5.0,4.0,5.0,5.0,0.0,5.0
KARIMGANJ,18-317,2024_11,96,0.0,90785.172,168804.838,1430619.591,9.77,5.567,14.247,76.88,3.51,5.0,LST_ASSAM_2024_11.tif,4.647,4.0,4.0,5.0,5.0,0.0,4.0
KARIMGANJ,18-317,2024_12,96,0.0,90785.172,168804.838,1430619.591,9.77,5.567,14.247,76.88,3.51,5.0,LST_ASSAM_2024_12.tif,0.0,3.0,4.0,5.0,5.0,0.0,3.0
KARIMGANJ,18-317,2025_01,96,0.0,94144.438,170579.732,1449492.875,9.77,5.567,14.247,76.88,3.51,5.0,LST_ASSAM_2025_01.tif,0.0,3.0,4.0,5.0,5.0,0.0,3.0
KARIMGANJ,18-317,2025_02,96,0.0,94144.438,170579.732,1449492.875,9.77,5.567,14.247,76.88,3.51,5.0,LST_ASSAM_2025_02.tif,0.0,2.0,4.0,5.0,5.0,0.0,3.0
KARIMGANJ,18-317,2025_03,96,0.0,94144.438,170579.732,1449492.875,9.77,5.567,14.247,76.88,3.51,4.0,LST_ASSAM_2025_03.tif,41.087,4.0,4.0,5.0,5.0,0.0,4.0
KARIMGANJ,18-317,2025_04,96,0.0,94144.438,170579.732,1449492.875,9.77,5.567,14.247,76.88,3.51,3.0,LST_ASSAM_2025_04.tif,0.1,3.0,4.0,5.0,5.0,0.0,3.0
KARIMGANJ,18-317,2025_05,96,0.0,94144.438,170579.732,1449492.875,9.77,5.567,14.247,76.88,3.51,3.0,LST_ASSAM_2025_05.tif,17.34,5.0,4.0,5.0,5.0,0.0,5.0
KARIMGANJ,18-317,2025_06,96,0.0,94144.438,170579.732,1449492.875,9.77,5.567,14.247,76.88,3.51,3.0,LST_ASSAM_2025_06.tif,32.86,1.0,4.0,5.0,5.0,0.0,3.0
KARIMGANJ,18-317,2025_07,96,0.0,94144.438,170579.732,1449492.875,9.77,5.567,14.247,76.88,3.51,2.0,LST_ASSAM_2025_07.tif,24.553,2.0,4.0,5.0,5.0,0.0,3.0
KARIMGANJ,18-317,2025_08,96,0.0,94144.438,170579.732,1449492.875,9.77,5.567,14.247,76.88,3.51,5.0,LST_ASSAM_2025_08.tif,9.653,4.0,4.0,5.0,5.0,0.0,4.0
KARIMGANJ,18-317,2025_09,96,0.0,94144.438,170579.732,1449492.875,9.77,5.567,14.247,76.88,3.51,3.0,LST_ASSAM_2025_09.tif,29.553,5.0,4.0,5.0,5.0,0.0,5.0
KARIMGANJ,18-317,2025_10,96,0.0,94144.438,170579.732,1449492.875,9.77,5.567,14.247,76.88,3.51,4.0,LST_ASSAM_2025_10.tif,58.867,4.0,4.0,5.0,5.0,0.0,5.0
KARIMGANJ,18-317,2025_11,96,0.0,94144.438,170579.732,1449492.875,9.77,5.567,14.247,76.88,3.51,5.0,LST_ASSAM_2025_11.tif,5.067,5.0,4.0,5.0,5.0,0.0,5.0
KARIMGANJ,18-317,2025_12,96,0.0,94144.438,170579.732,1449492.875,9.77,5.567,14.247,76.88,3.51,5.0,LST_ASSAM_2025_12.tif,0.0,3.0,4.0,5.0,5.0,0.0,3.0
KARIMGANJ,18-317,2026_01,96,0.0,97503.704,172354.626,1468366.159,9.77,5.567,14.247,76.88,3.51,5.0,LST_ASSAM_2026_01.tif,0.0,3.0,4.0,5.0,5.0,0.0,3.0
KARIMGANJ,18-317,2026_02,96,0.0,97503.704,172354.626,1468366.159,9.77,5.567,14.247,76.88,3.51,4.0,LST_ASSAM_2026_02.tif,2.7,2.0,4.0,5.0,5.0,0.0,3.0
KARIMGANJ,18-317,2026_03,96,0.0,97503.704,172354.626,1468366.159,9.77,5.567,14.247,76.88,3.51,4.0,LST_ASSAM_2026_03.tif,27.133,3.0,4.0,5.0,5.0,0.0,4.0
KARIMGANJ,18-317,2026_04,96,0.0,97503.704,172354.626,1468366.159,9.77,5.567,14.247,76.88,3.51,2.0,LST_ASSAM_2026_04.tif,0.0,3.0,4.0,5.0,5.0,0.0,5.0
KARIMGANJ,18-317,2026_05,96,0.0,97503.704,172354.626,1468366.159,9.77,5.567,14.247,76.88,3.51,4.0,LST_ASSAM_2026_05.tif,0.0,3.0,4.0,5.0,5.0,0.0,5.0
KOKRAJHAR,18-300,2021_04,163,0.0,56007.743,121650.857,1281881.236,8.966,2.847,22.904,86.36,4.26,2.0,LST_ASSAM_2021_04.tif,0.439,3.0,2.0,3.0,5.0,0.0,2.0
KOKRAJHAR,18-300,2021_05,163,0.0,56007.743,121650.857,1281881.236,8.966,2.847,22.904,86.36,4.26,2.0,LST_ASSAM_2021_05.tif,9.418,2.0,2.0,3.0,5.0,0.0,2.0
KOKRAJHAR,18-300,2021_06,163,19921186.55,56007.743,121650.857,1281881.236,8.966,2.847,22.904,86.36,4.26,5.0,LST_ASSAM_2021_06.tif,25.038,3.0,2.0,3.0,1.0,19921186.55,3.0
KOKRAJHAR,18-300,2021_07,163,0.0,56007.743,121650.857,1281881.236,8.966,2.847,22.904,86.36,4.26,5.0,LST_ASSAM_2021_07.tif,14.268,2.0,2.0,3.0,4.0,19921186.55,2.0
KOKRAJHAR,18-300,2021_08,163,0.0,56007.743,121650.857,1281881.236,8.966,2.847,22.904,86.36,4.26,4.0,LST_ASSAM_2021_08.tif,6.403,2.0,2.0,3.0,4.0,19921186.55,2.0
KOKRAJHAR,18-300,2021_09,163,0.0,56007.743,121650.857,1281881.236,8.966,2.847,22.904,86.36,4.26,4.0,LST_ASSAM_2021_09.tif,12.424,2.0,2.0,3.0,4.0,19921186.55,2.0
KOKRAJHAR,18-300,2021_10,163,0.0,56007.743,121650.857,1281881.236,8.966,2.847,22.904,86.36,4.26,3.0,LST_ASSAM_2021_10.tif,47.442,2.0,2.0,3.0,4.0,19921186.55,3.0
KOKRAJHAR,18-300,2021_11,163,0.0,56007.743,121650.857,1281881.236,8.966,2.847,22.904,86.36,4.26,4.0,LST_ASSAM_2021_11.tif,0.0,3.0,2.0,3.0,4.0,19921186.55,2.0
KOKRAJHAR,18-300,2021_12,163,0.0,56007.743,121650.857,1281881.236,8.966,2.847,22.904,86.36,4.26,4.0,LST_ASSAM_2021_12.tif,0.0,3.0,2.0,3.0,4.0,19921186.55,2.0
KOKRAJHAR,18-300,2022_01,163,0.0,57857.16,121754.844,1285566.267,8.966,2.847,22.904,86.36,4.26,4.0,LST_ASSAM_2022_01.tif,0.129,3.0,2.0,3.0,4.0,19921186.55,2.0
KOKRAJHAR,18-300,2022_02,163,0.0,57857.16,121754.844,1285566.267,8.966,2.847,22.904,86.36,4.26,4.0,LST_ASSAM_2022_02.tif,0.049,3.0,2.0,3.0,4.0,19921186.55,2.0
KOKRAJHAR,18-300,2022_03,163,8981598.0,57857.16,121754.844,1285566.267,8.966,2.847,22.904,86.36,4.26,4.0,LST_ASSAM_2022_03.tif,60.505,2.0,2.0,3.0,5.0,28902784.55,3.0
KOKRAJHAR,18-300,2022_04,163,0.0,57857.16,121754.844,1285566.267,8.966,2.847,22.904,86.36,4.26,1.0,LST_ASSAM_2022_04.tif,0.0,3.0,2.0,3.0,5.0,0.0,2.0
KOKRAJHAR,18-300,2022_05,163,0.0,57857.16,121754.844,1285566.267,8.966,2.847,22.904,86.36,4.26,3.0,LST_ASSAM_2022_05.tif,5.589,4.0,2.0,3.0,5.0,0.0,4.0
KOKRAJHAR,18-300,2022_06,163,0.0,57857.16,121754.844,1285566.267,8.966,2.847,22.904,86.36,4.26,5.0,LST_ASSAM_2022_06.tif,6.468,3.0,2.0,3.0,5.0,0.0,3.0
KOKRAJHAR,18-300,2022_07,163,0.0,57857.16,121754.844,1285566.267,8.966,2.847,22.904,86.36,4.26,3.0,LST_ASSAM_2022_07.tif,25.149,3.0,2.0,3.0,5.0,0.0,3.0
KOKRAJHAR,18-300,2022_08,163,8697960.06,57857.16,121754.844,1285566.267,8.966,2.847,22.904,86.36,4.26,4.0,LST_ASSAM_2022_08.tif,20.931,2.0,2.0,3.0,4.0,8697960.06,3.0
KOKRAJHAR,18-300,2022_09,163,9977425.0,57857.16,121754.844,1285566.267,8.966,2.847,22.904,86.36,4.26,5.0,LST_ASSAM_2022_09.tif,3.886,3.0,2.0,3.0,4.0,18675385.06,3.0
KOKRAJHAR,18-300,2022_10,163,0.0,57857.16,121754.844,1285566.267,8.966,2.847,22.904,86.36,4.26,5.0,LST_ASSAM_2022_10.tif,33.129,2.0,2.0,3.0,4.0,18675385.06,2.0
KOKRAJHAR,18-300,2022_11,163,0.0,57857.16,121754.844,1285566.267,8.966,2.847,22.904,86.36,4.26,4.0,LST_ASSAM_2022_11.tif,0.044,3.0,2.0,3.0,4.0,18675385.06,2.0
KOKRAJHAR,18-300,2022_12,163,0.0,57857.16,121754.844,1285566.267,8.966,2.847,22.904,86.36,4.26,4.0,LST_ASSAM_2022_12.tif,0.0,3.0,2.0,3.0,4.0,18675385.06,2.0
KOKRAJHAR,18-300,2023_01,163,0.0,59706.577,121858.831,1289251.299,8.966,2.847,22.904,86.36,4.26,5.0,LST_ASSAM_2023_01.tif,0.051,2.0,2.0,3.0,4.0,18675385.06,2.0
KOKRAJHAR,18-300,2023_02,163,0.0,59706.577,121858.831,1289251.299,8.966,2.847,22.904,86.36,4.26,4.0,LST_ASSAM_2023_02.tif,0.092,2.0,2.0,3.0,4.0,18675385.06,2.0
KOKRAJHAR,18-300,2023_03,163,22864055.95,59706.577,121858.831,1289251.299,8.966,2.847,22.904,86.36,4.26,4.0,LST_ASSAM_2023_03.tif,20.48,2.0,2.0,3.0,4.0,41539441.01,2.0
KOKRAJHAR,18-300,2023_04,163,0.0,59706.577,121858.831,1289251.299,8.966,2.847,22.904,86.36,4.26,3.0,LST_ASSAM_2023_04.tif,6.322,4.0,2.0,3.0,5.0,0.0,4.0
KOKRAJHAR,18-300,2023_05,163,0.0,59706.577,121858.831,1289251.299,8.966,2.847,22.904,86.36,4.26,4.0,LST_ASSAM_2023_05.tif,5.613,3.0,2.0,3.0,5.0,0.0,3.0
KOKRAJHAR,18-300,2023_06,163,0.0,59706.577,121858.831,1289251.299,8.966,2.847,22.904,86.36,4.26,4.0,LST_ASSAM_2023_06.tif,35.041,3.0,2.0,3.0,5.0,0.0,4.0
KOKRAJHAR,18-300,2023_07,163,0.0,59706.577,121858.831,1289251.299,8.966,2.847,22.904,86.36,4.26,4.0,LST_ASSAM_2023_07.tif,25.108,3.0,2.0,3.0,5.0,0.0,3.0
KOKRAJHAR,18-300,2023_08,163,0.0,59706.577,121858.831,1289251.299,8.966,2.847,22.904,86.36,4.26,4.0,LST_ASSAM_2023_08.tif,20.791,3.0,2.0,3.0,5.0,0.0,3.0
KOKRAJHAR,18-300,2023_09,163,0.0,59706.577,121858.831,1289251.299,8.966,2.847,22.904,86.36,4.26,4.0,LST_ASSAM_2023_09.tif,35.542,2.0,2.0,3.0,5.0,0.0,3.0
KOKRAJHAR,18-300,2023_10,163,0.0,59706.577,121858.831,1289251.299,8.966,2.847,22.904,86.36,4.26,5.0,LST_ASSAM_2023_10.tif,36.073,3.0,2.0,3.0,5.0,0.0,4.0
KOKRAJHAR,18-300,2023_11,163,0.0,59706.577,121858.831,1289251.299,8.966,2.847,22.904,86.36,4.26,4.0,LST_ASSAM_2023_11.tif,1.084,3.0,2.0,3.0,5.0,0.0,3.0
KOKRAJHAR,18-300,2023_12,163,0.0,59706.577,121858.831,1289251.299,8.966,2.847,22.904,86.36,4.26,5.0,LST_ASSAM_2023_12.tif,0.0,3.0,2.0,3.0,5.0,0.0,2.0
KOKRAJHAR,18-300,2024_01,163,0.0,61555.994,121962.818,1292936.33,8.966,2.847,22.904,86.36,4.26,4.0,LST_ASSAM_2024_01.tif,0.0,3.0,2.0,3.0,5.0,0.0,2.0
KOKRAJHAR,18-300,2024_02,163,0.0,61555.994,121962.818,1292936.33,8.966,2.847,22.904,86.36,4.26,5.0,LST_ASSAM_2024_02.tif,0.0,3.0,2.0,3.0,5.0,0.0,2.0
KOKRAJHAR,18-300,2024_03,163,0.0,61555.994,121962.818,1292936.33,8.966,2.847,22.904,86.36,4.26,5.0,LST_ASSAM_2024_03.tif,25.017,3.0,2.0,3.0,5.0,0.0,3.0
KOKRAJHAR,18-300,2024_04,163,4745270.0,61555.994,121962.818,1292936.33,8.966,2.847,22.904,86.36,4.26,4.0,LST_ASSAM_2024_04.tif,1.219,3.0,2.0,3.0,1.0,4745270.0,1.0
KOKRAJHAR,18-300,2024_05,163,0.0,61555.994,121962.818,1292936.33,8.966,2.847,22.904,86.36,4.26,4.0,LST_ASSAM_2024_05.tif,29.29,3.0,2.0,3.0,4.0,4745270.0,3.0
KOKRAJHAR,18-300,2024_06,163,0.0,61555.994,121962.818,1292936.33,8.966,2.847,22.904,86.36,4.26,4.0,LST_ASSAM_2024_06.tif,29.455,2.0,2.0,3.0,4.0,4745270.0,2.0
KOKRAJHAR,18-300,2024_07,163,0.0,61555.994,121962.818,1292936.33,8.966,2.847,22.904,86.36,4.26,5.0,LST_ASSAM_2024_07.tif,41.905,4.0,2.0,3.0,4.0,4745270.0,4.0
KOKRAJHAR,18-300,2024_08,163,1.0,61555.994,121962.818,1292936.33,8.966,2.847,22.904,86.36,4.26,3.0,LST_ASSAM_2024_08.tif,20.194,3.0,2.0,3.0,4.0,4745271.0,3.0
KOKRAJHAR,18-300,2024_09,163,0.0,61555.994,121962.818,1292936.33,8.966,2.847,22.904,86.36,4.26,4.0,LST_ASSAM_2024_09.tif,42.279,3.0,2.0,3.0,5.0,4745271.0,4.0
KOKRAJHAR,18-300,2024_10,163,0.0,61555.994,121962.818,1292936.33,8.966,2.847,22.904,86.36,4.26,5.0,LST_ASSAM_2024_10.tif,28.364,3.0,2.0,3.0,5.0,4745271.0,3.0
KOKRAJHAR,18-300,2024_11,163,7499163.65,61555.994,121962.818,1292936.33,8.966,2.847,22.904,86.36,4.26,4.0,LST_ASSAM_2024_11.tif,3.929,3.0,2.0,3.0,4.0,12244434.65,3.0
KOKRAJHAR,18-300,2024_12,163,0.0,61555.994,121962.818,1292936.33,8.966,2.847,22.904,86.36,4.26,4.0,LST_ASSAM_2024_12.tif,0.0,3.0,2.0,3.0,4.0,12244434.65,2.0
KOKRAJHAR,18-300,2025_01,163,4967998.38,63405.411,122066.805,1296621.362,8.966,2.847,22.904,86.36,4.26,4.0,LST_ASSAM_2025_01.tif,0.0,3.0,2.0,3.0,4.0,17212433.03,2.0
KOKRAJHAR,18-300,2025_02,163,4988956.63,63405.411,122066.805,1296621.362,8.966,2.847,22.904,86.36,4.26,3.0,LST_ASSAM_2025_02.tif,0.0,2.0,2.0,3.0,4.0,22201389.66,2.0
KOKRAJHAR,18-300,2025_03,163,253853000.0,63405.411,122066.805,1296621.362,8.966,2.847,22.904,86.36,4.26,4.0,LST_ASSAM_2025_03.tif,29.0,3.0,2.0,3.0,1.0,276054389.66,3.0
KOKRAJHAR,18-300,2025_04,163,0.0,63405.411,122066.805,1296621.362,8.966,2.847,22.904,86.36,4.26,4.0,LST_ASSAM_2025_04.tif,1.261,4.0,2.0,3.0,5.0,0.0,4.0
KOKRAJHAR,18-300,2025_05,163,3800000.0,63405.411,122066.805,1296621.362,8.966,2.847,22.904,86.36,4.26,4.0,LST_ASSAM_2025_05.tif,7.097,3.0,2.0,3.0,4.0,3800000.0,3.0
KOKRAJHAR,18-300,2025_06,163,0.0,63405.411,122066.805,1296621.362,8.966,2.847,22.904,86.36,4.26,3.0,LST_ASSAM_2025_06.tif,41.78,2.0,2.0,3.0,4.0,3800000.0,3.0
KOKRAJHAR,18-300,2025_07,163,2108089.5,63405.411,122066.805,1296621.362,8.966,2.847,22.904,86.36,4.26,4.0,LST_ASSAM_2025_07.tif,25.588,3.0,2.0,3.0,4.0,5908089.5,3.0
KOKRAJHAR,18-300,2025_08,163,0.0,63405.411,122066.805,1296621.362,8.966,2.847,22.904,86.36,4.26,4.0,LST_ASSAM_2025_08.tif,8.38,3.0,2.0,3.0,4.0,5908089.5,3.0
KOKRAJHAR,18-300,2025_09,163,0.0,63405.411,122066.805,1296621.362,8.966,2.847,22.904,86.36,4.26,4.0,LST_ASSAM_2025_09.tif,17.875,2.0,2.0,3.0,5.0,5908089.5,3.0
KOKRAJHAR,18-300,2025_10,163,4998922.34,63405.411,122066.805,1296621.362,8.966,2.847,22.904,86.36,4.26,4.0,LST_ASSAM_2025_10.tif,47.358,3.0,2.0,3.0,5.0,10907011.84,4.0
KOKRAJHAR,18-300,2025_11,163,4371700.0,63405.411,122066.805,1296621.362,8.966,2.847,22.904,86.36,4.26,4.0,LST_ASSAM_2025_11.tif,2.714,3.0,2.0,3.0,5.0,15278711.84,3.0
KOKRAJHAR,18-300,2025_12,163,0.0,63405.411,122066.805,1296621.362,8.966,2.847,22.904,86.36,4.26,4.0,LST_ASSAM_2025_12.tif,0.0,3.0,2.0,3.0,5.0,15278711.84,2.0
KOKRAJHAR,18-300,2026_01,163,0.0,65254.828,122170.792,1300306.394,8.966,2.847,22.904,86.36,4.26,3.0,LST_ASSAM_2026_01.tif,0.0,3.0,2.0,3.0,5.0,15278711.84,2.0
KOKRAJHAR,18-300,2026_02,163,88003502.28,65254.828,122170.792,1300306.394,8.966,2.847,22.904,86.36,4.26,3.0,LST_ASSAM_2026_02.tif,3.722,2.0,2.0,3.0,4.0,103282214.12,2.0
KOKRAJHAR,18-300,2026_03,163,7205000.0,65254.828,122170.792,1300306.394,8.966,2.847,22.904,86.36,4.26,3.0,LST_ASSAM_2026_03.tif,17.469,2.0,2.0,3.0,5.0,110487214.12,3.0
KOKRAJHAR,18-300,2026_04,163,0.0,65254.828,122170.792,1300306.394,8.966,2.847,22.904,86.36,4.26,2.0,LST_ASSAM_2026_04.tif,0.0,3.0,2.0,3.0,5.0,0.0,3.0
KOKRAJHAR,18-300,2026_05,163,4999999.0,65254.828,122170.792,1300306.394,8.966,2.847,22.904,86.36,4.26,3.0,LST_ASSAM_2026_05.tif,0.0,3.0,2.0,3.0,4.0,4999999.0,3.0
LAKHIMPUR,18-307,2021_04,124,0.0,56286.694,106671.418,1148639.248,8.32,2.832,16.319,79.61,4.168,4.0,LST_ASSAM_2021_04.tif,0.22,3.0,3.0,4.0,5.0,0.0,3.0
LAKHIMPUR,18-307,2021_05,124,0.0,56286.694,106671.418,1148639.248,8.32,2.832,16.319,79.61,4.168,2.0,LST_ASSAM_2021_05.tif,12.257,3.0,3.0,4.0,5.0,0.0,3.0
LAKHIMPUR,18-307,2021_06,124,0.0,56286.694,106671.418,1148639.248,8.32,2.832,16.319,79.61,4.168,2.0,LST_ASSAM_2021_06.tif,33.119,5.0,3.0,4.0,5.0,0.0,5.0
LAKHIMPUR,18-307,2021_07,124,0.0,56286.694,106671.418,1148639.248,8.32,2.832,16.319,79.61,4.168,4.0,LST_ASSAM_2021_07.tif,20.737,4.0,3.0,4.0,5.0,0.0,4.0
LAKHIMPUR,18-307,2021_08,124,0.0,56286.694,106671.418,1148639.248,8.32,2.832,16.319,79.61,4.168,3.0,LST_ASSAM_2021_08.tif,11.925,4.0,3.0,4.0,5.0,0.0,4.0
LAKHIMPUR,18-307,2021_09,124,0.0,56286.694,106671.418,1148639.248,8.32,2.832,16.319,79.61,4.168,4.0,LST_ASSAM_2021_09.tif,8.556,2.0,3.0,4.0,5.0,0.0,3.0
LAKHIMPUR,18-307,2021_10,124,0.0,56286.694,106671.418,1148639.248,8.32,2.832,16.319,79.61,4.168,5.0,LST_ASSAM_2021_10.tif,60.992,4.0,3.0,4.0,5.0,0.0,5.0
LAKHIMPUR,18-307,2021_11,124,0.0,56286.694,106671.418,1148639.248,8.32,2.832,16.319,79.61,4.168,5.0,LST_ASSAM_2021_11.tif,0.0,3.0,3.0,4.0,5.0,0.0,2.0
LAKHIMPUR,18-307,2021_12,124,0.0,56286.694,106671.418,1148639.248,8.32,2.832,16.319,79.61,4.168,4.0,LST_ASSAM_2021_12.tif,0.0,3.0,3.0,4.0,5.0,0.0,2.0
LAKHIMPUR,18-307,2022_01,124,0.0,58342.01,107159.016,1159586.992,8.32,2.832,16.319,79.61,4.168,4.0,LST_ASSAM_2022_01.tif,0.363,3.0,3.0,4.0,5.0,0.0,2.0
LAKHIMPUR,18-307,2022_02,124,0.0,58342.01,107159.016,1159586.992,8.32,2.832,16.319,79.61,4.168,4.0,LST_ASSAM_2022_02.tif,0.316,3.0,3.0,4.0,5.0,0.0,2.0
LAKHIMPUR,18-307,2022_03,124,0.0,58342.01,107159.016,1159586.992,8.32,2.832,16.319,79.61,4.168,4.0,LST_ASSAM_2022_03.tif,75.021,4.0,3.0,4.0,5.0,0.0,5.0
LAKHIMPUR,18-307,2022_04,124,0.0,58342.01,107159.016,1159586.992,8.32,2.832,16.319,79.61,4.168,2.0,LST_ASSAM_2022_04.tif,0.0,3.0,3.0,4.0,5.0,0.0,2.0
LAKHIMPUR,18-307,2022_05,124,0.0,58342.01,107159.016,1159586.992,8.32,2.832,16.319,79.61,4.168,4.0,LST_ASSAM_2022_05.tif,3.68,3.0,3.0,4.0,5.0,0.0,3.0
LAKHIMPUR,18-307,2022_06,124,0.0,58342.01,107159.016,1159586.992,8.32,2.832,16.319,79.61,4.168,2.0,LST_ASSAM_2022_06.tif,6.469,3.0,3.0,4.0,5.0,0.0,3.0
LAKHIMPUR,18-307,2022_07,124,0.0,58342.01,107159.016,1159586.992,8.32,2.832,16.319,79.61,4.168,5.0,LST_ASSAM_2022_07.tif,25.706,3.0,3.0,4.0,5.0,0.0,3.0
LAKHIMPUR,18-307,2022_08,124,0.0,58342.01,107159.016,1159586.992,8.32,2.832,16.319,79.61,4.168,4.0,LST_ASSAM_2022_08.tif,32.362,4.0,3.0,4.0,5.0,0.0,5.0
LAKHIMPUR,18-307,2022_09,124,0.0,58342.01,107159.016,1159586.992,8.32,2.832,16.319,79.61,4.168,4.0,LST_ASSAM_2022_09.tif,3.053,3.0,3.0,4.0,5.0,0.0,3.0
LAKHIMPUR,18-307,2022_10,124,0.0,58342.01,107159.016,1159586.992,8.32,2.832,16.319,79.61,4.168,4.0,LST_ASSAM_2022_10.tif,40.246,3.0,3.0,4.0,5.0,0.0,3.0
LAKHIMPUR,18-307,2022_11,124,0.0,58342.01,107159.016,1159586.992,8.32,2.832,16.319,79.61,4.168,5.0,LST_ASSAM_2022_11.tif,0.0,3.0,3.0,4.0,5.0,0.0,2.0
LAKHIMPUR,18-307,2022_12,124,0.0,58342.01,107159.016,1159586.992,8.32,2.832,16.319,79.61,4.168,4.0,LST_ASSAM_2022_12.tif,0.0,3.0,3.0,4.0,5.0,0.0,2.0
LAKHIMPUR,18-307,2023_01,124,0.0,60397.326,107646.614,1170534.737,8.32,2.832,16.319,79.61,4.168,4.0,LST_ASSAM_2023_01.tif,1.231,4.0,3.0,4.0,5.0,0.0,4.0
LAKHIMPUR,18-307,2023_02,124,0.0,60397.326,107646.614,1170534.737,8.32,2.832,16.319,79.61,4.168,3.0,LST_ASSAM_2023_02.tif,8.016,5.0,3.0,4.0,5.0,0.0,5.0
LAKHIMPUR,18-307,2023_03,124,0.0,60397.326,107646.614,1170534.737,8.32,2.832,16.319,79.61,4.168,2.0,LST_ASSAM_2023_03.tif,26.874,3.0,3.0,4.0,5.0,0.0,3.0
LAKHIMPUR,18-307,2023_04,124,0.0,60397.326,107646.614,1170534.737,8.32,2.832,16.319,79.61,4.168,1.0,LST_ASSAM_2023_04.tif,0.449,2.0,3.0,4.0,5.0,0.0,2.0
LAKHIMPUR,18-307,2023_05,124,0.0,60397.326,107646.614,1170534.737,8.32,2.832,16.319,79.61,4.168,2.0,LST_ASSAM_2023_05.tif,4.026,2.0,3.0,4.0,5.0,0.0,3.0
LAKHIMPUR,18-307,2023_06,124,0.0,60397.326,107646.614,1170534.737,8.32,2.832,16.319,79.61,4.168,2.0,LST_ASSAM_2023_06.tif,41.424,4.0,3.0,4.0,5.0,0.0,5.0
LAKHIMPUR,18-307,2023_07,124,0.0,60397.326,107646.614,1170534.737,8.32,2.832,16.319,79.61,4.168,1.0,LST_ASSAM_2023_07.tif,19.988,2.0,3.0,4.0,5.0,0.0,3.0
LAKHIMPUR,18-307,2023_08,124,0.0,60397.326,107646.614,1170534.737,8.32,2.832,16.319,79.61,4.168,3.0,LST_ASSAM_2023_08.tif,18.114,3.0,3.0,4.0,5.0,0.0,3.0
LAKHIMPUR,18-307,2023_09,124,0.0,60397.326,107646.614,1170534.737,8.32,2.832,16.319,79.61,4.168,5.0,LST_ASSAM_2023_09.tif,38.695,3.0,3.0,4.0,5.0,0.0,3.0
LAKHIMPUR,18-307,2023_10,124,0.0,60397.326,107646.614,1170534.737,8.32,2.832,16.319,79.61,4.168,4.0,LST_ASSAM_2023_10.tif,42.665,4.0,3.0,4.0,5.0,0.0,5.0
LAKHIMPUR,18-307,2023_11,124,0.0,60397.326,107646.614,1170534.737,8.32,2.832,16.319,79.61,4.168,4.0,LST_ASSAM_2023_11.tif,1.168,3.0,3.0,4.0,5.0,0.0,3.0
LAKHIMPUR,18-307,2023_12,124,0.0,60397.326,107646.614,1170534.737,8.32,2.832,16.319,79.61,4.168,4.0,LST_ASSAM_2023_12.tif,0.0,3.0,3.0,4.0,5.0,0.0,2.0
LAKHIMPUR,18-307,2024_01,124,0.0,62452.642,108134.212,1181482.481,8.32,2.832,16.319,79.61,4.168,4.0,LST_ASSAM_2024_01.tif,0.0,3.0,3.0,4.0,5.0,0.0,2.0
LAKHIMPUR,18-307,2024_02,124,0.0,62452.642,108134.212,1181482.481,8.32,2.832,16.319,79.61,4.168,4.0,LST_ASSAM_2024_02.tif,0.0,3.0,3.0,4.0,5.0,0.0,2.0
LAKHIMPUR,18-307,2024_03,124,0.0,62452.642,108134.212,1181482.481,8.32,2.832,16.319,79.61,4.168,3.0,LST_ASSAM_2024_03.tif,30.567,4.0,3.0,4.0,5.0,0.0,4.0
LAKHIMPUR,18-307,2024_04,124,0.0,62452.642,108134.212,1181482.481,8.32,2.832,16.319,79.61,4.168,1.0,LST_ASSAM_2024_04.tif,0.0,3.0,3.0,4.0,5.0,0.0,2.0
LAKHIMPUR,18-307,2024_05,124,0.0,62452.642,108134.212,1181482.481,8.32,2.832,16.319,79.61,4.168,3.0,LST_ASSAM_2024_05.tif,20.997,2.0,3.0,4.0,5.0,0.0,3.0
LAKHIMPUR,18-307,2024_06,124,0.0,62452.642,108134.212,1181482.481,8.32,2.832,16.319,79.61,4.168,2.0,LST_ASSAM_2024_06.tif,33.387,3.0,3.0,4.0,5.0,0.0,3.0
LAKHIMPUR,18-307,2024_07,124,2.0,62452.642,108134.212,1181482.481,8.32,2.832,16.319,79.61,4.168,4.0,LST_ASSAM_2024_07.tif,30.278,2.0,3.0,4.0,5.0,2.0,3.0
LAKHIMPUR,18-307,2024_08,124,1.0,62452.642,108134.212,1181482.481,8.32,2.832,16.319,79.61,4.168,4.0,LST_ASSAM_2024_08.tif,29.807,4.0,3.0,4.0,5.0,3.0,4.0
LAKHIMPUR,18-307,2024_09,124,0.0,62452.642,108134.212,1181482.481,8.32,2.832,16.319,79.61,4.168,5.0,LST_ASSAM_2024_09.tif,45.927,4.0,3.0,4.0,5.0,3.0,5.0
LAKHIMPUR,18-307,2024_10,124,0.0,62452.642,108134.212,1181482.481,8.32,2.832,16.319,79.61,4.168,5.0,LST_ASSAM_2024_10.tif,25.107,3.0,3.0,4.0,5.0,3.0,3.0
LAKHIMPUR,18-307,2024_11,124,0.0,62452.642,108134.212,1181482.481,8.32,2.832,16.319,79.61,4.168,5.0,LST_ASSAM_2024_11.tif,4.97,4.0,3.0,4.0,5.0,3.0,4.0
LAKHIMPUR,18-307,2024_12,124,0.0,62452.642,108134.212,1181482.481,8.32,2.832,16.319,79.61,4.168,3.0,LST_ASSAM_2024_12.tif,0.0,3.0,3.0,4.0,5.0,3.0,2.0
LAKHIMPUR,18-307,2025_01,124,0.0,64507.958,108621.81,1192430.226,8.32,2.832,16.319,79.61,4.168,4.0,LST_ASSAM_2025_01.tif,0.0,3.0,3.0,4.0,5.0,3.0,2.0
LAKHIMPUR,18-307,2025_02,124,9487205.0,64507.958,108621.81,1192430.226,8.32,2.832,16.319,79.61,4.168,3.0,LST_ASSAM_2025_02.tif,1.609,5.0,3.0,4.0,5.0,9487208.0,5.0
LAKHIMPUR,18-307,2025_03,124,0.0,64507.958,108621.81,1192430.226,8.32,2.832,16.319,79.61,4.168,1.0,LST_ASSAM_2025_03.tif,26.713,2.0,3.0,4.0,5.0,9487208.0,3.0
LAKHIMPUR,18-307,2025_04,124,0.0,64507.958,108621.81,1192430.226,8.32,2.832,16.319,79.61,4.168,2.0,LST_ASSAM_2025_04.tif,0.0,2.0,3.0,4.0,5.0,0.0,2.0
LAKHIMPUR,18-307,2025_05,124,0.0,64507.958,108621.81,1192430.226,8.32,2.832,16.319,79.61,4.168,4.0,LST_ASSAM_2025_05.tif,6.745,3.0,3.0,4.0,5.0,0.0,3.0
LAKHIMPUR,18-307,2025_06,124,0.0,64507.958,108621.81,1192430.226,8.32,2.832,16.319,79.61,4.168,4.0,LST_ASSAM_2025_06.tif,54.909,4.0,3.0,4.0,5.0,0.0,5.0
LAKHIMPUR,18-307,2025_07,124,0.0,64507.958,108621.81,1192430.226,8.32,2.832,16.319,79.61,4.168,2.0,LST_ASSAM_2025_07.tif,32.174,4.0,3.0,4.0,5.0,0.0,4.0
LAKHIMPUR,18-307,2025_08,124,0.0,64507.958,108621.81,1192430.226,8.32,2.832,16.319,79.61,4.168,3.0,LST_ASSAM_2025_08.tif,6.943,2.0,3.0,4.0,5.0,0.0,3.0
LAKHIMPUR,18-307,2025_09,124,0.0,64507.958,108621.81,1192430.226,8.32,2.832,16.319,79.61,4.168,4.0,LST_ASSAM_2025_09.tif,22.631,3.0,3.0,4.0,5.0,0.0,3.0
LAKHIMPUR,18-307,2025_10,124,0.0,64507.958,108621.81,1192430.226,8.32,2.832,16.319,79.61,4.168,4.0,LST_ASSAM_2025_10.tif,54.11,4.0,3.0,4.0,5.0,0.0,5.0
LAKHIMPUR,18-307,2025_11,124,0.0,64507.958,108621.81,1192430.226,8.32,2.832,16.319,79.61,4.168,5.0,LST_ASSAM_2025_11.tif,4.632,5.0,3.0,4.0,5.0,0.0,5.0
LAKHIMPUR,18-307,2025_12,124,0.0,64507.958,108621.81,1192430.226,8.32,2.832,16.319,79.61,4.168,4.0,LST_ASSAM_2025_12.tif,0.0,3.0,3.0,4.0,5.0,0.0,2.0
LAKHIMPUR,18-307,2026_01,124,2481070.19,66563.274,109109.408,1203377.97,8.32,2.832,16.319,79.61,4.168,4.0,LST_ASSAM_2026_01.tif,0.0,3.0,3.0,4.0,5.0,2481070.19,2.0
LAKHIMPUR,18-307,2026_02,124,0.0,66563.274,109109.408,1203377.97,8.32,2.832,16.319,79.61,4.168,5.0,LST_ASSAM_2026_02.tif,18.437,5.0,3.0,4.0,5.0,2481070.19,5.0
LAKHIMPUR,18-307,2026_03,124,0.0,66563.274,109109.408,1203377.97,8.32,2.832,16.319,79.61,4.168,4.0,LST_ASSAM_2026_03.tif,33.109,4.0,3.0,4.0,5.0,2481070.19,4.0
LAKHIMPUR,18-307,2026_04,124,0.0,66563.274,109109.408,1203377.97,8.32,2.832,16.319,79.61,4.168,4.0,LST_ASSAM_2026_04.tif,0.0,3.0,3.0,4.0,5.0,0.0,4.0
LAKHIMPUR,18-307,2026_05,124,0.0,66563.274,109109.408,1203377.97,8.32,2.832,16.319,79.61,4.168,4.0,LST_ASSAM_2026_05.tif,0.0,3.0,3.0,4.0,5.0,0.0,4.0
MAJULI,18-760,2021_04,32,0.0,7068.776,8786.109,167349.174,9.351,4.953,17.281,88.08,5.345,5.0,LST_ASSAM_2021_04.tif,0.0,2.0,2.0,1.0,5.0,0.0,1.0
MAJULI,18-760,2021_05,32,0.0,7068.776,8786.109,167349.174,9.351,4.953,17.281,88.08,5.345,1.0,LST_ASSAM_2021_05.tif,14.045,3.0,2.0,1.0,5.0,0.0,2.0
MAJULI,18-760,2021_06,32,11879114.45,7068.776,8786.109,167349.174,9.351,4.953,17.281,88.08,5.345,2.0,LST_ASSAM_2021_06.tif,32.966,5.0,2.0,1.0,2.0,11879114.45,3.0
MAJULI,18-760,2021_07,32,0.0,7068.776,8786.109,167349.174,9.351,4.953,17.281,88.08,5.345,3.0,LST_ASSAM_2021_07.tif,23.489,5.0,2.0,1.0,4.0,11879114.45,4.0
MAJULI,18-760,2021_08,32,0.0,7068.776,8786.109,167349.174,9.351,4.953,17.281,88.08,5.345,2.0,LST_ASSAM_2021_08.tif,12.148,4.0,2.0,1.0,4.0,11879114.45,3.0
MAJULI,18-760,2021_09,32,0.0,7068.776,8786.109,167349.174,9.351,4.953,17.281,88.08,5.345,2.0,LST_ASSAM_2021_09.tif,11.125,2.0,2.0,1.0,4.0,11879114.45,2.0
MAJULI,18-760,2021_10,32,0.0,7068.776,8786.109,167349.174,9.351,4.953,17.281,88.08,5.345,4.0,LST_ASSAM_2021_10.tif,63.648,4.0,2.0,1.0,4.0,11879114.45,4.0
MAJULI,18-760,2021_11,32,0.0,7068.776,8786.109,167349.174,9.351,4.953,17.281,88.08,5.345,5.0,LST_ASSAM_2021_11.tif,0.0,3.0,2.0,1.0,4.0,11879114.45,2.0
MAJULI,18-760,2021_12,32,0.0,7068.776,8786.109,167349.174,9.351,4.953,17.281,88.08,5.345,5.0,LST_ASSAM_2021_12.tif,0.0,3.0,2.0,1.0,4.0,11879114.45,2.0
MAJULI,18-760,2022_01,32,0.0,7312.038,8806.294,166526.797,9.351,4.953,17.281,88.08,5.345,5.0,LST_ASSAM_2022_01.tif,0.0,3.0,2.0,1.0,5.0,11879114.45,2.0
MAJULI,18-760,2022_02,32,0.0,7312.038,8806.294,166526.797,9.351,4.953,17.281,88.08,5.345,5.0,LST_ASSAM_2022_02.tif,0.0,3.0,2.0,1.0,5.0,11879114.45,2.0
MAJULI,18-760,2022_03,32,0.0,7312.038,8806.294,166526.797,9.351,4.953,17.281,88.08,5.345,4.0,LST_ASSAM_2022_03.tif,76.091,4.0,2.0,1.0,5.0,11879114.45,4.0
MAJULI,18-760,2022_04,32,0.0,7312.038,8806.294,166526.797,9.351,4.953,17.281,88.08,5.345,1.0,LST_ASSAM_2022_04.tif,0.0,3.0,2.0,1.0,5.0,0.0,2.0
MAJULI,18-760,2022_05,32,0.0,7312.038,8806.294,166526.797,9.351,4.953,17.281,88.08,5.345,3.0,LST_ASSAM_2022_05.tif,2.136,2.0,2.0,1.0,5.0,0.0,2.0
MAJULI,18-760,2022_06,32,0.0,7312.038,8806.294,166526.797,9.351,4.953,17.281,88.08,5.345,2.0,LST_ASSAM_2022_06.tif,6.42,3.0,2.0,1.0,5.0,0.0,3.0
MAJULI,18-760,2022_07,32,0.0,7312.038,8806.294,166526.797,9.351,4.953,17.281,88.08,5.345,3.0,LST_ASSAM_2022_07.tif,27.216,3.0,2.0,1.0,5.0,0.0,3.0
MAJULI,18-760,2022_08,32,0.0,7312.038,8806.294,166526.797,9.351,4.953,17.281,88.08,5.345,3.0,LST_ASSAM_2022_08.tif,33.818,4.0,2.0,1.0,5.0,0.0,4.0
MAJULI,18-760,2022_09,32,0.0,7312.038,8806.294,166526.797,9.351,4.953,17.281,88.08,5.345,1.0,LST_ASSAM_2022_09.tif,2.807,2.0,2.0,1.0,5.0,0.0,2.0
MAJULI,18-760,2022_10,32,0.0,7312.038,8806.294,166526.797,9.351,4.953,17.281,88.08,5.345,2.0,LST_ASSAM_2022_10.tif,43.92,4.0,2.0,1.0,5.0,0.0,3.0
MAJULI,18-760,2022_11,32,0.0,7312.038,8806.294,166526.797,9.351,4.953,17.281,88.08,5.345,5.0,LST_ASSAM_2022_11.tif,0.0,3.0,2.0,1.0,5.0,0.0,2.0
MAJULI,18-760,2022_12,32,0.0,7312.038,8806.294,166526.797,9.351,4.953,17.281,88.08,5.345,5.0,LST_ASSAM_2022_12.tif,0.0,3.0,2.0,1.0,5.0,0.0,2.0
MAJULI,18-760,2023_01,32,0.0,7555.3,8826.479,165704.42,9.351,4.953,17.281,88.08,5.345,5.0,LST_ASSAM_2023_01.tif,1.0,4.0,2.0,1.0,5.0,0.0,3.0
MAJULI,18-760,2023_02,32,0.0,7555.3,8826.479,165704.42,9.351,4.953,17.281,88.08,5.345,3.0,LST_ASSAM_2023_02.tif,6.045,4.0,2.0,1.0,5.0,0.0,3.0
MAJULI,18-760,2023_03,32,0.0,7555.3,8826.479,165704.42,9.351,4.953,17.281,88.08,5.345,3.0,LST_ASSAM_2023_03.tif,27.75,3.0,2.0,1.0,5.0,0.0,3.0
MAJULI,18-760,2023_04,32,0.0,7555.3,8826.479,165704.42,9.351,4.953,17.281,88.08,5.345,1.0,LST_ASSAM_2023_04.tif,0.0,2.0,2.0,1.0,5.0,0.0,2.0
MAJULI,18-760,2023_05,32,0.0,7555.3,8826.479,165704.42,9.351,4.953,17.281,88.08,5.345,2.0,LST_ASSAM_2023_05.tif,2.455,1.0,2.0,1.0,5.0,0.0,2.0
MAJULI,18-760,2023_06,32,0.0,7555.3,8826.479,165704.42,9.351,4.953,17.281,88.08,5.345,1.0,LST_ASSAM_2023_06.tif,40.068,4.0,2.0,1.0,5.0,0.0,4.0
MAJULI,18-760,2023_07,32,0.0,7555.3,8826.479,165704.42,9.351,4.953,17.281,88.08,5.345,1.0,LST_ASSAM_2023_07.tif,19.807,2.0,2.0,1.0,5.0,0.0,2.0
MAJULI,18-760,2023_08,32,0.0,7555.3,8826.479,165704.42,9.351,4.953,17.281,88.08,5.345,1.0,LST_ASSAM_2023_08.tif,17.432,2.0,2.0,1.0,5.0,0.0,2.0
MAJULI,18-760,2023_09,32,0.0,7555.3,8826.479,165704.42,9.351,4.953,17.281,88.08,5.345,2.0,LST_ASSAM_2023_09.tif,38.841,3.0,2.0,1.0,5.0,0.0,3.0
MAJULI,18-760,2023_10,32,0.0,7555.3,8826.479,165704.42,9.351,4.953,17.281,88.08,5.345,3.0,LST_ASSAM_2023_10.tif,41.216,4.0,2.0,1.0,5.0,0.0,4.0
MAJULI,18-760,2023_11,32,0.0,7555.3,8826.479,165704.42,9.351,4.953,17.281,88.08,5.345,5.0,LST_ASSAM_2023_11.tif,1.0,2.0,2.0,1.0,5.0,0.0,2.0
MAJULI,18-760,2023_12,32,0.0,7555.3,8826.479,165704.42,9.351,4.953,17.281,88.08,5.345,5.0,LST_ASSAM_2023_12.tif,0.0,3.0,2.0,1.0,5.0,0.0,2.0
MAJULI,18-760,2024_01,32,0.0,7798.562,8846.664,164882.042,9.351,4.953,17.281,88.08,5.345,5.0,LST_ASSAM_2024_01.tif,0.0,3.0,2.0,1.0,5.0,0.0,2.0
MAJULI,18-760,2024_02,32,0.0,7798.562,8846.664,164882.042,9.351,4.953,17.281,88.08,5.345,5.0,LST_ASSAM_2024_02.tif,0.0,3.0,2.0,1.0,5.0,0.0,2.0
MAJULI,18-760,2024_03,32,0.0,7798.562,8846.664,164882.042,9.351,4.953,17.281,88.08,5.345,5.0,LST_ASSAM_2024_03.tif,29.557,3.0,2.0,1.0,5.0,0.0,3.0
MAJULI,18-760,2024_04,32,0.0,7798.562,8846.664,164882.042,9.351,4.953,17.281,88.08,5.345,1.0,LST_ASSAM_2024_04.tif,0.0,3.0,2.0,1.0,5.0,0.0,2.0
MAJULI,18-760,2024_05,32,0.0,7798.562,8846.664,164882.042,9.351,4.953,17.281,88.08,5.345,2.0,LST_ASSAM_2024_05.tif,19.091,2.0,2.0,1.0,5.0,0.0,2.0
MAJULI,18-760,2024_06,32,0.0,7798.562,8846.664,164882.042,9.351,4.953,17.281,88.08,5.345,1.0,LST_ASSAM_2024_06.tif,33.125,2.0,2.0,1.0,5.0,0.0,2.0
MAJULI,18-760,2024_07,32,0.0,7798.562,8846.664,164882.042,9.351,4.953,17.281,88.08,5.345,2.0,LST_ASSAM_2024_07.tif,32.739,2.0,2.0,1.0,5.0,0.0,2.0
MAJULI,18-760,2024_08,32,0.0,7798.562,8846.664,164882.042,9.351,4.953,17.281,88.08,5.345,2.0,LST_ASSAM_2024_08.tif,26.261,4.0,2.0,1.0,5.0,0.0,3.0
MAJULI,18-760,2024_09,32,0.0,7798.562,8846.664,164882.042,9.351,4.953,17.281,88.08,5.345,3.0,LST_ASSAM_2024_09.tif,42.977,3.0,2.0,1.0,5.0,0.0,3.0
MAJULI,18-760,2024_10,32,0.0,7798.562,8846.664,164882.042,9.351,4.953,17.281,88.08,5.345,2.0,LST_ASSAM_2024_10.tif,25.602,3.0,2.0,1.0,5.0,0.0,3.0
MAJULI,18-760,2024_11,32,0.0,7798.562,8846.664,164882.042,9.351,4.953,17.281,88.08,5.345,5.0,LST_ASSAM_2024_11.tif,3.489,3.0,2.0,1.0,5.0,0.0,3.0
MAJULI,18-760,2024_12,32,0.0,7798.562,8846.664,164882.042,9.351,4.953,17.281,88.08,5.345,4.0,LST_ASSAM_2024_12.tif,0.0,3.0,2.0,1.0,5.0,0.0,2.0
MAJULI,18-760,2025_01,32,8934687.0,8041.824,8866.849,164059.665,9.351,4.953,17.281,88.08,5.345,4.0,LST_ASSAM_2025_01.tif,0.0,3.0,2.0,1.0,5.0,8934687.0,2.0
MAJULI,18-760,2025_02,32,0.0,8041.824,8866.849,164059.665,9.351,4.953,17.281,88.08,5.345,3.0,LST_ASSAM_2025_02.tif,1.398,5.0,2.0,1.0,5.0,8934687.0,4.0
MAJULI,18-760,2025_03,32,0.0,8041.824,8866.849,164059.665,9.351,4.953,17.281,88.08,5.345,1.0,LST_ASSAM_2025_03.tif,28.83,3.0,2.0,1.0,5.0,8934687.0,3.0
MAJULI,18-760,2025_04,32,16184527.0,8041.824,8866.849,164059.665,9.351,4.953,17.281,88.08,5.345,1.0,LST_ASSAM_2025_04.tif,0.0,2.0,2.0,1.0,1.0,16184527.0,1.0
MAJULI,18-760,2025_05,32,0.0,8041.824,8866.849,164059.665,9.351,4.953,17.281,88.08,5.345,1.0,LST_ASSAM_2025_05.tif,5.091,2.0,2.0,1.0,1.0,16184527.0,1.0
MAJULI,18-760,2025_06,32,0.0,8041.824,8866.849,164059.665,9.351,4.953,17.281,88.08,5.345,2.0,LST_ASSAM_2025_06.tif,53.773,4.0,2.0,1.0,2.0,16184527.0,3.0
MAJULI,18-760,2025_07,32,0.0,8041.824,8866.849,164059.665,9.351,4.953,17.281,88.08,5.345,2.0,LST_ASSAM_2025_07.tif,27.886,3.0,2.0,1.0,3.0,16184527.0,3.0
MAJULI,18-760,2025_08,32,0.0,8041.824,8866.849,164059.665,9.351,4.953,17.281,88.08,5.345,2.0,LST_ASSAM_2025_08.tif,8.148,3.0,2.0,1.0,3.0,16184527.0,3.0
MAJULI,18-760,2025_09,32,0.0,8041.824,8866.849,164059.665,9.351,4.953,17.281,88.08,5.345,2.0,LST_ASSAM_2025_09.tif,22.148,3.0,2.0,1.0,4.0,16184527.0,3.0
MAJULI,18-760,2025_10,32,0.0,8041.824,8866.849,164059.665,9.351,4.953,17.281,88.08,5.345,2.0,LST_ASSAM_2025_10.tif,53.807,3.0,2.0,1.0,4.0,16184527.0,3.0
MAJULI,18-760,2025_11,32,0.0,8041.824,8866.849,164059.665,9.351,4.953,17.281,88.08,5.345,5.0,LST_ASSAM_2025_11.tif,1.852,2.0,2.0,1.0,5.0,16184527.0,2.0
MAJULI,18-760,2025_12,32,0.0,8041.824,8866.849,164059.665,9.351,4.953,17.281,88.08,5.345,5.0,LST_ASSAM_2025_12.tif,0.0,3.0,2.0,1.0,5.0,16184527.0,2.0
MAJULI,18-760,2026_01,32,163535194.6,8285.086,8887.034,163237.287,9.351,4.953,17.281,88.08,5.345,5.0,LST_ASSAM_2026_01.tif,0.0,3.0,2.0,1.0,4.0,179719721.6,2.0
MAJULI,18-760,2026_02,32,0.0,8285.086,8887.034,163237.287,9.351,4.953,17.281,88.08,5.345,5.0,LST_ASSAM_2026_02.tif,15.375,4.0,2.0,1.0,4.0,179719721.6,3.0
MAJULI,18-760,2026_03,32,0.0,8285.086,8887.034,163237.287,9.351,4.953,17.281,88.08,5.345,3.0,LST_ASSAM_2026_03.tif,33.761,4.0,2.0,1.0,4.0,179719721.6,3.0
MAJULI,18-760,2026_04,32,0.0,8285.086,8887.034,163237.287,9.351,4.953,17.281,88.08,5.345,2.0,LST_ASSAM_2026_04.tif,0.0,3.0,2.0,1.0,5.0,0.0,1.0
MAJULI,18-760,2026_05,32,0.0,8285.086,8887.034,163237.287,9.351,4.953,17.281,88.08,5.345,2.0,LST_ASSAM_2026_05.tif,0.0,3.0,2.0,1.0,5.0,0.0,3.0
MORIGAON,18-304,2021_04,116,0.0,40566.165,88492.4,1120103.898,7.183,3.35,15.812,55.93,5.163,2.0,LST_ASSAM_2021_04.tif,0.0,2.0,3.0,2.0,5.0,0.0,1.0
MORIGAON,18-304,2021_05,116,0.0,40566.165,88492.4,1120103.898,7.183,3.35,15.812,55.93,5.163,3.0,LST_ASSAM_2021_05.tif,15.885,4.0,3.0,2.0,5.0,0.0,4.0
MORIGAON,18-304,2021_06,116,0.0,40566.165,88492.4,1120103.898,7.183,3.35,15.812,55.93,5.163,5.0,LST_ASSAM_2021_06.tif,25.87,3.0,3.0,2.0,5.0,0.0,3.0
MORIGAON,18-304,2021_07,116,0.0,40566.165,88492.4,1120103.898,7.183,3.35,15.812,55.93,5.163,1.0,LST_ASSAM_2021_07.tif,13.46,2.0,3.0,2.0,5.0,0.0,3.0
MORIGAON,18-304,2021_08,116,0.0,40566.165,88492.4,1120103.898,7.183,3.35,15.812,55.93,5.163,4.0,LST_ASSAM_2021_08.tif,9.765,3.0,3.0,2.0,5.0,0.0,3.0
MORIGAON,18-304,2021_09,116,0.0,40566.165,88492.4,1120103.898,7.183,3.35,15.812,55.93,5.163,4.0,LST_ASSAM_2021_09.tif,17.26,3.0,3.0,2.0,5.0,0.0,3.0
MORIGAON,18-304,2021_10,116,0.0,40566.165,88492.4,1120103.898,7.183,3.35,15.812,55.93,5.163,3.0,LST_ASSAM_2021_10.tif,59.23,3.0,3.0,2.0,5.0,0.0,4.0
MORIGAON,18-304,2021_11,116,0.0,40566.165,88492.4,1120103.898,7.183,3.35,15.812,55.93,5.163,5.0,LST_ASSAM_2021_11.tif,0.0,3.0,3.0,2.0,5.0,0.0,2.0
MORIGAON,18-304,2021_12,116,0.0,40566.165,88492.4,1120103.898,7.183,3.35,15.812,55.93,5.163,5.0,LST_ASSAM_2021_12.tif,0.0,3.0,3.0,2.0,5.0,0.0,2.0
MORIGAON,18-304,2022_01,116,0.0,42280.32,89492.506,1134860.181,7.183,3.35,15.812,55.93,5.163,4.0,LST_ASSAM_2022_01.tif,0.0,3.0,3.0,2.0,5.0,0.0,2.0
MORIGAON,18-304,2022_02,116,0.0,42280.32,89492.506,1134860.181,7.183,3.35,15.812,55.93,5.163,3.0,LST_ASSAM_2022_02.tif,0.0,3.0,3.0,2.0,5.0,0.0,2.0
MORIGAON,18-304,2022_03,116,0.0,42280.32,89492.506,1134860.181,7.183,3.35,15.812,55.93,5.163,3.0,LST_ASSAM_2022_03.tif,72.225,4.0,3.0,2.0,5.0,0.0,4.0
MORIGAON,18-304,2022_04,116,0.0,42280.32,89492.506,1134860.181,7.183,3.35,15.812,55.93,5.163,1.0,LST_ASSAM_2022_04.tif,0.0,3.0,3.0,2.0,5.0,0.0,2.0
MORIGAON,18-304,2022_05,116,0.0,42280.32,89492.506,1134860.181,7.183,3.35,15.812,55.93,5.163,3.0,LST_ASSAM_2022_05.tif,2.64,3.0,3.0,2.0,5.0,0.0,3.0
MORIGAON,18-304,2022_06,116,0.0,42280.32,89492.506,1134860.181,7.183,3.35,15.812,55.93,5.163,2.0,LST_ASSAM_2022_06.tif,6.21,3.0,3.0,2.0,5.0,0.0,3.0
MORIGAON,18-304,2022_07,116,5642872.2,42280.32,89492.506,1134860.181,7.183,3.35,15.812,55.93,5.163,1.0,LST_ASSAM_2022_07.tif,27.535,4.0,3.0,2.0,4.0,5642872.2,4.0
MORIGAON,18-304,2022_08,116,8665516.79,42280.32,89492.506,1134860.181,7.183,3.35,15.812,55.93,5.163,3.0,LST_ASSAM_2022_08.tif,27.09,3.0,3.0,2.0,4.0,14308388.99,3.0
MORIGAON,18-304,2022_09,116,0.0,42280.32,89492.506,1134860.181,7.183,3.35,15.812,55.93,5.163,3.0,LST_ASSAM_2022_09.tif,2.575,2.0,3.0,2.0,4.0,14308388.99,2.0
MORIGAON,18-304,2022_10,116,0.0,42280.32,89492.506,1134860.181,7.183,3.35,15.812,55.93,5.163,3.0,LST_ASSAM_2022_10.tif,34.02,3.0,3.0,2.0,4.0,14308388.99,3.0
MORIGAON,18-304,2022_11,116,0.0,42280.32,89492.506,1134860.181,7.183,3.35,15.812,55.93,5.163,5.0,LST_ASSAM_2022_11.tif,0.0,3.0,3.0,2.0,4.0,14308388.99,2.0
MORIGAON,18-304,2022_12,116,0.0,42280.32,89492.506,1134860.181,7.183,3.35,15.812,55.93,5.163,5.0,LST_ASSAM_2022_12.tif,0.0,3.0,3.0,2.0,5.0,14308388.99,2.0
MORIGAON,18-304,2023_01,116,0.0,43994.475,90492.612,1149616.464,7.183,3.35,15.812,55.93,5.163,5.0,LST_ASSAM_2023_01.tif,0.0,2.0,3.0,2.0,5.0,14308388.99,2.0
MORIGAON,18-304,2023_02,116,0.0,43994.475,90492.612,1149616.464,7.183,3.35,15.812,55.93,5.163,5.0,LST_ASSAM_2023_02.tif,0.1,2.0,3.0,2.0,5.0,14308388.99,2.0
MORIGAON,18-304,2023_03,116,0.0,43994.475,90492.612,1149616.464,7.183,3.35,15.812,55.93,5.163,3.0,LST_ASSAM_2023_03.tif,23.53,3.0,3.0,2.0,5.0,14308388.99,3.0
MORIGAON,18-304,2023_04,116,0.0,43994.475,90492.612,1149616.464,7.183,3.35,15.812,55.93,5.163,1.0,LST_ASSAM_2023_04.tif,1.96,2.0,3.0,2.0,5.0,0.0,2.0
MORIGAON,18-304,2023_05,116,0.0,43994.475,90492.612,1149616.464,7.183,3.35,15.812,55.93,5.163,4.0,LST_ASSAM_2023_05.tif,4.425,2.0,3.0,2.0,5.0,0.0,3.0
MORIGAON,18-304,2023_06,116,0.0,43994.475,90492.612,1149616.464,7.183,3.35,15.812,55.93,5.163,5.0,LST_ASSAM_2023_06.tif,33.625,2.0,3.0,2.0,5.0,0.0,3.0
MORIGAON,18-304,2023_07,116,0.0,43994.475,90492.612,1149616.464,7.183,3.35,15.812,55.93,5.163,1.0,LST_ASSAM_2023_07.tif,21.725,2.0,3.0,2.0,5.0,0.0,3.0
MORIGAON,18-304,2023_08,116,0.0,43994.475,90492.612,1149616.464,7.183,3.35,15.812,55.93,5.163,4.0,LST_ASSAM_2023_08.tif,21.17,3.0,3.0,2.0,5.0,0.0,3.0
MORIGAON,18-304,2023_09,116,0.0,43994.475,90492.612,1149616.464,7.183,3.35,15.812,55.93,5.163,3.0,LST_ASSAM_2023_09.tif,38.275,3.0,3.0,2.0,5.0,0.0,3.0
MORIGAON,18-304,2023_10,116,0.0,43994.475,90492.612,1149616.464,7.183,3.35,15.812,55.93,5.163,5.0,LST_ASSAM_2023_10.tif,37.14,3.0,3.0,2.0,5.0,0.0,4.0
MORIGAON,18-304,2023_11,116,0.0,43994.475,90492.612,1149616.464,7.183,3.35,15.812,55.93,5.163,5.0,LST_ASSAM_2023_11.tif,0.93,2.0,3.0,2.0,5.0,0.0,3.0
MORIGAON,18-304,2023_12,116,0.0,43994.475,90492.612,1149616.464,7.183,3.35,15.812,55.93,5.163,5.0,LST_ASSAM_2023_12.tif,0.0,3.0,3.0,2.0,5.0,0.0,2.0
MORIGAON,18-304,2024_01,116,0.0,45708.63,91492.718,1164372.747,7.183,3.35,15.812,55.93,5.163,5.0,LST_ASSAM_2024_01.tif,0.0,3.0,3.0,2.0,5.0,0.0,2.0
MORIGAON,18-304,2024_02,116,0.0,45708.63,91492.718,1164372.747,7.183,3.35,15.812,55.93,5.163,4.0,LST_ASSAM_2024_02.tif,0.0,3.0,3.0,2.0,5.0,0.0,2.0
MORIGAON,18-304,2024_03,116,0.0,45708.63,91492.718,1164372.747,7.183,3.35,15.812,55.93,5.163,3.0,LST_ASSAM_2024_03.tif,30.075,4.0,3.0,2.0,5.0,0.0,4.0
MORIGAON,18-304,2024_04,116,0.0,45708.63,91492.718,1164372.747,7.183,3.35,15.812,55.93,5.163,3.0,LST_ASSAM_2024_04.tif,0.0,3.0,3.0,2.0,5.0,0.0,2.0
MORIGAON,18-304,2024_05,116,37799000.0,45708.63,91492.718,1164372.747,7.183,3.35,15.812,55.93,5.163,4.0,LST_ASSAM_2024_05.tif,29.365,3.0,3.0,2.0,1.0,37799000.0,2.0
MORIGAON,18-304,2024_06,116,0.0,45708.63,91492.718,1164372.747,7.183,3.35,15.812,55.93,5.163,1.0,LST_ASSAM_2024_06.tif,38.76,3.0,3.0,2.0,1.0,37799000.0,2.0
MORIGAON,18-304,2024_07,116,0.0,45708.63,91492.718,1164372.747,7.183,3.35,15.812,55.93,5.163,1.0,LST_ASSAM_2024_07.tif,39.09,3.0,3.0,2.0,1.0,37799000.0,2.0
MORIGAON,18-304,2024_08,116,0.0,45708.63,91492.718,1164372.747,7.183,3.35,15.812,55.93,5.163,2.0,LST_ASSAM_2024_08.tif,17.64,2.0,3.0,2.0,2.0,37799000.0,2.0
MORIGAON,18-304,2024_09,116,0.0,45708.63,91492.718,1164372.747,7.183,3.35,15.812,55.93,5.163,5.0,LST_ASSAM_2024_09.tif,40.315,3.0,3.0,2.0,2.0,37799000.0,3.0
MORIGAON,18-304,2024_10,116,0.0,45708.63,91492.718,1164372.747,7.183,3.35,15.812,55.93,5.163,4.0,LST_ASSAM_2024_10.tif,27.485,3.0,3.0,2.0,2.0,37799000.0,3.0
MORIGAON,18-304,2024_11,116,0.0,45708.63,91492.718,1164372.747,7.183,3.35,15.812,55.93,5.163,5.0,LST_ASSAM_2024_11.tif,2.0,1.0,3.0,2.0,2.0,37799000.0,1.0
MORIGAON,18-304,2024_12,116,0.0,45708.63,91492.718,1164372.747,7.183,3.35,15.812,55.93,5.163,4.0,LST_ASSAM_2024_12.tif,0.0,3.0,3.0,2.0,3.0,37799000.0,2.0
MORIGAON,18-304,2025_01,116,0.0,47422.785,92492.824,1179129.03,7.183,3.35,15.812,55.93,5.163,5.0,LST_ASSAM_2025_01.tif,0.0,3.0,3.0,2.0,3.0,37799000.0,1.0
MORIGAON,18-304,2025_02,116,7367825.0,47422.785,92492.824,1179129.03,7.183,3.35,15.812,55.93,5.163,4.0,LST_ASSAM_2025_02.tif,0.0,2.0,3.0,2.0,4.0,45166825.0,2.0
MORIGAON,18-304,2025_03,116,0.0,47422.785,92492.824,1179129.03,7.183,3.35,15.812,55.93,5.163,3.0,LST_ASSAM_2025_03.tif,36.845,4.0,3.0,2.0,4.0,45166825.0,4.0
MORIGAON,18-304,2025_04,116,0.0,47422.785,92492.824,1179129.03,7.183,3.35,15.812,55.93,5.163,3.0,LST_ASSAM_2025_04.tif,0.0,2.0,3.0,2.0,5.0,0.0,2.0
MORIGAON,18-304,2025_05,116,0.0,47422.785,92492.824,1179129.03,7.183,3.35,15.812,55.93,5.163,4.0,LST_ASSAM_2025_05.tif,5.67,3.0,3.0,2.0,5.0,0.0,3.0
MORIGAON,18-304,2025_06,116,0.0,47422.785,92492.824,1179129.03,7.183,3.35,15.812,55.93,5.163,4.0,LST_ASSAM_2025_06.tif,48.92,3.0,3.0,2.0,5.0,0.0,4.0
MORIGAON,18-304,2025_07,116,0.0,47422.785,92492.824,1179129.03,7.183,3.35,15.812,55.93,5.163,3.0,LST_ASSAM_2025_07.tif,28.89,3.0,3.0,2.0,5.0,0.0,3.0
MORIGAON,18-304,2025_08,116,0.0,47422.785,92492.824,1179129.03,7.183,3.35,15.812,55.93,5.163,4.0,LST_ASSAM_2025_08.tif,6.27,2.0,3.0,2.0,5.0,0.0,3.0
MORIGAON,18-304,2025_09,116,0.0,47422.785,92492.824,1179129.03,7.183,3.35,15.812,55.93,5.163,4.0,LST_ASSAM_2025_09.tif,23.02,3.0,3.0,2.0,5.0,0.0,3.0
MORIGAON,18-304,2025_10,116,0.0,47422.785,92492.824,1179129.03,7.183,3.35,15.812,55.93,5.163,5.0,LST_ASSAM_2025_10.tif,50.275,3.0,3.0,2.0,5.0,0.0,4.0
MORIGAON,18-304,2025_11,116,0.0,47422.785,92492.824,1179129.03,7.183,3.35,15.812,55.93,5.163,5.0,LST_ASSAM_2025_11.tif,2.25,3.0,3.0,2.0,5.0,0.0,3.0
MORIGAON,18-304,2025_12,116,0.0,47422.785,92492.824,1179129.03,7.183,3.35,15.812,55.93,5.163,5.0,LST_ASSAM_2025_12.tif,0.0,3.0,3.0,2.0,5.0,0.0,2.0
MORIGAON,18-304,2026_01,116,0.0,49136.94,93492.93,1193885.313,7.183,3.35,15.812,55.93,5.163,4.0,LST_ASSAM_2026_01.tif,0.0,3.0,3.0,2.0,5.0,0.0,2.0
MORIGAON,18-304,2026_02,116,0.0,49136.94,93492.93,1193885.313,7.183,3.35,15.812,55.93,5.163,3.0,LST_ASSAM_2026_02.tif,4.0,2.0,3.0,2.0,5.0,0.0,2.0
MORIGAON,18-304,2026_03,116,0.0,49136.94,93492.93,1193885.313,7.183,3.35,15.812,55.93,5.163,2.0,LST_ASSAM_2026_03.tif,20.255,3.0,3.0,2.0,5.0,0.0,3.0
MORIGAON,18-304,2026_04,116,0.0,49136.94,93492.93,1193885.313,7.183,3.35,15.812,55.93,5.163,3.0,LST_ASSAM_2026_04.tif,0.0,3.0,3.0,2.0,5.0,0.0,2.0
MORIGAON,18-304,2026_05,116,0.0,49136.94,93492.93,1193885.313,7.183,3.35,15.812,55.93,5.163,3.0,LST_ASSAM_2026_05.tif,0.0,3.0,3.0,2.0,5.0,0.0,3.0
NAGAON,18-305,2021_04,277,0.0,93734.867,187668.384,2319902.07,9.826,4.975,23.508,69.66,5.167,3.0,LST_ASSAM_2021_04.tif,0.0,2.0,4.0,1.0,5.0,0.0,1.0
NAGAON,18-305,2021_05,277,0.0,93734.867,187668.384,2319902.07,9.826,4.975,23.508,69.66,5.167,3.0,LST_ASSAM_2021_05.tif,17.457,4.0,4.0,1.0,5.0,0.0,3.0
NAGAON,18-305,2021_06,277,0.0,93734.867,187668.384,2319902.07,9.826,4.975,23.508,69.66,5.167,4.0,LST_ASSAM_2021_06.tif,24.514,3.0,4.0,1.0,5.0,0.0,3.0
NAGAON,18-305,2021_07,277,0.0,93734.867,187668.384,2319902.07,9.826,4.975,23.508,69.66,5.167,4.0,LST_ASSAM_2021_07.tif,14.5,3.0,4.0,1.0,5.0,0.0,3.0
NAGAON,18-305,2021_08,277,0.0,93734.867,187668.384,2319902.07,9.826,4.975,23.508,69.66,5.167,4.0,LST_ASSAM_2021_08.tif,9.621,3.0,4.0,1.0,5.0,0.0,3.0
NAGAON,18-305,2021_09,277,0.0,93734.867,187668.384,2319902.07,9.826,4.975,23.508,69.66,5.167,4.0,LST_ASSAM_2021_09.tif,17.836,3.0,4.0,1.0,5.0,0.0,3.0
NAGAON,18-305,2021_10,277,0.0,93734.867,187668.384,2319902.07,9.826,4.975,23.508,69.66,5.167,3.0,LST_ASSAM_2021_10.tif,61.129,4.0,4.0,1.0,5.0,0.0,4.0
NAGAON,18-305,2021_11,277,0.0,93734.867,187668.384,2319902.07,9.826,4.975,23.508,69.66,5.167,4.0,LST_ASSAM_2021_11.tif,0.0,3.0,4.0,1.0,5.0,0.0,2.0
NAGAON,18-305,2021_12,277,0.0,93734.867,187668.384,2319902.07,9.826,4.975,23.508,69.66,5.167,4.0,LST_ASSAM_2021_12.tif,0.0,3.0,4.0,1.0,5.0,0.0,2.0
NAGAON,18-305,2022_01,277,0.0,97610.434,189578.01,2349536.044,9.826,4.975,23.508,69.66,5.167,4.0,LST_ASSAM_2022_01.tif,0.0,3.0,4.0,1.0,5.0,0.0,2.0
NAGAON,18-305,2022_02,277,0.0,97610.434,189578.01,2349536.044,9.826,4.975,23.508,69.66,5.167,4.0,LST_ASSAM_2022_02.tif,0.0,3.0,4.0,1.0,5.0,0.0,2.0
NAGAON,18-305,2022_03,277,0.0,97610.434,189578.01,2349536.044,9.826,4.975,23.508,69.66,5.167,3.0,LST_ASSAM_2022_03.tif,74.107,4.0,4.0,1.0,5.0,0.0,4.0
NAGAON,18-305,2022_04,277,0.0,97610.434,189578.01,2349536.044,9.826,4.975,23.508,69.66,5.167,2.0,LST_ASSAM_2022_04.tif,0.0,3.0,4.0,1.0,5.0,0.0,2.0
NAGAON,18-305,2022_05,277,0.0,97610.434,189578.01,2349536.044,9.826,4.975,23.508,69.66,5.167,4.0,LST_ASSAM_2022_05.tif,3.021,3.0,4.0,1.0,5.0,0.0,3.0
NAGAON,18-305,2022_06,277,0.0,97610.434,189578.01,2349536.044,9.826,4.975,23.508,69.66,5.167,2.0,LST_ASSAM_2022_06.tif,6.593,3.0,4.0,1.0,5.0,0.0,3.0
NAGAON,18-305,2022_07,277,0.0,97610.434,189578.01,2349536.044,9.826,4.975,23.508,69.66,5.167,3.0,LST_ASSAM_2022_07.tif,28.107,4.0,4.0,1.0,5.0,0.0,4.0
NAGAON,18-305,2022_08,277,6555959.29,97610.434,189578.01,2349536.044,9.826,4.975,23.508,69.66,5.167,2.0,LST_ASSAM_2022_08.tif,27.614,3.0,4.0,1.0,4.0,6555959.29,3.0
NAGAON,18-305,2022_09,277,19988475.66,97610.434,189578.01,2349536.044,9.826,4.975,23.508,69.66,5.167,4.0,LST_ASSAM_2022_09.tif,3.429,3.0,4.0,1.0,3.0,26544434.95,2.0
NAGAON,18-305,2022_10,277,0.0,97610.434,189578.01,2349536.044,9.826,4.975,23.508,69.66,5.167,4.0,LST_ASSAM_2022_10.tif,37.214,3.0,4.0,1.0,4.0,26544434.95,3.0
NAGAON,18-305,2022_11,277,0.0,97610.434,189578.01,2349536.044,9.826,4.975,23.508,69.66,5.167,4.0,LST_ASSAM_2022_11.tif,0.0,3.0,4.0,1.0,4.0,26544434.95,2.0
NAGAON,18-305,2022_12,277,0.0,97610.434,189578.01,2349536.044,9.826,4.975,23.508,69.66,5.167,4.0,LST_ASSAM_2022_12.tif,0.0,3.0,4.0,1.0,4.0,26544434.95,2.0
NAGAON,18-305,2023_01,277,0.0,101486.001,191487.636,2379170.017,9.826,4.975,23.508,69.66,5.167,4.0,LST_ASSAM_2023_01.tif,0.029,2.0,4.0,1.0,4.0,26544434.95,2.0
NAGAON,18-305,2023_02,277,0.0,101486.001,191487.636,2379170.017,9.826,4.975,23.508,69.66,5.167,4.0,LST_ASSAM_2023_02.tif,1.171,3.0,4.0,1.0,4.0,26544434.95,2.0
NAGAON,18-305,2023_03,277,0.0,101486.001,191487.636,2379170.017,9.826,4.975,23.508,69.66,5.167,3.0,LST_ASSAM_2023_03.tif,24.9,3.0,4.0,1.0,4.0,26544434.95,3.0
NAGAON,18-305,2023_04,277,0.0,101486.001,191487.636,2379170.017,9.826,4.975,23.508,69.66,5.167,2.0,LST_ASSAM_2023_04.tif,1.307,2.0,4.0,1.0,5.0,0.0,2.0
NAGAON,18-305,2023_05,277,0.0,101486.001,191487.636,2379170.017,9.826,4.975,23.508,69.66,5.167,4.0,LST_ASSAM_2023_05.tif,5.043,3.0,4.0,1.0,5.0,0.0,3.0
NAGAON,18-305,2023_06,277,0.0,101486.001,191487.636,2379170.017,9.826,4.975,23.508,69.66,5.167,4.0,LST_ASSAM_2023_06.tif,33.793,2.0,4.0,1.0,5.0,0.0,3.0
NAGAON,18-305,2023_07,277,0.0,101486.001,191487.636,2379170.017,9.826,4.975,23.508,69.66,5.167,2.0,LST_ASSAM_2023_07.tif,23.036,2.0,4.0,1.0,5.0,0.0,2.0
NAGAON,18-305,2023_08,277,0.0,101486.001,191487.636,2379170.017,9.826,4.975,23.508,69.66,5.167,4.0,LST_ASSAM_2023_08.tif,20.264,3.0,4.0,1.0,5.0,0.0,3.0
NAGAON,18-305,2023_09,277,0.0,101486.001,191487.636,2379170.017,9.826,4.975,23.508,69.66,5.167,4.0,LST_ASSAM_2023_09.tif,40.293,3.0,4.0,1.0,5.0,0.0,3.0
NAGAON,18-305,2023_10,277,0.0,101486.001,191487.636,2379170.017,9.826,4.975,23.508,69.66,5.167,4.0,LST_ASSAM_2023_10.tif,38.279,3.0,4.0,1.0,5.0,0.0,3.0
NAGAON,18-305,2023_11,277,0.0,101486.001,191487.636,2379170.017,9.826,4.975,23.508,69.66,5.167,4.0,LST_ASSAM_2023_11.tif,1.0,2.0,4.0,1.0,5.0,0.0,2.0
NAGAON,18-305,2023_12,277,0.0,101486.001,191487.636,2379170.017,9.826,4.975,23.508,69.66,5.167,4.0,LST_ASSAM_2023_12.tif,0.0,3.0,4.0,1.0,5.0,0.0,2.0
NAGAON,18-305,2024_01,277,0.0,105361.568,193397.262,2408803.991,9.826,4.975,23.508,69.66,5.167,4.0,LST_ASSAM_2024_01.tif,0.0,3.0,4.0,1.0,5.0,0.0,2.0
NAGAON,18-305,2024_02,277,0.0,105361.568,193397.262,2408803.991,9.826,4.975,23.508,69.66,5.167,4.0,LST_ASSAM_2024_02.tif,0.0,3.0,4.0,1.0,5.0,0.0,2.0
NAGAON,18-305,2024_03,277,0.0,105361.568,193397.262,2408803.991,9.826,4.975,23.508,69.66,5.167,4.0,LST_ASSAM_2024_03.tif,29.264,3.0,4.0,1.0,5.0,0.0,3.0
NAGAON,18-305,2024_04,277,0.0,105361.568,193397.262,2408803.991,9.826,4.975,23.508,69.66,5.167,3.0,LST_ASSAM_2024_04.tif,0.607,3.0,4.0,1.0,5.0,0.0,2.0
NAGAON,18-305,2024_05,277,0.0,105361.568,193397.262,2408803.991,9.826,4.975,23.508,69.66,5.167,4.0,LST_ASSAM_2024_05.tif,31.721,3.0,4.0,1.0,5.0,0.0,3.0
NAGAON,18-305,2024_06,277,0.0,105361.568,193397.262,2408803.991,9.826,4.975,23.508,69.66,5.167,4.0,LST_ASSAM_2024_06.tif,40.029,4.0,4.0,1.0,5.0,0.0,4.0
NAGAON,18-305,2024_07,277,14071620.0,105361.568,193397.262,2408803.991,9.826,4.975,23.508,69.66,5.167,1.0,LST_ASSAM_2024_07.tif,35.343,3.0,4.0,1.0,3.0,14071620.0,3.0
NAGAON,18-305,2024_08,277,56272258.0,105361.568,193397.262,2408803.991,9.826,4.975,23.508,69.66,5.167,2.0,LST_ASSAM_2024_08.tif,19.064,3.0,4.0,1.0,1.0,70343878.0,2.0
NAGAON,18-305,2024_09,277,0.0,105361.568,193397.262,2408803.991,9.826,4.975,23.508,69.66,5.167,4.0,LST_ASSAM_2024_09.tif,41.186,3.0,4.0,1.0,1.0,70343878.0,3.0
NAGAON,18-305,2024_10,277,0.0,105361.568,193397.262,2408803.991,9.826,4.975,23.508,69.66,5.167,4.0,LST_ASSAM_2024_10.tif,26.529,3.0,4.0,1.0,1.0,70343878.0,2.0
NAGAON,18-305,2024_11,277,0.0,105361.568,193397.262,2408803.991,9.826,4.975,23.508,69.66,5.167,3.0,LST_ASSAM_2024_11.tif,2.229,1.0,4.0,1.0,1.0,70343878.0,1.0
NAGAON,18-305,2024_12,277,0.0,105361.568,193397.262,2408803.991,9.826,4.975,23.508,69.66,5.167,3.0,LST_ASSAM_2024_12.tif,0.0,3.0,4.0,1.0,1.0,70343878.0,1.0
NAGAON,18-305,2025_01,277,0.0,109237.135,195306.888,2438437.964,9.826,4.975,23.508,69.66,5.167,4.0,LST_ASSAM_2025_01.tif,0.0,3.0,4.0,1.0,2.0,70343878.0,1.0
NAGAON,18-305,2025_02,277,0.0,109237.135,195306.888,2438437.964,9.826,4.975,23.508,69.66,5.167,4.0,LST_ASSAM_2025_02.tif,0.0,2.0,4.0,1.0,4.0,70343878.0,2.0
NAGAON,18-305,2025_03,277,0.0,109237.135,195306.888,2438437.964,9.826,4.975,23.508,69.66,5.167,3.0,LST_ASSAM_2025_03.tif,37.529,4.0,4.0,1.0,4.0,70343878.0,3.0
NAGAON,18-305,2025_04,277,0.0,109237.135,195306.888,2438437.964,9.826,4.975,23.508,69.66,5.167,3.0,LST_ASSAM_2025_04.tif,0.143,3.0,4.0,1.0,5.0,0.0,3.0
NAGAON,18-305,2025_05,277,0.0,109237.135,195306.888,2438437.964,9.826,4.975,23.508,69.66,5.167,5.0,LST_ASSAM_2025_05.tif,4.371,2.0,4.0,1.0,5.0,0.0,2.0
NAGAON,18-305,2025_06,277,0.0,109237.135,195306.888,2438437.964,9.826,4.975,23.508,69.66,5.167,5.0,LST_ASSAM_2025_06.tif,50.071,3.0,4.0,1.0,5.0,0.0,3.0
NAGAON,18-305,2025_07,277,0.0,109237.135,195306.888,2438437.964,9.826,4.975,23.508,69.66,5.167,3.0,LST_ASSAM_2025_07.tif,31.75,4.0,4.0,1.0,5.0,0.0,4.0
NAGAON,18-305,2025_08,277,0.0,109237.135,195306.888,2438437.964,9.826,4.975,23.508,69.66,5.167,3.0,LST_ASSAM_2025_08.tif,6.829,2.0,4.0,1.0,5.0,0.0,2.0
NAGAON,18-305,2025_09,277,0.0,109237.135,195306.888,2438437.964,9.826,4.975,23.508,69.66,5.167,3.0,LST_ASSAM_2025_09.tif,21.643,3.0,4.0,1.0,5.0,0.0,3.0
NAGAON,18-305,2025_10,277,0.0,109237.135,195306.888,2438437.964,9.826,4.975,23.508,69.66,5.167,4.0,LST_ASSAM_2025_10.tif,50.029,3.0,4.0,1.0,5.0,0.0,3.0
NAGAON,18-305,2025_11,277,0.0,109237.135,195306.888,2438437.964,9.826,4.975,23.508,69.66,5.167,4.0,LST_ASSAM_2025_11.tif,2.057,3.0,4.0,1.0,5.0,0.0,3.0
NAGAON,18-305,2025_12,277,0.0,109237.135,195306.888,2438437.964,9.826,4.975,23.508,69.66,5.167,4.0,LST_ASSAM_2025_12.tif,0.0,3.0,4.0,1.0,5.0,0.0,2.0
NAGAON,18-305,2026_01,277,0.0,113112.702,197216.514,2468071.938,9.826,4.975,23.508,69.66,5.167,4.0,LST_ASSAM_2026_01.tif,0.0,3.0,4.0,1.0,5.0,0.0,2.0
NAGAON,18-305,2026_02,277,0.0,113112.702,197216.514,2468071.938,9.826,4.975,23.508,69.66,5.167,4.0,LST_ASSAM_2026_02.tif,5.143,3.0,4.0,1.0,5.0,0.0,3.0
NAGAON,18-305,2026_03,277,50945356.0,113112.702,197216.514,2468071.938,9.826,4.975,23.508,69.66,5.167,2.0,LST_ASSAM_2026_03.tif,22.193,3.0,4.0,1.0,5.0,50945356.0,3.0
NAGAON,18-305,2026_04,277,0.0,113112.702,197216.514,2468071.938,9.826,4.975,23.508,69.66,5.167,2.0,LST_ASSAM_2026_04.tif,0.0,3.0,4.0,1.0,5.0,0.0,2.0
NAGAON,18-305,2026_05,277,0.0,113112.702,197216.514,2468071.938,9.826,4.975,23.508,69.66,5.167,4.0,LST_ASSAM_2026_05.tif,0.0,3.0,4.0,1.0,5.0,0.0,3.0
NALBARI,18-323,2021_04,142,0.0,40711.688,49652.356,959338.89,10.469,9.66,21.254,47.21,6.945,2.0,LST_ASSAM_2021_04.tif,0.0,2.0,2.0,1.0,5.0,0.0,1.0
NALBARI,18-323,2021_05,142,0.0,40711.688,49652.356,959338.89,10.469,9.66,21.254,47.21,6.945,2.0,LST_ASSAM_2021_05.tif,10.75,2.0,2.0,1.0,5.0,0.0,2.0
NALBARI,18-323,2021_06,142,0.0,40711.688,49652.356,959338.89,10.469,9.66,21.254,47.21,6.945,4.0,LST_ASSAM_2021_06.tif,20.646,2.0,2.0,1.0,5.0,0.0,2.0
NALBARI,18-323,2021_07,142,0.0,40711.688,49652.356,959338.89,10.469,9.66,21.254,47.21,6.945,3.0,LST_ASSAM_2021_07.tif,14.25,2.0,2.0,1.0,5.0,0.0,2.0
NALBARI,18-323,2021_08,142,26068062.8,40711.688,49652.356,959338.89,10.469,9.66,21.254,47.21,6.945,4.0,LST_ASSAM_2021_08.tif,9.438,3.0,2.0,1.0,4.0,26068062.8,3.0
NALBARI,18-323,2021_09,142,0.0,40711.688,49652.356,959338.89,10.469,9.66,21.254,47.21,6.945,3.0,LST_ASSAM_2021_09.tif,12.5,2.0,2.0,1.0,4.0,26068062.8,2.0
NALBARI,18-323,2021_10,142,0.0,40711.688,49652.356,959338.89,10.469,9.66,21.254,47.21,6.945,3.0,LST_ASSAM_2021_10.tif,51.688,3.0,2.0,1.0,4.0,26068062.8,3.0
NALBARI,18-323,2021_11,142,0.0,40711.688,49652.356,959338.89,10.469,9.66,21.254,47.21,6.945,4.0,LST_ASSAM_2021_11.tif,0.0,3.0,2.0,1.0,4.0,26068062.8,2.0
NALBARI,18-323,2021_12,142,0.0,40711.688,49652.356,959338.89,10.469,9.66,21.254,47.21,6.945,4.0,LST_ASSAM_2021_12.tif,0.0,3.0,2.0,1.0,4.0,26068062.8,2.0
NALBARI,18-323,2022_01,142,0.0,42122.672,49770.256,964758.123,10.469,9.66,21.254,47.21,6.945,3.0,LST_ASSAM_2022_01.tif,0.0,3.0,2.0,1.0,4.0,26068062.8,2.0
NALBARI,18-323,2022_02,142,0.0,42122.672,49770.256,964758.123,10.469,9.66,21.254,47.21,6.945,3.0,LST_ASSAM_2022_02.tif,0.0,3.0,2.0,1.0,4.0,26068062.8,2.0
NALBARI,18-323,2022_03,142,0.0,42122.672,49770.256,964758.123,10.469,9.66,21.254,47.21,6.945,3.0,LST_ASSAM_2022_03.tif,60.708,3.0,2.0,1.0,5.0,26068062.8,3.0
NALBARI,18-323,2022_04,142,0.0,42122.672,49770.256,964758.123,10.469,9.66,21.254,47.21,6.945,1.0,LST_ASSAM_2022_04.tif,0.0,3.0,2.0,1.0,5.0,0.0,2.0
NALBARI,18-323,2022_05,142,0.0,42122.672,49770.256,964758.123,10.469,9.66,21.254,47.21,6.945,2.0,LST_ASSAM_2022_05.tif,3.708,3.0,2.0,1.0,5.0,0.0,3.0
NALBARI,18-323,2022_06,142,0.0,42122.672,49770.256,964758.123,10.469,9.66,21.254,47.21,6.945,4.0,LST_ASSAM_2022_06.tif,8.708,4.0,2.0,1.0,5.0,0.0,3.0
NALBARI,18-323,2022_07,142,0.0,42122.672,49770.256,964758.123,10.469,9.66,21.254,47.21,6.945,2.0,LST_ASSAM_2022_07.tif,21.958,2.0,2.0,1.0,5.0,0.0,2.0
NALBARI,18-323,2022_08,142,0.0,42122.672,49770.256,964758.123,10.469,9.66,21.254,47.21,6.945,4.0,LST_ASSAM_2022_08.tif,21.979,2.0,2.0,1.0,5.0,0.0,3.0
NALBARI,18-323,2022_09,142,0.0,42122.672,49770.256,964758.123,10.469,9.66,21.254,47.21,6.945,4.0,LST_ASSAM_2022_09.tif,4.333,3.0,2.0,1.0,5.0,0.0,3.0
NALBARI,18-323,2022_10,142,0.0,42122.672,49770.256,964758.123,10.469,9.66,21.254,47.21,6.945,3.0,LST_ASSAM_2022_10.tif,30.833,2.0,2.0,1.0,5.0,0.0,2.0
NALBARI,18-323,2022_11,142,0.0,42122.672,49770.256,964758.123,10.469,9.66,21.254,47.21,6.945,4.0,LST_ASSAM_2022_11.tif,0.0,3.0,2.0,1.0,5.0,0.0,2.0
NALBARI,18-323,2022_12,142,64562885.0,42122.672,49770.256,964758.123,10.469,9.66,21.254,47.21,6.945,4.0,LST_ASSAM_2022_12.tif,0.0,3.0,2.0,1.0,3.0,64562885.0,1.0
NALBARI,18-323,2023_01,142,0.0,43533.656,49888.156,970177.356,10.469,9.66,21.254,47.21,6.945,4.0,LST_ASSAM_2023_01.tif,0.0,2.0,2.0,1.0,3.0,64562885.0,1.0
NALBARI,18-323,2023_02,142,0.0,43533.656,49888.156,970177.356,10.469,9.66,21.254,47.21,6.945,4.0,LST_ASSAM_2023_02.tif,0.0,2.0,2.0,1.0,3.0,64562885.0,1.0
NALBARI,18-323,2023_03,142,0.0,43533.656,49888.156,970177.356,10.469,9.66,21.254,47.21,6.945,2.0,LST_ASSAM_2023_03.tif,20.375,2.0,2.0,1.0,3.0,64562885.0,2.0
NALBARI,18-323,2023_04,142,0.0,43533.656,49888.156,970177.356,10.469,9.66,21.254,47.21,6.945,1.0,LST_ASSAM_2023_04.tif,4.167,3.0,2.0,1.0,5.0,0.0,3.0
NALBARI,18-323,2023_05,142,0.0,43533.656,49888.156,970177.356,10.469,9.66,21.254,47.21,6.945,2.0,LST_ASSAM_2023_05.tif,5.604,3.0,2.0,1.0,5.0,0.0,3.0
NALBARI,18-323,2023_06,142,0.0,43533.656,49888.156,970177.356,10.469,9.66,21.254,47.21,6.945,4.0,LST_ASSAM_2023_06.tif,33.312,2.0,2.0,1.0,5.0,0.0,3.0
NALBARI,18-323,2023_07,142,0.0,43533.656,49888.156,970177.356,10.469,9.66,21.254,47.21,6.945,2.0,LST_ASSAM_2023_07.tif,29.062,3.0,2.0,1.0,5.0,0.0,3.0
NALBARI,18-323,2023_08,142,0.0,43533.656,49888.156,970177.356,10.469,9.66,21.254,47.21,6.945,4.0,LST_ASSAM_2023_08.tif,19.188,3.0,2.0,1.0,5.0,0.0,3.0
NALBARI,18-323,2023_09,142,0.0,43533.656,49888.156,970177.356,10.469,9.66,21.254,47.21,6.945,3.0,LST_ASSAM_2023_09.tif,33.896,2.0,2.0,1.0,5.0,0.0,2.0
NALBARI,18-323,2023_10,142,0.0,43533.656,49888.156,970177.356,10.469,9.66,21.254,47.21,6.945,3.0,LST_ASSAM_2023_10.tif,32.854,2.0,2.0,1.0,5.0,0.0,3.0
NALBARI,18-323,2023_11,142,0.0,43533.656,49888.156,970177.356,10.469,9.66,21.254,47.21,6.945,4.0,LST_ASSAM_2023_11.tif,0.875,2.0,2.0,1.0,5.0,0.0,2.0
NALBARI,18-323,2023_12,142,0.0,43533.656,49888.156,970177.356,10.469,9.66,21.254,47.21,6.945,4.0,LST_ASSAM_2023_12.tif,0.0,3.0,2.0,1.0,5.0,0.0,2.0
NALBARI,18-323,2024_01,142,0.0,44944.64,50006.056,975596.589,10.469,9.66,21.254,47.21,6.945,4.0,LST_ASSAM_2024_01.tif,0.0,3.0,2.0,1.0,5.0,0.0,2.0
NALBARI,18-323,2024_02,142,0.0,44944.64,50006.056,975596.589,10.469,9.66,21.254,47.21,6.945,3.0,LST_ASSAM_2024_02.tif,0.0,3.0,2.0,1.0,5.0,0.0,2.0
NALBARI,18-323,2024_03,142,0.0,44944.64,50006.056,975596.589,10.469,9.66,21.254,47.21,6.945,3.0,LST_ASSAM_2024_03.tif,26.312,3.0,2.0,1.0,5.0,0.0,3.0
NALBARI,18-323,2024_04,142,0.0,44944.64,50006.056,975596.589,10.469,9.66,21.254,47.21,6.945,3.0,LST_ASSAM_2024_04.tif,0.375,3.0,2.0,1.0,5.0,0.0,2.0
NALBARI,18-323,2024_05,142,0.0,44944.64,50006.056,975596.589,10.469,9.66,21.254,47.21,6.945,4.0,LST_ASSAM_2024_05.tif,26.75,3.0,2.0,1.0,5.0,0.0,3.0
NALBARI,18-323,2024_06,142,0.0,44944.64,50006.056,975596.589,10.469,9.66,21.254,47.21,6.945,3.0,LST_ASSAM_2024_06.tif,35.354,3.0,2.0,1.0,5.0,0.0,3.0
NALBARI,18-323,2024_07,142,1.0,44944.64,50006.056,975596.589,10.469,9.66,21.254,47.21,6.945,2.0,LST_ASSAM_2024_07.tif,37.5,3.0,2.0,1.0,5.0,1.0,3.0
NALBARI,18-323,2024_08,142,1.0,44944.64,50006.056,975596.589,10.469,9.66,21.254,47.21,6.945,3.0,LST_ASSAM_2024_08.tif,19.917,3.0,2.0,1.0,5.0,2.0,3.0
NALBARI,18-323,2024_09,142,0.0,44944.64,50006.056,975596.589,10.469,9.66,21.254,47.21,6.945,4.0,LST_ASSAM_2024_09.tif,36.521,2.0,2.0,1.0,5.0,2.0,3.0
NALBARI,18-323,2024_10,142,0.0,44944.64,50006.056,975596.589,10.469,9.66,21.254,47.21,6.945,4.0,LST_ASSAM_2024_10.tif,22.646,2.0,2.0,1.0,5.0,2.0,2.0
NALBARI,18-323,2024_11,142,0.0,44944.64,50006.056,975596.589,10.469,9.66,21.254,47.21,6.945,4.0,LST_ASSAM_2024_11.tif,4.375,4.0,2.0,1.0,5.0,2.0,3.0
NALBARI,18-323,2024_12,142,0.0,44944.64,50006.056,975596.589,10.469,9.66,21.254,47.21,6.945,3.0,LST_ASSAM_2024_12.tif,0.0,3.0,2.0,1.0,5.0,2.0,2.0
NALBARI,18-323,2025_01,142,0.0,46355.624,50123.956,981015.822,10.469,9.66,21.254,47.21,6.945,4.0,LST_ASSAM_2025_01.tif,0.0,3.0,2.0,1.0,5.0,2.0,2.0
NALBARI,18-323,2025_02,142,8910637.19,46355.624,50123.956,981015.822,10.469,9.66,21.254,47.21,6.945,3.0,LST_ASSAM_2025_02.tif,0.0,2.0,2.0,1.0,5.0,8910639.19,2.0
NALBARI,18-323,2025_03,142,0.0,46355.624,50123.956,981015.822,10.469,9.66,21.254,47.21,6.945,3.0,LST_ASSAM_2025_03.tif,27.917,3.0,2.0,1.0,5.0,8910639.19,3.0
NALBARI,18-323,2025_04,142,0.0,46355.624,50123.956,981015.822,10.469,9.66,21.254,47.21,6.945,4.0,LST_ASSAM_2025_04.tif,0.104,3.0,2.0,1.0,5.0,0.0,3.0
NALBARI,18-323,2025_05,142,0.0,46355.624,50123.956,981015.822,10.469,9.66,21.254,47.21,6.945,2.0,LST_ASSAM_2025_05.tif,5.917,3.0,2.0,1.0,5.0,0.0,3.0
NALBARI,18-323,2025_06,142,0.0,46355.624,50123.956,981015.822,10.469,9.66,21.254,47.21,6.945,3.0,LST_ASSAM_2025_06.tif,42.583,2.0,2.0,1.0,5.0,0.0,3.0
NALBARI,18-323,2025_07,142,0.0,46355.624,50123.956,981015.822,10.469,9.66,21.254,47.21,6.945,4.0,LST_ASSAM_2025_07.tif,21.375,2.0,2.0,1.0,5.0,0.0,2.0
NALBARI,18-323,2025_08,142,0.0,46355.624,50123.956,981015.822,10.469,9.66,21.254,47.21,6.945,3.0,LST_ASSAM_2025_08.tif,7.312,2.0,2.0,1.0,5.0,0.0,2.0
NALBARI,18-323,2025_09,142,0.0,46355.624,50123.956,981015.822,10.469,9.66,21.254,47.21,6.945,4.0,LST_ASSAM_2025_09.tif,17.771,2.0,2.0,1.0,5.0,0.0,2.0
NALBARI,18-323,2025_10,142,0.0,46355.624,50123.956,981015.822,10.469,9.66,21.254,47.21,6.945,4.0,LST_ASSAM_2025_10.tif,46.167,2.0,2.0,1.0,5.0,0.0,3.0
NALBARI,18-323,2025_11,142,0.0,46355.624,50123.956,981015.822,10.469,9.66,21.254,47.21,6.945,5.0,LST_ASSAM_2025_11.tif,1.979,2.0,2.0,1.0,5.0,0.0,2.0
NALBARI,18-323,2025_12,142,4455512.1,46355.624,50123.956,981015.822,10.469,9.66,21.254,47.21,6.945,4.0,LST_ASSAM_2025_12.tif,0.0,3.0,2.0,1.0,5.0,4455512.1,2.0
NALBARI,18-323,2026_01,142,0.0,47766.608,50241.856,986435.056,10.469,9.66,21.254,47.21,6.945,3.0,LST_ASSAM_2026_01.tif,0.0,3.0,2.0,1.0,5.0,4455512.1,2.0
NALBARI,18-323,2026_02,142,0.0,47766.608,50241.856,986435.056,10.469,9.66,21.254,47.21,6.945,3.0,LST_ASSAM_2026_02.tif,3.604,2.0,2.0,1.0,5.0,4455512.1,2.0
NALBARI,18-323,2026_03,142,0.0,47766.608,50241.856,986435.056,10.469,9.66,21.254,47.21,6.945,3.0,LST_ASSAM_2026_03.tif,17.458,2.0,2.0,1.0,5.0,4455512.1,2.0
NALBARI,18-323,2026_04,142,0.0,47766.608,50241.856,986435.056,10.469,9.66,21.254,47.21,6.945,3.0,LST_ASSAM_2026_04.tif,0.0,3.0,2.0,1.0,5.0,0.0,1.0
NALBARI,18-323,2026_05,142,0.0,47766.608,50241.856,986435.056,10.469,9.66,21.254,47.21,6.945,4.0,LST_ASSAM_2026_05.tif,0.0,3.0,2.0,1.0,5.0,0.0,3.0
SIVASAGAR,18-311,2021_04,143,0.0,42376.605,58515.141,778294.753,10.378,6.811,8.957,82.09,6.945,5.0,LST_ASSAM_2021_04.tif,0.0,2.0,3.0,1.0,5.0,0.0,1.0
SIVASAGAR,18-311,2021_05,143,0.0,42376.605,58515.141,778294.753,10.378,6.811,8.957,82.09,6.945,4.0,LST_ASSAM_2021_05.tif,14.042,3.0,3.0,1.0,5.0,0.0,3.0
SIVASAGAR,18-311,2021_06,143,0.0,42376.605,58515.141,778294.753,10.378,6.811,8.957,82.09,6.945,2.0,LST_ASSAM_2021_06.tif,28.246,4.0,3.0,1.0,5.0,0.0,4.0
SIVASAGAR,18-311,2021_07,143,0.0,42376.605,58515.141,778294.753,10.378,6.811,8.957,82.09,6.945,4.0,LST_ASSAM_2021_07.tif,21.904,5.0,3.0,1.0,5.0,0.0,4.0
SIVASAGAR,18-311,2021_08,143,0.0,42376.605,58515.141,778294.753,10.378,6.811,8.957,82.09,6.945,4.0,LST_ASSAM_2021_08.tif,10.275,3.0,3.0,1.0,5.0,0.0,3.0
SIVASAGAR,18-311,2021_09,143,0.0,42376.605,58515.141,778294.753,10.378,6.811,8.957,82.09,6.945,5.0,LST_ASSAM_2021_09.tif,14.742,3.0,3.0,1.0,5.0,0.0,3.0
SIVASAGAR,18-311,2021_10,143,0.0,42376.605,58515.141,778294.753,10.378,6.811,8.957,82.09,6.945,5.0,LST_ASSAM_2021_10.tif,65.0,4.0,3.0,1.0,5.0,0.0,4.0
SIVASAGAR,18-311,2021_11,143,0.0,42376.605,58515.141,778294.753,10.378,6.811,8.957,82.09,6.945,4.0,LST_ASSAM_2021_11.tif,0.0,3.0,3.0,1.0,5.0,0.0,2.0
SIVASAGAR,18-311,2021_12,143,0.0,42376.605,58515.141,778294.753,10.378,6.811,8.957,82.09,6.945,4.0,LST_ASSAM_2021_12.tif,0.0,3.0,3.0,1.0,5.0,0.0,2.0
SIVASAGAR,18-311,2022_01,143,0.0,43659.734,58319.848,780035.184,10.378,6.811,8.957,82.09,6.945,5.0,LST_ASSAM_2022_01.tif,0.212,3.0,3.0,1.0,5.0,0.0,2.0
SIVASAGAR,18-311,2022_02,143,0.0,43659.734,58319.848,780035.184,10.378,6.811,8.957,82.09,6.945,5.0,LST_ASSAM_2022_02.tif,0.112,3.0,3.0,1.0,5.0,0.0,2.0
SIVASAGAR,18-311,2022_03,143,0.0,43659.734,58319.848,780035.184,10.378,6.811,8.957,82.09,6.945,3.0,LST_ASSAM_2022_03.tif,74.254,4.0,3.0,1.0,5.0,0.0,4.0
SIVASAGAR,18-311,2022_04,143,0.0,43659.734,58319.848,780035.184,10.378,6.811,8.957,82.09,6.945,4.0,LST_ASSAM_2022_04.tif,0.0,3.0,3.0,1.0,5.0,0.0,2.0
SIVASAGAR,18-311,2022_05,143,0.0,43659.734,58319.848,780035.184,10.378,6.811,8.957,82.09,6.945,4.0,LST_ASSAM_2022_05.tif,3.154,3.0,3.0,1.0,5.0,0.0,3.0
SIVASAGAR,18-311,2022_06,143,0.0,43659.734,58319.848,780035.184,10.378,6.811,8.957,82.09,6.945,3.0,LST_ASSAM_2022_06.tif,7.546,4.0,3.0,1.0,5.0,0.0,4.0
SIVASAGAR,18-311,2022_07,143,0.0,43659.734,58319.848,780035.184,10.378,6.811,8.957,82.09,6.945,5.0,LST_ASSAM_2022_07.tif,23.833,3.0,3.0,1.0,5.0,0.0,3.0
SIVASAGAR,18-311,2022_08,143,0.0,43659.734,58319.848,780035.184,10.378,6.811,8.957,82.09,6.945,4.0,LST_ASSAM_2022_08.tif,34.683,4.0,3.0,1.0,5.0,0.0,4.0
SIVASAGAR,18-311,2022_09,143,0.0,43659.734,58319.848,780035.184,10.378,6.811,8.957,82.09,6.945,3.0,LST_ASSAM_2022_09.tif,1.871,2.0,3.0,1.0,5.0,0.0,2.0
SIVASAGAR,18-311,2022_10,143,0.0,43659.734,58319.848,780035.184,10.378,6.811,8.957,82.09,6.945,3.0,LST_ASSAM_2022_10.tif,42.708,4.0,3.0,1.0,5.0,0.0,4.0
SIVASAGAR,18-311,2022_11,143,0.0,43659.734,58319.848,780035.184,10.378,6.811,8.957,82.09,6.945,3.0,LST_ASSAM_2022_11.tif,0.0,3.0,3.0,1.0,5.0,0.0,2.0
SIVASAGAR,18-311,2022_12,143,0.0,43659.734,58319.848,780035.184,10.378,6.811,8.957,82.09,6.945,3.0,LST_ASSAM_2022_12.tif,0.0,3.0,3.0,1.0,5.0,0.0,2.0
SIVASAGAR,18-311,2023_01,143,0.0,44942.863,58124.555,781775.616,10.378,6.811,8.957,82.09,6.945,4.0,LST_ASSAM_2023_01.tif,0.842,4.0,3.0,1.0,5.0,0.0,3.0
SIVASAGAR,18-311,2023_02,143,0.0,44942.863,58124.555,781775.616,10.378,6.811,8.957,82.09,6.945,4.0,LST_ASSAM_2023_02.tif,6.296,4.0,3.0,1.0,5.0,0.0,3.0
SIVASAGAR,18-311,2023_03,143,0.0,44942.863,58124.555,781775.616,10.378,6.811,8.957,82.09,6.945,3.0,LST_ASSAM_2023_03.tif,31.904,4.0,3.0,1.0,5.0,0.0,4.0
SIVASAGAR,18-311,2023_04,143,0.0,44942.863,58124.555,781775.616,10.378,6.811,8.957,82.09,6.945,1.0,LST_ASSAM_2023_04.tif,0.0,2.0,3.0,1.0,5.0,0.0,2.0
SIVASAGAR,18-311,2023_05,143,0.0,44942.863,58124.555,781775.616,10.378,6.811,8.957,82.09,6.945,3.0,LST_ASSAM_2023_05.tif,3.392,2.0,3.0,1.0,5.0,0.0,2.0
SIVASAGAR,18-311,2023_06,143,0.0,44942.863,58124.555,781775.616,10.378,6.811,8.957,82.09,6.945,2.0,LST_ASSAM_2023_06.tif,40.471,4.0,3.0,1.0,5.0,0.0,4.0
SIVASAGAR,18-311,2023_07,143,0.0,44942.863,58124.555,781775.616,10.378,6.811,8.957,82.09,6.945,2.0,LST_ASSAM_2023_07.tif,23.158,2.0,3.0,1.0,5.0,0.0,2.0
SIVASAGAR,18-311,2023_08,143,0.0,44942.863,58124.555,781775.616,10.378,6.811,8.957,82.09,6.945,2.0,LST_ASSAM_2023_08.tif,19.579,3.0,3.0,1.0,5.0,0.0,3.0
SIVASAGAR,18-311,2023_09,143,0.0,44942.863,58124.555,781775.616,10.378,6.811,8.957,82.09,6.945,5.0,LST_ASSAM_2023_09.tif,41.908,4.0,3.0,1.0,5.0,0.0,4.0
SIVASAGAR,18-311,2023_10,143,0.0,44942.863,58124.555,781775.616,10.378,6.811,8.957,82.09,6.945,2.0,LST_ASSAM_2023_10.tif,43.667,4.0,3.0,1.0,5.0,0.0,4.0
SIVASAGAR,18-311,2023_11,143,0.0,44942.863,58124.555,781775.616,10.378,6.811,8.957,82.09,6.945,2.0,LST_ASSAM_2023_11.tif,1.0,2.0,3.0,1.0,5.0,0.0,2.0
SIVASAGAR,18-311,2023_12,143,0.0,44942.863,58124.555,781775.616,10.378,6.811,8.957,82.09,6.945,3.0,LST_ASSAM_2023_12.tif,0.0,3.0,3.0,1.0,5.0,0.0,2.0
SIVASAGAR,18-311,2024_01,143,0.0,46225.992,57929.262,783516.047,10.378,6.811,8.957,82.09,6.945,3.0,LST_ASSAM_2024_01.tif,0.0,3.0,3.0,1.0,5.0,0.0,2.0
SIVASAGAR,18-311,2024_02,143,0.0,46225.992,57929.262,783516.047,10.378,6.811,8.957,82.09,6.945,3.0,LST_ASSAM_2024_02.tif,0.0,3.0,3.0,1.0,5.0,0.0,2.0
SIVASAGAR,18-311,2024_03,143,0.0,46225.992,57929.262,783516.047,10.378,6.811,8.957,82.09,6.945,3.0,LST_ASSAM_2024_03.tif,29.971,4.0,3.0,1.0,5.0,0.0,4.0
SIVASAGAR,18-311,2024_04,143,0.0,46225.992,57929.262,783516.047,10.378,6.811,8.957,82.09,6.945,2.0,LST_ASSAM_2024_04.tif,0.0,3.0,3.0,1.0,5.0,0.0,2.0
SIVASAGAR,18-311,2024_05,143,0.0,46225.992,57929.262,783516.047,10.378,6.811,8.957,82.09,6.945,2.0,LST_ASSAM_2024_05.tif,21.383,2.0,3.0,1.0,5.0,0.0,2.0
SIVASAGAR,18-311,2024_06,143,0.0,46225.992,57929.262,783516.047,10.378,6.811,8.957,82.09,6.945,4.0,LST_ASSAM_2024_06.tif,34.008,3.0,3.0,1.0,5.0,0.0,3.0
SIVASAGAR,18-311,2024_07,143,0.0,46225.992,57929.262,783516.047,10.378,6.811,8.957,82.09,6.945,4.0,LST_ASSAM_2024_07.tif,36.325,3.0,3.0,1.0,5.0,0.0,3.0
SIVASAGAR,18-311,2024_08,143,0.0,46225.992,57929.262,783516.047,10.378,6.811,8.957,82.09,6.945,5.0,LST_ASSAM_2024_08.tif,26.129,4.0,3.0,1.0,5.0,0.0,4.0
SIVASAGAR,18-311,2024_09,143,0.0,46225.992,57929.262,783516.047,10.378,6.811,8.957,82.09,6.945,4.0,LST_ASSAM_2024_09.tif,43.142,3.0,3.0,1.0,5.0,0.0,3.0
SIVASAGAR,18-311,2024_10,143,0.0,46225.992,57929.262,783516.047,10.378,6.811,8.957,82.09,6.945,5.0,LST_ASSAM_2024_10.tif,24.917,3.0,3.0,1.0,5.0,0.0,3.0
SIVASAGAR,18-311,2024_11,143,0.0,46225.992,57929.262,783516.047,10.378,6.811,8.957,82.09,6.945,3.0,LST_ASSAM_2024_11.tif,3.054,2.0,3.0,1.0,5.0,0.0,2.0
SIVASAGAR,18-311,2024_12,143,0.0,46225.992,57929.262,783516.047,10.378,6.811,8.957,82.09,6.945,2.0,LST_ASSAM_2024_12.tif,0.0,3.0,3.0,1.0,5.0,0.0,2.0
SIVASAGAR,18-311,2025_01,143,0.0,47509.121,57733.969,785256.478,10.378,6.811,8.957,82.09,6.945,3.0,LST_ASSAM_2025_01.tif,0.0,3.0,3.0,1.0,5.0,0.0,2.0
SIVASAGAR,18-311,2025_02,143,0.0,47509.121,57733.969,785256.478,10.378,6.811,8.957,82.09,6.945,2.0,LST_ASSAM_2025_02.tif,0.992,4.0,3.0,1.0,5.0,0.0,3.0
SIVASAGAR,18-311,2025_03,143,0.0,47509.121,57733.969,785256.478,10.378,6.811,8.957,82.09,6.945,2.0,LST_ASSAM_2025_03.tif,28.933,3.0,3.0,1.0,5.0,0.0,3.0
SIVASAGAR,18-311,2025_04,143,0.0,47509.121,57733.969,785256.478,10.378,6.811,8.957,82.09,6.945,2.0,LST_ASSAM_2025_04.tif,0.0,2.0,3.0,1.0,5.0,0.0,2.0
SIVASAGAR,18-311,2025_05,143,0.0,47509.121,57733.969,785256.478,10.378,6.811,8.957,82.09,6.945,3.0,LST_ASSAM_2025_05.tif,4.121,2.0,3.0,1.0,5.0,0.0,2.0
SIVASAGAR,18-311,2025_06,143,0.0,47509.121,57733.969,785256.478,10.378,6.811,8.957,82.09,6.945,5.0,LST_ASSAM_2025_06.tif,55.158,4.0,3.0,1.0,5.0,0.0,4.0
SIVASAGAR,18-311,2025_07,143,0.0,47509.121,57733.969,785256.478,10.378,6.811,8.957,82.09,6.945,3.0,LST_ASSAM_2025_07.tif,27.504,3.0,3.0,1.0,5.0,0.0,3.0
SIVASAGAR,18-311,2025_08,143,0.0,47509.121,57733.969,785256.478,10.378,6.811,8.957,82.09,6.945,5.0,LST_ASSAM_2025_08.tif,10.096,4.0,3.0,1.0,5.0,0.0,4.0
SIVASAGAR,18-311,2025_09,143,0.0,47509.121,57733.969,785256.478,10.378,6.811,8.957,82.09,6.945,4.0,LST_ASSAM_2025_09.tif,22.062,3.0,3.0,1.0,5.0,0.0,3.0
SIVASAGAR,18-311,2025_10,143,0.0,47509.121,57733.969,785256.478,10.378,6.811,8.957,82.09,6.945,2.0,LST_ASSAM_2025_10.tif,51.621,3.0,3.0,1.0,5.0,0.0,3.0
SIVASAGAR,18-311,2025_11,143,0.0,47509.121,57733.969,785256.478,10.378,6.811,8.957,82.09,6.945,3.0,LST_ASSAM_2025_11.tif,1.208,2.0,3.0,1.0,5.0,0.0,2.0
SIVASAGAR,18-311,2025_12,143,0.0,47509.121,57733.969,785256.478,10.378,6.811,8.957,82.09,6.945,3.0,LST_ASSAM_2025_12.tif,0.0,3.0,3.0,1.0,5.0,0.0,2.0
SIVASAGAR,18-311,2026_01,143,0.0,48792.25,57538.676,786996.909,10.378,6.811,8.957,82.09,6.945,3.0,LST_ASSAM_2026_01.tif,0.0,3.0,3.0,1.0,5.0,0.0,2.0
SIVASAGAR,18-311,2026_02,143,0.0,48792.25,57538.676,786996.909,10.378,6.811,8.957,82.09,6.945,4.0,LST_ASSAM_2026_02.tif,15.896,5.0,3.0,1.0,5.0,0.0,4.0
SIVASAGAR,18-311,2026_03,143,0.0,48792.25,57538.676,786996.909,10.378,6.811,8.957,82.09,6.945,4.0,LST_ASSAM_2026_03.tif,34.875,5.0,3.0,1.0,5.0,0.0,4.0
SIVASAGAR,18-311,2026_04,143,0.0,48792.25,57538.676,786996.909,10.378,6.811,8.957,82.09,6.945,4.0,LST_ASSAM_2026_04.tif,0.0,3.0,3.0,1.0,5.0,0.0,1.0
SIVASAGAR,18-311,2026_05,143,0.0,48792.25,57538.676,786996.909,10.378,6.811,8.957,82.09,6.945,3.0,LST_ASSAM_2026_05.tif,0.0,3.0,3.0,1.0,5.0,0.0,3.0
SONITPUR,18-306,2021_04,158,0.0,65692.946,118736.853,1446186.266,9.79,6.036,13.191,84.82,6.025,4.0,LST_ASSAM_2021_04.tif,0.517,3.0,5.0,4.0,5.0,0.0,3.0
SONITPUR,18-306,2021_05,158,0.0,65692.946,118736.853,1446186.266,9.79,6.036,13.191,84.82,6.025,2.0,LST_ASSAM_2021_05.tif,17.637,4.0,5.0,4.0,5.0,0.0,4.0
SONITPUR,18-306,2021_06,158,0.0,65692.946,118736.853,1446186.266,9.79,6.036,13.191,84.82,6.025,4.0,LST_ASSAM_2021_06.tif,29.901,4.0,5.0,4.0,5.0,0.0,4.0
SONITPUR,18-306,2021_07,158,0.0,65692.946,118736.853,1446186.266,9.79,6.036,13.191,84.82,6.025,3.0,LST_ASSAM_2021_07.tif,14.352,2.0,5.0,4.0,5.0,0.0,3.0
SONITPUR,18-306,2021_08,158,0.0,65692.946,118736.853,1446186.266,9.79,6.036,13.191,84.82,6.025,2.0,LST_ASSAM_2021_08.tif,10.157,3.0,5.0,4.0,5.0,0.0,4.0
SONITPUR,18-306,2021_09,158,0.0,65692.946,118736.853,1446186.266,9.79,6.036,13.191,84.82,6.025,3.0,LST_ASSAM_2021_09.tif,15.49,3.0,5.0,4.0,5.0,0.0,4.0
SONITPUR,18-306,2021_10,158,0.0,65692.946,118736.853,1446186.266,9.79,6.036,13.191,84.82,6.025,4.0,LST_ASSAM_2021_10.tif,62.14,4.0,5.0,4.0,5.0,0.0,5.0
SONITPUR,18-306,2021_11,158,0.0,65692.946,118736.853,1446186.266,9.79,6.036,13.191,84.82,6.025,4.0,LST_ASSAM_2021_11.tif,0.0,3.0,5.0,4.0,5.0,0.0,3.0
SONITPUR,18-306,2021_12,158,0.0,65692.946,118736.853,1446186.266,9.79,6.036,13.191,84.82,6.025,5.0,LST_ASSAM_2021_12.tif,0.0,3.0,5.0,4.0,5.0,0.0,3.0
SONITPUR,18-306,2022_01,158,0.0,68323.1,119771.414,1457402.016,9.79,6.036,13.191,84.82,6.025,5.0,LST_ASSAM_2022_01.tif,0.286,3.0,5.0,4.0,5.0,0.0,3.0
SONITPUR,18-306,2022_02,158,0.0,68323.1,119771.414,1457402.016,9.79,6.036,13.191,84.82,6.025,3.0,LST_ASSAM_2022_02.tif,0.268,3.0,5.0,4.0,5.0,0.0,3.0
SONITPUR,18-306,2022_03,158,0.0,68323.1,119771.414,1457402.016,9.79,6.036,13.191,84.82,6.025,4.0,LST_ASSAM_2022_03.tif,74.452,4.0,5.0,4.0,5.0,0.0,5.0
SONITPUR,18-306,2022_04,158,0.0,68323.1,119771.414,1457402.016,9.79,6.036,13.191,84.82,6.025,2.0,LST_ASSAM_2022_04.tif,0.0,3.0,5.0,4.0,5.0,0.0,3.0
SONITPUR,18-306,2022_05,158,0.0,68323.1,119771.414,1457402.016,9.79,6.036,13.191,84.82,6.025,3.0,LST_ASSAM_2022_05.tif,3.211,3.0,5.0,4.0,5.0,0.0,4.0
SONITPUR,18-306,2022_06,158,0.0,68323.1,119771.414,1457402.016,9.79,6.036,13.191,84.82,6.025,2.0,LST_ASSAM_2022_06.tif,6.701,3.0,5.0,4.0,5.0,0.0,4.0
SONITPUR,18-306,2022_07,158,0.0,68323.1,119771.414,1457402.016,9.79,6.036,13.191,84.82,6.025,1.0,LST_ASSAM_2022_07.tif,26.518,3.0,5.0,4.0,5.0,0.0,4.0
SONITPUR,18-306,2022_08,158,7244137.8,68323.1,119771.414,1457402.016,9.79,6.036,13.191,84.82,6.025,2.0,LST_ASSAM_2022_08.tif,32.787,4.0,5.0,4.0,4.0,7244137.8,5.0
SONITPUR,18-306,2022_09,158,0.0,68323.1,119771.414,1457402.016,9.79,6.036,13.191,84.82,6.025,5.0,LST_ASSAM_2022_09.tif,3.871,3.0,5.0,4.0,5.0,7244137.8,3.0
SONITPUR,18-306,2022_10,158,0.0,68323.1,119771.414,1457402.016,9.79,6.036,13.191,84.82,6.025,3.0,LST_ASSAM_2022_10.tif,38.15,3.0,5.0,4.0,5.0,7244137.8,4.0
SONITPUR,18-306,2022_11,158,0.0,68323.1,119771.414,1457402.016,9.79,6.036,13.191,84.82,6.025,4.0,LST_ASSAM_2022_11.tif,0.018,3.0,5.0,4.0,5.0,7244137.8,3.0
SONITPUR,18-306,2022_12,158,0.0,68323.1,119771.414,1457402.016,9.79,6.036,13.191,84.82,6.025,4.0,LST_ASSAM_2022_12.tif,0.0,3.0,5.0,4.0,5.0,7244137.8,3.0
SONITPUR,18-306,2023_01,158,9377820.0,70953.254,120805.975,1468617.766,9.79,6.036,13.191,84.82,6.025,5.0,LST_ASSAM_2023_01.tif,0.352,3.0,5.0,4.0,5.0,16621957.8,3.0
SONITPUR,18-306,2023_02,158,0.0,70953.254,120805.975,1468617.766,9.79,6.036,13.191,84.82,6.025,4.0,LST_ASSAM_2023_02.tif,3.768,3.0,5.0,4.0,5.0,16621957.8,3.0
SONITPUR,18-306,2023_03,158,0.0,70953.254,120805.975,1468617.766,9.79,6.036,13.191,84.82,6.025,4.0,LST_ASSAM_2023_03.tif,27.702,3.0,5.0,4.0,5.0,16621957.8,4.0
SONITPUR,18-306,2023_04,158,0.0,70953.254,120805.975,1468617.766,9.79,6.036,13.191,84.82,6.025,2.0,LST_ASSAM_2023_04.tif,2.817,3.0,5.0,4.0,5.0,0.0,3.0
SONITPUR,18-306,2023_05,158,0.0,70953.254,120805.975,1468617.766,9.79,6.036,13.191,84.82,6.025,3.0,LST_ASSAM_2023_05.tif,7.21,4.0,5.0,4.0,5.0,0.0,4.0
SONITPUR,18-306,2023_06,158,0.0,70953.254,120805.975,1468617.766,9.79,6.036,13.191,84.82,6.025,3.0,LST_ASSAM_2023_06.tif,38.453,3.0,5.0,4.0,5.0,0.0,4.0
SONITPUR,18-306,2023_07,158,0.0,70953.254,120805.975,1468617.766,9.79,6.036,13.191,84.82,6.025,2.0,LST_ASSAM_2023_07.tif,27.639,3.0,5.0,4.0,5.0,0.0,4.0
SONITPUR,18-306,2023_08,158,0.0,70953.254,120805.975,1468617.766,9.79,6.036,13.191,84.82,6.025,3.0,LST_ASSAM_2023_08.tif,20.038,3.0,5.0,4.0,5.0,0.0,4.0
SONITPUR,18-306,2023_09,158,0.0,70953.254,120805.975,1468617.766,9.79,6.036,13.191,84.82,6.025,4.0,LST_ASSAM_2023_09.tif,43.019,4.0,5.0,4.0,5.0,0.0,4.0
SONITPUR,18-306,2023_10,158,0.0,70953.254,120805.975,1468617.766,9.79,6.036,13.191,84.82,6.025,3.0,LST_ASSAM_2023_10.tif,41.537,4.0,5.0,4.0,5.0,0.0,5.0
SONITPUR,18-306,2023_11,158,69209772.0,70953.254,120805.975,1468617.766,9.79,6.036,13.191,84.82,6.025,4.0,LST_ASSAM_2023_11.tif,1.189,3.0,5.0,4.0,5.0,69209772.0,4.0
SONITPUR,18-306,2023_12,158,0.0,70953.254,120805.975,1468617.766,9.79,6.036,13.191,84.82,6.025,5.0,LST_ASSAM_2023_12.tif,0.0,3.0,5.0,4.0,5.0,69209772.0,3.0
SONITPUR,18-306,2024_01,158,0.0,73583.408,121840.536,1479833.516,9.79,6.036,13.191,84.82,6.025,5.0,LST_ASSAM_2024_01.tif,0.0,3.0,5.0,4.0,5.0,69209772.0,3.0
SONITPUR,18-306,2024_02,158,0.0,73583.408,121840.536,1479833.516,9.79,6.036,13.191,84.82,6.025,5.0,LST_ASSAM_2024_02.tif,0.036,3.0,5.0,4.0,5.0,69209772.0,3.0
SONITPUR,18-306,2024_03,158,0.0,73583.408,121840.536,1479833.516,9.79,6.036,13.191,84.82,6.025,4.0,LST_ASSAM_2024_03.tif,32.927,4.0,5.0,4.0,5.0,69209772.0,4.0
SONITPUR,18-306,2024_04,158,0.0,73583.408,121840.536,1479833.516,9.79,6.036,13.191,84.82,6.025,3.0,LST_ASSAM_2024_04.tif,0.599,3.0,5.0,4.0,5.0,0.0,3.0
SONITPUR,18-306,2024_05,158,0.0,73583.408,121840.536,1479833.516,9.79,6.036,13.191,84.82,6.025,3.0,LST_ASSAM_2024_05.tif,32.208,3.0,5.0,4.0,5.0,0.0,4.0
SONITPUR,18-306,2024_06,158,0.0,73583.408,121840.536,1479833.516,9.79,6.036,13.191,84.82,6.025,1.0,LST_ASSAM_2024_06.tif,39.984,4.0,5.0,4.0,5.0,0.0,4.0
SONITPUR,18-306,2024_07,158,2.0,73583.408,121840.536,1479833.516,9.79,6.036,13.191,84.82,6.025,1.0,LST_ASSAM_2024_07.tif,35.427,3.0,5.0,4.0,5.0,2.0,4.0
SONITPUR,18-306,2024_08,158,1.0,73583.408,121840.536,1479833.516,9.79,6.036,13.191,84.82,6.025,2.0,LST_ASSAM_2024_08.tif,27.357,4.0,5.0,4.0,5.0,3.0,4.0
SONITPUR,18-306,2024_09,158,0.0,73583.408,121840.536,1479833.516,9.79,6.036,13.191,84.82,6.025,5.0,LST_ASSAM_2024_09.tif,47.928,4.0,5.0,4.0,5.0,3.0,5.0
SONITPUR,18-306,2024_10,158,0.0,73583.408,121840.536,1479833.516,9.79,6.036,13.191,84.82,6.025,3.0,LST_ASSAM_2024_10.tif,26.94,3.0,5.0,4.0,5.0,3.0,4.0
SONITPUR,18-306,2024_11,158,0.0,73583.408,121840.536,1479833.516,9.79,6.036,13.191,84.82,6.025,3.0,LST_ASSAM_2024_11.tif,4.444,4.0,5.0,4.0,5.0,3.0,4.0
SONITPUR,18-306,2024_12,158,69409738.0,73583.408,121840.536,1479833.516,9.79,6.036,13.191,84.82,6.025,3.0,LST_ASSAM_2024_12.tif,0.0,3.0,5.0,4.0,1.0,69409741.0,2.0
SONITPUR,18-306,2025_01,158,0.0,76213.562,122875.097,1491049.266,9.79,6.036,13.191,84.82,6.025,4.0,LST_ASSAM_2025_01.tif,0.0,3.0,5.0,4.0,2.0,69409741.0,2.0
SONITPUR,18-306,2025_02,158,0.0,76213.562,122875.097,1491049.266,9.79,6.036,13.191,84.82,6.025,4.0,LST_ASSAM_2025_02.tif,0.244,3.0,5.0,4.0,4.0,69409741.0,3.0
SONITPUR,18-306,2025_03,158,0.0,76213.562,122875.097,1491049.266,9.79,6.036,13.191,84.82,6.025,4.0,LST_ASSAM_2025_03.tif,32.197,3.0,5.0,4.0,4.0,69409741.0,3.0
SONITPUR,18-306,2025_04,158,0.0,76213.562,122875.097,1491049.266,9.79,6.036,13.191,84.82,6.025,4.0,LST_ASSAM_2025_04.tif,0.379,3.0,5.0,4.0,5.0,0.0,3.0
SONITPUR,18-306,2025_05,158,1800000.0,76213.562,122875.097,1491049.266,9.79,6.036,13.191,84.82,6.025,5.0,LST_ASSAM_2025_05.tif,6.6,3.0,5.0,4.0,4.0,1800000.0,3.0
SONITPUR,18-306,2025_06,158,0.0,76213.562,122875.097,1491049.266,9.79,6.036,13.191,84.82,6.025,4.0,LST_ASSAM_2025_06.tif,55.864,4.0,5.0,4.0,5.0,1800000.0,5.0
SONITPUR,18-306,2025_07,158,0.0,76213.562,122875.097,1491049.266,9.79,6.036,13.191,84.82,6.025,4.0,LST_ASSAM_2025_07.tif,36.262,5.0,5.0,4.0,5.0,1800000.0,5.0
SONITPUR,18-306,2025_08,158,0.0,76213.562,122875.097,1491049.266,9.79,6.036,13.191,84.82,6.025,2.0,LST_ASSAM_2025_08.tif,8.65,3.0,5.0,4.0,5.0,1800000.0,4.0
SONITPUR,18-306,2025_09,158,0.0,76213.562,122875.097,1491049.266,9.79,6.036,13.191,84.82,6.025,4.0,LST_ASSAM_2025_09.tif,23.152,3.0,5.0,4.0,5.0,1800000.0,4.0
SONITPUR,18-306,2025_10,158,0.0,76213.562,122875.097,1491049.266,9.79,6.036,13.191,84.82,6.025,3.0,LST_ASSAM_2025_10.tif,52.674,3.0,5.0,4.0,5.0,1800000.0,4.0
SONITPUR,18-306,2025_11,158,0.0,76213.562,122875.097,1491049.266,9.79,6.036,13.191,84.82,6.025,4.0,LST_ASSAM_2025_11.tif,3.121,4.0,5.0,4.0,5.0,1800000.0,4.0
SONITPUR,18-306,2025_12,158,0.0,76213.562,122875.097,1491049.266,9.79,6.036,13.191,84.82,6.025,4.0,LST_ASSAM_2025_12.tif,0.0,3.0,5.0,4.0,5.0,1800000.0,3.0
SONITPUR,18-306,2026_01,158,0.0,78843.716,123909.658,1502265.016,9.79,6.036,13.191,84.82,6.025,4.0,LST_ASSAM_2026_01.tif,0.0,3.0,5.0,4.0,5.0,1800000.0,3.0
SONITPUR,18-306,2026_02,158,0.0,78843.716,123909.658,1502265.016,9.79,6.036,13.191,84.82,6.025,4.0,LST_ASSAM_2026_02.tif,10.556,4.0,5.0,4.0,5.0,1800000.0,4.0
SONITPUR,18-306,2026_03,158,0.0,78843.716,123909.658,1502265.016,9.79,6.036,13.191,84.82,6.025,3.0,LST_ASSAM_2026_03.tif,24.148,3.0,5.0,4.0,5.0,1800000.0,4.0
SONITPUR,18-306,2026_04,158,0.0,78843.716,123909.658,1502265.016,9.79,6.036,13.191,84.82,6.025,3.0,LST_ASSAM_2026_04.tif,0.0,3.0,5.0,4.0,5.0,0.0,4.0
SONITPUR,18-306,2026_05,158,0.0,78843.716,123909.658,1502265.016,9.79,6.036,13.191,84.82,6.025,4.0,LST_ASSAM_2026_05.tif,0.0,3.0,5.0,4.0,5.0,0.0,5.0
SOUTH SALMARA MANCACHAR,18-758,2021_04,69,0.0,23249.662,58130.808,530163.545,6.665,3.569,28.086,84.29,3.23,3.0,LST_ASSAM_2021_04.tif,0.2,3.0,4.0,2.0,5.0,0.0,2.0
SOUTH SALMARA MANCACHAR,18-758,2021_05,69,0.0,23249.662,58130.808,530163.545,6.665,3.569,28.086,84.29,3.23,1.0,LST_ASSAM_2021_05.tif,13.8,3.0,4.0,2.0,5.0,0.0,3.0
SOUTH SALMARA MANCACHAR,18-758,2021_06,69,0.0,23249.662,58130.808,530163.545,6.665,3.569,28.086,84.29,3.23,3.0,LST_ASSAM_2021_06.tif,20.233,2.0,4.0,2.0,5.0,0.0,3.0
SOUTH SALMARA MANCACHAR,18-758,2021_07,69,0.0,23249.662,58130.808,530163.545,6.665,3.569,28.086,84.29,3.23,3.0,LST_ASSAM_2021_07.tif,12.467,2.0,4.0,2.0,5.0,0.0,3.0
SOUTH SALMARA MANCACHAR,18-758,2021_08,69,0.0,23249.662,58130.808,530163.545,6.665,3.569,28.086,84.29,3.23,1.0,LST_ASSAM_2021_08.tif,9.267,3.0,4.0,2.0,5.0,0.0,3.0
SOUTH SALMARA MANCACHAR,18-758,2021_09,69,0.0,23249.662,58130.808,530163.545,6.665,3.569,28.086,84.29,3.23,1.0,LST_ASSAM_2021_09.tif,19.35,4.0,4.0,2.0,5.0,0.0,4.0
SOUTH SALMARA MANCACHAR,18-758,2021_10,69,0.0,23249.662,58130.808,530163.545,6.665,3.569,28.086,84.29,3.23,3.0,LST_ASSAM_2021_10.tif,55.417,3.0,4.0,2.0,5.0,0.0,4.0
SOUTH SALMARA MANCACHAR,18-758,2021_11,69,0.0,23249.662,58130.808,530163.545,6.665,3.569,28.086,84.29,3.23,4.0,LST_ASSAM_2021_11.tif,0.0,3.0,4.0,2.0,5.0,0.0,2.0
SOUTH SALMARA MANCACHAR,18-758,2021_12,69,0.0,23249.662,58130.808,530163.545,6.665,3.569,28.086,84.29,3.23,5.0,LST_ASSAM_2021_12.tif,0.0,3.0,4.0,2.0,5.0,0.0,2.0
SOUTH SALMARA MANCACHAR,18-758,2022_01,69,0.0,24162.816,58752.304,539003.637,6.665,3.569,28.086,84.29,3.23,4.0,LST_ASSAM_2022_01.tif,0.0,3.0,4.0,2.0,5.0,0.0,2.0
SOUTH SALMARA MANCACHAR,18-758,2022_02,69,0.0,24162.816,58752.304,539003.637,6.665,3.569,28.086,84.29,3.23,4.0,LST_ASSAM_2022_02.tif,0.0,3.0,4.0,2.0,5.0,0.0,2.0
SOUTH SALMARA MANCACHAR,18-758,2022_03,69,0.0,24162.816,58752.304,539003.637,6.665,3.569,28.086,84.29,3.23,4.0,LST_ASSAM_2022_03.tif,60.867,3.0,4.0,2.0,5.0,0.0,4.0
SOUTH SALMARA MANCACHAR,18-758,2022_04,69,0.0,24162.816,58752.304,539003.637,6.665,3.569,28.086,84.29,3.23,1.0,LST_ASSAM_2022_04.tif,4.817,5.0,4.0,2.0,5.0,0.0,4.0
SOUTH SALMARA MANCACHAR,18-758,2022_05,69,0.0,24162.816,58752.304,539003.637,6.665,3.569,28.086,84.29,3.23,1.0,LST_ASSAM_2022_05.tif,4.4,4.0,4.0,2.0,5.0,0.0,4.0
SOUTH SALMARA MANCACHAR,18-758,2022_06,69,0.0,24162.816,58752.304,539003.637,6.665,3.569,28.086,84.29,3.23,3.0,LST_ASSAM_2022_06.tif,5.333,3.0,4.0,2.0,5.0,0.0,3.0
SOUTH SALMARA MANCACHAR,18-758,2022_07,69,0.0,24162.816,58752.304,539003.637,6.665,3.569,28.086,84.29,3.23,1.0,LST_ASSAM_2022_07.tif,24.483,3.0,4.0,2.0,5.0,0.0,3.0
SOUTH SALMARA MANCACHAR,18-758,2022_08,69,0.0,24162.816,58752.304,539003.637,6.665,3.569,28.086,84.29,3.23,1.0,LST_ASSAM_2022_08.tif,15.483,1.0,4.0,2.0,5.0,0.0,2.0
SOUTH SALMARA MANCACHAR,18-758,2022_09,69,0.0,24162.816,58752.304,539003.637,6.665,3.569,28.086,84.29,3.23,1.0,LST_ASSAM_2022_09.tif,10.017,4.0,4.0,2.0,5.0,0.0,4.0
SOUTH SALMARA MANCACHAR,18-758,2022_10,69,0.0,24162.816,58752.304,539003.637,6.665,3.569,28.086,84.29,3.23,2.0,LST_ASSAM_2022_10.tif,41.55,4.0,4.0,2.0,5.0,0.0,4.0
SOUTH SALMARA MANCACHAR,18-758,2022_11,69,0.0,24162.816,58752.304,539003.637,6.665,3.569,28.086,84.29,3.23,4.0,LST_ASSAM_2022_11.tif,0.667,5.0,4.0,2.0,5.0,0.0,4.0
SOUTH SALMARA MANCACHAR,18-758,2022_12,69,0.0,24162.816,58752.304,539003.637,6.665,3.569,28.086,84.29,3.23,4.0,LST_ASSAM_2022_12.tif,0.0,3.0,4.0,2.0,5.0,0.0,2.0
SOUTH SALMARA MANCACHAR,18-758,2023_01,69,0.0,25075.97,59373.8,547843.73,6.665,3.569,28.086,84.29,3.23,4.0,LST_ASSAM_2023_01.tif,0.0,2.0,4.0,2.0,5.0,0.0,2.0
SOUTH SALMARA MANCACHAR,18-758,2023_02,69,0.0,25075.97,59373.8,547843.73,6.665,3.569,28.086,84.29,3.23,5.0,LST_ASSAM_2023_02.tif,1.0,3.0,4.0,2.0,5.0,0.0,3.0
SOUTH SALMARA MANCACHAR,18-758,2023_03,69,0.0,25075.97,59373.8,547843.73,6.665,3.569,28.086,84.29,3.23,4.0,LST_ASSAM_2023_03.tif,22.917,3.0,4.0,2.0,5.0,0.0,3.0
SOUTH SALMARA MANCACHAR,18-758,2023_04,69,0.0,25075.97,59373.8,547843.73,6.665,3.569,28.086,84.29,3.23,4.0,LST_ASSAM_2023_04.tif,8.917,5.0,4.0,2.0,5.0,0.0,4.0
SOUTH SALMARA MANCACHAR,18-758,2023_05,69,0.0,25075.97,59373.8,547843.73,6.665,3.569,28.086,84.29,3.23,4.0,LST_ASSAM_2023_05.tif,5.183,3.0,4.0,2.0,5.0,0.0,3.0
SOUTH SALMARA MANCACHAR,18-758,2023_06,69,0.0,25075.97,59373.8,547843.73,6.665,3.569,28.086,84.29,3.23,3.0,LST_ASSAM_2023_06.tif,40.6,4.0,4.0,2.0,5.0,0.0,4.0
SOUTH SALMARA MANCACHAR,18-758,2023_07,69,0.0,25075.97,59373.8,547843.73,6.665,3.569,28.086,84.29,3.23,1.0,LST_ASSAM_2023_07.tif,42.167,5.0,4.0,2.0,5.0,0.0,4.0
SOUTH SALMARA MANCACHAR,18-758,2023_08,69,0.0,25075.97,59373.8,547843.73,6.665,3.569,28.086,84.29,3.23,1.0,LST_ASSAM_2023_08.tif,26.35,5.0,4.0,2.0,5.0,0.0,4.0
SOUTH SALMARA MANCACHAR,18-758,2023_09,69,0.0,25075.97,59373.8,547843.73,6.665,3.569,28.086,84.29,3.23,1.0,LST_ASSAM_2023_09.tif,44.817,4.0,4.0,2.0,5.0,0.0,4.0
SOUTH SALMARA MANCACHAR,18-758,2023_10,69,0.0,25075.97,59373.8,547843.73,6.665,3.569,28.086,84.29,3.23,3.0,LST_ASSAM_2023_10.tif,41.967,4.0,4.0,2.0,5.0,0.0,4.0
SOUTH SALMARA MANCACHAR,18-758,2023_11,69,0.0,25075.97,59373.8,547843.73,6.665,3.569,28.086,84.29,3.23,4.0,LST_ASSAM_2023_11.tif,2.2,5.0,4.0,2.0,5.0,0.0,4.0
SOUTH SALMARA MANCACHAR,18-758,2023_12,69,0.0,25075.97,59373.8,547843.73,6.665,3.569,28.086,84.29,3.23,4.0,LST_ASSAM_2023_12.tif,0.0,3.0,4.0,2.0,5.0,0.0,2.0
SOUTH SALMARA MANCACHAR,18-758,2024_01,69,0.0,25989.124,59995.296,556683.822,6.665,3.569,28.086,84.29,3.23,5.0,LST_ASSAM_2024_01.tif,0.0,3.0,4.0,2.0,5.0,0.0,2.0
SOUTH SALMARA MANCACHAR,18-758,2024_02,69,0.0,25989.124,59995.296,556683.822,6.665,3.569,28.086,84.29,3.23,5.0,LST_ASSAM_2024_02.tif,0.0,3.0,4.0,2.0,5.0,0.0,2.0
SOUTH SALMARA MANCACHAR,18-758,2024_03,69,0.0,25989.124,59995.296,556683.822,6.665,3.569,28.086,84.29,3.23,4.0,LST_ASSAM_2024_03.tif,26.25,3.0,4.0,2.0,5.0,0.0,3.0
SOUTH SALMARA MANCACHAR,18-758,2024_04,69,0.0,25989.124,59995.296,556683.822,6.665,3.569,28.086,84.29,3.23,4.0,LST_ASSAM_2024_04.tif,3.217,3.0,4.0,2.0,5.0,0.0,2.0
SOUTH SALMARA MANCACHAR,18-758,2024_05,69,0.0,25989.124,59995.296,556683.822,6.665,3.569,28.086,84.29,3.23,4.0,LST_ASSAM_2024_05.tif,32.15,3.0,4.0,2.0,5.0,0.0,3.0
SOUTH SALMARA MANCACHAR,18-758,2024_06,69,0.0,25989.124,59995.296,556683.822,6.665,3.569,28.086,84.29,3.23,1.0,LST_ASSAM_2024_06.tif,43.783,4.0,4.0,2.0,5.0,0.0,4.0
SOUTH SALMARA MANCACHAR,18-758,2024_07,69,0.0,25989.124,59995.296,556683.822,6.665,3.569,28.086,84.29,3.23,2.0,LST_ASSAM_2024_07.tif,46.2,4.0,4.0,2.0,5.0,0.0,4.0
SOUTH SALMARA MANCACHAR,18-758,2024_08,69,0.0,25989.124,59995.296,556683.822,6.665,3.569,28.086,84.29,3.23,1.0,LST_ASSAM_2024_08.tif,21.4,3.0,4.0,2.0,5.0,0.0,3.0
SOUTH SALMARA MANCACHAR,18-758,2024_09,69,0.0,25989.124,59995.296,556683.822,6.665,3.569,28.086,84.29,3.23,4.0,LST_ASSAM_2024_09.tif,46.417,4.0,4.0,2.0,5.0,0.0,4.0
SOUTH SALMARA MANCACHAR,18-758,2024_10,69,0.0,25989.124,59995.296,556683.822,6.665,3.569,28.086,84.29,3.23,2.0,LST_ASSAM_2024_10.tif,42.017,5.0,4.0,2.0,5.0,0.0,4.0
SOUTH SALMARA MANCACHAR,18-758,2024_11,69,0.0,25989.124,59995.296,556683.822,6.665,3.569,28.086,84.29,3.23,5.0,LST_ASSAM_2024_11.tif,3.9,3.0,4.0,2.0,5.0,0.0,3.0
SOUTH SALMARA MANCACHAR,18-758,2024_12,69,0.0,25989.124,59995.296,556683.822,6.665,3.569,28.086,84.29,3.23,4.0,LST_ASSAM_2024_12.tif,0.0,3.0,4.0,2.0,5.0,0.0,2.0
SOUTH SALMARA MANCACHAR,18-758,2025_01,69,0.0,26902.278,60616.792,565523.914,6.665,3.569,28.086,84.29,3.23,5.0,LST_ASSAM_2025_01.tif,0.0,3.0,4.0,2.0,5.0,0.0,2.0
SOUTH SALMARA MANCACHAR,18-758,2025_02,69,0.0,26902.278,60616.792,565523.914,6.665,3.569,28.086,84.29,3.23,4.0,LST_ASSAM_2025_02.tif,0.0,2.0,4.0,2.0,5.0,0.0,2.0
SOUTH SALMARA MANCACHAR,18-758,2025_03,69,0.0,26902.278,60616.792,565523.914,6.665,3.569,28.086,84.29,3.23,4.0,LST_ASSAM_2025_03.tif,37.967,4.0,4.0,2.0,5.0,0.0,4.0
SOUTH SALMARA MANCACHAR,18-758,2025_04,69,0.0,26902.278,60616.792,565523.914,6.665,3.569,28.086,84.29,3.23,4.0,LST_ASSAM_2025_04.tif,5.8,5.0,4.0,2.0,5.0,0.0,4.0
SOUTH SALMARA MANCACHAR,18-758,2025_05,69,0.0,26902.278,60616.792,565523.914,6.665,3.569,28.086,84.29,3.23,2.0,LST_ASSAM_2025_05.tif,11.533,4.0,4.0,2.0,5.0,0.0,4.0
SOUTH SALMARA MANCACHAR,18-758,2025_06,69,0.0,26902.278,60616.792,565523.914,6.665,3.569,28.086,84.29,3.23,1.0,LST_ASSAM_2025_06.tif,42.717,3.0,4.0,2.0,5.0,0.0,4.0
SOUTH SALMARA MANCACHAR,18-758,2025_07,69,0.0,26902.278,60616.792,565523.914,6.665,3.569,28.086,84.29,3.23,2.0,LST_ASSAM_2025_07.tif,29.05,3.0,4.0,2.0,5.0,0.0,3.0
SOUTH SALMARA MANCACHAR,18-758,2025_08,69,0.0,26902.278,60616.792,565523.914,6.665,3.569,28.086,84.29,3.23,1.0,LST_ASSAM_2025_08.tif,8.333,3.0,4.0,2.0,5.0,0.0,3.0
SOUTH SALMARA MANCACHAR,18-758,2025_09,69,0.0,26902.278,60616.792,565523.914,6.665,3.569,28.086,84.29,3.23,2.0,LST_ASSAM_2025_09.tif,25.9,4.0,4.0,2.0,5.0,0.0,4.0
SOUTH SALMARA MANCACHAR,18-758,2025_10,69,0.0,26902.278,60616.792,565523.914,6.665,3.569,28.086,84.29,3.23,4.0,LST_ASSAM_2025_10.tif,50.617,3.0,4.0,2.0,5.0,0.0,4.0
SOUTH SALMARA MANCACHAR,18-758,2025_11,69,0.0,26902.278,60616.792,565523.914,6.665,3.569,28.086,84.29,3.23,5.0,LST_ASSAM_2025_11.tif,2.333,3.0,4.0,2.0,5.0,0.0,3.0
SOUTH SALMARA MANCACHAR,18-758,2025_12,69,0.0,26902.278,60616.792,565523.914,6.665,3.569,28.086,84.29,3.23,5.0,LST_ASSAM_2025_12.tif,0.0,3.0,4.0,2.0,5.0,0.0,2.0
SOUTH SALMARA MANCACHAR,18-758,2026_01,69,0.0,27815.432,61238.288,574364.006,6.665,3.569,28.086,84.29,3.23,4.0,LST_ASSAM_2026_01.tif,0.0,3.0,4.0,2.0,5.0,0.0,2.0
SOUTH SALMARA MANCACHAR,18-758,2026_02,69,0.0,27815.432,61238.288,574364.006,6.665,3.569,28.086,84.29,3.23,3.0,LST_ASSAM_2026_02.tif,2.483,2.0,4.0,2.0,5.0,0.0,2.0
SOUTH SALMARA MANCACHAR,18-758,2026_03,69,0.0,27815.432,61238.288,574364.006,6.665,3.569,28.086,84.29,3.23,3.0,LST_ASSAM_2026_03.tif,18.367,2.0,4.0,2.0,5.0,0.0,3.0
SOUTH SALMARA MANCACHAR,18-758,2026_04,69,0.0,27815.432,61238.288,574364.006,6.665,3.569,28.086,84.29,3.23,3.0,LST_ASSAM_2026_04.tif,0.0,3.0,4.0,2.0,5.0,0.0,2.0
SOUTH SALMARA MANCACHAR,18-758,2026_05,69,0.0,27815.432,61238.288,574364.006,6.665,3.569,28.086,84.29,3.23,2.0,LST_ASSAM_2026_05.tif,0.0,3.0,4.0,2.0,5.0,0.0,3.0
TAMULPUR,18-816,2021_04,67,0.0,20546.118,31297.084,500584.808,11.552,5.784,12.15,81.84,5.68,3.0,LST_ASSAM_2021_04.tif,0.0,2.0,2.0,1.0,5.0,0.0,1.0
TAMULPUR,18-816,2021_05,67,0.0,20546.118,31297.084,500584.808,11.552,5.784,12.15,81.84,5.68,2.0,LST_ASSAM_2021_05.tif,5.493,1.0,2.0,1.0,5.0,0.0,1.0
TAMULPUR,18-816,2021_06,67,0.0,20546.118,31297.084,500584.808,11.552,5.784,12.15,81.84,5.68,5.0,LST_ASSAM_2021_06.tif,10.936,1.0,2.0,1.0,5.0,0.0,2.0
TAMULPUR,18-816,2021_07,67,0.0,20546.118,31297.084,500584.808,11.552,5.784,12.15,81.84,5.68,5.0,LST_ASSAM_2021_07.tif,7.257,1.0,2.0,1.0,5.0,0.0,2.0
TAMULPUR,18-816,2021_08,67,0.0,20546.118,31297.084,500584.808,11.552,5.784,12.15,81.84,5.68,5.0,LST_ASSAM_2021_08.tif,4.714,1.0,2.0,1.0,5.0,0.0,2.0
TAMULPUR,18-816,2021_09,67,0.0,20546.118,31297.084,500584.808,11.552,5.784,12.15,81.84,5.68,4.0,LST_ASSAM_2021_09.tif,6.164,1.0,2.0,1.0,5.0,0.0,2.0
TAMULPUR,18-816,2021_10,67,0.0,20546.118,31297.084,500584.808,11.552,5.784,12.15,81.84,5.68,4.0,LST_ASSAM_2021_10.tif,24.2,1.0,2.0,1.0,5.0,0.0,2.0
TAMULPUR,18-816,2021_11,67,0.0,20546.118,31297.084,500584.808,11.552,5.784,12.15,81.84,5.68,5.0,LST_ASSAM_2021_11.tif,0.0,3.0,2.0,1.0,5.0,0.0,2.0
TAMULPUR,18-816,2021_12,67,0.0,20546.118,31297.084,500584.808,11.552,5.784,12.15,81.84,5.68,5.0,LST_ASSAM_2021_12.tif,0.0,3.0,2.0,1.0,5.0,0.0,2.0
TAMULPUR,18-816,2022_01,67,0.0,21237.598,31326.61,501940.71,11.552,5.784,12.15,81.84,5.68,5.0,LST_ASSAM_2022_01.tif,0.0,3.0,2.0,1.0,5.0,0.0,2.0
TAMULPUR,18-816,2022_02,67,0.0,21237.598,31326.61,501940.71,11.552,5.784,12.15,81.84,5.68,3.0,LST_ASSAM_2022_02.tif,0.029,3.0,2.0,1.0,5.0,0.0,2.0
TAMULPUR,18-816,2022_03,67,0.0,21237.598,31326.61,501940.71,11.552,5.784,12.15,81.84,5.68,4.0,LST_ASSAM_2022_03.tif,28.993,1.0,2.0,1.0,5.0,0.0,2.0
TAMULPUR,18-816,2022_04,67,0.0,21237.598,31326.61,501940.71,11.552,5.784,12.15,81.84,5.68,2.0,LST_ASSAM_2022_04.tif,0.0,3.0,2.0,1.0,5.0,0.0,2.0
TAMULPUR,18-816,2022_05,67,0.0,21237.598,31326.61,501940.71,11.552,5.784,12.15,81.84,5.68,4.0,LST_ASSAM_2022_05.tif,0.621,2.0,2.0,1.0,5.0,0.0,2.0
TAMULPUR,18-816,2022_06,67,0.0,21237.598,31326.61,501940.71,11.552,5.784,12.15,81.84,5.68,0.0,LST_ASSAM_2022_06.tif,4.336,2.0,2.0,1.0,5.0,0.0,2.0
TAMULPUR,18-816,2022_07,67,0.0,21237.598,31326.61,501940.71,11.552,5.784,12.15,81.84,5.68,5.0,LST_ASSAM_2022_07.tif,11.571,1.0,2.0,1.0,5.0,0.0,2.0
TAMULPUR,18-816,2022_08,67,0.0,21237.598,31326.61,501940.71,11.552,5.784,12.15,81.84,5.68,3.0,LST_ASSAM_2022_08.tif,11.921,1.0,2.0,1.0,5.0,0.0,2.0
TAMULPUR,18-816,2022_09,67,0.0,21237.598,31326.61,501940.71,11.552,5.784,12.15,81.84,5.68,5.0,LST_ASSAM_2022_09.tif,2.071,2.0,2.0,1.0,5.0,0.0,2.0
TAMULPUR,18-816,2022_10,67,0.0,21237.598,31326.61,501940.71,11.552,5.784,12.15,81.84,5.68,5.0,LST_ASSAM_2022_10.tif,15.757,1.0,2.0,1.0,5.0,0.0,2.0
TAMULPUR,18-816,2022_11,67,0.0,21237.598,31326.61,501940.71,11.552,5.784,12.15,81.84,5.68,5.0,LST_ASSAM_2022_11.tif,0.0,3.0,2.0,1.0,5.0,0.0,2.0
TAMULPUR,18-816,2022_12,67,0.0,21237.598,31326.61,501940.71,11.552,5.784,12.15,81.84,5.68,5.0,LST_ASSAM_2022_12.tif,0.0,3.0,2.0,1.0,5.0,0.0,2.0
TAMULPUR,18-816,2023_01,67,0.0,21929.078,31356.136,503296.612,11.552,5.784,12.15,81.84,5.68,5.0,LST_ASSAM_2023_01.tif,0.0,2.0,2.0,1.0,5.0,0.0,2.0
TAMULPUR,18-816,2023_02,67,0.0,21929.078,31356.136,503296.612,11.552,5.784,12.15,81.84,5.68,4.0,LST_ASSAM_2023_02.tif,0.136,2.0,2.0,1.0,5.0,0.0,2.0
TAMULPUR,18-816,2023_03,67,0.0,21929.078,31356.136,503296.612,11.552,5.784,12.15,81.84,5.68,3.0,LST_ASSAM_2023_03.tif,10.871,1.0,2.0,1.0,5.0,0.0,2.0
TAMULPUR,18-816,2023_04,67,0.0,21929.078,31356.136,503296.612,11.552,5.784,12.15,81.84,5.68,1.0,LST_ASSAM_2023_04.tif,2.421,3.0,2.0,1.0,5.0,0.0,3.0
TAMULPUR,18-816,2023_05,67,0.0,21929.078,31356.136,503296.612,11.552,5.784,12.15,81.84,5.68,3.0,LST_ASSAM_2023_05.tif,2.536,1.0,2.0,1.0,5.0,0.0,2.0
TAMULPUR,18-816,2023_06,67,0.0,21929.078,31356.136,503296.612,11.552,5.784,12.15,81.84,5.68,4.0,LST_ASSAM_2023_06.tif,15.879,1.0,2.0,1.0,5.0,0.0,2.0
TAMULPUR,18-816,2023_07,67,0.0,21929.078,31356.136,503296.612,11.552,5.784,12.15,81.84,5.68,5.0,LST_ASSAM_2023_07.tif,14.336,1.0,2.0,1.0,5.0,0.0,2.0
TAMULPUR,18-816,2023_08,67,0.0,21929.078,31356.136,503296.612,11.552,5.784,12.15,81.84,5.68,4.0,LST_ASSAM_2023_08.tif,9.457,1.0,2.0,1.0,5.0,0.0,2.0
TAMULPUR,18-816,2023_09,67,0.0,21929.078,31356.136,503296.612,11.552,5.784,12.15,81.84,5.68,5.0,LST_ASSAM_2023_09.tif,17.9,1.0,2.0,1.0,5.0,0.0,2.0
TAMULPUR,18-816,2023_10,67,0.0,21929.078,31356.136,503296.612,11.552,5.784,12.15,81.84,5.68,5.0,LST_ASSAM_2023_10.tif,15.893,1.0,2.0,1.0,5.0,0.0,2.0
TAMULPUR,18-816,2023_11,67,0.0,21929.078,31356.136,503296.612,11.552,5.784,12.15,81.84,5.68,5.0,LST_ASSAM_2023_11.tif,0.4,1.0,2.0,1.0,5.0,0.0,2.0
TAMULPUR,18-816,2023_12,67,0.0,21929.078,31356.136,503296.612,11.552,5.784,12.15,81.84,5.68,5.0,LST_ASSAM_2023_12.tif,0.0,3.0,2.0,1.0,5.0,0.0,2.0
TAMULPUR,18-816,2024_01,67,0.0,22620.558,31385.662,504652.514,11.552,5.784,12.15,81.84,5.68,5.0,LST_ASSAM_2024_01.tif,0.0,3.0,2.0,1.0,5.0,0.0,2.0
TAMULPUR,18-816,2024_02,67,0.0,22620.558,31385.662,504652.514,11.552,5.784,12.15,81.84,5.68,4.0,LST_ASSAM_2024_02.tif,0.0,3.0,2.0,1.0,5.0,0.0,2.0
TAMULPUR,18-816,2024_03,67,0.0,22620.558,31385.662,504652.514,11.552,5.784,12.15,81.84,5.68,4.0,LST_ASSAM_2024_03.tif,14.179,1.0,2.0,1.0,5.0,0.0,2.0
TAMULPUR,18-816,2024_04,67,0.0,22620.558,31385.662,504652.514,11.552,5.784,12.15,81.84,5.68,3.0,LST_ASSAM_2024_04.tif,0.05,3.0,2.0,1.0,5.0,0.0,2.0
TAMULPUR,18-816,2024_05,67,0.0,22620.558,31385.662,504652.514,11.552,5.784,12.15,81.84,5.68,4.0,LST_ASSAM_2024_05.tif,13.6,1.0,2.0,1.0,5.0,0.0,2.0
TAMULPUR,18-816,2024_06,67,0.0,22620.558,31385.662,504652.514,11.552,5.784,12.15,81.84,5.68,5.0,LST_ASSAM_2024_06.tif,17.421,1.0,2.0,1.0,5.0,0.0,2.0
TAMULPUR,18-816,2024_07,67,0.0,22620.558,31385.662,504652.514,11.552,5.784,12.15,81.84,5.68,0.0,LST_ASSAM_2024_07.tif,18.464,1.0,2.0,1.0,5.0,0.0,2.0
TAMULPUR,18-816,2024_08,67,0.0,22620.558,31385.662,504652.514,11.552,5.784,12.15,81.84,5.68,4.0,LST_ASSAM_2024_08.tif,12.3,1.0,2.0,1.0,5.0,0.0,2.0
TAMULPUR,18-816,2024_09,67,0.0,22620.558,31385.662,504652.514,11.552,5.784,12.15,81.84,5.68,5.0,LST_ASSAM_2024_09.tif,19.679,1.0,2.0,1.0,5.0,0.0,2.0
TAMULPUR,18-816,2024_10,67,0.0,22620.558,31385.662,504652.514,11.552,5.784,12.15,81.84,5.68,4.0,LST_ASSAM_2024_10.tif,10.536,1.0,2.0,1.0,5.0,0.0,2.0
TAMULPUR,18-816,2024_11,67,0.0,22620.558,31385.662,504652.514,11.552,5.784,12.15,81.84,5.68,5.0,LST_ASSAM_2024_11.tif,2.264,1.0,2.0,1.0,5.0,0.0,2.0
TAMULPUR,18-816,2024_12,67,0.0,22620.558,31385.662,504652.514,11.552,5.784,12.15,81.84,5.68,5.0,LST_ASSAM_2024_12.tif,0.0,3.0,2.0,1.0,5.0,0.0,2.0
TAMULPUR,18-816,2025_01,67,3352836.0,23312.038,31415.188,506008.416,11.552,5.784,12.15,81.84,5.68,5.0,LST_ASSAM_2025_01.tif,0.0,3.0,2.0,1.0,5.0,3352836.0,2.0
TAMULPUR,18-816,2025_02,67,0.0,23312.038,31415.188,506008.416,11.552,5.784,12.15,81.84,5.68,4.0,LST_ASSAM_2025_02.tif,0.0,2.0,2.0,1.0,5.0,3352836.0,2.0
TAMULPUR,18-816,2025_03,67,0.0,23312.038,31415.188,506008.416,11.552,5.784,12.15,81.84,5.68,4.0,LST_ASSAM_2025_03.tif,12.35,1.0,2.0,1.0,5.0,3352836.0,2.0
TAMULPUR,18-816,2025_04,67,0.0,23312.038,31415.188,506008.416,11.552,5.784,12.15,81.84,5.68,4.0,LST_ASSAM_2025_04.tif,0.157,3.0,2.0,1.0,5.0,0.0,3.0
TAMULPUR,18-816,2025_05,67,0.0,23312.038,31415.188,506008.416,11.552,5.784,12.15,81.84,5.68,5.0,LST_ASSAM_2025_05.tif,2.8,2.0,2.0,1.0,5.0,0.0,2.0
TAMULPUR,18-816,2025_06,67,0.0,23312.038,31415.188,506008.416,11.552,5.784,12.15,81.84,5.68,4.0,LST_ASSAM_2025_06.tif,21.929,1.0,2.0,1.0,5.0,0.0,2.0
TAMULPUR,18-816,2025_07,67,0.0,23312.038,31415.188,506008.416,11.552,5.784,12.15,81.84,5.68,5.0,LST_ASSAM_2025_07.tif,13.564,1.0,2.0,1.0,5.0,0.0,2.0
TAMULPUR,18-816,2025_08,67,0.0,23312.038,31415.188,506008.416,11.552,5.784,12.15,81.84,5.68,5.0,LST_ASSAM_2025_08.tif,3.979,1.0,2.0,1.0,5.0,0.0,2.0
TAMULPUR,18-816,2025_09,67,0.0,23312.038,31415.188,506008.416,11.552,5.784,12.15,81.84,5.68,5.0,LST_ASSAM_2025_09.tif,9.743,1.0,2.0,1.0,5.0,0.0,2.0
TAMULPUR,18-816,2025_10,67,4799900.0,23312.038,31415.188,506008.416,11.552,5.784,12.15,81.84,5.68,5.0,LST_ASSAM_2025_10.tif,21.9,1.0,2.0,1.0,5.0,4799900.0,2.0
TAMULPUR,18-816,2025_11,67,9427367.0,23312.038,31415.188,506008.416,11.552,5.784,12.15,81.84,5.68,5.0,LST_ASSAM_2025_11.tif,1.286,2.0,2.0,1.0,5.0,14227267.0,2.0
TAMULPUR,18-816,2025_12,67,0.0,23312.038,31415.188,506008.416,11.552,5.784,12.15,81.84,5.68,5.0,LST_ASSAM_2025_12.tif,0.0,3.0,2.0,1.0,5.0,14227267.0,2.0
TAMULPUR,18-816,2026_01,67,0.0,24003.518,31444.714,507364.317,11.552,5.784,12.15,81.84,5.68,4.0,LST_ASSAM_2026_01.tif,0.0,3.0,2.0,1.0,5.0,14227267.0,2.0
TAMULPUR,18-816,2026_02,67,0.0,24003.518,31444.714,507364.317,11.552,5.784,12.15,81.84,5.68,4.0,LST_ASSAM_2026_02.tif,2.5,2.0,2.0,1.0,5.0,14227267.0,2.0
TAMULPUR,18-816,2026_03,67,0.0,24003.518,31444.714,507364.317,11.552,5.784,12.15,81.84,5.68,4.0,LST_ASSAM_2026_03.tif,8.493,1.0,2.0,1.0,5.0,14227267.0,2.0
TAMULPUR,18-816,2026_04,67,0.0,24003.518,31444.714,507364.317,11.552,5.784,12.15,81.84,5.68,3.0,LST_ASSAM_2026_04.tif,0.0,3.0,2.0,1.0,5.0,0.0,1.0
TAMULPUR,18-816,2026_05,67,9427894.0,24003.518,31444.714,507364.317,11.552,5.784,12.15,81.84,5.68,5.0,LST_ASSAM_2026_05.tif,0.0,3.0,2.0,1.0,3.0,9427894.0,2.0
TINSUKIA,18-309,2021_04,119,0.0,75587.378,139786.546,1391100.654,8.61,3.415,24.888,89.01,5.717,3.0,LST_ASSAM_2021_04.tif,0.261,3.0,4.0,5.0,5.0,0.0,3.0
TINSUKIA,18-309,2021_05,119,0.0,75587.378,139786.546,1391100.654,8.61,3.415,24.888,89.01,5.717,3.0,LST_ASSAM_2021_05.tif,12.793,3.0,4.0,5.0,5.0,0.0,3.0
TINSUKIA,18-309,2021_06,119,0.0,75587.378,139786.546,1391100.654,8.61,3.415,24.888,89.01,5.717,4.0,LST_ASSAM_2021_06.tif,33.442,5.0,4.0,5.0,5.0,0.0,5.0
TINSUKIA,18-309,2021_07,119,0.0,75587.378,139786.546,1391100.654,8.61,3.415,24.888,89.01,5.717,5.0,LST_ASSAM_2021_07.tif,19.643,4.0,4.0,5.0,5.0,0.0,4.0
TINSUKIA,18-309,2021_08,119,0.0,75587.378,139786.546,1391100.654,8.61,3.415,24.888,89.01,5.717,5.0,LST_ASSAM_2021_08.tif,15.134,5.0,4.0,5.0,5.0,0.0,5.0
TINSUKIA,18-309,2021_09,119,0.0,75587.378,139786.546,1391100.654,8.61,3.415,24.888,89.01,5.717,5.0,LST_ASSAM_2021_09.tif,15.127,3.0,4.0,5.0,5.0,0.0,4.0
TINSUKIA,18-309,2021_10,119,0.0,75587.378,139786.546,1391100.654,8.61,3.415,24.888,89.01,5.717,4.0,LST_ASSAM_2021_10.tif,62.327,4.0,4.0,5.0,5.0,0.0,5.0
TINSUKIA,18-309,2021_11,119,0.0,75587.378,139786.546,1391100.654,8.61,3.415,24.888,89.01,5.717,3.0,LST_ASSAM_2021_11.tif,0.0,3.0,4.0,5.0,5.0,0.0,3.0
TINSUKIA,18-309,2021_12,119,0.0,75587.378,139786.546,1391100.654,8.61,3.415,24.888,89.01,5.717,3.0,LST_ASSAM_2021_12.tif,0.0,3.0,4.0,5.0,5.0,0.0,3.0
TINSUKIA,18-309,2022_01,119,0.0,78298.816,140321.14,1403052.597,8.61,3.415,24.888,89.01,5.717,2.0,LST_ASSAM_2022_01.tif,0.0,3.0,4.0,5.0,5.0,0.0,3.0
TINSUKIA,18-309,2022_02,119,0.0,78298.816,140321.14,1403052.597,8.61,3.415,24.888,89.01,5.717,3.0,LST_ASSAM_2022_02.tif,0.0,3.0,4.0,5.0,5.0,0.0,3.0
TINSUKIA,18-309,2022_03,119,0.0,78298.816,140321.14,1403052.597,8.61,3.415,24.888,89.01,5.717,2.0,LST_ASSAM_2022_03.tif,72.07,4.0,4.0,5.0,5.0,0.0,5.0
TINSUKIA,18-309,2022_04,119,0.0,78298.816,140321.14,1403052.597,8.61,3.415,24.888,89.01,5.717,4.0,LST_ASSAM_2022_04.tif,0.0,3.0,4.0,5.0,5.0,0.0,3.0
TINSUKIA,18-309,2022_05,119,0.0,78298.816,140321.14,1403052.597,8.61,3.415,24.888,89.01,5.717,4.0,LST_ASSAM_2022_05.tif,5.661,4.0,4.0,5.0,5.0,0.0,4.0
TINSUKIA,18-309,2022_06,119,0.0,78298.816,140321.14,1403052.597,8.61,3.415,24.888,89.01,5.717,4.0,LST_ASSAM_2022_06.tif,7.084,4.0,4.0,5.0,5.0,0.0,4.0
TINSUKIA,18-309,2022_07,119,0.0,78298.816,140321.14,1403052.597,8.61,3.415,24.888,89.01,5.717,2.0,LST_ASSAM_2022_07.tif,29.884,4.0,4.0,5.0,5.0,0.0,4.0
TINSUKIA,18-309,2022_08,119,0.0,78298.816,140321.14,1403052.597,8.61,3.415,24.888,89.01,5.717,4.0,LST_ASSAM_2022_08.tif,32.54,4.0,4.0,5.0,5.0,0.0,5.0
TINSUKIA,18-309,2022_09,119,0.0,78298.816,140321.14,1403052.597,8.61,3.415,24.888,89.01,5.717,4.0,LST_ASSAM_2022_09.tif,3.091,3.0,4.0,5.0,5.0,0.0,3.0
TINSUKIA,18-309,2022_10,119,0.0,78298.816,140321.14,1403052.597,8.61,3.415,24.888,89.01,5.717,3.0,LST_ASSAM_2022_10.tif,35.821,3.0,4.0,5.0,5.0,0.0,4.0
TINSUKIA,18-309,2022_11,119,0.0,78298.816,140321.14,1403052.597,8.61,3.415,24.888,89.01,5.717,3.0,LST_ASSAM_2022_11.tif,0.0,3.0,4.0,5.0,5.0,0.0,3.0
TINSUKIA,18-309,2022_12,119,0.0,78298.816,140321.14,1403052.597,8.61,3.415,24.888,89.01,5.717,3.0,LST_ASSAM_2022_12.tif,0.0,3.0,4.0,5.0,5.0,0.0,3.0
TINSUKIA,18-309,2023_01,119,0.0,81010.254,140855.734,1415004.54,8.61,3.415,24.888,89.01,5.717,3.0,LST_ASSAM_2023_01.tif,1.064,4.0,4.0,5.0,5.0,0.0,4.0
TINSUKIA,18-309,2023_02,119,0.0,81010.254,140855.734,1415004.54,8.61,3.415,24.888,89.01,5.717,2.0,LST_ASSAM_2023_02.tif,6.879,5.0,4.0,5.0,5.0,0.0,5.0
TINSUKIA,18-309,2023_03,119,0.0,81010.254,140855.734,1415004.54,8.61,3.415,24.888,89.01,5.717,2.0,LST_ASSAM_2023_03.tif,32.295,4.0,4.0,5.0,5.0,0.0,4.0
TINSUKIA,18-309,2023_04,119,0.0,81010.254,140855.734,1415004.54,8.61,3.415,24.888,89.01,5.717,1.0,LST_ASSAM_2023_04.tif,0.0,2.0,4.0,5.0,5.0,0.0,3.0
TINSUKIA,18-309,2023_05,119,0.0,81010.254,140855.734,1415004.54,8.61,3.415,24.888,89.01,5.717,2.0,LST_ASSAM_2023_05.tif,5.133,3.0,4.0,5.0,5.0,0.0,4.0
TINSUKIA,18-309,2023_06,119,0.0,81010.254,140855.734,1415004.54,8.61,3.415,24.888,89.01,5.717,2.0,LST_ASSAM_2023_06.tif,41.369,4.0,4.0,5.0,5.0,0.0,5.0
TINSUKIA,18-309,2023_07,119,0.0,81010.254,140855.734,1415004.54,8.61,3.415,24.888,89.01,5.717,3.0,LST_ASSAM_2023_07.tif,26.952,3.0,4.0,5.0,5.0,0.0,4.0
TINSUKIA,18-309,2023_08,119,0.0,81010.254,140855.734,1415004.54,8.61,3.415,24.888,89.01,5.717,3.0,LST_ASSAM_2023_08.tif,20.654,3.0,4.0,5.0,5.0,0.0,4.0
TINSUKIA,18-309,2023_09,119,0.0,81010.254,140855.734,1415004.54,8.61,3.415,24.888,89.01,5.717,5.0,LST_ASSAM_2023_09.tif,46.964,5.0,4.0,5.0,5.0,0.0,5.0
TINSUKIA,18-309,2023_10,119,3876840.0,81010.254,140855.734,1415004.54,8.61,3.415,24.888,89.01,5.717,2.0,LST_ASSAM_2023_10.tif,45.938,4.0,4.0,5.0,5.0,3876840.0,5.0
TINSUKIA,18-309,2023_11,119,0.0,81010.254,140855.734,1415004.54,8.61,3.415,24.888,89.01,5.717,2.0,LST_ASSAM_2023_11.tif,1.0,2.0,4.0,5.0,5.0,3876840.0,3.0
TINSUKIA,18-309,2023_12,119,0.0,81010.254,140855.734,1415004.54,8.61,3.415,24.888,89.01,5.717,3.0,LST_ASSAM_2023_12.tif,0.0,3.0,4.0,5.0,5.0,3876840.0,3.0
TINSUKIA,18-309,2024_01,119,0.0,83721.692,141390.328,1426956.483,8.61,3.415,24.888,89.01,5.717,3.0,LST_ASSAM_2024_01.tif,0.0,3.0,4.0,5.0,5.0,3876840.0,3.0
TINSUKIA,18-309,2024_02,119,0.0,83721.692,141390.328,1426956.483,8.61,3.415,24.888,89.01,5.717,2.0,LST_ASSAM_2024_02.tif,0.021,3.0,4.0,5.0,5.0,3876840.0,3.0
TINSUKIA,18-309,2024_03,119,0.0,83721.692,141390.328,1426956.483,8.61,3.415,24.888,89.01,5.717,2.0,LST_ASSAM_2024_03.tif,37.809,5.0,4.0,5.0,5.0,3876840.0,5.0
TINSUKIA,18-309,2024_04,119,0.0,83721.692,141390.328,1426956.483,8.61,3.415,24.888,89.01,5.717,1.0,LST_ASSAM_2024_04.tif,0.0,3.0,4.0,5.0,5.0,0.0,3.0
TINSUKIA,18-309,2024_05,119,0.0,83721.692,141390.328,1426956.483,8.61,3.415,24.888,89.01,5.717,2.0,LST_ASSAM_2024_05.tif,22.745,2.0,4.0,5.0,5.0,0.0,3.0
TINSUKIA,18-309,2024_06,119,0.0,83721.692,141390.328,1426956.483,8.61,3.415,24.888,89.01,5.717,1.0,LST_ASSAM_2024_06.tif,39.943,4.0,4.0,5.0,5.0,0.0,4.0
TINSUKIA,18-309,2024_07,119,0.0,83721.692,141390.328,1426956.483,8.61,3.415,24.888,89.01,5.717,4.0,LST_ASSAM_2024_07.tif,33.852,2.0,4.0,5.0,5.0,0.0,3.0
TINSUKIA,18-309,2024_08,119,0.0,83721.692,141390.328,1426956.483,8.61,3.415,24.888,89.01,5.717,4.0,LST_ASSAM_2024_08.tif,33.581,5.0,4.0,5.0,5.0,0.0,5.0
TINSUKIA,18-309,2024_09,119,0.0,83721.692,141390.328,1426956.483,8.61,3.415,24.888,89.01,5.717,5.0,LST_ASSAM_2024_09.tif,48.478,4.0,4.0,5.0,5.0,0.0,5.0
TINSUKIA,18-309,2024_10,119,0.0,83721.692,141390.328,1426956.483,8.61,3.415,24.888,89.01,5.717,2.0,LST_ASSAM_2024_10.tif,26.035,3.0,4.0,5.0,5.0,0.0,4.0
TINSUKIA,18-309,2024_11,119,3253476.0,83721.692,141390.328,1426956.483,8.61,3.415,24.888,89.01,5.717,2.0,LST_ASSAM_2024_11.tif,4.558,4.0,4.0,5.0,5.0,3253476.0,4.0
TINSUKIA,18-309,2024_12,119,14363737.0,83721.692,141390.328,1426956.483,8.61,3.415,24.888,89.01,5.717,2.0,LST_ASSAM_2024_12.tif,0.0,3.0,4.0,5.0,4.0,17617213.0,2.0
TINSUKIA,18-309,2025_01,119,28421343.0,86433.13,141924.922,1438908.426,8.61,3.415,24.888,89.01,5.717,3.0,LST_ASSAM_2025_01.tif,0.0,3.0,4.0,5.0,3.0,46038556.0,2.0
TINSUKIA,18-309,2025_02,119,14354460.0,86433.13,141924.922,1438908.426,8.61,3.415,24.888,89.01,5.717,2.0,LST_ASSAM_2025_02.tif,1.357,5.0,4.0,5.0,4.0,60393016.0,5.0
TINSUKIA,18-309,2025_03,119,0.0,86433.13,141924.922,1438908.426,8.61,3.415,24.888,89.01,5.717,1.0,LST_ASSAM_2025_03.tif,23.837,2.0,4.0,5.0,4.0,60393016.0,3.0
TINSUKIA,18-309,2025_04,119,1900000.0,86433.13,141924.922,1438908.426,8.61,3.415,24.888,89.01,5.717,1.0,LST_ASSAM_2025_04.tif,0.0,2.0,4.0,5.0,4.0,1900000.0,2.0
TINSUKIA,18-309,2025_05,119,0.0,86433.13,141924.922,1438908.426,8.61,3.415,24.888,89.01,5.717,3.0,LST_ASSAM_2025_05.tif,5.539,3.0,4.0,5.0,4.0,1900000.0,3.0
TINSUKIA,18-309,2025_06,119,0.0,86433.13,141924.922,1438908.426,8.61,3.415,24.888,89.01,5.717,5.0,LST_ASSAM_2025_06.tif,55.326,4.0,4.0,5.0,5.0,1900000.0,5.0
TINSUKIA,18-309,2025_07,119,0.0,86433.13,141924.922,1438908.426,8.61,3.415,24.888,89.01,5.717,3.0,LST_ASSAM_2025_07.tif,31.899,4.0,4.0,5.0,5.0,1900000.0,4.0
TINSUKIA,18-309,2025_08,119,0.0,86433.13,141924.922,1438908.426,8.61,3.415,24.888,89.01,5.717,5.0,LST_ASSAM_2025_08.tif,7.199,2.0,4.0,5.0,5.0,1900000.0,3.0
TINSUKIA,18-309,2025_09,119,1800200.0,86433.13,141924.922,1438908.426,8.61,3.415,24.888,89.01,5.717,4.0,LST_ASSAM_2025_09.tif,23.428,3.0,4.0,5.0,5.0,3700200.0,4.0
TINSUKIA,18-309,2025_10,119,0.0,86433.13,141924.922,1438908.426,8.61,3.415,24.888,89.01,5.717,2.0,LST_ASSAM_2025_10.tif,51.242,3.0,4.0,5.0,5.0,3700200.0,4.0
TINSUKIA,18-309,2025_11,119,0.0,86433.13,141924.922,1438908.426,8.61,3.415,24.888,89.01,5.717,3.0,LST_ASSAM_2025_11.tif,2.549,3.0,4.0,5.0,5.0,3700200.0,3.0
TINSUKIA,18-309,2025_12,119,0.0,86433.13,141924.922,1438908.426,8.61,3.415,24.888,89.01,5.717,3.0,LST_ASSAM_2025_12.tif,0.0,3.0,4.0,5.0,5.0,3700200.0,3.0
TINSUKIA,18-309,2026_01,119,0.0,89144.568,142459.516,1450860.369,8.61,3.415,24.888,89.01,5.717,2.0,LST_ASSAM_2026_01.tif,0.0,3.0,4.0,5.0,5.0,3700200.0,3.0
TINSUKIA,18-309,2026_02,119,0.0,89144.568,142459.516,1450860.369,8.61,3.415,24.888,89.01,5.717,2.0,LST_ASSAM_2026_02.tif,17.035,5.0,4.0,5.0,5.0,3700200.0,5.0
TINSUKIA,18-309,2026_03,119,0.0,89144.568,142459.516,1450860.369,8.61,3.415,24.888,89.01,5.717,5.0,LST_ASSAM_2026_03.tif,38.061,5.0,4.0,5.0,5.0,3700200.0,5.0
TINSUKIA,18-309,2026_04,119,0.0,89144.568,142459.516,1450860.369,8.61,3.415,24.888,89.01,5.717,4.0,LST_ASSAM_2026_04.tif,0.0,3.0,4.0,5.0,5.0,0.0,5.0
TINSUKIA,18-309,2026_05,119,0.0,89144.568,142459.516,1450860.369,8.61,3.415,24.888,89.01,5.717,3.0,LST_ASSAM_2026_05.tif,0.0,3.0,4.0,5.0,5.0,0.0,5.0
UDALGURI,18-326,2021_04,15,0.0,37777.657,68453.792,870280.79,8.336,3.074,15.958,80.43,5.602,4.0,LST_ASSAM_2021_04.tif,0.417,3.0,2.0,5.0,5.0,0.0,3.0
UDALGURI,18-326,2021_05,15,0.0,37777.657,68453.792,870280.79,8.336,3.074,15.958,80.43,5.602,2.0,LST_ASSAM_2021_05.tif,11.741,2.0,2.0,5.0,5.0,0.0,3.0
UDALGURI,18-326,2021_06,15,0.0,37777.657,68453.792,870280.79,8.336,3.074,15.958,80.43,5.602,5.0,LST_ASSAM_2021_06.tif,22.935,3.0,2.0,5.0,5.0,0.0,4.0
UDALGURI,18-326,2021_07,15,0.0,37777.657,68453.792,870280.79,8.336,3.074,15.958,80.43,5.602,5.0,LST_ASSAM_2021_07.tif,10.681,1.0,2.0,5.0,5.0,0.0,3.0
UDALGURI,18-326,2021_08,15,0.0,37777.657,68453.792,870280.79,8.336,3.074,15.958,80.43,5.602,5.0,LST_ASSAM_2021_08.tif,11.486,4.0,2.0,5.0,5.0,0.0,4.0
UDALGURI,18-326,2021_09,15,0.0,37777.657,68453.792,870280.79,8.336,3.074,15.958,80.43,5.602,4.0,LST_ASSAM_2021_09.tif,11.352,2.0,2.0,5.0,5.0,0.0,3.0
UDALGURI,18-326,2021_10,15,0.0,37777.657,68453.792,870280.79,8.336,3.074,15.958,80.43,5.602,4.0,LST_ASSAM_2021_10.tif,47.199,2.0,2.0,5.0,5.0,0.0,3.0
UDALGURI,18-326,2021_11,15,0.0,37777.657,68453.792,870280.79,8.336,3.074,15.958,80.43,5.602,5.0,LST_ASSAM_2021_11.tif,0.0,3.0,2.0,5.0,5.0,0.0,3.0
UDALGURI,18-326,2021_12,15,0.0,37777.657,68453.792,870280.79,8.336,3.074,15.958,80.43,5.602,5.0,LST_ASSAM_2021_12.tif,0.069,3.0,2.0,5.0,5.0,0.0,3.0
UDALGURI,18-326,2022_01,15,0.0,39024.83,68474.364,871748.285,8.336,3.074,15.958,80.43,5.602,5.0,LST_ASSAM_2022_01.tif,0.838,3.0,2.0,5.0,5.0,0.0,3.0
UDALGURI,18-326,2022_02,15,0.0,39024.83,68474.364,871748.285,8.336,3.074,15.958,80.43,5.602,3.0,LST_ASSAM_2022_02.tif,0.569,3.0,2.0,5.0,5.0,0.0,3.0
UDALGURI,18-326,2022_03,15,0.0,39024.83,68474.364,871748.285,8.336,3.074,15.958,80.43,5.602,4.0,LST_ASSAM_2022_03.tif,57.657,2.0,2.0,5.0,5.0,0.0,3.0
UDALGURI,18-326,2022_04,15,0.0,39024.83,68474.364,871748.285,8.336,3.074,15.958,80.43,5.602,2.0,LST_ASSAM_2022_04.tif,0.0,3.0,2.0,5.0,5.0,0.0,3.0
UDALGURI,18-326,2022_05,15,0.0,39024.83,68474.364,871748.285,8.336,3.074,15.958,80.43,5.602,4.0,LST_ASSAM_2022_05.tif,1.398,2.0,2.0,5.0,5.0,0.0,3.0
UDALGURI,18-326,2022_06,15,0.0,39024.83,68474.364,871748.285,8.336,3.074,15.958,80.43,5.602,0.0,LST_ASSAM_2022_06.tif,6.44,3.0,2.0,5.0,5.0,0.0,4.0
UDALGURI,18-326,2022_07,15,9988341.11,39024.83,68474.364,871748.285,8.336,3.074,15.958,80.43,5.602,5.0,LST_ASSAM_2022_07.tif,21.319,2.0,2.0,5.0,4.0,9988341.11,3.0
UDALGURI,18-326,2022_08,15,0.0,39024.83,68474.364,871748.285,8.336,3.074,15.958,80.43,5.602,3.0,LST_ASSAM_2022_08.tif,25.324,3.0,2.0,5.0,4.0,9988341.11,4.0
UDALGURI,18-326,2022_09,15,9606860.0,39024.83,68474.364,871748.285,8.336,3.074,15.958,80.43,5.602,5.0,LST_ASSAM_2022_09.tif,3.338,3.0,2.0,5.0,4.0,19595201.11,3.0
UDALGURI,18-326,2022_10,15,0.0,39024.83,68474.364,871748.285,8.336,3.074,15.958,80.43,5.602,5.0,LST_ASSAM_2022_10.tif,30.963,2.0,2.0,5.0,4.0,19595201.11,3.0
UDALGURI,18-326,2022_11,15,0.0,39024.83,68474.364,871748.285,8.336,3.074,15.958,80.43,5.602,5.0,LST_ASSAM_2022_11.tif,0.014,3.0,2.0,5.0,4.0,19595201.11,2.0
UDALGURI,18-326,2022_12,15,0.0,39024.83,68474.364,871748.285,8.336,3.074,15.958,80.43,5.602,5.0,LST_ASSAM_2022_12.tif,0.028,3.0,2.0,5.0,4.0,19595201.11,2.0
UDALGURI,18-326,2023_01,15,0.0,40272.003,68494.936,873215.781,8.336,3.074,15.958,80.43,5.602,5.0,LST_ASSAM_2023_01.tif,0.259,3.0,2.0,5.0,4.0,19595201.11,3.0
UDALGURI,18-326,2023_02,15,4759000.0,40272.003,68494.936,873215.781,8.336,3.074,15.958,80.43,5.602,4.0,LST_ASSAM_2023_02.tif,1.231,3.0,2.0,5.0,4.0,24354201.11,3.0
UDALGURI,18-326,2023_03,15,0.0,40272.003,68494.936,873215.781,8.336,3.074,15.958,80.43,5.602,4.0,LST_ASSAM_2023_03.tif,20.44,2.0,2.0,5.0,4.0,24354201.11,3.0
UDALGURI,18-326,2023_04,15,4948662.46,40272.003,68494.936,873215.781,8.336,3.074,15.958,80.43,5.602,2.0,LST_ASSAM_2023_04.tif,3.324,3.0,2.0,5.0,4.0,4948662.46,3.0
UDALGURI,18-326,2023_05,15,0.0,40272.003,68494.936,873215.781,8.336,3.074,15.958,80.43,5.602,3.0,LST_ASSAM_2023_05.tif,5.523,3.0,2.0,5.0,4.0,4948662.46,3.0
UDALGURI,18-326,2023_06,15,0.0,40272.003,68494.936,873215.781,8.336,3.074,15.958,80.43,5.602,5.0,LST_ASSAM_2023_06.tif,31.023,2.0,2.0,5.0,5.0,4948662.46,3.0
UDALGURI,18-326,2023_07,15,0.0,40272.003,68494.936,873215.781,8.336,3.074,15.958,80.43,5.602,5.0,LST_ASSAM_2023_07.tif,25.713,3.0,2.0,5.0,5.0,4948662.46,4.0
UDALGURI,18-326,2023_08,15,0.0,40272.003,68494.936,873215.781,8.336,3.074,15.958,80.43,5.602,4.0,LST_ASSAM_2023_08.tif,17.245,2.0,2.0,5.0,5.0,4948662.46,3.0
UDALGURI,18-326,2023_09,15,0.0,40272.003,68494.936,873215.781,8.336,3.074,15.958,80.43,5.602,5.0,LST_ASSAM_2023_09.tif,37.218,3.0,2.0,5.0,5.0,4948662.46,4.0
UDALGURI,18-326,2023_10,15,0.0,40272.003,68494.936,873215.781,8.336,3.074,15.958,80.43,5.602,4.0,LST_ASSAM_2023_10.tif,32.361,2.0,2.0,5.0,5.0,4948662.46,3.0
UDALGURI,18-326,2023_11,15,0.0,40272.003,68494.936,873215.781,8.336,3.074,15.958,80.43,5.602,4.0,LST_ASSAM_2023_11.tif,1.06,3.0,2.0,5.0,5.0,4948662.46,4.0
UDALGURI,18-326,2023_12,15,0.0,40272.003,68494.936,873215.781,8.336,3.074,15.958,80.43,5.602,5.0,LST_ASSAM_2023_12.tif,0.0,3.0,2.0,5.0,5.0,4948662.46,3.0
UDALGURI,18-326,2024_01,15,0.0,41519.176,68515.508,874683.276,8.336,3.074,15.958,80.43,5.602,5.0,LST_ASSAM_2024_01.tif,0.139,3.0,2.0,5.0,5.0,4948662.46,3.0
UDALGURI,18-326,2024_02,15,0.0,41519.176,68515.508,874683.276,8.336,3.074,15.958,80.43,5.602,4.0,LST_ASSAM_2024_02.tif,0.083,3.0,2.0,5.0,5.0,4948662.46,3.0
UDALGURI,18-326,2024_03,15,31144586.36,41519.176,68515.508,874683.276,8.336,3.074,15.958,80.43,5.602,4.0,LST_ASSAM_2024_03.tif,25.884,3.0,2.0,5.0,5.0,36093248.82,4.0
UDALGURI,18-326,2024_04,15,0.0,41519.176,68515.508,874683.276,8.336,3.074,15.958,80.43,5.602,3.0,LST_ASSAM_2024_04.tif,0.519,3.0,2.0,5.0,5.0,0.0,3.0
UDALGURI,18-326,2024_05,15,0.0,41519.176,68515.508,874683.276,8.336,3.074,15.958,80.43,5.602,4.0,LST_ASSAM_2024_05.tif,26.375,3.0,2.0,5.0,5.0,0.0,4.0
UDALGURI,18-326,2024_06,15,0.0,41519.176,68515.508,874683.276,8.336,3.074,15.958,80.43,5.602,0.0,LST_ASSAM_2024_06.tif,30.671,2.0,2.0,5.0,5.0,0.0,3.0
UDALGURI,18-326,2024_07,15,0.0,41519.176,68515.508,874683.276,8.336,3.074,15.958,80.43,5.602,3.0,LST_ASSAM_2024_07.tif,33.194,2.0,2.0,5.0,5.0,0.0,3.0
UDALGURI,18-326,2024_08,15,0.0,41519.176,68515.508,874683.276,8.336,3.074,15.958,80.43,5.602,5.0,LST_ASSAM_2024_08.tif,22.847,3.0,2.0,5.0,5.0,0.0,4.0
UDALGURI,18-326,2024_09,15,0.0,41519.176,68515.508,874683.276,8.336,3.074,15.958,80.43,5.602,5.0,LST_ASSAM_2024_09.tif,40.787,3.0,2.0,5.0,5.0,0.0,4.0
UDALGURI,18-326,2024_10,15,4725423.0,41519.176,68515.508,874683.276,8.336,3.074,15.958,80.43,5.602,4.0,LST_ASSAM_2024_10.tif,21.306,2.0,2.0,5.0,5.0,4725423.0,3.0
UDALGURI,18-326,2024_11,15,0.0,41519.176,68515.508,874683.276,8.336,3.074,15.958,80.43,5.602,4.0,LST_ASSAM_2024_11.tif,3.884,3.0,2.0,5.0,5.0,4725423.0,4.0
UDALGURI,18-326,2024_12,15,0.0,41519.176,68515.508,874683.276,8.336,3.074,15.958,80.43,5.602,4.0,LST_ASSAM_2024_12.tif,0.0,3.0,2.0,5.0,5.0,4725423.0,3.0
UDALGURI,18-326,2025_01,15,0.0,42766.349,68536.08,876150.771,8.336,3.074,15.958,80.43,5.602,5.0,LST_ASSAM_2025_01.tif,0.0,3.0,2.0,5.0,5.0,4725423.0,3.0
UDALGURI,18-326,2025_02,15,0.0,42766.349,68536.08,876150.771,8.336,3.074,15.958,80.43,5.602,4.0,LST_ASSAM_2025_02.tif,0.0,2.0,2.0,5.0,5.0,4725423.0,3.0
UDALGURI,18-326,2025_03,15,0.0,42766.349,68536.08,876150.771,8.336,3.074,15.958,80.43,5.602,4.0,LST_ASSAM_2025_03.tif,23.134,2.0,2.0,5.0,5.0,4725423.0,3.0
UDALGURI,18-326,2025_04,15,0.0,42766.349,68536.08,876150.771,8.336,3.074,15.958,80.43,5.602,4.0,LST_ASSAM_2025_04.tif,0.426,3.0,2.0,5.0,5.0,0.0,3.0
UDALGURI,18-326,2025_05,15,0.0,42766.349,68536.08,876150.771,8.336,3.074,15.958,80.43,5.602,4.0,LST_ASSAM_2025_05.tif,5.634,3.0,2.0,5.0,5.0,0.0,3.0
UDALGURI,18-326,2025_06,15,0.0,42766.349,68536.08,876150.771,8.336,3.074,15.958,80.43,5.602,5.0,LST_ASSAM_2025_06.tif,44.241,3.0,2.0,5.0,5.0,0.0,4.0
UDALGURI,18-326,2025_07,15,0.0,42766.349,68536.08,876150.771,8.336,3.074,15.958,80.43,5.602,5.0,LST_ASSAM_2025_07.tif,28.329,3.0,2.0,5.0,5.0,0.0,4.0
UDALGURI,18-326,2025_08,15,3593701.0,42766.349,68536.08,876150.771,8.336,3.074,15.958,80.43,5.602,5.0,LST_ASSAM_2025_08.tif,7.412,3.0,2.0,5.0,5.0,3593701.0,4.0
UDALGURI,18-326,2025_09,15,0.0,42766.349,68536.08,876150.771,8.336,3.074,15.958,80.43,5.602,5.0,LST_ASSAM_2025_09.tif,20.292,3.0,2.0,5.0,5.0,3593701.0,4.0
UDALGURI,18-326,2025_10,15,0.0,42766.349,68536.08,876150.771,8.336,3.074,15.958,80.43,5.602,4.0,LST_ASSAM_2025_10.tif,42.31,2.0,2.0,5.0,5.0,3593701.0,3.0
UDALGURI,18-326,2025_11,15,2497231.0,42766.349,68536.08,876150.771,8.336,3.074,15.958,80.43,5.602,5.0,LST_ASSAM_2025_11.tif,2.903,3.0,2.0,5.0,5.0,6090932.0,3.0
UDALGURI,18-326,2025_12,15,3181348.8,42766.349,68536.08,876150.771,8.336,3.074,15.958,80.43,5.602,5.0,LST_ASSAM_2025_12.tif,0.0,3.0,2.0,5.0,5.0,9272280.8,3.0
UDALGURI,18-326,2026_01,15,0.0,44013.522,68556.652,877618.266,8.336,3.074,15.958,80.43,5.602,5.0,LST_ASSAM_2026_01.tif,0.083,3.0,2.0,5.0,5.0,9272280.8,3.0
UDALGURI,18-326,2026_02,15,0.0,44013.522,68556.652,877618.266,8.336,3.074,15.958,80.43,5.602,4.0,LST_ASSAM_2026_02.tif,5.444,3.0,2.0,5.0,5.0,9272280.8,3.0
UDALGURI,18-326,2026_03,15,0.0,44013.522,68556.652,877618.266,8.336,3.074,15.958,80.43,5.602,4.0,LST_ASSAM_2026_03.tif,16.829,2.0,2.0,5.0,5.0,9272280.8,3.0
UDALGURI,18-326,2026_04,15,0.0,44013.522,68556.652,877618.266,8.336,3.074,15.958,80.43,5.602,3.0,LST_ASSAM_2026_04.tif,0.0,3.0,2.0,5.0,5.0,0.0,4.0
UDALGURI,18-326,2026_05,15,0.0,44013.522,68556.652,877618.266,8.336,3.074,15.958,80.43,5.602,5.0,LST_ASSAM_2026_05.tif,0.0,3.0,2.0,5.0,5.0,0.0,4.0
WEST KARBI ANGLONG,18-759,2021_04,25,0.0,22980.337,54304.934,359965.519,5.849,0.243,28.835,95.44,2.96,2.0,LST_ASSAM_2021_04.tif,0.024,3.0,5.0,3.0,5.0,0.0,3.0
WEST KARBI ANGLONG,18-759,2021_05,25,0.0,22980.337,54304.934,359965.519,5.849,0.243,28.835,95.44,2.96,2.0,LST_ASSAM_2021_05.tif,16.357,4.0,5.0,3.0,5.0,0.0,4.0
WEST KARBI ANGLONG,18-759,2021_06,25,0.0,22980.337,54304.934,359965.519,5.849,0.243,28.835,95.44,2.96,4.0,LST_ASSAM_2021_06.tif,25.69,3.0,5.0,3.0,5.0,0.0,3.0
WEST KARBI ANGLONG,18-759,2021_07,25,0.0,22980.337,54304.934,359965.519,5.849,0.243,28.835,95.44,2.96,4.0,LST_ASSAM_2021_07.tif,15.452,3.0,5.0,3.0,5.0,0.0,3.0
WEST KARBI ANGLONG,18-759,2021_08,25,0.0,22980.337,54304.934,359965.519,5.849,0.243,28.835,95.44,2.96,4.0,LST_ASSAM_2021_08.tif,10.048,3.0,5.0,3.0,5.0,0.0,3.0
WEST KARBI ANGLONG,18-759,2021_09,25,0.0,22980.337,54304.934,359965.519,5.849,0.243,28.835,95.44,2.96,2.0,LST_ASSAM_2021_09.tif,16.667,3.0,5.0,3.0,5.0,0.0,3.0
WEST KARBI ANGLONG,18-759,2021_10,25,0.0,22980.337,54304.934,359965.519,5.849,0.243,28.835,95.44,2.96,1.0,LST_ASSAM_2021_10.tif,61.214,4.0,5.0,3.0,5.0,0.0,5.0
WEST KARBI ANGLONG,18-759,2021_11,25,0.0,22980.337,54304.934,359965.519,5.849,0.243,28.835,95.44,2.96,2.0,LST_ASSAM_2021_11.tif,0.0,3.0,5.0,3.0,5.0,0.0,2.0
WEST KARBI ANGLONG,18-759,2021_12,25,0.0,22980.337,54304.934,359965.519,5.849,0.243,28.835,95.44,2.96,2.0,LST_ASSAM_2021_12.tif,0.19,4.0,5.0,3.0,5.0,0.0,3.0
WEST KARBI ANGLONG,18-759,2022_01,25,0.0,23909.886,54830.348,364058.338,5.849,0.243,28.835,95.44,2.96,1.0,LST_ASSAM_2022_01.tif,4.143,5.0,5.0,3.0,5.0,0.0,5.0
WEST KARBI ANGLONG,18-759,2022_02,25,0.0,23909.886,54830.348,364058.338,5.849,0.243,28.835,95.44,2.96,1.0,LST_ASSAM_2022_02.tif,4.0,5.0,5.0,3.0,5.0,0.0,5.0
WEST KARBI ANGLONG,18-759,2022_03,25,0.0,23909.886,54830.348,364058.338,5.849,0.243,28.835,95.44,2.96,2.0,LST_ASSAM_2022_03.tif,62.262,3.0,5.0,3.0,5.0,0.0,4.0
WEST KARBI ANGLONG,18-759,2022_04,25,0.0,23909.886,54830.348,364058.338,5.849,0.243,28.835,95.44,2.96,4.0,LST_ASSAM_2022_04.tif,0.024,3.0,5.0,3.0,5.0,0.0,2.0
WEST KARBI ANGLONG,18-759,2022_05,25,0.0,23909.886,54830.348,364058.338,5.849,0.243,28.835,95.44,2.96,3.0,LST_ASSAM_2022_05.tif,2.429,3.0,5.0,3.0,5.0,0.0,3.0
WEST KARBI ANGLONG,18-759,2022_06,25,0.0,23909.886,54830.348,364058.338,5.849,0.243,28.835,95.44,2.96,5.0,LST_ASSAM_2022_06.tif,6.476,3.0,5.0,3.0,5.0,0.0,3.0
WEST KARBI ANGLONG,18-759,2022_07,25,0.0,23909.886,54830.348,364058.338,5.849,0.243,28.835,95.44,2.96,3.0,LST_ASSAM_2022_07.tif,33.595,5.0,5.0,3.0,5.0,0.0,5.0
WEST KARBI ANGLONG,18-759,2022_08,25,0.0,23909.886,54830.348,364058.338,5.849,0.243,28.835,95.44,2.96,2.0,LST_ASSAM_2022_08.tif,26.738,3.0,5.0,3.0,5.0,0.0,4.0
WEST KARBI ANGLONG,18-759,2022_09,25,0.0,23909.886,54830.348,364058.338,5.849,0.243,28.835,95.44,2.96,2.0,LST_ASSAM_2022_09.tif,3.5,3.0,5.0,3.0,5.0,0.0,3.0
WEST KARBI ANGLONG,18-759,2022_10,25,0.0,23909.886,54830.348,364058.338,5.849,0.243,28.835,95.44,2.96,1.0,LST_ASSAM_2022_10.tif,40.31,3.0,5.0,3.0,5.0,0.0,3.0
WEST KARBI ANGLONG,18-759,2022_11,25,0.0,23909.886,54830.348,364058.338,5.849,0.243,28.835,95.44,2.96,2.0,LST_ASSAM_2022_11.tif,0.0,3.0,5.0,3.0,5.0,0.0,2.0
WEST KARBI ANGLONG,18-759,2022_12,25,0.0,23909.886,54830.348,364058.338,5.849,0.243,28.835,95.44,2.96,2.0,LST_ASSAM_2022_12.tif,0.405,4.0,5.0,3.0,5.0,0.0,3.0
WEST KARBI ANGLONG,18-759,2023_01,25,0.0,24839.435,55355.762,368151.156,5.849,0.243,28.835,95.44,2.96,2.0,LST_ASSAM_2023_01.tif,0.833,4.0,5.0,3.0,5.0,0.0,4.0
WEST KARBI ANGLONG,18-759,2023_02,25,0.0,24839.435,55355.762,368151.156,5.849,0.243,28.835,95.44,2.96,2.0,LST_ASSAM_2023_02.tif,0.548,2.0,5.0,3.0,5.0,0.0,2.0
WEST KARBI ANGLONG,18-759,2023_03,25,0.0,24839.435,55355.762,368151.156,5.849,0.243,28.835,95.44,2.96,2.0,LST_ASSAM_2023_03.tif,18.476,2.0,5.0,3.0,5.0,0.0,3.0
WEST KARBI ANGLONG,18-759,2023_04,25,0.0,24839.435,55355.762,368151.156,5.849,0.243,28.835,95.44,2.96,3.0,LST_ASSAM_2023_04.tif,3.714,3.0,5.0,3.0,5.0,0.0,3.0
WEST KARBI ANGLONG,18-759,2023_05,25,0.0,24839.435,55355.762,368151.156,5.849,0.243,28.835,95.44,2.96,2.0,LST_ASSAM_2023_05.tif,6.071,3.0,5.0,3.0,5.0,0.0,3.0
WEST KARBI ANGLONG,18-759,2023_06,25,0.0,24839.435,55355.762,368151.156,5.849,0.243,28.835,95.44,2.96,3.0,LST_ASSAM_2023_06.tif,34.262,3.0,5.0,3.0,5.0,0.0,4.0
WEST KARBI ANGLONG,18-759,2023_07,25,0.0,24839.435,55355.762,368151.156,5.849,0.243,28.835,95.44,2.96,2.0,LST_ASSAM_2023_07.tif,30.024,4.0,5.0,3.0,5.0,0.0,4.0
WEST KARBI ANGLONG,18-759,2023_08,25,0.0,24839.435,55355.762,368151.156,5.849,0.243,28.835,95.44,2.96,3.0,LST_ASSAM_2023_08.tif,25.024,5.0,5.0,3.0,5.0,0.0,5.0
WEST KARBI ANGLONG,18-759,2023_09,25,0.0,24839.435,55355.762,368151.156,5.849,0.243,28.835,95.44,2.96,2.0,LST_ASSAM_2023_09.tif,38.143,3.0,5.0,3.0,5.0,0.0,3.0
WEST KARBI ANGLONG,18-759,2023_10,25,0.0,24839.435,55355.762,368151.156,5.849,0.243,28.835,95.44,2.96,1.0,LST_ASSAM_2023_10.tif,39.357,3.0,5.0,3.0,5.0,0.0,4.0
WEST KARBI ANGLONG,18-759,2023_11,25,0.0,24839.435,55355.762,368151.156,5.849,0.243,28.835,95.44,2.96,1.0,LST_ASSAM_2023_11.tif,2.214,5.0,5.0,3.0,5.0,0.0,5.0
WEST KARBI ANGLONG,18-759,2023_12,25,0.0,24839.435,55355.762,368151.156,5.849,0.243,28.835,95.44,2.96,2.0,LST_ASSAM_2023_12.tif,0.0,3.0,5.0,3.0,5.0,0.0,2.0
WEST KARBI ANGLONG,18-759,2024_01,25,0.0,25768.984,55881.176,372243.975,5.849,0.243,28.835,95.44,2.96,2.0,LST_ASSAM_2024_01.tif,1.714,5.0,5.0,3.0,5.0,0.0,5.0
WEST KARBI ANGLONG,18-759,2024_02,25,0.0,25768.984,55881.176,372243.975,5.849,0.243,28.835,95.44,2.96,1.0,LST_ASSAM_2024_02.tif,0.19,3.0,5.0,3.0,5.0,0.0,2.0
WEST KARBI ANGLONG,18-759,2024_03,25,0.0,25768.984,55881.176,372243.975,5.849,0.243,28.835,95.44,2.96,2.0,LST_ASSAM_2024_03.tif,20.571,2.0,5.0,3.0,5.0,0.0,3.0
WEST KARBI ANGLONG,18-759,2024_04,25,0.0,25768.984,55881.176,372243.975,5.849,0.243,28.835,95.44,2.96,4.0,LST_ASSAM_2024_04.tif,3.738,3.0,5.0,3.0,5.0,0.0,2.0
WEST KARBI ANGLONG,18-759,2024_05,25,0.0,25768.984,55881.176,372243.975,5.849,0.243,28.835,95.44,2.96,3.0,LST_ASSAM_2024_05.tif,38.69,4.0,5.0,3.0,5.0,0.0,4.0
WEST KARBI ANGLONG,18-759,2024_06,25,0.0,25768.984,55881.176,372243.975,5.849,0.243,28.835,95.44,2.96,1.0,LST_ASSAM_2024_06.tif,48.31,5.0,5.0,3.0,5.0,0.0,5.0
WEST KARBI ANGLONG,18-759,2024_07,25,0.0,25768.984,55881.176,372243.975,5.849,0.243,28.835,95.44,2.96,2.0,LST_ASSAM_2024_07.tif,42.357,4.0,5.0,3.0,5.0,0.0,4.0
WEST KARBI ANGLONG,18-759,2024_08,25,0.0,25768.984,55881.176,372243.975,5.849,0.243,28.835,95.44,2.96,1.0,LST_ASSAM_2024_08.tif,20.548,3.0,5.0,3.0,5.0,0.0,3.0
WEST KARBI ANGLONG,18-759,2024_09,25,0.0,25768.984,55881.176,372243.975,5.849,0.243,28.835,95.44,2.96,2.0,LST_ASSAM_2024_09.tif,42.738,3.0,5.0,3.0,5.0,0.0,4.0
WEST KARBI ANGLONG,18-759,2024_10,25,0.0,25768.984,55881.176,372243.975,5.849,0.243,28.835,95.44,2.96,1.0,LST_ASSAM_2024_10.tif,30.619,3.0,5.0,3.0,5.0,0.0,3.0
WEST KARBI ANGLONG,18-759,2024_11,25,0.0,25768.984,55881.176,372243.975,5.849,0.243,28.835,95.44,2.96,1.0,LST_ASSAM_2024_11.tif,2.976,2.0,5.0,3.0,5.0,0.0,3.0
WEST KARBI ANGLONG,18-759,2024_12,25,0.0,25768.984,55881.176,372243.975,5.849,0.243,28.835,95.44,2.96,1.0,LST_ASSAM_2024_12.tif,0.0,3.0,5.0,3.0,5.0,0.0,2.0
WEST KARBI ANGLONG,18-759,2025_01,25,0.0,26698.533,56406.59,376336.794,5.849,0.243,28.835,95.44,2.96,2.0,LST_ASSAM_2025_01.tif,0.048,4.0,5.0,3.0,5.0,0.0,3.0
WEST KARBI ANGLONG,18-759,2025_02,25,0.0,26698.533,56406.59,376336.794,5.849,0.243,28.835,95.44,2.96,1.0,LST_ASSAM_2025_02.tif,0.0,2.0,5.0,3.0,5.0,0.0,2.0
WEST KARBI ANGLONG,18-759,2025_03,25,0.0,26698.533,56406.59,376336.794,5.849,0.243,28.835,95.44,2.96,2.0,LST_ASSAM_2025_03.tif,38.905,4.0,5.0,3.0,5.0,0.0,4.0
WEST KARBI ANGLONG,18-759,2025_04,25,0.0,26698.533,56406.59,376336.794,5.849,0.243,28.835,95.44,2.96,3.0,LST_ASSAM_2025_04.tif,1.262,4.0,5.0,3.0,5.0,0.0,4.0
WEST KARBI ANGLONG,18-759,2025_05,25,0.0,26698.533,56406.59,376336.794,5.849,0.243,28.835,95.44,2.96,3.0,LST_ASSAM_2025_05.tif,5.357,2.0,5.0,3.0,5.0,0.0,2.0
WEST KARBI ANGLONG,18-759,2025_06,25,0.0,26698.533,56406.59,376336.794,5.849,0.243,28.835,95.44,2.96,3.0,LST_ASSAM_2025_06.tif,53.214,4.0,5.0,3.0,5.0,0.0,5.0
WEST KARBI ANGLONG,18-759,2025_07,25,0.0,26698.533,56406.59,376336.794,5.849,0.243,28.835,95.44,2.96,2.0,LST_ASSAM_2025_07.tif,35.714,5.0,5.0,3.0,5.0,0.0,5.0
WEST KARBI ANGLONG,18-759,2025_08,25,0.0,26698.533,56406.59,376336.794,5.849,0.243,28.835,95.44,2.96,2.0,LST_ASSAM_2025_08.tif,10.476,5.0,5.0,3.0,5.0,0.0,5.0
WEST KARBI ANGLONG,18-759,2025_09,25,0.0,26698.533,56406.59,376336.794,5.849,0.243,28.835,95.44,2.96,1.0,LST_ASSAM_2025_09.tif,20.405,3.0,5.0,3.0,5.0,0.0,3.0
WEST KARBI ANGLONG,18-759,2025_10,25,0.0,26698.533,56406.59,376336.794,5.849,0.243,28.835,95.44,2.96,1.0,LST_ASSAM_2025_10.tif,54.738,4.0,5.0,3.0,5.0,0.0,5.0
WEST KARBI ANGLONG,18-759,2025_11,25,0.0,26698.533,56406.59,376336.794,5.849,0.243,28.835,95.44,2.96,2.0,LST_ASSAM_2025_11.tif,1.119,2.0,5.0,3.0,5.0,0.0,2.0
WEST KARBI ANGLONG,18-759,2025_12,25,0.0,26698.533,56406.59,376336.794,5.849,0.243,28.835,95.44,2.96,2.0,LST_ASSAM_2025_12.tif,0.095,4.0,5.0,3.0,5.0,0.0,3.0
WEST KARBI ANGLONG,18-759,2026_01,25,0.0,27628.082,56932.004,380429.612,5.849,0.243,28.835,95.44,2.96,1.0,LST_ASSAM_2026_01.tif,0.5,5.0,5.0,3.0,5.0,0.0,5.0
WEST KARBI ANGLONG,18-759,2026_02,25,0.0,27628.082,56932.004,380429.612,5.849,0.243,28.835,95.44,2.96,1.0,LST_ASSAM_2026_02.tif,3.524,2.0,5.0,3.0,5.0,0.0,2.0
WEST KARBI ANGLONG,18-759,2026_03,25,0.0,27628.082,56932.004,380429.612,5.849,0.243,28.835,95.44,2.96,1.0,LST_ASSAM_2026_03.tif,15.452,2.0,5.0,3.0,5.0,0.0,3.0
WEST KARBI ANGLONG,18-759,2026_04,25,0.0,27628.082,56932.004,380429.612,5.849,0.243,28.835,95.44,2.96,3.0,LST_ASSAM_2026_04.tif,0.0,3.0,5.0,3.0,5.0,0.0,3.0
WEST KARBI ANGLONG,18-759,2026_05,25,0.0,27628.082,56932.004,380429.612,5.849,0.243,28.835,95.44,2.96,2.0,LST_ASSAM_2026_05.tif,0.0,3.0,5.0,3.0,5.0,0.0,4.0
