Tender ID,tender_externalreference,tender_title,Work Description,Tender Category,Tender Type,Form of contract,Product Category,Is Multi Currency Allowed For BOQ,Allow Two Stage Bidding,Independent External Monitor/Remarks,Published Date,Pre Bid Meeting Date,Bid Validity(Days),Should Allow NDA Tender,Allow Preferential Bidder,Payment Mode,Bid Opening Date,Organisation Chain,location,Pincode,No of Bids Received,Tender Value in ₹,Bidder Name,Awarded Value,Status,Contract Date :,Department,is_heat_tender,is_strong_heat_tender,positive_keywords_dict,negative_keywords_dict,heat_signal,Season,Scheme,Response Type,Heat Response - Themes,Heat Response - Subhead
2020_RWSS_64692_12,20/RWSS/BBSR/2020-21,"Distribution pipe line of HDPE GI, construction of pump houses, compound walls, RCC ESRs, UGRs,SV chambers, Standposts, Chlorination arrangement, with other ancillary works. For retrofitting of piped water supply scheme to Bodhakhandi under Balianta","Distribution pipe line of HDPE GI, construction of pump houses, compound walls, RCC ESRs, UGRs,SV chambers, Standposts, Chlorination arrangement, with other ancillary works. For retrofitting of piped water supply scheme to Bodhakhandi under Balianta",Works,Open Tender,Percentage,Civil Works - Water Works,No,No,NA ,21-Dec-2020 02:00 PM,NA ,30.0,No ,No,Online,31-Dec-2020 11:00 AM,Rural Water Supply and Sanitation||RWSS Circle Bhubaneswar||RWSS Division Bhubaneswar,Bodhakhandi under Balianta block,751030.0,2.0,,WAZID HOSEN KHAN,"11,713,312",Rejected-Finance,21-Sep-2021,Rural Water Supply and Sanitation||RWSS Circle Bhubaneswar||RWSS Division Bhubaneswar,True,False,"{'heatwave': 0, 'heat wave': 0, 'heat-wave': 0, 'heat stress': 0, 'heat stroke': 0, 'heat action plan': 0, 'heat resilience': 0, 'heat resilient': 0, 'extreme heat': 0, 'high temperature': 0, 'rising temperature': 0, 'heat resistant': 0, 'climate resilient': 0, 'cooling centre': 0, 'cooling center': 0, 'emergency response': 0, 'first aid': 0, 'ambulance': 0, 'ors': 0, 'oral rehydration solution': 0, 'heat stroke treatment': 0, 'sunstroke': 0, 'sun stroke': 0, 'heat related illness': 0, 'heat illness': 0, 'heat exhaustion': 0, 'heat cramp': 0, 'heat rash': 0, 'heat alert': 0, 'heat warning': 0, 'heat advisory': 0, 'heat hotline': 0, 'satark': 0, 'early warning system': 0, 'saline': 0, 'iv fluid': 0, 'rapid response team': 0, 'mobile health unit': 0, 'relief chamber': 0, 'heat stroke ward': 0, 'heat stroke bed': 0, 'drinking water': 0, 'water kiosk': 0, 'water atm': 0, 'hydration point': 0, 'hydration centre': 0, 'hydration center': 0, 'cold water': 0, 'tube well': 0, 'tubewell': 0, 'borewell': 0, 'bore well': 0, 'hand pump': 0, 'handpump': 0, 'overhead tank': 0, 'oh tank': 0, 'stand post': 0, 'piped water supply': 2, 'water supply scheme': 2, 'jalachhatra': 0, 'jalachatra': 0, 'jala jogana kendra': 0, 'jal jogana kendra': 0, 'jal seva shibira': 0, 'water tanker': 0, 'water sprinkling': 0, 'cool roof': 0, 'white roof': 0, 'white topping': 0, 'roof insulation': 0, 'thermal insulation': 0, 'heat reflective': 0, 'reflective coating': 0, 'shade net': 0, 'shade structure': 0, 'canopy': 0, 'awning': 0, 'albedo paint': 0, 'albedo painting': 0, 'white painting': 0, 'reflective paint': 0, 'green roof': 0, 'green roofing': 0, 'k glass': 0, 'doubly glazed glass': 0, 'passive cooling': 0, 'air cooler': 0, 'white china mosaic': 0, 'lime based whitewash': 0, 'white tarp': 0, 'acrylic resin coating': 0, 'tree plantation': 0, 'avenue plantation': 0, 'plantation': 0, 'green belt': 0, 'urban forestry': 0, 'urban forest': 0, 'park development': 0, 'shelter belt': 0, 'shade tree': 0, 'vertical garden': 0, 'green space': 0, 'afforestation': 0, 'green campus': 0, 'night shelter': 0, 'transit shelter': 0, 'rest shed': 0, 'waiting shed': 0, 'community hall': 0, 'relief centre': 0, 'relief center': 0, 'bus stand shelter': 0, 'passenger shelter': 0, 'cool shelter': 0, 'rest shade': 0, 'cool resting space': 0, 'cool resting shed': 0, 'passenger shed': 0, 'outreach clinic': 0, 'awareness campaign': 0, 'iec activity': 0, 'iec material': 0, 'capacity building': 0, 'training programme': 0, 'training program': 0, 'mock drill': 0, 'sensitization': 0, 'swasthya kantha': 0, 'do and dont': 0, 'dos and donts': 0, 'display board': 0, 'hoarding': 0, 'pamphlet': 0, 'leaflet': 0, 'banner': 0}","{'floodlight': 0, 'flood light': 0, 'street light': 0, 'solar street light': 0, 'high mast light': 0, 'gas pipeline': 0, 'sports complex': 0, 'stadium': 0, 'cricket': 0, 'football': 0, 'volleyball': 0, 'examination hall': 0, 'cremation ground': 0, 'crematorium': 0, 'burial ground': 0, 'election': 0, 'covid': 0, 'vaccination': 0, 'wedding hall': 0, 'marriage hall': 0, 'kalyan mandap': 0, 'boundary wall': 0, 'compound wall': 0, 'staff quarter': 0, 'quarter building': 0, 'drug warehouse': 0, 'drug ware house': 0, 'godown': 0, 'bio medical waste': 0, 'biomedical waste': 0, 'bmw management': 0, 'waste management': 0}",weak,Post-Monsoon / Winter (Oct-Dec),,Drinking Water & Hydration,Drinking Water & Hydration,"{'Drinking Water & Hydration': {'piped water supply': 2, 'water supply scheme': 2}}"
2021_EICCL_67484_1,S E J C R AND B 22/2020-21,"CONSTRUCTION OF 90 CAPACITY ATTENDANT S REST SHED FOR S.L.N MEDICAL COLLEGE AND HOSPITAL , KORAPUT UNDER MO SARKAR",CIVIL WORKS,Works,National Competitive Bid,Percentage,Civil Works - Buildings,No,No,NA ,31-Mar-2021 10:00 AM,NA ,90.0,No ,No,Online,16-Apr-2021 10:00 AM,EIC-CIVIL||SERNB-CIRCLE-JEYPORE,KORAPUT,764020.0,2.0,,BISWOMBAR NATH BHUYAN,"25,462,666",Accepted-AOC,14-Sep-2021,EIC-CIVIL||SERNB-CIRCLE-JEYPORE,True,False,"{'heatwave': 0, 'heat wave': 0, 'heat-wave': 0, 'heat stress': 0, 'heat stroke': 0, 'heat action plan': 0, 'heat resilience': 0, 'heat resilient': 0, 'extreme heat': 0, 'high temperature': 0, 'rising temperature': 0, 'heat resistant': 0, 'climate resilient': 0, 'cooling centre': 0, 'cooling center': 0, 'emergency response': 0, 'first aid': 0, 'ambulance': 0, 'ors': 0, 'oral rehydration solution': 0, 'heat stroke treatment': 0, 'sunstroke': 0, 'sun stroke': 0, 'heat related illness': 0, 'heat illness': 0, 'heat exhaustion': 0, 'heat cramp': 0, 'heat rash': 0, 'heat alert': 0, 'heat warning': 0, 'heat advisory': 0, 'heat hotline': 0, 'satark': 0, 'early warning system': 0, 'saline': 0, 'iv fluid': 0, 'rapid response team': 0, 'mobile health unit': 0, 'relief chamber': 0, 'heat stroke ward': 0, 'heat stroke bed': 0, 'drinking water': 0, 'water kiosk': 0, 'water atm': 0, 'hydration point': 0, 'hydration centre': 0, 'hydration center': 0, 'cold water': 0, 'tube well': 0, 'tubewell': 0, 'borewell': 0, 'bore well': 0, 'hand pump': 0, 'handpump': 0, 'overhead tank': 0, 'oh tank': 0, 'stand post': 0, 'piped water supply': 0, 'water supply scheme': 0, 'jalachhatra': 0, 'jalachatra': 0, 'jala jogana kendra': 0, 'jal jogana kendra': 0, 'jal seva shibira': 0, 'water tanker': 0, 'water sprinkling': 0, 'cool roof': 0, 'white roof': 0, 'white topping': 0, 'roof insulation': 0, 'thermal insulation': 0, 'heat reflective': 0, 'reflective coating': 0, 'shade net': 0, 'shade structure': 0, 'canopy': 0, 'awning': 0, 'albedo paint': 0, 'albedo painting': 0, 'white painting': 0, 'reflective paint': 0, 'green roof': 0, 'green roofing': 0, 'k glass': 0, 'doubly glazed glass': 0, 'passive cooling': 0, 'air cooler': 0, 'white china mosaic': 0, 'lime based whitewash': 0, 'white tarp': 0, 'acrylic resin coating': 0, 'tree plantation': 0, 'avenue plantation': 0, 'plantation': 0, 'green belt': 0, 'urban forestry': 0, 'urban forest': 0, 'park development': 0, 'shelter belt': 0, 'shade tree': 0, 'vertical garden': 0, 'green space': 0, 'afforestation': 0, 'green campus': 0, 'night shelter': 0, 'transit shelter': 0, 'rest shed': 1, 'waiting shed': 0, 'community hall': 0, 'relief centre': 0, 'relief center': 0, 'bus stand shelter': 0, 'passenger shelter': 0, 'cool shelter': 0, 'rest shade': 0, 'cool resting space': 0, 'cool resting shed': 0, 'passenger shed': 0, 'outreach clinic': 0, 'awareness campaign': 0, 'iec activity': 0, 'iec material': 0, 'capacity building': 0, 'training programme': 0, 'training program': 0, 'mock drill': 0, 'sensitization': 0, 'swasthya kantha': 0, 'do and dont': 0, 'dos and donts': 0, 'display board': 0, 'hoarding': 0, 'pamphlet': 0, 'leaflet': 0, 'banner': 0}","{'floodlight': 0, 'flood light': 0, 'street light': 0, 'solar street light': 0, 'high mast light': 0, 'gas pipeline': 0, 'sports complex': 0, 'stadium': 0, 'cricket': 0, 'football': 0, 'volleyball': 0, 'examination hall': 0, 'cremation ground': 0, 'crematorium': 0, 'burial ground': 0, 'election': 0, 'covid': 0, 'vaccination': 0, 'wedding hall': 0, 'marriage hall': 0, 'kalyan mandap': 0, 'boundary wall': 0, 'compound wall': 0, 'staff quarter': 0, 'quarter building': 0, 'drug warehouse': 0, 'drug ware house': 0, 'godown': 0, 'bio medical waste': 0, 'biomedical waste': 0, 'bmw management': 0, 'waste management': 0}",weak,Summer / Heatwave (Mar-Jun),,Shelter & Rest Infrastructure,Shelter & Rest Infrastructure,{'Shelter & Rest Infrastructure': {'rest shed': 1}}
2021_OHPCL_66944_1,EEPDD-04/2020-21,Annual maintenance to the whole garden and road side plantation at down stream of Indravati Dam for one year ( 12 Calaender,Civil work,Works,Open Tender,Item Rate,Civil Works - Others,No,No,NA ,06-Mar-2021 11:00 AM,NA ,90.0,No ,No,Online,17-Mar-2021 11:00 AM,Odisha Hydro Power Corporation Ltd||Upper Indravati H.E. Project Khatiguda||EE Muran Dam Division,KHATIGUDA,764085.0,1.0,,KAILASH HARIJAN,"559,696",Rejected-Finance,21-Sep-2021,Odisha Hydro Power Corporation Ltd||Upper Indravati H.E. Project Khatiguda||EE Muran Dam Division,True,False,"{'heatwave': 0, 'heat wave': 0, 'heat-wave': 0, 'heat stress': 0, 'heat stroke': 0, 'heat action plan': 0, 'heat resilience': 0, 'heat resilient': 0, 'extreme heat': 0, 'high temperature': 0, 'rising temperature': 0, 'heat resistant': 0, 'climate resilient': 0, 'cooling centre': 0, 'cooling center': 0, 'emergency response': 0, 'first aid': 0, 'ambulance': 0, 'ors': 0, 'oral rehydration solution': 0, 'heat stroke treatment': 0, 'sunstroke': 0, 'sun stroke': 0, 'heat related illness': 0, 'heat illness': 0, 'heat exhaustion': 0, 'heat cramp': 0, 'heat rash': 0, 'heat alert': 0, 'heat warning': 0, 'heat advisory': 0, 'heat hotline': 0, 'satark': 0, 'early warning system': 0, 'saline': 0, 'iv fluid': 0, 'rapid response team': 0, 'mobile health unit': 0, 'relief chamber': 0, 'heat stroke ward': 0, 'heat stroke bed': 0, 'drinking water': 0, 'water kiosk': 0, 'water atm': 0, 'hydration point': 0, 'hydration centre': 0, 'hydration center': 0, 'cold water': 0, 'tube well': 0, 'tubewell': 0, 'borewell': 0, 'bore well': 0, 'hand pump': 0, 'handpump': 0, 'overhead tank': 0, 'oh tank': 0, 'stand post': 0, 'piped water supply': 0, 'water supply scheme': 0, 'jalachhatra': 0, 'jalachatra': 0, 'jala jogana kendra': 0, 'jal jogana kendra': 0, 'jal seva shibira': 0, 'water tanker': 0, 'water sprinkling': 0, 'cool roof': 0, 'white roof': 0, 'white topping': 0, 'roof insulation': 0, 'thermal insulation': 0, 'heat reflective': 0, 'reflective coating': 0, 'shade net': 0, 'shade structure': 0, 'canopy': 0, 'awning': 0, 'albedo paint': 0, 'albedo painting': 0, 'white painting': 0, 'reflective paint': 0, 'green roof': 0, 'green roofing': 0, 'k glass': 0, 'doubly glazed glass': 0, 'passive cooling': 0, 'air cooler': 0, 'white china mosaic': 0, 'lime based whitewash': 0, 'white tarp': 0, 'acrylic resin coating': 0, 'tree plantation': 0, 'avenue plantation': 0, 'plantation': 1, 'green belt': 0, 'urban forestry': 0, 'urban forest': 0, 'park development': 0, 'shelter belt': 0, 'shade tree': 0, 'vertical garden': 0, 'green space': 0, 'afforestation': 0, 'green campus': 0, 'night shelter': 0, 'transit shelter': 0, 'rest shed': 0, 'waiting shed': 0, 'community hall': 0, 'relief centre': 0, 'relief center': 0, 'bus stand shelter': 0, 'passenger shelter': 0, 'cool shelter': 0, 'rest shade': 0, 'cool resting space': 0, 'cool resting shed': 0, 'passenger shed': 0, 'outreach clinic': 0, 'awareness campaign': 0, 'iec activity': 0, 'iec material': 0, 'capacity building': 0, 'training programme': 0, 'training program': 0, 'mock drill': 0, 'sensitization': 0, 'swasthya kantha': 0, 'do and dont': 0, 'dos and donts': 0, 'display board': 0, 'hoarding': 0, 'pamphlet': 0, 'leaflet': 0, 'banner': 0}","{'floodlight': 0, 'flood light': 0, 'street light': 0, 'solar street light': 0, 'high mast light': 0, 'gas pipeline': 0, 'sports complex': 0, 'stadium': 0, 'cricket': 0, 'football': 0, 'volleyball': 0, 'examination hall': 0, 'cremation ground': 0, 'crematorium': 0, 'burial ground': 0, 'election': 0, 'covid': 0, 'vaccination': 0, 'wedding hall': 0, 'marriage hall': 0, 'kalyan mandap': 0, 'boundary wall': 0, 'compound wall': 0, 'staff quarter': 0, 'quarter building': 0, 'drug warehouse': 0, 'drug ware house': 0, 'godown': 0, 'bio medical waste': 0, 'biomedical waste': 0, 'bmw management': 0, 'waste management': 0}",weak,Summer / Heatwave (Mar-Jun),,Greening & Urban Forestry,Greening & Urban Forestry,{'Greening & Urban Forestry': {'plantation': 1}}
2021_OSAMB_67879_1,01/219/13.04.2021/2020-21,"Construction of FIC cum FRS , Toilet Block , Bore Well and Paveyard at Biringatoli LAMPCS at Kutra Block Under RMC Sargipali out of DMF 2020-21","Construction of FIC cum FRS , Toilet Block , Bore Well and Paveyard at Biringatoli LAMPCS at Kutra Block Under RMC Sargipali out of DMF 2020-21.",Works,Open Tender,Percentage,Civil Works - Buildings,No,No,NA ,19-Apr-2021 11:00 AM,NA ,90.0,No ,No,Online,29-Apr-2021 10:00 AM,Odisha State Agricultural Marketing Board||RMC Sargipali,Kutra Block,770018.0,1.0,"23,82,716",RAJIB LOCHAN ACHARYA,"2,025,546.5",Accepted-AOC,22-Sep-2021,Odisha State Agricultural Marketing Board||RMC Sargipali,True,False,"{'heatwave': 0, 'heat wave': 0, 'heat-wave': 0, 'heat stress': 0, 'heat stroke': 0, 'heat action plan': 0, 'heat resilience': 0, 'heat resilient': 0, 'extreme heat': 0, 'high temperature': 0, 'rising temperature': 0, 'heat resistant': 0, 'climate resilient': 0, 'cooling centre': 0, 'cooling center': 0, 'emergency response': 0, 'first aid': 0, 'ambulance': 0, 'ors': 0, 'oral rehydration solution': 0, 'heat stroke treatment': 0, 'sunstroke': 0, 'sun stroke': 0, 'heat related illness': 0, 'heat illness': 0, 'heat exhaustion': 0, 'heat cramp': 0, 'heat rash': 0, 'heat alert': 0, 'heat warning': 0, 'heat advisory': 0, 'heat hotline': 0, 'satark': 0, 'early warning system': 0, 'saline': 0, 'iv fluid': 0, 'rapid response team': 0, 'mobile health unit': 0, 'relief chamber': 0, 'heat stroke ward': 0, 'heat stroke bed': 0, 'drinking water': 0, 'water kiosk': 0, 'water atm': 0, 'hydration point': 0, 'hydration centre': 0, 'hydration center': 0, 'cold water': 0, 'tube well': 0, 'tubewell': 0, 'borewell': 0, 'bore well': 2, 'hand pump': 0, 'handpump': 0, 'overhead tank': 0, 'oh tank': 0, 'stand post': 0, 'piped water supply': 0, 'water supply scheme': 0, 'jalachhatra': 0, 'jalachatra': 0, 'jala jogana kendra': 0, 'jal jogana kendra': 0, 'jal seva shibira': 0, 'water tanker': 0, 'water sprinkling': 0, 'cool roof': 0, 'white roof': 0, 'white topping': 0, 'roof insulation': 0, 'thermal insulation': 0, 'heat reflective': 0, 'reflective coating': 0, 'shade net': 0, 'shade structure': 0, 'canopy': 0, 'awning': 0, 'albedo paint': 0, 'albedo painting': 0, 'white painting': 0, 'reflective paint': 0, 'green roof': 0, 'green roofing': 0, 'k glass': 0, 'doubly glazed glass': 0, 'passive cooling': 0, 'air cooler': 0, 'white china mosaic': 0, 'lime based whitewash': 0, 'white tarp': 0, 'acrylic resin coating': 0, 'tree plantation': 0, 'avenue plantation': 0, 'plantation': 0, 'green belt': 0, 'urban forestry': 0, 'urban forest': 0, 'park development': 0, 'shelter belt': 0, 'shade tree': 0, 'vertical garden': 0, 'green space': 0, 'afforestation': 0, 'green campus': 0, 'night shelter': 0, 'transit shelter': 0, 'rest shed': 0, 'waiting shed': 0, 'community hall': 0, 'relief centre': 0, 'relief center': 0, 'bus stand shelter': 0, 'passenger shelter': 0, 'cool shelter': 0, 'rest shade': 0, 'cool resting space': 0, 'cool resting shed': 0, 'passenger shed': 0, 'outreach clinic': 0, 'awareness campaign': 0, 'iec activity': 0, 'iec material': 0, 'capacity building': 0, 'training programme': 0, 'training program': 0, 'mock drill': 0, 'sensitization': 0, 'swasthya kantha': 0, 'do and dont': 0, 'dos and donts': 0, 'display board': 0, 'hoarding': 0, 'pamphlet': 0, 'leaflet': 0, 'banner': 0}","{'floodlight': 0, 'flood light': 0, 'street light': 0, 'solar street light': 0, 'high mast light': 0, 'gas pipeline': 0, 'sports complex': 0, 'stadium': 0, 'cricket': 0, 'football': 0, 'volleyball': 0, 'examination hall': 0, 'cremation ground': 0, 'crematorium': 0, 'burial ground': 0, 'election': 0, 'covid': 0, 'vaccination': 0, 'wedding hall': 0, 'marriage hall': 0, 'kalyan mandap': 0, 'boundary wall': 0, 'compound wall': 0, 'staff quarter': 0, 'quarter building': 0, 'drug warehouse': 0, 'drug ware house': 0, 'godown': 0, 'bio medical waste': 0, 'biomedical waste': 0, 'bmw management': 0, 'waste management': 0}",weak,Summer / Heatwave (Mar-Jun),,Drinking Water & Hydration,Drinking Water & Hydration,{'Drinking Water & Hydration': {'bore well': 2}}
2021_OSAMB_67879_18,01/219/13.04.2021/2020-21,Construction of 4 Nos RCC Covershed and Bore Well at Bhasma Market Yard under RMC Sargipali out of DMF 2020-21.,Construction of 4 Nos RCC Covershed and Bore Well at Bhasma Market Yard under RMC Sargipali out of DMF 2020-21.,Works,Open Tender,Percentage,Civil Works - Buildings,No,No,NA ,19-Apr-2021 11:00 AM,NA ,90.0,No ,No,Online,29-Apr-2021 10:00 AM,Odisha State Agricultural Marketing Board||RMC Sargipali,Bhasma,770019.0,1.0,,SIDDHI CONSTRUCTION,"3,094,468.82",Rejected-AOC,22-Sep-2021,Odisha State Agricultural Marketing Board||RMC Sargipali,True,False,"{'heatwave': 0, 'heat wave': 0, 'heat-wave': 0, 'heat stress': 0, 'heat stroke': 0, 'heat action plan': 0, 'heat resilience': 0, 'heat resilient': 0, 'extreme heat': 0, 'high temperature': 0, 'rising temperature': 0, 'heat resistant': 0, 'climate resilient': 0, 'cooling centre': 0, 'cooling center': 0, 'emergency response': 0, 'first aid': 0, 'ambulance': 0, 'ors': 0, 'oral rehydration solution': 0, 'heat stroke treatment': 0, 'sunstroke': 0, 'sun stroke': 0, 'heat related illness': 0, 'heat illness': 0, 'heat exhaustion': 0, 'heat cramp': 0, 'heat rash': 0, 'heat alert': 0, 'heat warning': 0, 'heat advisory': 0, 'heat hotline': 0, 'satark': 0, 'early warning system': 0, 'saline': 0, 'iv fluid': 0, 'rapid response team': 0, 'mobile health unit': 0, 'relief chamber': 0, 'heat stroke ward': 0, 'heat stroke bed': 0, 'drinking water': 0, 'water kiosk': 0, 'water atm': 0, 'hydration point': 0, 'hydration centre': 0, 'hydration center': 0, 'cold water': 0, 'tube well': 0, 'tubewell': 0, 'borewell': 0, 'bore well': 2, 'hand pump': 0, 'handpump': 0, 'overhead tank': 0, 'oh tank': 0, 'stand post': 0, 'piped water supply': 0, 'water supply scheme': 0, 'jalachhatra': 0, 'jalachatra': 0, 'jala jogana kendra': 0, 'jal jogana kendra': 0, 'jal seva shibira': 0, 'water tanker': 0, 'water sprinkling': 0, 'cool roof': 0, 'white roof': 0, 'white topping': 0, 'roof insulation': 0, 'thermal insulation': 0, 'heat reflective': 0, 'reflective coating': 0, 'shade net': 0, 'shade structure': 0, 'canopy': 0, 'awning': 0, 'albedo paint': 0, 'albedo painting': 0, 'white painting': 0, 'reflective paint': 0, 'green roof': 0, 'green roofing': 0, 'k glass': 0, 'doubly glazed glass': 0, 'passive cooling': 0, 'air cooler': 0, 'white china mosaic': 0, 'lime based whitewash': 0, 'white tarp': 0, 'acrylic resin coating': 0, 'tree plantation': 0, 'avenue plantation': 0, 'plantation': 0, 'green belt': 0, 'urban forestry': 0, 'urban forest': 0, 'park development': 0, 'shelter belt': 0, 'shade tree': 0, 'vertical garden': 0, 'green space': 0, 'afforestation': 0, 'green campus': 0, 'night shelter': 0, 'transit shelter': 0, 'rest shed': 0, 'waiting shed': 0, 'community hall': 0, 'relief centre': 0, 'relief center': 0, 'bus stand shelter': 0, 'passenger shelter': 0, 'cool shelter': 0, 'rest shade': 0, 'cool resting space': 0, 'cool resting shed': 0, 'passenger shed': 0, 'outreach clinic': 0, 'awareness campaign': 0, 'iec activity': 0, 'iec material': 0, 'capacity building': 0, 'training programme': 0, 'training program': 0, 'mock drill': 0, 'sensitization': 0, 'swasthya kantha': 0, 'do and dont': 0, 'dos and donts': 0, 'display board': 0, 'hoarding': 0, 'pamphlet': 0, 'leaflet': 0, 'banner': 0}","{'floodlight': 0, 'flood light': 0, 'street light': 0, 'solar street light': 0, 'high mast light': 0, 'gas pipeline': 0, 'sports complex': 0, 'stadium': 0, 'cricket': 0, 'football': 0, 'volleyball': 0, 'examination hall': 0, 'cremation ground': 0, 'crematorium': 0, 'burial ground': 0, 'election': 0, 'covid': 0, 'vaccination': 0, 'wedding hall': 0, 'marriage hall': 0, 'kalyan mandap': 0, 'boundary wall': 0, 'compound wall': 0, 'staff quarter': 0, 'quarter building': 0, 'drug warehouse': 0, 'drug ware house': 0, 'godown': 0, 'bio medical waste': 0, 'biomedical waste': 0, 'bmw management': 0, 'waste management': 0}",weak,Summer / Heatwave (Mar-Jun),,Drinking Water & Hydration,Drinking Water & Hydration,{'Drinking Water & Hydration': {'bore well': 2}}
2021_OSAMB_67879_5,01/219/13.04.2021/2020-21,"Construction of Toilet Block , Bore Well , Repair and Renovation of FIC , Watchmen shed , CC Road and Paveyard at Bargaon LAMPCS at Bargaon Block Under RMC Sargipali out of DMF 2020-21","Construction of Toilet Block , Bore Well , Repair and Renovation of FIC , Watchmen shed , CC Road and Paveyard at Bargaon LAMPCS at Bargaon Block Under RMC Sargipali out of DMF 2020-21",Works,Open Tender,Percentage,Civil Works - Buildings,No,No,NA ,19-Apr-2021 11:00 AM,NA ,90.0,No ,No,Online,29-Apr-2021 10:00 AM,Odisha State Agricultural Marketing Board||RMC Sargipali,Bargaon Block,770016.0,1.0,"33,00,316",RAJIB LOCHAN ACHARYA,"2,805,598.94",Accepted-AOC,22-Sep-2021,Odisha State Agricultural Marketing Board||RMC Sargipali,True,False,"{'heatwave': 0, 'heat wave': 0, 'heat-wave': 0, 'heat stress': 0, 'heat stroke': 0, 'heat action plan': 0, 'heat resilience': 0, 'heat resilient': 0, 'extreme heat': 0, 'high temperature': 0, 'rising temperature': 0, 'heat resistant': 0, 'climate resilient': 0, 'cooling centre': 0, 'cooling center': 0, 'emergency response': 0, 'first aid': 0, 'ambulance': 0, 'ors': 0, 'oral rehydration solution': 0, 'heat stroke treatment': 0, 'sunstroke': 0, 'sun stroke': 0, 'heat related illness': 0, 'heat illness': 0, 'heat exhaustion': 0, 'heat cramp': 0, 'heat rash': 0, 'heat alert': 0, 'heat warning': 0, 'heat advisory': 0, 'heat hotline': 0, 'satark': 0, 'early warning system': 0, 'saline': 0, 'iv fluid': 0, 'rapid response team': 0, 'mobile health unit': 0, 'relief chamber': 0, 'heat stroke ward': 0, 'heat stroke bed': 0, 'drinking water': 0, 'water kiosk': 0, 'water atm': 0, 'hydration point': 0, 'hydration centre': 0, 'hydration center': 0, 'cold water': 0, 'tube well': 0, 'tubewell': 0, 'borewell': 0, 'bore well': 2, 'hand pump': 0, 'handpump': 0, 'overhead tank': 0, 'oh tank': 0, 'stand post': 0, 'piped water supply': 0, 'water supply scheme': 0, 'jalachhatra': 0, 'jalachatra': 0, 'jala jogana kendra': 0, 'jal jogana kendra': 0, 'jal seva shibira': 0, 'water tanker': 0, 'water sprinkling': 0, 'cool roof': 0, 'white roof': 0, 'white topping': 0, 'roof insulation': 0, 'thermal insulation': 0, 'heat reflective': 0, 'reflective coating': 0, 'shade net': 0, 'shade structure': 0, 'canopy': 0, 'awning': 0, 'albedo paint': 0, 'albedo painting': 0, 'white painting': 0, 'reflective paint': 0, 'green roof': 0, 'green roofing': 0, 'k glass': 0, 'doubly glazed glass': 0, 'passive cooling': 0, 'air cooler': 0, 'white china mosaic': 0, 'lime based whitewash': 0, 'white tarp': 0, 'acrylic resin coating': 0, 'tree plantation': 0, 'avenue plantation': 0, 'plantation': 0, 'green belt': 0, 'urban forestry': 0, 'urban forest': 0, 'park development': 0, 'shelter belt': 0, 'shade tree': 0, 'vertical garden': 0, 'green space': 0, 'afforestation': 0, 'green campus': 0, 'night shelter': 0, 'transit shelter': 0, 'rest shed': 0, 'waiting shed': 0, 'community hall': 0, 'relief centre': 0, 'relief center': 0, 'bus stand shelter': 0, 'passenger shelter': 0, 'cool shelter': 0, 'rest shade': 0, 'cool resting space': 0, 'cool resting shed': 0, 'passenger shed': 0, 'outreach clinic': 0, 'awareness campaign': 0, 'iec activity': 0, 'iec material': 0, 'capacity building': 0, 'training programme': 0, 'training program': 0, 'mock drill': 0, 'sensitization': 0, 'swasthya kantha': 0, 'do and dont': 0, 'dos and donts': 0, 'display board': 0, 'hoarding': 0, 'pamphlet': 0, 'leaflet': 0, 'banner': 0}","{'floodlight': 0, 'flood light': 0, 'street light': 0, 'solar street light': 0, 'high mast light': 0, 'gas pipeline': 0, 'sports complex': 0, 'stadium': 0, 'cricket': 0, 'football': 0, 'volleyball': 0, 'examination hall': 0, 'cremation ground': 0, 'crematorium': 0, 'burial ground': 0, 'election': 0, 'covid': 0, 'vaccination': 0, 'wedding hall': 0, 'marriage hall': 0, 'kalyan mandap': 0, 'boundary wall': 0, 'compound wall': 0, 'staff quarter': 0, 'quarter building': 0, 'drug warehouse': 0, 'drug ware house': 0, 'godown': 0, 'bio medical waste': 0, 'biomedical waste': 0, 'bmw management': 0, 'waste management': 0}",weak,Summer / Heatwave (Mar-Jun),,Drinking Water & Hydration,Drinking Water & Hydration,{'Drinking Water & Hydration': {'bore well': 2}}
2021_OSAMB_67879_8,01/219/13.04.2021/2020-21,"Construction of Watchmenshed , Bore Well and Paveyard at Raidihi PPC at Lephripara Block Under RMC Sargipali out of DMF 2020-21.","Construction of Watchmenshed , Bore Well and Paveyard at Raidihi PPC at Lephripara Block Under RMC Sargipali out of DMF 2020-21.",Works,Open Tender,Percentage,Civil Works - Buildings,No,No,NA ,19-Apr-2021 11:00 AM,NA ,90.0,No ,No,Online,29-Apr-2021 10:00 AM,Odisha State Agricultural Marketing Board||RMC Sargipali,Lephripara Block,770021.0,1.0,"16,61,750",Dillip Kumar Gidhi,"1,412,654.09",Accepted-AOC,22-Sep-2021,Odisha State Agricultural Marketing Board||RMC Sargipali,True,False,"{'heatwave': 0, 'heat wave': 0, 'heat-wave': 0, 'heat stress': 0, 'heat stroke': 0, 'heat action plan': 0, 'heat resilience': 0, 'heat resilient': 0, 'extreme heat': 0, 'high temperature': 0, 'rising temperature': 0, 'heat resistant': 0, 'climate resilient': 0, 'cooling centre': 0, 'cooling center': 0, 'emergency response': 0, 'first aid': 0, 'ambulance': 0, 'ors': 0, 'oral rehydration solution': 0, 'heat stroke treatment': 0, 'sunstroke': 0, 'sun stroke': 0, 'heat related illness': 0, 'heat illness': 0, 'heat exhaustion': 0, 'heat cramp': 0, 'heat rash': 0, 'heat alert': 0, 'heat warning': 0, 'heat advisory': 0, 'heat hotline': 0, 'satark': 0, 'early warning system': 0, 'saline': 0, 'iv fluid': 0, 'rapid response team': 0, 'mobile health unit': 0, 'relief chamber': 0, 'heat stroke ward': 0, 'heat stroke bed': 0, 'drinking water': 0, 'water kiosk': 0, 'water atm': 0, 'hydration point': 0, 'hydration centre': 0, 'hydration center': 0, 'cold water': 0, 'tube well': 0, 'tubewell': 0, 'borewell': 0, 'bore well': 2, 'hand pump': 0, 'handpump': 0, 'overhead tank': 0, 'oh tank': 0, 'stand post': 0, 'piped water supply': 0, 'water supply scheme': 0, 'jalachhatra': 0, 'jalachatra': 0, 'jala jogana kendra': 0, 'jal jogana kendra': 0, 'jal seva shibira': 0, 'water tanker': 0, 'water sprinkling': 0, 'cool roof': 0, 'white roof': 0, 'white topping': 0, 'roof insulation': 0, 'thermal insulation': 0, 'heat reflective': 0, 'reflective coating': 0, 'shade net': 0, 'shade structure': 0, 'canopy': 0, 'awning': 0, 'albedo paint': 0, 'albedo painting': 0, 'white painting': 0, 'reflective paint': 0, 'green roof': 0, 'green roofing': 0, 'k glass': 0, 'doubly glazed glass': 0, 'passive cooling': 0, 'air cooler': 0, 'white china mosaic': 0, 'lime based whitewash': 0, 'white tarp': 0, 'acrylic resin coating': 0, 'tree plantation': 0, 'avenue plantation': 0, 'plantation': 0, 'green belt': 0, 'urban forestry': 0, 'urban forest': 0, 'park development': 0, 'shelter belt': 0, 'shade tree': 0, 'vertical garden': 0, 'green space': 0, 'afforestation': 0, 'green campus': 0, 'night shelter': 0, 'transit shelter': 0, 'rest shed': 0, 'waiting shed': 0, 'community hall': 0, 'relief centre': 0, 'relief center': 0, 'bus stand shelter': 0, 'passenger shelter': 0, 'cool shelter': 0, 'rest shade': 0, 'cool resting space': 0, 'cool resting shed': 0, 'passenger shed': 0, 'outreach clinic': 0, 'awareness campaign': 0, 'iec activity': 0, 'iec material': 0, 'capacity building': 0, 'training programme': 0, 'training program': 0, 'mock drill': 0, 'sensitization': 0, 'swasthya kantha': 0, 'do and dont': 0, 'dos and donts': 0, 'display board': 0, 'hoarding': 0, 'pamphlet': 0, 'leaflet': 0, 'banner': 0}","{'floodlight': 0, 'flood light': 0, 'street light': 0, 'solar street light': 0, 'high mast light': 0, 'gas pipeline': 0, 'sports complex': 0, 'stadium': 0, 'cricket': 0, 'football': 0, 'volleyball': 0, 'examination hall': 0, 'cremation ground': 0, 'crematorium': 0, 'burial ground': 0, 'election': 0, 'covid': 0, 'vaccination': 0, 'wedding hall': 0, 'marriage hall': 0, 'kalyan mandap': 0, 'boundary wall': 0, 'compound wall': 0, 'staff quarter': 0, 'quarter building': 0, 'drug warehouse': 0, 'drug ware house': 0, 'godown': 0, 'bio medical waste': 0, 'biomedical waste': 0, 'bmw management': 0, 'waste management': 0}",weak,Summer / Heatwave (Mar-Jun),,Drinking Water & Hydration,Drinking Water & Hydration,{'Drinking Water & Hydration': {'bore well': 2}}
2021_OSAMB_69371_2,04/RMC-Mukhiguda/2020-21,Const work under RMC Mukhiguda,"Construction of GCI Cover shed,CDOF,FIC-cum-FRS,Toilet block,Int C.C road, and Sinking of Tube well at Khalia Bhata,Paik-Kendumundi,Sargiguda,Badkarlakot Kandabutra MY -RMC Mukhiguda",Works,Open Tender,Percentage,Civil Works - Others,No,No,NA ,26-Jun-2021 02:00 PM,NA ,90.0,No ,No,Online,14-Jul-2021 10:30 AM,Odisha State Agricultural Marketing Board||RMC Mukhiguda,JAIPATNA AND KOKSARA BLOCK AREA,766018.0,2.0,"3,23,69,067",MANOJ KUMAR MOHANTY,"27,516,944.35",Rejected-Technical,17-Sep-2021,Odisha State Agricultural Marketing Board||RMC Mukhiguda,True,False,"{'heatwave': 0, 'heat wave': 0, 'heat-wave': 0, 'heat stress': 0, 'heat stroke': 0, 'heat action plan': 0, 'heat resilience': 0, 'heat resilient': 0, 'extreme heat': 0, 'high temperature': 0, 'rising temperature': 0, 'heat resistant': 0, 'climate resilient': 0, 'cooling centre': 0, 'cooling center': 0, 'emergency response': 0, 'first aid': 0, 'ambulance': 0, 'ors': 0, 'oral rehydration solution': 0, 'heat stroke treatment': 0, 'sunstroke': 0, 'sun stroke': 0, 'heat related illness': 0, 'heat illness': 0, 'heat exhaustion': 0, 'heat cramp': 0, 'heat rash': 0, 'heat alert': 0, 'heat warning': 0, 'heat advisory': 0, 'heat hotline': 0, 'satark': 0, 'early warning system': 0, 'saline': 0, 'iv fluid': 0, 'rapid response team': 0, 'mobile health unit': 0, 'relief chamber': 0, 'heat stroke ward': 0, 'heat stroke bed': 0, 'drinking water': 0, 'water kiosk': 0, 'water atm': 0, 'hydration point': 0, 'hydration centre': 0, 'hydration center': 0, 'cold water': 0, 'tube well': 1, 'tubewell': 0, 'borewell': 0, 'bore well': 0, 'hand pump': 0, 'handpump': 0, 'overhead tank': 0, 'oh tank': 0, 'stand post': 0, 'piped water supply': 0, 'water supply scheme': 0, 'jalachhatra': 0, 'jalachatra': 0, 'jala jogana kendra': 0, 'jal jogana kendra': 0, 'jal seva shibira': 0, 'water tanker': 0, 'water sprinkling': 0, 'cool roof': 0, 'white roof': 0, 'white topping': 0, 'roof insulation': 0, 'thermal insulation': 0, 'heat reflective': 0, 'reflective coating': 0, 'shade net': 0, 'shade structure': 0, 'canopy': 0, 'awning': 0, 'albedo paint': 0, 'albedo painting': 0, 'white painting': 0, 'reflective paint': 0, 'green roof': 0, 'green roofing': 0, 'k glass': 0, 'doubly glazed glass': 0, 'passive cooling': 0, 'air cooler': 0, 'white china mosaic': 0, 'lime based whitewash': 0, 'white tarp': 0, 'acrylic resin coating': 0, 'tree plantation': 0, 'avenue plantation': 0, 'plantation': 0, 'green belt': 0, 'urban forestry': 0, 'urban forest': 0, 'park development': 0, 'shelter belt': 0, 'shade tree': 0, 'vertical garden': 0, 'green space': 0, 'afforestation': 0, 'green campus': 0, 'night shelter': 0, 'transit shelter': 0, 'rest shed': 0, 'waiting shed': 0, 'community hall': 0, 'relief centre': 0, 'relief center': 0, 'bus stand shelter': 0, 'passenger shelter': 0, 'cool shelter': 0, 'rest shade': 0, 'cool resting space': 0, 'cool resting shed': 0, 'passenger shed': 0, 'outreach clinic': 0, 'awareness campaign': 0, 'iec activity': 0, 'iec material': 0, 'capacity building': 0, 'training programme': 0, 'training program': 0, 'mock drill': 0, 'sensitization': 0, 'swasthya kantha': 0, 'do and dont': 0, 'dos and donts': 0, 'display board': 0, 'hoarding': 0, 'pamphlet': 0, 'leaflet': 0, 'banner': 0}","{'floodlight': 0, 'flood light': 0, 'street light': 0, 'solar street light': 0, 'high mast light': 0, 'gas pipeline': 0, 'sports complex': 0, 'stadium': 0, 'cricket': 0, 'football': 0, 'volleyball': 0, 'examination hall': 0, 'cremation ground': 0, 'crematorium': 0, 'burial ground': 0, 'election': 0, 'covid': 0, 'vaccination': 0, 'wedding hall': 0, 'marriage hall': 0, 'kalyan mandap': 0, 'boundary wall': 0, 'compound wall': 0, 'staff quarter': 0, 'quarter building': 0, 'drug warehouse': 0, 'drug ware house': 0, 'godown': 0, 'bio medical waste': 0, 'biomedical waste': 0, 'bmw management': 0, 'waste management': 0}",weak,Summer / Heatwave (Mar-Jun),,Drinking Water & Hydration,Drinking Water & Hydration,{'Drinking Water & Hydration': {'tube well': 1}}
2021_OSAMB_69371_4,04/RMC-Mukhiguda/2020-21,Const work under RMC Mukhiguda,"Construction of GCI Cover shed,CDOF,FIC-cum-FRS,Toilet block,Int C.C road, and Sinking of Tube well at Mingur,Bijmara,Haramal,Ichhapur New Market Yard RMC Mukhiguda.",Works,Open Tender,Percentage,Civil Works - Others,No,No,NA ,26-Jun-2021 03:00 PM,NA ,90.0,No ,No,Online,14-Jul-2021 10:30 AM,Odisha State Agricultural Marketing Board||RMC Mukhiguda,KALAMPUR BLOCK,766013.0,2.0,"3,44,32,134",MANOJ KUMAR MOHANTY,"29,270,757.657",Rejected-Technical,17-Sep-2021,Odisha State Agricultural Marketing Board||RMC Mukhiguda,True,False,"{'heatwave': 0, 'heat wave': 0, 'heat-wave': 0, 'heat stress': 0, 'heat stroke': 0, 'heat action plan': 0, 'heat resilience': 0, 'heat resilient': 0, 'extreme heat': 0, 'high temperature': 0, 'rising temperature': 0, 'heat resistant': 0, 'climate resilient': 0, 'cooling centre': 0, 'cooling center': 0, 'emergency response': 0, 'first aid': 0, 'ambulance': 0, 'ors': 0, 'oral rehydration solution': 0, 'heat stroke treatment': 0, 'sunstroke': 0, 'sun stroke': 0, 'heat related illness': 0, 'heat illness': 0, 'heat exhaustion': 0, 'heat cramp': 0, 'heat rash': 0, 'heat alert': 0, 'heat warning': 0, 'heat advisory': 0, 'heat hotline': 0, 'satark': 0, 'early warning system': 0, 'saline': 0, 'iv fluid': 0, 'rapid response team': 0, 'mobile health unit': 0, 'relief chamber': 0, 'heat stroke ward': 0, 'heat stroke bed': 0, 'drinking water': 0, 'water kiosk': 0, 'water atm': 0, 'hydration point': 0, 'hydration centre': 0, 'hydration center': 0, 'cold water': 0, 'tube well': 1, 'tubewell': 0, 'borewell': 0, 'bore well': 0, 'hand pump': 0, 'handpump': 0, 'overhead tank': 0, 'oh tank': 0, 'stand post': 0, 'piped water supply': 0, 'water supply scheme': 0, 'jalachhatra': 0, 'jalachatra': 0, 'jala jogana kendra': 0, 'jal jogana kendra': 0, 'jal seva shibira': 0, 'water tanker': 0, 'water sprinkling': 0, 'cool roof': 0, 'white roof': 0, 'white topping': 0, 'roof insulation': 0, 'thermal insulation': 0, 'heat reflective': 0, 'reflective coating': 0, 'shade net': 0, 'shade structure': 0, 'canopy': 0, 'awning': 0, 'albedo paint': 0, 'albedo painting': 0, 'white painting': 0, 'reflective paint': 0, 'green roof': 0, 'green roofing': 0, 'k glass': 0, 'doubly glazed glass': 0, 'passive cooling': 0, 'air cooler': 0, 'white china mosaic': 0, 'lime based whitewash': 0, 'white tarp': 0, 'acrylic resin coating': 0, 'tree plantation': 0, 'avenue plantation': 0, 'plantation': 0, 'green belt': 0, 'urban forestry': 0, 'urban forest': 0, 'park development': 0, 'shelter belt': 0, 'shade tree': 0, 'vertical garden': 0, 'green space': 0, 'afforestation': 0, 'green campus': 0, 'night shelter': 0, 'transit shelter': 0, 'rest shed': 0, 'waiting shed': 0, 'community hall': 0, 'relief centre': 0, 'relief center': 0, 'bus stand shelter': 0, 'passenger shelter': 0, 'cool shelter': 0, 'rest shade': 0, 'cool resting space': 0, 'cool resting shed': 0, 'passenger shed': 0, 'outreach clinic': 0, 'awareness campaign': 0, 'iec activity': 0, 'iec material': 0, 'capacity building': 0, 'training programme': 0, 'training program': 0, 'mock drill': 0, 'sensitization': 0, 'swasthya kantha': 0, 'do and dont': 0, 'dos and donts': 0, 'display board': 0, 'hoarding': 0, 'pamphlet': 0, 'leaflet': 0, 'banner': 0}","{'floodlight': 0, 'flood light': 0, 'street light': 0, 'solar street light': 0, 'high mast light': 0, 'gas pipeline': 0, 'sports complex': 0, 'stadium': 0, 'cricket': 0, 'football': 0, 'volleyball': 0, 'examination hall': 0, 'cremation ground': 0, 'crematorium': 0, 'burial ground': 0, 'election': 0, 'covid': 0, 'vaccination': 0, 'wedding hall': 0, 'marriage hall': 0, 'kalyan mandap': 0, 'boundary wall': 0, 'compound wall': 0, 'staff quarter': 0, 'quarter building': 0, 'drug warehouse': 0, 'drug ware house': 0, 'godown': 0, 'bio medical waste': 0, 'biomedical waste': 0, 'bmw management': 0, 'waste management': 0}",weak,Summer / Heatwave (Mar-Jun),,Drinking Water & Hydration,Drinking Water & Hydration,{'Drinking Water & Hydration': {'tube well': 1}}
2021_RWSS_65820_2,EERWSSBAM- 26 ( D ) / 2020-21,PWS to Kalabada under Chikiti Block,"Laying of pipelines, Construction of valve Chambers, bore well platform,Construction of 50KL ltrs capacity RCC ESR,Providing 100PERCENT FHTC etc.in connection with to PWS to Kalabada under Chikiti Block.",Works,National Competitive Bid,Item Rate,Civil Works - Water Works,No,No,NA ,27-Jan-2021 05:00 PM,NA ,180.0,No ,No,Online,11-Feb-2021 11:00 AM,Rural Water Supply and Sanitation||RWSS Circle Berhampur||RWSS Division Berhampur,PWS to Kalabada under Chikiti Block,760004.0,1.0,"35,29,000",JANARDAN PANIGRAHI,"3,168,383",Rejected-Technical,13-Sep-2021,Rural Water Supply and Sanitation||RWSS Circle Berhampur||RWSS Division Berhampur,True,False,"{'heatwave': 0, 'heat wave': 0, 'heat-wave': 0, 'heat stress': 0, 'heat stroke': 0, 'heat action plan': 0, 'heat resilience': 0, 'heat resilient': 0, 'extreme heat': 0, 'high temperature': 0, 'rising temperature': 0, 'heat resistant': 0, 'climate resilient': 0, 'cooling centre': 0, 'cooling center': 0, 'emergency response': 0, 'first aid': 0, 'ambulance': 0, 'ors': 0, 'oral rehydration solution': 0, 'heat stroke treatment': 0, 'sunstroke': 0, 'sun stroke': 0, 'heat related illness': 0, 'heat illness': 0, 'heat exhaustion': 0, 'heat cramp': 0, 'heat rash': 0, 'heat alert': 0, 'heat warning': 0, 'heat advisory': 0, 'heat hotline': 0, 'satark': 0, 'early warning system': 0, 'saline': 0, 'iv fluid': 0, 'rapid response team': 0, 'mobile health unit': 0, 'relief chamber': 0, 'heat stroke ward': 0, 'heat stroke bed': 0, 'drinking water': 0, 'water kiosk': 0, 'water atm': 0, 'hydration point': 0, 'hydration centre': 0, 'hydration center': 0, 'cold water': 0, 'tube well': 0, 'tubewell': 0, 'borewell': 0, 'bore well': 1, 'hand pump': 0, 'handpump': 0, 'overhead tank': 0, 'oh tank': 0, 'stand post': 0, 'piped water supply': 0, 'water supply scheme': 0, 'jalachhatra': 0, 'jalachatra': 0, 'jala jogana kendra': 0, 'jal jogana kendra': 0, 'jal seva shibira': 0, 'water tanker': 0, 'water sprinkling': 0, 'cool roof': 0, 'white roof': 0, 'white topping': 0, 'roof insulation': 0, 'thermal insulation': 0, 'heat reflective': 0, 'reflective coating': 0, 'shade net': 0, 'shade structure': 0, 'canopy': 0, 'awning': 0, 'albedo paint': 0, 'albedo painting': 0, 'white painting': 0, 'reflective paint': 0, 'green roof': 0, 'green roofing': 0, 'k glass': 0, 'doubly glazed glass': 0, 'passive cooling': 0, 'air cooler': 0, 'white china mosaic': 0, 'lime based whitewash': 0, 'white tarp': 0, 'acrylic resin coating': 0, 'tree plantation': 0, 'avenue plantation': 0, 'plantation': 0, 'green belt': 0, 'urban forestry': 0, 'urban forest': 0, 'park development': 0, 'shelter belt': 0, 'shade tree': 0, 'vertical garden': 0, 'green space': 0, 'afforestation': 0, 'green campus': 0, 'night shelter': 0, 'transit shelter': 0, 'rest shed': 0, 'waiting shed': 0, 'community hall': 0, 'relief centre': 0, 'relief center': 0, 'bus stand shelter': 0, 'passenger shelter': 0, 'cool shelter': 0, 'rest shade': 0, 'cool resting space': 0, 'cool resting shed': 0, 'passenger shed': 0, 'outreach clinic': 0, 'awareness campaign': 0, 'iec activity': 0, 'iec material': 0, 'capacity building': 0, 'training programme': 0, 'training program': 0, 'mock drill': 0, 'sensitization': 0, 'swasthya kantha': 0, 'do and dont': 0, 'dos and donts': 0, 'display board': 0, 'hoarding': 0, 'pamphlet': 0, 'leaflet': 0, 'banner': 0}","{'floodlight': 0, 'flood light': 0, 'street light': 0, 'solar street light': 0, 'high mast light': 0, 'gas pipeline': 0, 'sports complex': 0, 'stadium': 0, 'cricket': 0, 'football': 0, 'volleyball': 0, 'examination hall': 0, 'cremation ground': 0, 'crematorium': 0, 'burial ground': 0, 'election': 0, 'covid': 0, 'vaccination': 0, 'wedding hall': 0, 'marriage hall': 0, 'kalyan mandap': 0, 'boundary wall': 0, 'compound wall': 0, 'staff quarter': 0, 'quarter building': 0, 'drug warehouse': 0, 'drug ware house': 0, 'godown': 0, 'bio medical waste': 0, 'biomedical waste': 0, 'bmw management': 0, 'waste management': 0}",weak,Pre-Summer (Jan-Feb),,Drinking Water & Hydration,Drinking Water & Hydration,{'Drinking Water & Hydration': {'bore well': 1}}
2021_RWSS_66419_13,BID No 25 of 2020-21,Construction of ESR Laying of rising main distribution system single mouth stand post SVAVNRV chamber including supplying of necessary materials for RPWS to village Brahmani under Saintala Block.,Construction of ESR Laying of rising main distribution system single mouth stand post SVAVNRV chamber including supplying of necessary materials for RPWS to village Brahmani under Saintala Block.,Works,National Competitive Bid,Percentage,Civil Works - Water Works,No,No,NA ,15-Feb-2021 10:00 AM,NA ,120.0,No ,No,Online,01-Mar-2021 11:00 AM,Rural Water Supply and Sanitation||RWSS Circle Bolangir||RWSS Division Bolangir,village Bhahmani under Saintala Block,767032.0,2.0,,RANJIT KUMAR SETH,"10,266,389",Rejected-Technical,24-Sep-2021,Rural Water Supply and Sanitation||RWSS Circle Bolangir||RWSS Division Bolangir,True,False,"{'heatwave': 0, 'heat wave': 0, 'heat-wave': 0, 'heat stress': 0, 'heat stroke': 0, 'heat action plan': 0, 'heat resilience': 0, 'heat resilient': 0, 'extreme heat': 0, 'high temperature': 0, 'rising temperature': 0, 'heat resistant': 0, 'climate resilient': 0, 'cooling centre': 0, 'cooling center': 0, 'emergency response': 0, 'first aid': 0, 'ambulance': 0, 'ors': 0, 'oral rehydration solution': 0, 'heat stroke treatment': 0, 'sunstroke': 0, 'sun stroke': 0, 'heat related illness': 0, 'heat illness': 0, 'heat exhaustion': 0, 'heat cramp': 0, 'heat rash': 0, 'heat alert': 0, 'heat warning': 0, 'heat advisory': 0, 'heat hotline': 0, 'satark': 0, 'early warning system': 0, 'saline': 0, 'iv fluid': 0, 'rapid response team': 0, 'mobile health unit': 0, 'relief chamber': 0, 'heat stroke ward': 0, 'heat stroke bed': 0, 'drinking water': 0, 'water kiosk': 0, 'water atm': 0, 'hydration point': 0, 'hydration centre': 0, 'hydration center': 0, 'cold water': 0, 'tube well': 0, 'tubewell': 0, 'borewell': 0, 'bore well': 0, 'hand pump': 0, 'handpump': 0, 'overhead tank': 0, 'oh tank': 0, 'stand post': 2, 'piped water supply': 0, 'water supply scheme': 0, 'jalachhatra': 0, 'jalachatra': 0, 'jala jogana kendra': 0, 'jal jogana kendra': 0, 'jal seva shibira': 0, 'water tanker': 0, 'water sprinkling': 0, 'cool roof': 0, 'white roof': 0, 'white topping': 0, 'roof insulation': 0, 'thermal insulation': 0, 'heat reflective': 0, 'reflective coating': 0, 'shade net': 0, 'shade structure': 0, 'canopy': 0, 'awning': 0, 'albedo paint': 0, 'albedo painting': 0, 'white painting': 0, 'reflective paint': 0, 'green roof': 0, 'green roofing': 0, 'k glass': 0, 'doubly glazed glass': 0, 'passive cooling': 0, 'air cooler': 0, 'white china mosaic': 0, 'lime based whitewash': 0, 'white tarp': 0, 'acrylic resin coating': 0, 'tree plantation': 0, 'avenue plantation': 0, 'plantation': 0, 'green belt': 0, 'urban forestry': 0, 'urban forest': 0, 'park development': 0, 'shelter belt': 0, 'shade tree': 0, 'vertical garden': 0, 'green space': 0, 'afforestation': 0, 'green campus': 0, 'night shelter': 0, 'transit shelter': 0, 'rest shed': 0, 'waiting shed': 0, 'community hall': 0, 'relief centre': 0, 'relief center': 0, 'bus stand shelter': 0, 'passenger shelter': 0, 'cool shelter': 0, 'rest shade': 0, 'cool resting space': 0, 'cool resting shed': 0, 'passenger shed': 0, 'outreach clinic': 0, 'awareness campaign': 0, 'iec activity': 0, 'iec material': 0, 'capacity building': 0, 'training programme': 0, 'training program': 0, 'mock drill': 0, 'sensitization': 0, 'swasthya kantha': 0, 'do and dont': 0, 'dos and donts': 0, 'display board': 0, 'hoarding': 0, 'pamphlet': 0, 'leaflet': 0, 'banner': 0}","{'floodlight': 0, 'flood light': 0, 'street light': 0, 'solar street light': 0, 'high mast light': 0, 'gas pipeline': 0, 'sports complex': 0, 'stadium': 0, 'cricket': 0, 'football': 0, 'volleyball': 0, 'examination hall': 0, 'cremation ground': 0, 'crematorium': 0, 'burial ground': 0, 'election': 0, 'covid': 0, 'vaccination': 0, 'wedding hall': 0, 'marriage hall': 0, 'kalyan mandap': 0, 'boundary wall': 0, 'compound wall': 0, 'staff quarter': 0, 'quarter building': 0, 'drug warehouse': 0, 'drug ware house': 0, 'godown': 0, 'bio medical waste': 0, 'biomedical waste': 0, 'bmw management': 0, 'waste management': 0}",weak,Pre-Summer (Jan-Feb),,Drinking Water & Hydration,Drinking Water & Hydration,{'Drinking Water & Hydration': {'stand post': 2}}
2021_RWSS_66591_2,47/RWSSBPD/2020-21,Retrofitting of Commissioned Rural Piped Water Supply Scheme to village Purunia in Purnia G.P under Betanati Block in the District of Mayurbhanj under JJM 2020-21,Retrofitting of Commissioned Rural Piped Water Supply Scheme to village Purunia in Purnia G.P under Betanati Block in the District of Mayurbhanj under JJM 2020-21,Works,National Competitive Bid,Lump-sum,Civil Works - Water Works,No,No,NA ,22-Feb-2021 11:00 AM,NA ,180.0,No ,No,Online,04-Mar-2021 11:00 AM,"Rural Water Supply and Sanitation||RWSS Circle Cuttack||EE RWSS Division, Baripada",Baripada,757002.0,2.0,,SACHINDRA NATH BEHERA,"20,900,000",Rejected-AOC,29-Sep-2021,"Rural Water Supply and Sanitation||RWSS Circle Cuttack||EE RWSS Division, Baripada",True,False,"{'heatwave': 0, 'heat wave': 0, 'heat-wave': 0, 'heat stress': 0, 'heat stroke': 0, 'heat action plan': 0, 'heat resilience': 0, 'heat resilient': 0, 'extreme heat': 0, 'high temperature': 0, 'rising temperature': 0, 'heat resistant': 0, 'climate resilient': 0, 'cooling centre': 0, 'cooling center': 0, 'emergency response': 0, 'first aid': 0, 'ambulance': 0, 'ors': 0, 'oral rehydration solution': 0, 'heat stroke treatment': 0, 'sunstroke': 0, 'sun stroke': 0, 'heat related illness': 0, 'heat illness': 0, 'heat exhaustion': 0, 'heat cramp': 0, 'heat rash': 0, 'heat alert': 0, 'heat warning': 0, 'heat advisory': 0, 'heat hotline': 0, 'satark': 0, 'early warning system': 0, 'saline': 0, 'iv fluid': 0, 'rapid response team': 0, 'mobile health unit': 0, 'relief chamber': 0, 'heat stroke ward': 0, 'heat stroke bed': 0, 'drinking water': 0, 'water kiosk': 0, 'water atm': 0, 'hydration point': 0, 'hydration centre': 0, 'hydration center': 0, 'cold water': 0, 'tube well': 0, 'tubewell': 0, 'borewell': 0, 'bore well': 0, 'hand pump': 0, 'handpump': 0, 'overhead tank': 0, 'oh tank': 0, 'stand post': 0, 'piped water supply': 2, 'water supply scheme': 2, 'jalachhatra': 0, 'jalachatra': 0, 'jala jogana kendra': 0, 'jal jogana kendra': 0, 'jal seva shibira': 0, 'water tanker': 0, 'water sprinkling': 0, 'cool roof': 0, 'white roof': 0, 'white topping': 0, 'roof insulation': 0, 'thermal insulation': 0, 'heat reflective': 0, 'reflective coating': 0, 'shade net': 0, 'shade structure': 0, 'canopy': 0, 'awning': 0, 'albedo paint': 0, 'albedo painting': 0, 'white painting': 0, 'reflective paint': 0, 'green roof': 0, 'green roofing': 0, 'k glass': 0, 'doubly glazed glass': 0, 'passive cooling': 0, 'air cooler': 0, 'white china mosaic': 0, 'lime based whitewash': 0, 'white tarp': 0, 'acrylic resin coating': 0, 'tree plantation': 0, 'avenue plantation': 0, 'plantation': 0, 'green belt': 0, 'urban forestry': 0, 'urban forest': 0, 'park development': 0, 'shelter belt': 0, 'shade tree': 0, 'vertical garden': 0, 'green space': 0, 'afforestation': 0, 'green campus': 0, 'night shelter': 0, 'transit shelter': 0, 'rest shed': 0, 'waiting shed': 0, 'community hall': 0, 'relief centre': 0, 'relief center': 0, 'bus stand shelter': 0, 'passenger shelter': 0, 'cool shelter': 0, 'rest shade': 0, 'cool resting space': 0, 'cool resting shed': 0, 'passenger shed': 0, 'outreach clinic': 0, 'awareness campaign': 0, 'iec activity': 0, 'iec material': 0, 'capacity building': 0, 'training programme': 0, 'training program': 0, 'mock drill': 0, 'sensitization': 0, 'swasthya kantha': 0, 'do and dont': 0, 'dos and donts': 0, 'display board': 0, 'hoarding': 0, 'pamphlet': 0, 'leaflet': 0, 'banner': 0}","{'floodlight': 0, 'flood light': 0, 'street light': 0, 'solar street light': 0, 'high mast light': 0, 'gas pipeline': 0, 'sports complex': 0, 'stadium': 0, 'cricket': 0, 'football': 0, 'volleyball': 0, 'examination hall': 0, 'cremation ground': 0, 'crematorium': 0, 'burial ground': 0, 'election': 0, 'covid': 0, 'vaccination': 0, 'wedding hall': 0, 'marriage hall': 0, 'kalyan mandap': 0, 'boundary wall': 0, 'compound wall': 0, 'staff quarter': 0, 'quarter building': 0, 'drug warehouse': 0, 'drug ware house': 0, 'godown': 0, 'bio medical waste': 0, 'biomedical waste': 0, 'bmw management': 0, 'waste management': 0}",weak,Pre-Summer (Jan-Feb),JJM,Drinking Water & Hydration,Drinking Water & Hydration,"{'Drinking Water & Hydration': {'piped water supply': 2, 'water supply scheme': 2}}"
2021_RWSS_66591_4,47/RWSSBPD/2020-21,Retrofitting of Commissioned Rural Piped Water Supply Scheme to village SS Mahulia in Betanati G.P under Betanati Block in the District of Mayurbhanj under JJM 2020,Retrofitting of Commissioned Rural Piped Water Supply Scheme to village SS Mahulia in Betanati G.P under Betanati Block in the District of Mayurbhanj under JJM 2020,Works,National Competitive Bid,Lump-sum,Civil Works - Water Works,No,No,NA ,22-Feb-2021 11:00 AM,NA ,180.0,No ,No,Online,04-Mar-2021 11:00 AM,"Rural Water Supply and Sanitation||RWSS Circle Cuttack||EE RWSS Division, Baripada",Baripada,757002.0,2.0,,CHANDRA SEKHAR BISWAL,"14,516,244",Rejected-AOC,01-Sep-2021,"Rural Water Supply and Sanitation||RWSS Circle Cuttack||EE RWSS Division, Baripada",True,False,"{'heatwave': 0, 'heat wave': 0, 'heat-wave': 0, 'heat stress': 0, 'heat stroke': 0, 'heat action plan': 0, 'heat resilience': 0, 'heat resilient': 0, 'extreme heat': 0, 'high temperature': 0, 'rising temperature': 0, 'heat resistant': 0, 'climate resilient': 0, 'cooling centre': 0, 'cooling center': 0, 'emergency response': 0, 'first aid': 0, 'ambulance': 0, 'ors': 0, 'oral rehydration solution': 0, 'heat stroke treatment': 0, 'sunstroke': 0, 'sun stroke': 0, 'heat related illness': 0, 'heat illness': 0, 'heat exhaustion': 0, 'heat cramp': 0, 'heat rash': 0, 'heat alert': 0, 'heat warning': 0, 'heat advisory': 0, 'heat hotline': 0, 'satark': 0, 'early warning system': 0, 'saline': 0, 'iv fluid': 0, 'rapid response team': 0, 'mobile health unit': 0, 'relief chamber': 0, 'heat stroke ward': 0, 'heat stroke bed': 0, 'drinking water': 0, 'water kiosk': 0, 'water atm': 0, 'hydration point': 0, 'hydration centre': 0, 'hydration center': 0, 'cold water': 0, 'tube well': 0, 'tubewell': 0, 'borewell': 0, 'bore well': 0, 'hand pump': 0, 'handpump': 0, 'overhead tank': 0, 'oh tank': 0, 'stand post': 0, 'piped water supply': 2, 'water supply scheme': 2, 'jalachhatra': 0, 'jalachatra': 0, 'jala jogana kendra': 0, 'jal jogana kendra': 0, 'jal seva shibira': 0, 'water tanker': 0, 'water sprinkling': 0, 'cool roof': 0, 'white roof': 0, 'white topping': 0, 'roof insulation': 0, 'thermal insulation': 0, 'heat reflective': 0, 'reflective coating': 0, 'shade net': 0, 'shade structure': 0, 'canopy': 0, 'awning': 0, 'albedo paint': 0, 'albedo painting': 0, 'white painting': 0, 'reflective paint': 0, 'green roof': 0, 'green roofing': 0, 'k glass': 0, 'doubly glazed glass': 0, 'passive cooling': 0, 'air cooler': 0, 'white china mosaic': 0, 'lime based whitewash': 0, 'white tarp': 0, 'acrylic resin coating': 0, 'tree plantation': 0, 'avenue plantation': 0, 'plantation': 0, 'green belt': 0, 'urban forestry': 0, 'urban forest': 0, 'park development': 0, 'shelter belt': 0, 'shade tree': 0, 'vertical garden': 0, 'green space': 0, 'afforestation': 0, 'green campus': 0, 'night shelter': 0, 'transit shelter': 0, 'rest shed': 0, 'waiting shed': 0, 'community hall': 0, 'relief centre': 0, 'relief center': 0, 'bus stand shelter': 0, 'passenger shelter': 0, 'cool shelter': 0, 'rest shade': 0, 'cool resting space': 0, 'cool resting shed': 0, 'passenger shed': 0, 'outreach clinic': 0, 'awareness campaign': 0, 'iec activity': 0, 'iec material': 0, 'capacity building': 0, 'training programme': 0, 'training program': 0, 'mock drill': 0, 'sensitization': 0, 'swasthya kantha': 0, 'do and dont': 0, 'dos and donts': 0, 'display board': 0, 'hoarding': 0, 'pamphlet': 0, 'leaflet': 0, 'banner': 0}","{'floodlight': 0, 'flood light': 0, 'street light': 0, 'solar street light': 0, 'high mast light': 0, 'gas pipeline': 0, 'sports complex': 0, 'stadium': 0, 'cricket': 0, 'football': 0, 'volleyball': 0, 'examination hall': 0, 'cremation ground': 0, 'crematorium': 0, 'burial ground': 0, 'election': 0, 'covid': 0, 'vaccination': 0, 'wedding hall': 0, 'marriage hall': 0, 'kalyan mandap': 0, 'boundary wall': 0, 'compound wall': 0, 'staff quarter': 0, 'quarter building': 0, 'drug warehouse': 0, 'drug ware house': 0, 'godown': 0, 'bio medical waste': 0, 'biomedical waste': 0, 'bmw management': 0, 'waste management': 0}",weak,Pre-Summer (Jan-Feb),JJM,Drinking Water & Hydration,Drinking Water & Hydration,"{'Drinking Water & Hydration': {'piped water supply': 2, 'water supply scheme': 2}}"
2021_RWSS_66591_6,47/RWSSBPD/2020-21,Retrofitting of Commissioned Rural Piped Water Supply Scheme to village Kujidihi in Kujidihi G.P under Suliapada Block in the District of Mayurbhanj under JJM 2020,Retrofitting of Commissioned Rural Piped Water Supply Scheme to village Kujidihi in Kujidihi G.P under Suliapada Block in the District of Mayurbhanj under JJM 2020,Works,National Competitive Bid,Lump-sum,Civil Works - Water Works,No,No,NA ,22-Feb-2021 11:00 AM,NA ,180.0,No ,No,Online,04-Mar-2021 11:00 AM,"Rural Water Supply and Sanitation||RWSS Circle Cuttack||EE RWSS Division, Baripada",Baripada,757002.0,2.0,,SACHINDRA NATH BEHERA,"18,300,000",Rejected-AOC,13-Sep-2021,"Rural Water Supply and Sanitation||RWSS Circle Cuttack||EE RWSS Division, Baripada",True,False,"{'heatwave': 0, 'heat wave': 0, 'heat-wave': 0, 'heat stress': 0, 'heat stroke': 0, 'heat action plan': 0, 'heat resilience': 0, 'heat resilient': 0, 'extreme heat': 0, 'high temperature': 0, 'rising temperature': 0, 'heat resistant': 0, 'climate resilient': 0, 'cooling centre': 0, 'cooling center': 0, 'emergency response': 0, 'first aid': 0, 'ambulance': 0, 'ors': 0, 'oral rehydration solution': 0, 'heat stroke treatment': 0, 'sunstroke': 0, 'sun stroke': 0, 'heat related illness': 0, 'heat illness': 0, 'heat exhaustion': 0, 'heat cramp': 0, 'heat rash': 0, 'heat alert': 0, 'heat warning': 0, 'heat advisory': 0, 'heat hotline': 0, 'satark': 0, 'early warning system': 0, 'saline': 0, 'iv fluid': 0, 'rapid response team': 0, 'mobile health unit': 0, 'relief chamber': 0, 'heat stroke ward': 0, 'heat stroke bed': 0, 'drinking water': 0, 'water kiosk': 0, 'water atm': 0, 'hydration point': 0, 'hydration centre': 0, 'hydration center': 0, 'cold water': 0, 'tube well': 0, 'tubewell': 0, 'borewell': 0, 'bore well': 0, 'hand pump': 0, 'handpump': 0, 'overhead tank': 0, 'oh tank': 0, 'stand post': 0, 'piped water supply': 2, 'water supply scheme': 2, 'jalachhatra': 0, 'jalachatra': 0, 'jala jogana kendra': 0, 'jal jogana kendra': 0, 'jal seva shibira': 0, 'water tanker': 0, 'water sprinkling': 0, 'cool roof': 0, 'white roof': 0, 'white topping': 0, 'roof insulation': 0, 'thermal insulation': 0, 'heat reflective': 0, 'reflective coating': 0, 'shade net': 0, 'shade structure': 0, 'canopy': 0, 'awning': 0, 'albedo paint': 0, 'albedo painting': 0, 'white painting': 0, 'reflective paint': 0, 'green roof': 0, 'green roofing': 0, 'k glass': 0, 'doubly glazed glass': 0, 'passive cooling': 0, 'air cooler': 0, 'white china mosaic': 0, 'lime based whitewash': 0, 'white tarp': 0, 'acrylic resin coating': 0, 'tree plantation': 0, 'avenue plantation': 0, 'plantation': 0, 'green belt': 0, 'urban forestry': 0, 'urban forest': 0, 'park development': 0, 'shelter belt': 0, 'shade tree': 0, 'vertical garden': 0, 'green space': 0, 'afforestation': 0, 'green campus': 0, 'night shelter': 0, 'transit shelter': 0, 'rest shed': 0, 'waiting shed': 0, 'community hall': 0, 'relief centre': 0, 'relief center': 0, 'bus stand shelter': 0, 'passenger shelter': 0, 'cool shelter': 0, 'rest shade': 0, 'cool resting space': 0, 'cool resting shed': 0, 'passenger shed': 0, 'outreach clinic': 0, 'awareness campaign': 0, 'iec activity': 0, 'iec material': 0, 'capacity building': 0, 'training programme': 0, 'training program': 0, 'mock drill': 0, 'sensitization': 0, 'swasthya kantha': 0, 'do and dont': 0, 'dos and donts': 0, 'display board': 0, 'hoarding': 0, 'pamphlet': 0, 'leaflet': 0, 'banner': 0}","{'floodlight': 0, 'flood light': 0, 'street light': 0, 'solar street light': 0, 'high mast light': 0, 'gas pipeline': 0, 'sports complex': 0, 'stadium': 0, 'cricket': 0, 'football': 0, 'volleyball': 0, 'examination hall': 0, 'cremation ground': 0, 'crematorium': 0, 'burial ground': 0, 'election': 0, 'covid': 0, 'vaccination': 0, 'wedding hall': 0, 'marriage hall': 0, 'kalyan mandap': 0, 'boundary wall': 0, 'compound wall': 0, 'staff quarter': 0, 'quarter building': 0, 'drug warehouse': 0, 'drug ware house': 0, 'godown': 0, 'bio medical waste': 0, 'biomedical waste': 0, 'bmw management': 0, 'waste management': 0}",weak,Pre-Summer (Jan-Feb),JJM,Drinking Water & Hydration,Drinking Water & Hydration,"{'Drinking Water & Hydration': {'piped water supply': 2, 'water supply scheme': 2}}"
2021_RWSS_66840_14,BID No 28 of 2020 - 21,Construction of Pump house ESR UGR Laying of rising main distribution system single mouth stand post SVAVNRV chamber including supplying of necessary materials for RPWS to village Rengali under Khaprakhol Block.,Construction of Pump house ESR UGR Laying of rising main distribution system single mouth stand post SVAVNRV chamber including supplying of necessary materials for RPWS to village Rengali under Khaprakhol Block.,Works,National Competitive Bid,Percentage,Civil Works - Water Works,No,No,NA ,02-Mar-2021 05:00 PM,NA ,180.0,No ,No,Online,12-Mar-2021 11:00 AM,Rural Water Supply and Sanitation||RWSS Circle Bolangir||RWSS Division Bolangir,village Rengali under Khaprakhol Block,767028.0,2.0,,SANJAY KUMAR LATH,"11,897,935",Rejected-AOC,23-Sep-2021,Rural Water Supply and Sanitation||RWSS Circle Bolangir||RWSS Division Bolangir,True,False,"{'heatwave': 0, 'heat wave': 0, 'heat-wave': 0, 'heat stress': 0, 'heat stroke': 0, 'heat action plan': 0, 'heat resilience': 0, 'heat resilient': 0, 'extreme heat': 0, 'high temperature': 0, 'rising temperature': 0, 'heat resistant': 0, 'climate resilient': 0, 'cooling centre': 0, 'cooling center': 0, 'emergency response': 0, 'first aid': 0, 'ambulance': 0, 'ors': 0, 'oral rehydration solution': 0, 'heat stroke treatment': 0, 'sunstroke': 0, 'sun stroke': 0, 'heat related illness': 0, 'heat illness': 0, 'heat exhaustion': 0, 'heat cramp': 0, 'heat rash': 0, 'heat alert': 0, 'heat warning': 0, 'heat advisory': 0, 'heat hotline': 0, 'satark': 0, 'early warning system': 0, 'saline': 0, 'iv fluid': 0, 'rapid response team': 0, 'mobile health unit': 0, 'relief chamber': 0, 'heat stroke ward': 0, 'heat stroke bed': 0, 'drinking water': 0, 'water kiosk': 0, 'water atm': 0, 'hydration point': 0, 'hydration centre': 0, 'hydration center': 0, 'cold water': 0, 'tube well': 0, 'tubewell': 0, 'borewell': 0, 'bore well': 0, 'hand pump': 0, 'handpump': 0, 'overhead tank': 0, 'oh tank': 0, 'stand post': 2, 'piped water supply': 0, 'water supply scheme': 0, 'jalachhatra': 0, 'jalachatra': 0, 'jala jogana kendra': 0, 'jal jogana kendra': 0, 'jal seva shibira': 0, 'water tanker': 0, 'water sprinkling': 0, 'cool roof': 0, 'white roof': 0, 'white topping': 0, 'roof insulation': 0, 'thermal insulation': 0, 'heat reflective': 0, 'reflective coating': 0, 'shade net': 0, 'shade structure': 0, 'canopy': 0, 'awning': 0, 'albedo paint': 0, 'albedo painting': 0, 'white painting': 0, 'reflective paint': 0, 'green roof': 0, 'green roofing': 0, 'k glass': 0, 'doubly glazed glass': 0, 'passive cooling': 0, 'air cooler': 0, 'white china mosaic': 0, 'lime based whitewash': 0, 'white tarp': 0, 'acrylic resin coating': 0, 'tree plantation': 0, 'avenue plantation': 0, 'plantation': 0, 'green belt': 0, 'urban forestry': 0, 'urban forest': 0, 'park development': 0, 'shelter belt': 0, 'shade tree': 0, 'vertical garden': 0, 'green space': 0, 'afforestation': 0, 'green campus': 0, 'night shelter': 0, 'transit shelter': 0, 'rest shed': 0, 'waiting shed': 0, 'community hall': 0, 'relief centre': 0, 'relief center': 0, 'bus stand shelter': 0, 'passenger shelter': 0, 'cool shelter': 0, 'rest shade': 0, 'cool resting space': 0, 'cool resting shed': 0, 'passenger shed': 0, 'outreach clinic': 0, 'awareness campaign': 0, 'iec activity': 0, 'iec material': 0, 'capacity building': 0, 'training programme': 0, 'training program': 0, 'mock drill': 0, 'sensitization': 0, 'swasthya kantha': 0, 'do and dont': 0, 'dos and donts': 0, 'display board': 0, 'hoarding': 0, 'pamphlet': 0, 'leaflet': 0, 'banner': 0}","{'floodlight': 0, 'flood light': 0, 'street light': 0, 'solar street light': 0, 'high mast light': 0, 'gas pipeline': 0, 'sports complex': 0, 'stadium': 0, 'cricket': 0, 'football': 0, 'volleyball': 0, 'examination hall': 0, 'cremation ground': 0, 'crematorium': 0, 'burial ground': 0, 'election': 0, 'covid': 0, 'vaccination': 0, 'wedding hall': 0, 'marriage hall': 0, 'kalyan mandap': 0, 'boundary wall': 0, 'compound wall': 0, 'staff quarter': 0, 'quarter building': 0, 'drug warehouse': 0, 'drug ware house': 0, 'godown': 0, 'bio medical waste': 0, 'biomedical waste': 0, 'bmw management': 0, 'waste management': 0}",weak,Summer / Heatwave (Mar-Jun),,Drinking Water & Hydration,Drinking Water & Hydration,{'Drinking Water & Hydration': {'stand post': 2}}
2021_RWSS_66840_21,BID No 28 of 2020 - 21,Construction of pump house ESRUGR Laying of rising main distribution system single mouth stand post SVAVNRV chamber including supplying of necessary materials for RPWS to village Bagalabandh under Patnagarh Block.,Construction of pump house ESRUGR Laying of rising main distribution system single mouth stand post SVAVNRV chamber including supplying of necessary materials for RPWS to village Bagalabandh under Patnagarh Block.,Works,National Competitive Bid,Percentage,Civil Works - Water Works,No,No,NA ,02-Mar-2021 06:00 PM,NA ,180.0,No ,No,Online,12-Mar-2021 11:00 AM,Rural Water Supply and Sanitation||RWSS Circle Bolangir||RWSS Division Bolangir,village Baglabandh under Patnagarh,767025.0,2.0,,SRI SUBASH CHANDRA SINGHANIA,"13,723,456",Rejected-AOC,24-Sep-2021,Rural Water Supply and Sanitation||RWSS Circle Bolangir||RWSS Division Bolangir,True,False,"{'heatwave': 0, 'heat wave': 0, 'heat-wave': 0, 'heat stress': 0, 'heat stroke': 0, 'heat action plan': 0, 'heat resilience': 0, 'heat resilient': 0, 'extreme heat': 0, 'high temperature': 0, 'rising temperature': 0, 'heat resistant': 0, 'climate resilient': 0, 'cooling centre': 0, 'cooling center': 0, 'emergency response': 0, 'first aid': 0, 'ambulance': 0, 'ors': 0, 'oral rehydration solution': 0, 'heat stroke treatment': 0, 'sunstroke': 0, 'sun stroke': 0, 'heat related illness': 0, 'heat illness': 0, 'heat exhaustion': 0, 'heat cramp': 0, 'heat rash': 0, 'heat alert': 0, 'heat warning': 0, 'heat advisory': 0, 'heat hotline': 0, 'satark': 0, 'early warning system': 0, 'saline': 0, 'iv fluid': 0, 'rapid response team': 0, 'mobile health unit': 0, 'relief chamber': 0, 'heat stroke ward': 0, 'heat stroke bed': 0, 'drinking water': 0, 'water kiosk': 0, 'water atm': 0, 'hydration point': 0, 'hydration centre': 0, 'hydration center': 0, 'cold water': 0, 'tube well': 0, 'tubewell': 0, 'borewell': 0, 'bore well': 0, 'hand pump': 0, 'handpump': 0, 'overhead tank': 0, 'oh tank': 0, 'stand post': 2, 'piped water supply': 0, 'water supply scheme': 0, 'jalachhatra': 0, 'jalachatra': 0, 'jala jogana kendra': 0, 'jal jogana kendra': 0, 'jal seva shibira': 0, 'water tanker': 0, 'water sprinkling': 0, 'cool roof': 0, 'white roof': 0, 'white topping': 0, 'roof insulation': 0, 'thermal insulation': 0, 'heat reflective': 0, 'reflective coating': 0, 'shade net': 0, 'shade structure': 0, 'canopy': 0, 'awning': 0, 'albedo paint': 0, 'albedo painting': 0, 'white painting': 0, 'reflective paint': 0, 'green roof': 0, 'green roofing': 0, 'k glass': 0, 'doubly glazed glass': 0, 'passive cooling': 0, 'air cooler': 0, 'white china mosaic': 0, 'lime based whitewash': 0, 'white tarp': 0, 'acrylic resin coating': 0, 'tree plantation': 0, 'avenue plantation': 0, 'plantation': 0, 'green belt': 0, 'urban forestry': 0, 'urban forest': 0, 'park development': 0, 'shelter belt': 0, 'shade tree': 0, 'vertical garden': 0, 'green space': 0, 'afforestation': 0, 'green campus': 0, 'night shelter': 0, 'transit shelter': 0, 'rest shed': 0, 'waiting shed': 0, 'community hall': 0, 'relief centre': 0, 'relief center': 0, 'bus stand shelter': 0, 'passenger shelter': 0, 'cool shelter': 0, 'rest shade': 0, 'cool resting space': 0, 'cool resting shed': 0, 'passenger shed': 0, 'outreach clinic': 0, 'awareness campaign': 0, 'iec activity': 0, 'iec material': 0, 'capacity building': 0, 'training programme': 0, 'training program': 0, 'mock drill': 0, 'sensitization': 0, 'swasthya kantha': 0, 'do and dont': 0, 'dos and donts': 0, 'display board': 0, 'hoarding': 0, 'pamphlet': 0, 'leaflet': 0, 'banner': 0}","{'floodlight': 0, 'flood light': 0, 'street light': 0, 'solar street light': 0, 'high mast light': 0, 'gas pipeline': 0, 'sports complex': 0, 'stadium': 0, 'cricket': 0, 'football': 0, 'volleyball': 0, 'examination hall': 0, 'cremation ground': 0, 'crematorium': 0, 'burial ground': 0, 'election': 0, 'covid': 0, 'vaccination': 0, 'wedding hall': 0, 'marriage hall': 0, 'kalyan mandap': 0, 'boundary wall': 0, 'compound wall': 0, 'staff quarter': 0, 'quarter building': 0, 'drug warehouse': 0, 'drug ware house': 0, 'godown': 0, 'bio medical waste': 0, 'biomedical waste': 0, 'bmw management': 0, 'waste management': 0}",weak,Summer / Heatwave (Mar-Jun),,Drinking Water & Hydration,Drinking Water & Hydration,{'Drinking Water & Hydration': {'stand post': 2}}
2021_RWSS_66840_9,BID No 28 of 2020 - 21,Construction of Pump house ESR UGR Laying of rising main distribution system single mouth stand post SVAVNRV chamber including supplying of necessary materials for RPWS to village Baduden under Khaprakhol Block.,Construction of Pump house ESR UGR Laying of rising main distribution system single mouth stand post SVAVNRV chamber including supplying of necessary materials for RPWS to village Baduden under Khaprakhol Block.,Works,National Competitive Bid,Percentage,Civil Works - Water Works,No,No,NA ,02-Mar-2021 03:00 PM,NA ,180.0,No ,No,Online,12-Mar-2021 11:00 AM,Rural Water Supply and Sanitation||RWSS Circle Bolangir||RWSS Division Bolangir,village Baduden under Khaprakhol Block,767028.0,2.0,,MADHUSUDAN BARIHA,"11,144,339",Accepted-AOC,23-Sep-2021,Rural Water Supply and Sanitation||RWSS Circle Bolangir||RWSS Division Bolangir,True,False,"{'heatwave': 0, 'heat wave': 0, 'heat-wave': 0, 'heat stress': 0, 'heat stroke': 0, 'heat action plan': 0, 'heat resilience': 0, 'heat resilient': 0, 'extreme heat': 0, 'high temperature': 0, 'rising temperature': 0, 'heat resistant': 0, 'climate resilient': 0, 'cooling centre': 0, 'cooling center': 0, 'emergency response': 0, 'first aid': 0, 'ambulance': 0, 'ors': 0, 'oral rehydration solution': 0, 'heat stroke treatment': 0, 'sunstroke': 0, 'sun stroke': 0, 'heat related illness': 0, 'heat illness': 0, 'heat exhaustion': 0, 'heat cramp': 0, 'heat rash': 0, 'heat alert': 0, 'heat warning': 0, 'heat advisory': 0, 'heat hotline': 0, 'satark': 0, 'early warning system': 0, 'saline': 0, 'iv fluid': 0, 'rapid response team': 0, 'mobile health unit': 0, 'relief chamber': 0, 'heat stroke ward': 0, 'heat stroke bed': 0, 'drinking water': 0, 'water kiosk': 0, 'water atm': 0, 'hydration point': 0, 'hydration centre': 0, 'hydration center': 0, 'cold water': 0, 'tube well': 0, 'tubewell': 0, 'borewell': 0, 'bore well': 0, 'hand pump': 0, 'handpump': 0, 'overhead tank': 0, 'oh tank': 0, 'stand post': 2, 'piped water supply': 0, 'water supply scheme': 0, 'jalachhatra': 0, 'jalachatra': 0, 'jala jogana kendra': 0, 'jal jogana kendra': 0, 'jal seva shibira': 0, 'water tanker': 0, 'water sprinkling': 0, 'cool roof': 0, 'white roof': 0, 'white topping': 0, 'roof insulation': 0, 'thermal insulation': 0, 'heat reflective': 0, 'reflective coating': 0, 'shade net': 0, 'shade structure': 0, 'canopy': 0, 'awning': 0, 'albedo paint': 0, 'albedo painting': 0, 'white painting': 0, 'reflective paint': 0, 'green roof': 0, 'green roofing': 0, 'k glass': 0, 'doubly glazed glass': 0, 'passive cooling': 0, 'air cooler': 0, 'white china mosaic': 0, 'lime based whitewash': 0, 'white tarp': 0, 'acrylic resin coating': 0, 'tree plantation': 0, 'avenue plantation': 0, 'plantation': 0, 'green belt': 0, 'urban forestry': 0, 'urban forest': 0, 'park development': 0, 'shelter belt': 0, 'shade tree': 0, 'vertical garden': 0, 'green space': 0, 'afforestation': 0, 'green campus': 0, 'night shelter': 0, 'transit shelter': 0, 'rest shed': 0, 'waiting shed': 0, 'community hall': 0, 'relief centre': 0, 'relief center': 0, 'bus stand shelter': 0, 'passenger shelter': 0, 'cool shelter': 0, 'rest shade': 0, 'cool resting space': 0, 'cool resting shed': 0, 'passenger shed': 0, 'outreach clinic': 0, 'awareness campaign': 0, 'iec activity': 0, 'iec material': 0, 'capacity building': 0, 'training programme': 0, 'training program': 0, 'mock drill': 0, 'sensitization': 0, 'swasthya kantha': 0, 'do and dont': 0, 'dos and donts': 0, 'display board': 0, 'hoarding': 0, 'pamphlet': 0, 'leaflet': 0, 'banner': 0}","{'floodlight': 0, 'flood light': 0, 'street light': 0, 'solar street light': 0, 'high mast light': 0, 'gas pipeline': 0, 'sports complex': 0, 'stadium': 0, 'cricket': 0, 'football': 0, 'volleyball': 0, 'examination hall': 0, 'cremation ground': 0, 'crematorium': 0, 'burial ground': 0, 'election': 0, 'covid': 0, 'vaccination': 0, 'wedding hall': 0, 'marriage hall': 0, 'kalyan mandap': 0, 'boundary wall': 0, 'compound wall': 0, 'staff quarter': 0, 'quarter building': 0, 'drug warehouse': 0, 'drug ware house': 0, 'godown': 0, 'bio medical waste': 0, 'biomedical waste': 0, 'bmw management': 0, 'waste management': 0}",weak,Summer / Heatwave (Mar-Jun),,Drinking Water & Hydration,Drinking Water & Hydration,{'Drinking Water & Hydration': {'stand post': 2}}
2021_RWSS_67100_8,RWSS DIVISION PURI 56 OF 2020-21,Execution of Rural Piped Water Supply Scheme to BIDIRPUR under DELANG Block including 5 years operation and maintenance.,Execution of Rural Piped Water Supply Scheme to BIDIRPUR under DELANG Block including 5 years operation and maintenance.,Works,Open Tender,Percentage,Civil Works - Water Works,No,No,NA ,12-Mar-2021 11:00 AM,NA ,180.0,No ,No,Online,22-Mar-2021 11:30 AM,Rural Water Supply and Sanitation||RWSS Circle Bhubaneswar||EE RWSS Divn Puri,"BIDIRPUR, DELANG, PURI",752015.0,2.0,,M/S JAYA BEHERA,"7,251,495",Rejected-Finance,23-Sep-2021,Rural Water Supply and Sanitation||RWSS Circle Bhubaneswar||EE RWSS Divn Puri,True,False,"{'heatwave': 0, 'heat wave': 0, 'heat-wave': 0, 'heat stress': 0, 'heat stroke': 0, 'heat action plan': 0, 'heat resilience': 0, 'heat resilient': 0, 'extreme heat': 0, 'high temperature': 0, 'rising temperature': 0, 'heat resistant': 0, 'climate resilient': 0, 'cooling centre': 0, 'cooling center': 0, 'emergency response': 0, 'first aid': 0, 'ambulance': 0, 'ors': 0, 'oral rehydration solution': 0, 'heat stroke treatment': 0, 'sunstroke': 0, 'sun stroke': 0, 'heat related illness': 0, 'heat illness': 0, 'heat exhaustion': 0, 'heat cramp': 0, 'heat rash': 0, 'heat alert': 0, 'heat warning': 0, 'heat advisory': 0, 'heat hotline': 0, 'satark': 0, 'early warning system': 0, 'saline': 0, 'iv fluid': 0, 'rapid response team': 0, 'mobile health unit': 0, 'relief chamber': 0, 'heat stroke ward': 0, 'heat stroke bed': 0, 'drinking water': 0, 'water kiosk': 0, 'water atm': 0, 'hydration point': 0, 'hydration centre': 0, 'hydration center': 0, 'cold water': 0, 'tube well': 0, 'tubewell': 0, 'borewell': 0, 'bore well': 0, 'hand pump': 0, 'handpump': 0, 'overhead tank': 0, 'oh tank': 0, 'stand post': 0, 'piped water supply': 2, 'water supply scheme': 2, 'jalachhatra': 0, 'jalachatra': 0, 'jala jogana kendra': 0, 'jal jogana kendra': 0, 'jal seva shibira': 0, 'water tanker': 0, 'water sprinkling': 0, 'cool roof': 0, 'white roof': 0, 'white topping': 0, 'roof insulation': 0, 'thermal insulation': 0, 'heat reflective': 0, 'reflective coating': 0, 'shade net': 0, 'shade structure': 0, 'canopy': 0, 'awning': 0, 'albedo paint': 0, 'albedo painting': 0, 'white painting': 0, 'reflective paint': 0, 'green roof': 0, 'green roofing': 0, 'k glass': 0, 'doubly glazed glass': 0, 'passive cooling': 0, 'air cooler': 0, 'white china mosaic': 0, 'lime based whitewash': 0, 'white tarp': 0, 'acrylic resin coating': 0, 'tree plantation': 0, 'avenue plantation': 0, 'plantation': 0, 'green belt': 0, 'urban forestry': 0, 'urban forest': 0, 'park development': 0, 'shelter belt': 0, 'shade tree': 0, 'vertical garden': 0, 'green space': 0, 'afforestation': 0, 'green campus': 0, 'night shelter': 0, 'transit shelter': 0, 'rest shed': 0, 'waiting shed': 0, 'community hall': 0, 'relief centre': 0, 'relief center': 0, 'bus stand shelter': 0, 'passenger shelter': 0, 'cool shelter': 0, 'rest shade': 0, 'cool resting space': 0, 'cool resting shed': 0, 'passenger shed': 0, 'outreach clinic': 0, 'awareness campaign': 0, 'iec activity': 0, 'iec material': 0, 'capacity building': 0, 'training programme': 0, 'training program': 0, 'mock drill': 0, 'sensitization': 0, 'swasthya kantha': 0, 'do and dont': 0, 'dos and donts': 0, 'display board': 0, 'hoarding': 0, 'pamphlet': 0, 'leaflet': 0, 'banner': 0}","{'floodlight': 0, 'flood light': 0, 'street light': 0, 'solar street light': 0, 'high mast light': 0, 'gas pipeline': 0, 'sports complex': 0, 'stadium': 0, 'cricket': 0, 'football': 0, 'volleyball': 0, 'examination hall': 0, 'cremation ground': 0, 'crematorium': 0, 'burial ground': 0, 'election': 0, 'covid': 0, 'vaccination': 0, 'wedding hall': 0, 'marriage hall': 0, 'kalyan mandap': 0, 'boundary wall': 0, 'compound wall': 0, 'staff quarter': 0, 'quarter building': 0, 'drug warehouse': 0, 'drug ware house': 0, 'godown': 0, 'bio medical waste': 0, 'biomedical waste': 0, 'bmw management': 0, 'waste management': 0}",weak,Summer / Heatwave (Mar-Jun),,Drinking Water & Hydration,Drinking Water & Hydration,"{'Drinking Water & Hydration': {'piped water supply': 2, 'water supply scheme': 2}}"
2021_RWSS_67357_1,54/RWSSBPD/2020-21,Retrofitting of Commissioned Rural Piped Water Supply Scheme to village Raghupur in Raghupur G.P. under Betnoti Block in the District of Mayurbhanj under JJM 2020-21,Retrofitting of Commissioned Rural Piped Water Supply Scheme to village Raghupur in Raghupur G.P. under Betnoti Block in the District of Mayurbhanj under JJM 2020-21,Works,National Competitive Bid,Lump-sum,Civil Works - Water Works,No,No,NA ,23-Mar-2021 11:00 AM,NA ,180.0,No ,No,Online,05-Apr-2021 11:00 AM,"Rural Water Supply and Sanitation||RWSS Circle Cuttack||EE RWSS Division, Baripada",Baripada,757002.0,2.0,,GAYADHAR SAHOO,"3,195,437",Rejected-Technical,23-Sep-2021,"Rural Water Supply and Sanitation||RWSS Circle Cuttack||EE RWSS Division, Baripada",True,False,"{'heatwave': 0, 'heat wave': 0, 'heat-wave': 0, 'heat stress': 0, 'heat stroke': 0, 'heat action plan': 0, 'heat resilience': 0, 'heat resilient': 0, 'extreme heat': 0, 'high temperature': 0, 'rising temperature': 0, 'heat resistant': 0, 'climate resilient': 0, 'cooling centre': 0, 'cooling center': 0, 'emergency response': 0, 'first aid': 0, 'ambulance': 0, 'ors': 0, 'oral rehydration solution': 0, 'heat stroke treatment': 0, 'sunstroke': 0, 'sun stroke': 0, 'heat related illness': 0, 'heat illness': 0, 'heat exhaustion': 0, 'heat cramp': 0, 'heat rash': 0, 'heat alert': 0, 'heat warning': 0, 'heat advisory': 0, 'heat hotline': 0, 'satark': 0, 'early warning system': 0, 'saline': 0, 'iv fluid': 0, 'rapid response team': 0, 'mobile health unit': 0, 'relief chamber': 0, 'heat stroke ward': 0, 'heat stroke bed': 0, 'drinking water': 0, 'water kiosk': 0, 'water atm': 0, 'hydration point': 0, 'hydration centre': 0, 'hydration center': 0, 'cold water': 0, 'tube well': 0, 'tubewell': 0, 'borewell': 0, 'bore well': 0, 'hand pump': 0, 'handpump': 0, 'overhead tank': 0, 'oh tank': 0, 'stand post': 0, 'piped water supply': 2, 'water supply scheme': 2, 'jalachhatra': 0, 'jalachatra': 0, 'jala jogana kendra': 0, 'jal jogana kendra': 0, 'jal seva shibira': 0, 'water tanker': 0, 'water sprinkling': 0, 'cool roof': 0, 'white roof': 0, 'white topping': 0, 'roof insulation': 0, 'thermal insulation': 0, 'heat reflective': 0, 'reflective coating': 0, 'shade net': 0, 'shade structure': 0, 'canopy': 0, 'awning': 0, 'albedo paint': 0, 'albedo painting': 0, 'white painting': 0, 'reflective paint': 0, 'green roof': 0, 'green roofing': 0, 'k glass': 0, 'doubly glazed glass': 0, 'passive cooling': 0, 'air cooler': 0, 'white china mosaic': 0, 'lime based whitewash': 0, 'white tarp': 0, 'acrylic resin coating': 0, 'tree plantation': 0, 'avenue plantation': 0, 'plantation': 0, 'green belt': 0, 'urban forestry': 0, 'urban forest': 0, 'park development': 0, 'shelter belt': 0, 'shade tree': 0, 'vertical garden': 0, 'green space': 0, 'afforestation': 0, 'green campus': 0, 'night shelter': 0, 'transit shelter': 0, 'rest shed': 0, 'waiting shed': 0, 'community hall': 0, 'relief centre': 0, 'relief center': 0, 'bus stand shelter': 0, 'passenger shelter': 0, 'cool shelter': 0, 'rest shade': 0, 'cool resting space': 0, 'cool resting shed': 0, 'passenger shed': 0, 'outreach clinic': 0, 'awareness campaign': 0, 'iec activity': 0, 'iec material': 0, 'capacity building': 0, 'training programme': 0, 'training program': 0, 'mock drill': 0, 'sensitization': 0, 'swasthya kantha': 0, 'do and dont': 0, 'dos and donts': 0, 'display board': 0, 'hoarding': 0, 'pamphlet': 0, 'leaflet': 0, 'banner': 0}","{'floodlight': 0, 'flood light': 0, 'street light': 0, 'solar street light': 0, 'high mast light': 0, 'gas pipeline': 0, 'sports complex': 0, 'stadium': 0, 'cricket': 0, 'football': 0, 'volleyball': 0, 'examination hall': 0, 'cremation ground': 0, 'crematorium': 0, 'burial ground': 0, 'election': 0, 'covid': 0, 'vaccination': 0, 'wedding hall': 0, 'marriage hall': 0, 'kalyan mandap': 0, 'boundary wall': 0, 'compound wall': 0, 'staff quarter': 0, 'quarter building': 0, 'drug warehouse': 0, 'drug ware house': 0, 'godown': 0, 'bio medical waste': 0, 'biomedical waste': 0, 'bmw management': 0, 'waste management': 0}",weak,Summer / Heatwave (Mar-Jun),JJM,Drinking Water & Hydration,Drinking Water & Hydration,"{'Drinking Water & Hydration': {'piped water supply': 2, 'water supply scheme': 2}}"
2021_RWSS_67357_10,54/RWSSBPD/2020-21,Retrofitting of Commissioned Rural Piped Water Supply Scheme to village Karmasole in Dantiamuhan G.P under Morada Block in the District of Mayurbhanj under JJM 2020-21,Retrofitting of Commissioned Rural Piped Water Supply Scheme to village Karmasole in Dantiamuhan G.P under Morada Block in the District of Mayurbhanj under JJM 2020-21,Works,National Competitive Bid,Lump-sum,Civil Works - Water Works,No,No,NA ,23-Mar-2021 11:00 AM,NA ,180.0,No ,No,Online,05-Apr-2021 11:00 AM,"Rural Water Supply and Sanitation||RWSS Circle Cuttack||EE RWSS Division, Baripada",Baripada,757002.0,2.0,,Sri Sambhu Dehuri,"2,752,000",Rejected-Technical,23-Sep-2021,"Rural Water Supply and Sanitation||RWSS Circle Cuttack||EE RWSS Division, Baripada",True,False,"{'heatwave': 0, 'heat wave': 0, 'heat-wave': 0, 'heat stress': 0, 'heat stroke': 0, 'heat action plan': 0, 'heat resilience': 0, 'heat resilient': 0, 'extreme heat': 0, 'high temperature': 0, 'rising temperature': 0, 'heat resistant': 0, 'climate resilient': 0, 'cooling centre': 0, 'cooling center': 0, 'emergency response': 0, 'first aid': 0, 'ambulance': 0, 'ors': 0, 'oral rehydration solution': 0, 'heat stroke treatment': 0, 'sunstroke': 0, 'sun stroke': 0, 'heat related illness': 0, 'heat illness': 0, 'heat exhaustion': 0, 'heat cramp': 0, 'heat rash': 0, 'heat alert': 0, 'heat warning': 0, 'heat advisory': 0, 'heat hotline': 0, 'satark': 0, 'early warning system': 0, 'saline': 0, 'iv fluid': 0, 'rapid response team': 0, 'mobile health unit': 0, 'relief chamber': 0, 'heat stroke ward': 0, 'heat stroke bed': 0, 'drinking water': 0, 'water kiosk': 0, 'water atm': 0, 'hydration point': 0, 'hydration centre': 0, 'hydration center': 0, 'cold water': 0, 'tube well': 0, 'tubewell': 0, 'borewell': 0, 'bore well': 0, 'hand pump': 0, 'handpump': 0, 'overhead tank': 0, 'oh tank': 0, 'stand post': 0, 'piped water supply': 2, 'water supply scheme': 2, 'jalachhatra': 0, 'jalachatra': 0, 'jala jogana kendra': 0, 'jal jogana kendra': 0, 'jal seva shibira': 0, 'water tanker': 0, 'water sprinkling': 0, 'cool roof': 0, 'white roof': 0, 'white topping': 0, 'roof insulation': 0, 'thermal insulation': 0, 'heat reflective': 0, 'reflective coating': 0, 'shade net': 0, 'shade structure': 0, 'canopy': 0, 'awning': 0, 'albedo paint': 0, 'albedo painting': 0, 'white painting': 0, 'reflective paint': 0, 'green roof': 0, 'green roofing': 0, 'k glass': 0, 'doubly glazed glass': 0, 'passive cooling': 0, 'air cooler': 0, 'white china mosaic': 0, 'lime based whitewash': 0, 'white tarp': 0, 'acrylic resin coating': 0, 'tree plantation': 0, 'avenue plantation': 0, 'plantation': 0, 'green belt': 0, 'urban forestry': 0, 'urban forest': 0, 'park development': 0, 'shelter belt': 0, 'shade tree': 0, 'vertical garden': 0, 'green space': 0, 'afforestation': 0, 'green campus': 0, 'night shelter': 0, 'transit shelter': 0, 'rest shed': 0, 'waiting shed': 0, 'community hall': 0, 'relief centre': 0, 'relief center': 0, 'bus stand shelter': 0, 'passenger shelter': 0, 'cool shelter': 0, 'rest shade': 0, 'cool resting space': 0, 'cool resting shed': 0, 'passenger shed': 0, 'outreach clinic': 0, 'awareness campaign': 0, 'iec activity': 0, 'iec material': 0, 'capacity building': 0, 'training programme': 0, 'training program': 0, 'mock drill': 0, 'sensitization': 0, 'swasthya kantha': 0, 'do and dont': 0, 'dos and donts': 0, 'display board': 0, 'hoarding': 0, 'pamphlet': 0, 'leaflet': 0, 'banner': 0}","{'floodlight': 0, 'flood light': 0, 'street light': 0, 'solar street light': 0, 'high mast light': 0, 'gas pipeline': 0, 'sports complex': 0, 'stadium': 0, 'cricket': 0, 'football': 0, 'volleyball': 0, 'examination hall': 0, 'cremation ground': 0, 'crematorium': 0, 'burial ground': 0, 'election': 0, 'covid': 0, 'vaccination': 0, 'wedding hall': 0, 'marriage hall': 0, 'kalyan mandap': 0, 'boundary wall': 0, 'compound wall': 0, 'staff quarter': 0, 'quarter building': 0, 'drug warehouse': 0, 'drug ware house': 0, 'godown': 0, 'bio medical waste': 0, 'biomedical waste': 0, 'bmw management': 0, 'waste management': 0}",weak,Summer / Heatwave (Mar-Jun),JJM,Drinking Water & Hydration,Drinking Water & Hydration,"{'Drinking Water & Hydration': {'piped water supply': 2, 'water supply scheme': 2}}"
2021_RWSS_67599_3,BID No 31 of 2020 - 21,Construction of ESR OGR Pump house Laying of rising main distribution system single mouth stand post SVAVNRV chamber including supplying of necessary materials for RPWS to village DHUBALPADA under PATNAGARH Block.,Construction of ESR OGR Pump house Laying of rising main distribution system single mouth stand post SVAVNRV chamber including supplying of necessary materials for RPWS to village DHUBALPADA under PATNAGARH Block.,Works,National Competitive Bid,Percentage,Civil Works - Water Works,No,No,NA ,03-Apr-2021 06:55 PM,NA ,180.0,No ,No,Online,13-Apr-2021 11:00 AM,Rural Water Supply and Sanitation||RWSS Circle Bolangir||RWSS Division Bolangir,village dhubalpada under patnagarh block,767025.0,2.0,,SUMEET CONSTRUCTIONS,"13,705,133",Rejected-AOC,23-Sep-2021,Rural Water Supply and Sanitation||RWSS Circle Bolangir||RWSS Division Bolangir,True,False,"{'heatwave': 0, 'heat wave': 0, 'heat-wave': 0, 'heat stress': 0, 'heat stroke': 0, 'heat action plan': 0, 'heat resilience': 0, 'heat resilient': 0, 'extreme heat': 0, 'high temperature': 0, 'rising temperature': 0, 'heat resistant': 0, 'climate resilient': 0, 'cooling centre': 0, 'cooling center': 0, 'emergency response': 0, 'first aid': 0, 'ambulance': 0, 'ors': 0, 'oral rehydration solution': 0, 'heat stroke treatment': 0, 'sunstroke': 0, 'sun stroke': 0, 'heat related illness': 0, 'heat illness': 0, 'heat exhaustion': 0, 'heat cramp': 0, 'heat rash': 0, 'heat alert': 0, 'heat warning': 0, 'heat advisory': 0, 'heat hotline': 0, 'satark': 0, 'early warning system': 0, 'saline': 0, 'iv fluid': 0, 'rapid response team': 0, 'mobile health unit': 0, 'relief chamber': 0, 'heat stroke ward': 0, 'heat stroke bed': 0, 'drinking water': 0, 'water kiosk': 0, 'water atm': 0, 'hydration point': 0, 'hydration centre': 0, 'hydration center': 0, 'cold water': 0, 'tube well': 0, 'tubewell': 0, 'borewell': 0, 'bore well': 0, 'hand pump': 0, 'handpump': 0, 'overhead tank': 0, 'oh tank': 0, 'stand post': 2, 'piped water supply': 0, 'water supply scheme': 0, 'jalachhatra': 0, 'jalachatra': 0, 'jala jogana kendra': 0, 'jal jogana kendra': 0, 'jal seva shibira': 0, 'water tanker': 0, 'water sprinkling': 0, 'cool roof': 0, 'white roof': 0, 'white topping': 0, 'roof insulation': 0, 'thermal insulation': 0, 'heat reflective': 0, 'reflective coating': 0, 'shade net': 0, 'shade structure': 0, 'canopy': 0, 'awning': 0, 'albedo paint': 0, 'albedo painting': 0, 'white painting': 0, 'reflective paint': 0, 'green roof': 0, 'green roofing': 0, 'k glass': 0, 'doubly glazed glass': 0, 'passive cooling': 0, 'air cooler': 0, 'white china mosaic': 0, 'lime based whitewash': 0, 'white tarp': 0, 'acrylic resin coating': 0, 'tree plantation': 0, 'avenue plantation': 0, 'plantation': 0, 'green belt': 0, 'urban forestry': 0, 'urban forest': 0, 'park development': 0, 'shelter belt': 0, 'shade tree': 0, 'vertical garden': 0, 'green space': 0, 'afforestation': 0, 'green campus': 0, 'night shelter': 0, 'transit shelter': 0, 'rest shed': 0, 'waiting shed': 0, 'community hall': 0, 'relief centre': 0, 'relief center': 0, 'bus stand shelter': 0, 'passenger shelter': 0, 'cool shelter': 0, 'rest shade': 0, 'cool resting space': 0, 'cool resting shed': 0, 'passenger shed': 0, 'outreach clinic': 0, 'awareness campaign': 0, 'iec activity': 0, 'iec material': 0, 'capacity building': 0, 'training programme': 0, 'training program': 0, 'mock drill': 0, 'sensitization': 0, 'swasthya kantha': 0, 'do and dont': 0, 'dos and donts': 0, 'display board': 0, 'hoarding': 0, 'pamphlet': 0, 'leaflet': 0, 'banner': 0}","{'floodlight': 0, 'flood light': 0, 'street light': 0, 'solar street light': 0, 'high mast light': 0, 'gas pipeline': 0, 'sports complex': 0, 'stadium': 0, 'cricket': 0, 'football': 0, 'volleyball': 0, 'examination hall': 0, 'cremation ground': 0, 'crematorium': 0, 'burial ground': 0, 'election': 0, 'covid': 0, 'vaccination': 0, 'wedding hall': 0, 'marriage hall': 0, 'kalyan mandap': 0, 'boundary wall': 0, 'compound wall': 0, 'staff quarter': 0, 'quarter building': 0, 'drug warehouse': 0, 'drug ware house': 0, 'godown': 0, 'bio medical waste': 0, 'biomedical waste': 0, 'bmw management': 0, 'waste management': 0}",weak,Summer / Heatwave (Mar-Jun),,Drinking Water & Hydration,Drinking Water & Hydration,{'Drinking Water & Hydration': {'stand post': 2}}
2021_RWSS_68292_11,RWSS DIVISION PURI 01 OF 2021-22,Execution of Rural Piped Water Supply Scheme to TIRUNA under GOP Block including 5 years operation and maintenance.,Execution of Rural Piped Water Supply Scheme to TIRUNA under GOP Block including 5 years operation and maintenance.,Works,Open Tender,Percentage,Civil Works - Water Works,No,No,NA ,10-May-2021 11:00 AM,NA ,180.0,No ,No,Online,29-May-2021 11:30 AM,Rural Water Supply and Sanitation||RWSS Circle Bhubaneswar||EE RWSS Divn Puri,"TIRUNA, GOP, PURI",752110.0,2.0,,Umakanta Swain,"8,252,086",Rejected-Finance,05-Sep-2021,Rural Water Supply and Sanitation||RWSS Circle Bhubaneswar||EE RWSS Divn Puri,True,False,"{'heatwave': 0, 'heat wave': 0, 'heat-wave': 0, 'heat stress': 0, 'heat stroke': 0, 'heat action plan': 0, 'heat resilience': 0, 'heat resilient': 0, 'extreme heat': 0, 'high temperature': 0, 'rising temperature': 0, 'heat resistant': 0, 'climate resilient': 0, 'cooling centre': 0, 'cooling center': 0, 'emergency response': 0, 'first aid': 0, 'ambulance': 0, 'ors': 0, 'oral rehydration solution': 0, 'heat stroke treatment': 0, 'sunstroke': 0, 'sun stroke': 0, 'heat related illness': 0, 'heat illness': 0, 'heat exhaustion': 0, 'heat cramp': 0, 'heat rash': 0, 'heat alert': 0, 'heat warning': 0, 'heat advisory': 0, 'heat hotline': 0, 'satark': 0, 'early warning system': 0, 'saline': 0, 'iv fluid': 0, 'rapid response team': 0, 'mobile health unit': 0, 'relief chamber': 0, 'heat stroke ward': 0, 'heat stroke bed': 0, 'drinking water': 0, 'water kiosk': 0, 'water atm': 0, 'hydration point': 0, 'hydration centre': 0, 'hydration center': 0, 'cold water': 0, 'tube well': 0, 'tubewell': 0, 'borewell': 0, 'bore well': 0, 'hand pump': 0, 'handpump': 0, 'overhead tank': 0, 'oh tank': 0, 'stand post': 0, 'piped water supply': 2, 'water supply scheme': 2, 'jalachhatra': 0, 'jalachatra': 0, 'jala jogana kendra': 0, 'jal jogana kendra': 0, 'jal seva shibira': 0, 'water tanker': 0, 'water sprinkling': 0, 'cool roof': 0, 'white roof': 0, 'white topping': 0, 'roof insulation': 0, 'thermal insulation': 0, 'heat reflective': 0, 'reflective coating': 0, 'shade net': 0, 'shade structure': 0, 'canopy': 0, 'awning': 0, 'albedo paint': 0, 'albedo painting': 0, 'white painting': 0, 'reflective paint': 0, 'green roof': 0, 'green roofing': 0, 'k glass': 0, 'doubly glazed glass': 0, 'passive cooling': 0, 'air cooler': 0, 'white china mosaic': 0, 'lime based whitewash': 0, 'white tarp': 0, 'acrylic resin coating': 0, 'tree plantation': 0, 'avenue plantation': 0, 'plantation': 0, 'green belt': 0, 'urban forestry': 0, 'urban forest': 0, 'park development': 0, 'shelter belt': 0, 'shade tree': 0, 'vertical garden': 0, 'green space': 0, 'afforestation': 0, 'green campus': 0, 'night shelter': 0, 'transit shelter': 0, 'rest shed': 0, 'waiting shed': 0, 'community hall': 0, 'relief centre': 0, 'relief center': 0, 'bus stand shelter': 0, 'passenger shelter': 0, 'cool shelter': 0, 'rest shade': 0, 'cool resting space': 0, 'cool resting shed': 0, 'passenger shed': 0, 'outreach clinic': 0, 'awareness campaign': 0, 'iec activity': 0, 'iec material': 0, 'capacity building': 0, 'training programme': 0, 'training program': 0, 'mock drill': 0, 'sensitization': 0, 'swasthya kantha': 0, 'do and dont': 0, 'dos and donts': 0, 'display board': 0, 'hoarding': 0, 'pamphlet': 0, 'leaflet': 0, 'banner': 0}","{'floodlight': 0, 'flood light': 0, 'street light': 0, 'solar street light': 0, 'high mast light': 0, 'gas pipeline': 0, 'sports complex': 0, 'stadium': 0, 'cricket': 0, 'football': 0, 'volleyball': 0, 'examination hall': 0, 'cremation ground': 0, 'crematorium': 0, 'burial ground': 0, 'election': 0, 'covid': 0, 'vaccination': 0, 'wedding hall': 0, 'marriage hall': 0, 'kalyan mandap': 0, 'boundary wall': 0, 'compound wall': 0, 'staff quarter': 0, 'quarter building': 0, 'drug warehouse': 0, 'drug ware house': 0, 'godown': 0, 'bio medical waste': 0, 'biomedical waste': 0, 'bmw management': 0, 'waste management': 0}",weak,Summer / Heatwave (Mar-Jun),,Drinking Water & Hydration,Drinking Water & Hydration,"{'Drinking Water & Hydration': {'piped water supply': 2, 'water supply scheme': 2}}"
2021_RWSS_68292_14,RWSS DIVISION PURI 01 OF 2021-22,Execution for Retrofitting of Rural Piped Water Supply Scheme to ABALPUR under PIPILI Block.,Execution for Retrofitting of Rural Piped Water Supply Scheme to ABALPUR under PIPILI Block.,Works,Open Tender,Percentage,Civil Works - Water Works,No,No,NA ,10-May-2021 11:00 AM,NA ,180.0,No ,No,Online,29-May-2021 11:30 AM,Rural Water Supply and Sanitation||RWSS Circle Bhubaneswar||EE RWSS Divn Puri,"ABALPUR, PIPILI, PURI",752104.0,2.0,,AMAR KUMAR SARANGI,"6,621,841",Accepted-AOC,13-Sep-2021,Rural Water Supply and Sanitation||RWSS Circle Bhubaneswar||EE RWSS Divn Puri,True,False,"{'heatwave': 0, 'heat wave': 0, 'heat-wave': 0, 'heat stress': 0, 'heat stroke': 0, 'heat action plan': 0, 'heat resilience': 0, 'heat resilient': 0, 'extreme heat': 0, 'high temperature': 0, 'rising temperature': 0, 'heat resistant': 0, 'climate resilient': 0, 'cooling centre': 0, 'cooling center': 0, 'emergency response': 0, 'first aid': 0, 'ambulance': 0, 'ors': 0, 'oral rehydration solution': 0, 'heat stroke treatment': 0, 'sunstroke': 0, 'sun stroke': 0, 'heat related illness': 0, 'heat illness': 0, 'heat exhaustion': 0, 'heat cramp': 0, 'heat rash': 0, 'heat alert': 0, 'heat warning': 0, 'heat advisory': 0, 'heat hotline': 0, 'satark': 0, 'early warning system': 0, 'saline': 0, 'iv fluid': 0, 'rapid response team': 0, 'mobile health unit': 0, 'relief chamber': 0, 'heat stroke ward': 0, 'heat stroke bed': 0, 'drinking water': 0, 'water kiosk': 0, 'water atm': 0, 'hydration point': 0, 'hydration centre': 0, 'hydration center': 0, 'cold water': 0, 'tube well': 0, 'tubewell': 0, 'borewell': 0, 'bore well': 0, 'hand pump': 0, 'handpump': 0, 'overhead tank': 0, 'oh tank': 0, 'stand post': 0, 'piped water supply': 2, 'water supply scheme': 2, 'jalachhatra': 0, 'jalachatra': 0, 'jala jogana kendra': 0, 'jal jogana kendra': 0, 'jal seva shibira': 0, 'water tanker': 0, 'water sprinkling': 0, 'cool roof': 0, 'white roof': 0, 'white topping': 0, 'roof insulation': 0, 'thermal insulation': 0, 'heat reflective': 0, 'reflective coating': 0, 'shade net': 0, 'shade structure': 0, 'canopy': 0, 'awning': 0, 'albedo paint': 0, 'albedo painting': 0, 'white painting': 0, 'reflective paint': 0, 'green roof': 0, 'green roofing': 0, 'k glass': 0, 'doubly glazed glass': 0, 'passive cooling': 0, 'air cooler': 0, 'white china mosaic': 0, 'lime based whitewash': 0, 'white tarp': 0, 'acrylic resin coating': 0, 'tree plantation': 0, 'avenue plantation': 0, 'plantation': 0, 'green belt': 0, 'urban forestry': 0, 'urban forest': 0, 'park development': 0, 'shelter belt': 0, 'shade tree': 0, 'vertical garden': 0, 'green space': 0, 'afforestation': 0, 'green campus': 0, 'night shelter': 0, 'transit shelter': 0, 'rest shed': 0, 'waiting shed': 0, 'community hall': 0, 'relief centre': 0, 'relief center': 0, 'bus stand shelter': 0, 'passenger shelter': 0, 'cool shelter': 0, 'rest shade': 0, 'cool resting space': 0, 'cool resting shed': 0, 'passenger shed': 0, 'outreach clinic': 0, 'awareness campaign': 0, 'iec activity': 0, 'iec material': 0, 'capacity building': 0, 'training programme': 0, 'training program': 0, 'mock drill': 0, 'sensitization': 0, 'swasthya kantha': 0, 'do and dont': 0, 'dos and donts': 0, 'display board': 0, 'hoarding': 0, 'pamphlet': 0, 'leaflet': 0, 'banner': 0}","{'floodlight': 0, 'flood light': 0, 'street light': 0, 'solar street light': 0, 'high mast light': 0, 'gas pipeline': 0, 'sports complex': 0, 'stadium': 0, 'cricket': 0, 'football': 0, 'volleyball': 0, 'examination hall': 0, 'cremation ground': 0, 'crematorium': 0, 'burial ground': 0, 'election': 0, 'covid': 0, 'vaccination': 0, 'wedding hall': 0, 'marriage hall': 0, 'kalyan mandap': 0, 'boundary wall': 0, 'compound wall': 0, 'staff quarter': 0, 'quarter building': 0, 'drug warehouse': 0, 'drug ware house': 0, 'godown': 0, 'bio medical waste': 0, 'biomedical waste': 0, 'bmw management': 0, 'waste management': 0}",weak,Summer / Heatwave (Mar-Jun),,Drinking Water & Hydration,Drinking Water & Hydration,"{'Drinking Water & Hydration': {'piped water supply': 2, 'water supply scheme': 2}}"
2021_RWSS_68292_20,RWSS DIVISION PURI 01 OF 2021-22,Execution for Retrofitting of Rural Piped Water Supply Scheme to SISUA under ASTARANG Block.,Execution for Retrofitting of Rural Piped Water Supply Scheme to SISUA under ASTARANG Block.,Works,Open Tender,Percentage,Civil Works - Water Works,No,No,NA ,10-May-2021 11:00 AM,NA ,180.0,No ,No,Online,29-May-2021 11:30 AM,Rural Water Supply and Sanitation||RWSS Circle Bhubaneswar||EE RWSS Divn Puri,"SISUA, ASTARANG, PURI",752109.0,2.0,,Bijaya Kumar Jena,"8,266,287",Accepted-AOC,05-Sep-2021,Rural Water Supply and Sanitation||RWSS Circle Bhubaneswar||EE RWSS Divn Puri,True,False,"{'heatwave': 0, 'heat wave': 0, 'heat-wave': 0, 'heat stress': 0, 'heat stroke': 0, 'heat action plan': 0, 'heat resilience': 0, 'heat resilient': 0, 'extreme heat': 0, 'high temperature': 0, 'rising temperature': 0, 'heat resistant': 0, 'climate resilient': 0, 'cooling centre': 0, 'cooling center': 0, 'emergency response': 0, 'first aid': 0, 'ambulance': 0, 'ors': 0, 'oral rehydration solution': 0, 'heat stroke treatment': 0, 'sunstroke': 0, 'sun stroke': 0, 'heat related illness': 0, 'heat illness': 0, 'heat exhaustion': 0, 'heat cramp': 0, 'heat rash': 0, 'heat alert': 0, 'heat warning': 0, 'heat advisory': 0, 'heat hotline': 0, 'satark': 0, 'early warning system': 0, 'saline': 0, 'iv fluid': 0, 'rapid response team': 0, 'mobile health unit': 0, 'relief chamber': 0, 'heat stroke ward': 0, 'heat stroke bed': 0, 'drinking water': 0, 'water kiosk': 0, 'water atm': 0, 'hydration point': 0, 'hydration centre': 0, 'hydration center': 0, 'cold water': 0, 'tube well': 0, 'tubewell': 0, 'borewell': 0, 'bore well': 0, 'hand pump': 0, 'handpump': 0, 'overhead tank': 0, 'oh tank': 0, 'stand post': 0, 'piped water supply': 2, 'water supply scheme': 2, 'jalachhatra': 0, 'jalachatra': 0, 'jala jogana kendra': 0, 'jal jogana kendra': 0, 'jal seva shibira': 0, 'water tanker': 0, 'water sprinkling': 0, 'cool roof': 0, 'white roof': 0, 'white topping': 0, 'roof insulation': 0, 'thermal insulation': 0, 'heat reflective': 0, 'reflective coating': 0, 'shade net': 0, 'shade structure': 0, 'canopy': 0, 'awning': 0, 'albedo paint': 0, 'albedo painting': 0, 'white painting': 0, 'reflective paint': 0, 'green roof': 0, 'green roofing': 0, 'k glass': 0, 'doubly glazed glass': 0, 'passive cooling': 0, 'air cooler': 0, 'white china mosaic': 0, 'lime based whitewash': 0, 'white tarp': 0, 'acrylic resin coating': 0, 'tree plantation': 0, 'avenue plantation': 0, 'plantation': 0, 'green belt': 0, 'urban forestry': 0, 'urban forest': 0, 'park development': 0, 'shelter belt': 0, 'shade tree': 0, 'vertical garden': 0, 'green space': 0, 'afforestation': 0, 'green campus': 0, 'night shelter': 0, 'transit shelter': 0, 'rest shed': 0, 'waiting shed': 0, 'community hall': 0, 'relief centre': 0, 'relief center': 0, 'bus stand shelter': 0, 'passenger shelter': 0, 'cool shelter': 0, 'rest shade': 0, 'cool resting space': 0, 'cool resting shed': 0, 'passenger shed': 0, 'outreach clinic': 0, 'awareness campaign': 0, 'iec activity': 0, 'iec material': 0, 'capacity building': 0, 'training programme': 0, 'training program': 0, 'mock drill': 0, 'sensitization': 0, 'swasthya kantha': 0, 'do and dont': 0, 'dos and donts': 0, 'display board': 0, 'hoarding': 0, 'pamphlet': 0, 'leaflet': 0, 'banner': 0}","{'floodlight': 0, 'flood light': 0, 'street light': 0, 'solar street light': 0, 'high mast light': 0, 'gas pipeline': 0, 'sports complex': 0, 'stadium': 0, 'cricket': 0, 'football': 0, 'volleyball': 0, 'examination hall': 0, 'cremation ground': 0, 'crematorium': 0, 'burial ground': 0, 'election': 0, 'covid': 0, 'vaccination': 0, 'wedding hall': 0, 'marriage hall': 0, 'kalyan mandap': 0, 'boundary wall': 0, 'compound wall': 0, 'staff quarter': 0, 'quarter building': 0, 'drug warehouse': 0, 'drug ware house': 0, 'godown': 0, 'bio medical waste': 0, 'biomedical waste': 0, 'bmw management': 0, 'waste management': 0}",weak,Summer / Heatwave (Mar-Jun),,Drinking Water & Hydration,Drinking Water & Hydration,"{'Drinking Water & Hydration': {'piped water supply': 2, 'water supply scheme': 2}}"
2021_RWSS_68292_9,RWSS DIVISION PURI 01 OF 2021-22,Execution of Rural Piped Water Supply Scheme to MALADA under ASTARANG Block including 5 years operation and maintenance.,Execution of Rural Piped Water Supply Scheme to MALADA under ASTARANG Block including 5 years operation and maintenance.,Works,Open Tender,Percentage,Civil Works - Water Works,No,No,NA ,10-May-2021 11:00 AM,NA ,180.0,No ,No,Online,29-May-2021 11:30 AM,Rural Water Supply and Sanitation||RWSS Circle Bhubaneswar||EE RWSS Divn Puri,"MALADA, ASTARANG, PURI",752109.0,2.0,,SUSANTA KUMAR NAYAK,"7,009,264",Rejected-Technical,05-Sep-2021,Rural Water Supply and Sanitation||RWSS Circle Bhubaneswar||EE RWSS Divn Puri,True,False,"{'heatwave': 0, 'heat wave': 0, 'heat-wave': 0, 'heat stress': 0, 'heat stroke': 0, 'heat action plan': 0, 'heat resilience': 0, 'heat resilient': 0, 'extreme heat': 0, 'high temperature': 0, 'rising temperature': 0, 'heat resistant': 0, 'climate resilient': 0, 'cooling centre': 0, 'cooling center': 0, 'emergency response': 0, 'first aid': 0, 'ambulance': 0, 'ors': 0, 'oral rehydration solution': 0, 'heat stroke treatment': 0, 'sunstroke': 0, 'sun stroke': 0, 'heat related illness': 0, 'heat illness': 0, 'heat exhaustion': 0, 'heat cramp': 0, 'heat rash': 0, 'heat alert': 0, 'heat warning': 0, 'heat advisory': 0, 'heat hotline': 0, 'satark': 0, 'early warning system': 0, 'saline': 0, 'iv fluid': 0, 'rapid response team': 0, 'mobile health unit': 0, 'relief chamber': 0, 'heat stroke ward': 0, 'heat stroke bed': 0, 'drinking water': 0, 'water kiosk': 0, 'water atm': 0, 'hydration point': 0, 'hydration centre': 0, 'hydration center': 0, 'cold water': 0, 'tube well': 0, 'tubewell': 0, 'borewell': 0, 'bore well': 0, 'hand pump': 0, 'handpump': 0, 'overhead tank': 0, 'oh tank': 0, 'stand post': 0, 'piped water supply': 2, 'water supply scheme': 2, 'jalachhatra': 0, 'jalachatra': 0, 'jala jogana kendra': 0, 'jal jogana kendra': 0, 'jal seva shibira': 0, 'water tanker': 0, 'water sprinkling': 0, 'cool roof': 0, 'white roof': 0, 'white topping': 0, 'roof insulation': 0, 'thermal insulation': 0, 'heat reflective': 0, 'reflective coating': 0, 'shade net': 0, 'shade structure': 0, 'canopy': 0, 'awning': 0, 'albedo paint': 0, 'albedo painting': 0, 'white painting': 0, 'reflective paint': 0, 'green roof': 0, 'green roofing': 0, 'k glass': 0, 'doubly glazed glass': 0, 'passive cooling': 0, 'air cooler': 0, 'white china mosaic': 0, 'lime based whitewash': 0, 'white tarp': 0, 'acrylic resin coating': 0, 'tree plantation': 0, 'avenue plantation': 0, 'plantation': 0, 'green belt': 0, 'urban forestry': 0, 'urban forest': 0, 'park development': 0, 'shelter belt': 0, 'shade tree': 0, 'vertical garden': 0, 'green space': 0, 'afforestation': 0, 'green campus': 0, 'night shelter': 0, 'transit shelter': 0, 'rest shed': 0, 'waiting shed': 0, 'community hall': 0, 'relief centre': 0, 'relief center': 0, 'bus stand shelter': 0, 'passenger shelter': 0, 'cool shelter': 0, 'rest shade': 0, 'cool resting space': 0, 'cool resting shed': 0, 'passenger shed': 0, 'outreach clinic': 0, 'awareness campaign': 0, 'iec activity': 0, 'iec material': 0, 'capacity building': 0, 'training programme': 0, 'training program': 0, 'mock drill': 0, 'sensitization': 0, 'swasthya kantha': 0, 'do and dont': 0, 'dos and donts': 0, 'display board': 0, 'hoarding': 0, 'pamphlet': 0, 'leaflet': 0, 'banner': 0}","{'floodlight': 0, 'flood light': 0, 'street light': 0, 'solar street light': 0, 'high mast light': 0, 'gas pipeline': 0, 'sports complex': 0, 'stadium': 0, 'cricket': 0, 'football': 0, 'volleyball': 0, 'examination hall': 0, 'cremation ground': 0, 'crematorium': 0, 'burial ground': 0, 'election': 0, 'covid': 0, 'vaccination': 0, 'wedding hall': 0, 'marriage hall': 0, 'kalyan mandap': 0, 'boundary wall': 0, 'compound wall': 0, 'staff quarter': 0, 'quarter building': 0, 'drug warehouse': 0, 'drug ware house': 0, 'godown': 0, 'bio medical waste': 0, 'biomedical waste': 0, 'bmw management': 0, 'waste management': 0}",weak,Summer / Heatwave (Mar-Jun),,Drinking Water & Hydration,Drinking Water & Hydration,"{'Drinking Water & Hydration': {'piped water supply': 2, 'water supply scheme': 2}}"
2021_RWSS_68329_8,RWSS DIVISION PURI 02 OF 2021-22,Execution of Rural Piped Water Supply Scheme to MUDUGALA under ASTARANG Block including 5 years operation and maintenance.,Execution of Rural Piped Water Supply Scheme to MUDUGALA under ASTARANG Block including 5 years operation and maintenance.,Works,Open Tender,Percentage,Civil Works - Water Works,No,No,NA ,11-May-2021 11:00 AM,NA ,180.0,No ,No,Online,29-May-2021 11:30 AM,Rural Water Supply and Sanitation||RWSS Circle Bhubaneswar||EE RWSS Divn Puri,"MUDUGALA, ASTARANG, PURI",752109.0,2.0,,BIJAY SETHI,"15,433,838",Accepted-AOC,05-Sep-2021,Rural Water Supply and Sanitation||RWSS Circle Bhubaneswar||EE RWSS Divn Puri,True,False,"{'heatwave': 0, 'heat wave': 0, 'heat-wave': 0, 'heat stress': 0, 'heat stroke': 0, 'heat action plan': 0, 'heat resilience': 0, 'heat resilient': 0, 'extreme heat': 0, 'high temperature': 0, 'rising temperature': 0, 'heat resistant': 0, 'climate resilient': 0, 'cooling centre': 0, 'cooling center': 0, 'emergency response': 0, 'first aid': 0, 'ambulance': 0, 'ors': 0, 'oral rehydration solution': 0, 'heat stroke treatment': 0, 'sunstroke': 0, 'sun stroke': 0, 'heat related illness': 0, 'heat illness': 0, 'heat exhaustion': 0, 'heat cramp': 0, 'heat rash': 0, 'heat alert': 0, 'heat warning': 0, 'heat advisory': 0, 'heat hotline': 0, 'satark': 0, 'early warning system': 0, 'saline': 0, 'iv fluid': 0, 'rapid response team': 0, 'mobile health unit': 0, 'relief chamber': 0, 'heat stroke ward': 0, 'heat stroke bed': 0, 'drinking water': 0, 'water kiosk': 0, 'water atm': 0, 'hydration point': 0, 'hydration centre': 0, 'hydration center': 0, 'cold water': 0, 'tube well': 0, 'tubewell': 0, 'borewell': 0, 'bore well': 0, 'hand pump': 0, 'handpump': 0, 'overhead tank': 0, 'oh tank': 0, 'stand post': 0, 'piped water supply': 2, 'water supply scheme': 2, 'jalachhatra': 0, 'jalachatra': 0, 'jala jogana kendra': 0, 'jal jogana kendra': 0, 'jal seva shibira': 0, 'water tanker': 0, 'water sprinkling': 0, 'cool roof': 0, 'white roof': 0, 'white topping': 0, 'roof insulation': 0, 'thermal insulation': 0, 'heat reflective': 0, 'reflective coating': 0, 'shade net': 0, 'shade structure': 0, 'canopy': 0, 'awning': 0, 'albedo paint': 0, 'albedo painting': 0, 'white painting': 0, 'reflective paint': 0, 'green roof': 0, 'green roofing': 0, 'k glass': 0, 'doubly glazed glass': 0, 'passive cooling': 0, 'air cooler': 0, 'white china mosaic': 0, 'lime based whitewash': 0, 'white tarp': 0, 'acrylic resin coating': 0, 'tree plantation': 0, 'avenue plantation': 0, 'plantation': 0, 'green belt': 0, 'urban forestry': 0, 'urban forest': 0, 'park development': 0, 'shelter belt': 0, 'shade tree': 0, 'vertical garden': 0, 'green space': 0, 'afforestation': 0, 'green campus': 0, 'night shelter': 0, 'transit shelter': 0, 'rest shed': 0, 'waiting shed': 0, 'community hall': 0, 'relief centre': 0, 'relief center': 0, 'bus stand shelter': 0, 'passenger shelter': 0, 'cool shelter': 0, 'rest shade': 0, 'cool resting space': 0, 'cool resting shed': 0, 'passenger shed': 0, 'outreach clinic': 0, 'awareness campaign': 0, 'iec activity': 0, 'iec material': 0, 'capacity building': 0, 'training programme': 0, 'training program': 0, 'mock drill': 0, 'sensitization': 0, 'swasthya kantha': 0, 'do and dont': 0, 'dos and donts': 0, 'display board': 0, 'hoarding': 0, 'pamphlet': 0, 'leaflet': 0, 'banner': 0}","{'floodlight': 0, 'flood light': 0, 'street light': 0, 'solar street light': 0, 'high mast light': 0, 'gas pipeline': 0, 'sports complex': 0, 'stadium': 0, 'cricket': 0, 'football': 0, 'volleyball': 0, 'examination hall': 0, 'cremation ground': 0, 'crematorium': 0, 'burial ground': 0, 'election': 0, 'covid': 0, 'vaccination': 0, 'wedding hall': 0, 'marriage hall': 0, 'kalyan mandap': 0, 'boundary wall': 0, 'compound wall': 0, 'staff quarter': 0, 'quarter building': 0, 'drug warehouse': 0, 'drug ware house': 0, 'godown': 0, 'bio medical waste': 0, 'biomedical waste': 0, 'bmw management': 0, 'waste management': 0}",weak,Summer / Heatwave (Mar-Jun),,Drinking Water & Hydration,Drinking Water & Hydration,"{'Drinking Water & Hydration': {'piped water supply': 2, 'water supply scheme': 2}}"
2021_WATCO_65646_1,WATCO (W)-15(1)/ 2020-21 Dt.19.01.2021,Improvement of water supply to provide safe and clean drinking water conforming to drink from tap quality to Vyasanagar on Engineering Procurement and Construction (EPC) Contract Including Operation and Maintenance for a Period of Three Years.,Improvement of water supply to provide safe and clean drinking water conforming to drink from tap quality to Vyasanagar on Engineering Procurement and Construction (EPC) Contract Including Operation and Maintenance for a Period of Three Years.,Works,National Competitive Bid,Turn-key,Civil Works - Water Works,No,No,NA ,27-Jan-2021 01:45 PM,19-Feb-2021 11:00 AM ,120.0,No ,No,Offline,17-May-2021 11:00 AM,WATCO Bhubaneswar,Vyasanagar,755019.0,2.0,,SARJAN INFRACON PVT. LTD.,"694,179,999",Rejected-Finance,16-Sep-2021,WATCO Bhubaneswar,True,False,"{'heatwave': 0, 'heat wave': 0, 'heat-wave': 0, 'heat stress': 0, 'heat stroke': 0, 'heat action plan': 0, 'heat resilience': 0, 'heat resilient': 0, 'extreme heat': 0, 'high temperature': 0, 'rising temperature': 0, 'heat resistant': 0, 'climate resilient': 0, 'cooling centre': 0, 'cooling center': 0, 'emergency response': 0, 'first aid': 0, 'ambulance': 0, 'ors': 0, 'oral rehydration solution': 0, 'heat stroke treatment': 0, 'sunstroke': 0, 'sun stroke': 0, 'heat related illness': 0, 'heat illness': 0, 'heat exhaustion': 0, 'heat cramp': 0, 'heat rash': 0, 'heat alert': 0, 'heat warning': 0, 'heat advisory': 0, 'heat hotline': 0, 'satark': 0, 'early warning system': 0, 'saline': 0, 'iv fluid': 0, 'rapid response team': 0, 'mobile health unit': 0, 'relief chamber': 0, 'heat stroke ward': 0, 'heat stroke bed': 0, 'drinking water': 2, 'water kiosk': 0, 'water atm': 0, 'hydration point': 0, 'hydration centre': 0, 'hydration center': 0, 'cold water': 0, 'tube well': 0, 'tubewell': 0, 'borewell': 0, 'bore well': 0, 'hand pump': 0, 'handpump': 0, 'overhead tank': 0, 'oh tank': 0, 'stand post': 0, 'piped water supply': 0, 'water supply scheme': 0, 'jalachhatra': 0, 'jalachatra': 0, 'jala jogana kendra': 0, 'jal jogana kendra': 0, 'jal seva shibira': 0, 'water tanker': 0, 'water sprinkling': 0, 'cool roof': 0, 'white roof': 0, 'white topping': 0, 'roof insulation': 0, 'thermal insulation': 0, 'heat reflective': 0, 'reflective coating': 0, 'shade net': 0, 'shade structure': 0, 'canopy': 0, 'awning': 0, 'albedo paint': 0, 'albedo painting': 0, 'white painting': 0, 'reflective paint': 0, 'green roof': 0, 'green roofing': 0, 'k glass': 0, 'doubly glazed glass': 0, 'passive cooling': 0, 'air cooler': 0, 'white china mosaic': 0, 'lime based whitewash': 0, 'white tarp': 0, 'acrylic resin coating': 0, 'tree plantation': 0, 'avenue plantation': 0, 'plantation': 0, 'green belt': 0, 'urban forestry': 0, 'urban forest': 0, 'park development': 0, 'shelter belt': 0, 'shade tree': 0, 'vertical garden': 0, 'green space': 0, 'afforestation': 0, 'green campus': 0, 'night shelter': 0, 'transit shelter': 0, 'rest shed': 0, 'waiting shed': 0, 'community hall': 0, 'relief centre': 0, 'relief center': 0, 'bus stand shelter': 0, 'passenger shelter': 0, 'cool shelter': 0, 'rest shade': 0, 'cool resting space': 0, 'cool resting shed': 0, 'passenger shed': 0, 'outreach clinic': 0, 'awareness campaign': 0, 'iec activity': 0, 'iec material': 0, 'capacity building': 0, 'training programme': 0, 'training program': 0, 'mock drill': 0, 'sensitization': 0, 'swasthya kantha': 0, 'do and dont': 0, 'dos and donts': 0, 'display board': 0, 'hoarding': 0, 'pamphlet': 0, 'leaflet': 0, 'banner': 0}","{'floodlight': 0, 'flood light': 0, 'street light': 0, 'solar street light': 0, 'high mast light': 0, 'gas pipeline': 0, 'sports complex': 0, 'stadium': 0, 'cricket': 0, 'football': 0, 'volleyball': 0, 'examination hall': 0, 'cremation ground': 0, 'crematorium': 0, 'burial ground': 0, 'election': 0, 'covid': 0, 'vaccination': 0, 'wedding hall': 0, 'marriage hall': 0, 'kalyan mandap': 0, 'boundary wall': 0, 'compound wall': 0, 'staff quarter': 0, 'quarter building': 0, 'drug warehouse': 0, 'drug ware house': 0, 'godown': 0, 'bio medical waste': 0, 'biomedical waste': 0, 'bmw management': 0, 'waste management': 0}",weak,Pre-Summer (Jan-Feb),,Drinking Water & Hydration,Drinking Water & Hydration,{'Drinking Water & Hydration': {'drinking water': 2}}
2021_WATCO_65648_1,WATCO (W)-15(2)/ 2020-21 Dt.19.01.2021,Improvement of water supply to provide safe and clean drinking water conforming to drink from tap quality to Keonjhar on Engineering Procurement and Construction (EPC) Contract Including Operation and Maintenance for a Period of Three Years,Improvement of water supply to provide safe and clean drinking water conforming to drink from tap quality to Keonjhar on Engineering Procurement and Construction (EPC) Contract Including Operation and Maintenance for a Period of Three Years,Works,National Competitive Bid,Turn-key,Civil Works - Water Works,No,No,NA ,27-Jan-2021 01:15 PM,19-Feb-2021 11:00 AM ,120.0,No ,No,Offline,17-May-2021 11:00 AM,WATCO Bhubaneswar,Keonjhar,758001.0,2.0,,M/s Shri Mohangarh Construction Company,"824,623,529",Rejected-Technical,14-Sep-2021,WATCO Bhubaneswar,True,False,"{'heatwave': 0, 'heat wave': 0, 'heat-wave': 0, 'heat stress': 0, 'heat stroke': 0, 'heat action plan': 0, 'heat resilience': 0, 'heat resilient': 0, 'extreme heat': 0, 'high temperature': 0, 'rising temperature': 0, 'heat resistant': 0, 'climate resilient': 0, 'cooling centre': 0, 'cooling center': 0, 'emergency response': 0, 'first aid': 0, 'ambulance': 0, 'ors': 0, 'oral rehydration solution': 0, 'heat stroke treatment': 0, 'sunstroke': 0, 'sun stroke': 0, 'heat related illness': 0, 'heat illness': 0, 'heat exhaustion': 0, 'heat cramp': 0, 'heat rash': 0, 'heat alert': 0, 'heat warning': 0, 'heat advisory': 0, 'heat hotline': 0, 'satark': 0, 'early warning system': 0, 'saline': 0, 'iv fluid': 0, 'rapid response team': 0, 'mobile health unit': 0, 'relief chamber': 0, 'heat stroke ward': 0, 'heat stroke bed': 0, 'drinking water': 2, 'water kiosk': 0, 'water atm': 0, 'hydration point': 0, 'hydration centre': 0, 'hydration center': 0, 'cold water': 0, 'tube well': 0, 'tubewell': 0, 'borewell': 0, 'bore well': 0, 'hand pump': 0, 'handpump': 0, 'overhead tank': 0, 'oh tank': 0, 'stand post': 0, 'piped water supply': 0, 'water supply scheme': 0, 'jalachhatra': 0, 'jalachatra': 0, 'jala jogana kendra': 0, 'jal jogana kendra': 0, 'jal seva shibira': 0, 'water tanker': 0, 'water sprinkling': 0, 'cool roof': 0, 'white roof': 0, 'white topping': 0, 'roof insulation': 0, 'thermal insulation': 0, 'heat reflective': 0, 'reflective coating': 0, 'shade net': 0, 'shade structure': 0, 'canopy': 0, 'awning': 0, 'albedo paint': 0, 'albedo painting': 0, 'white painting': 0, 'reflective paint': 0, 'green roof': 0, 'green roofing': 0, 'k glass': 0, 'doubly glazed glass': 0, 'passive cooling': 0, 'air cooler': 0, 'white china mosaic': 0, 'lime based whitewash': 0, 'white tarp': 0, 'acrylic resin coating': 0, 'tree plantation': 0, 'avenue plantation': 0, 'plantation': 0, 'green belt': 0, 'urban forestry': 0, 'urban forest': 0, 'park development': 0, 'shelter belt': 0, 'shade tree': 0, 'vertical garden': 0, 'green space': 0, 'afforestation': 0, 'green campus': 0, 'night shelter': 0, 'transit shelter': 0, 'rest shed': 0, 'waiting shed': 0, 'community hall': 0, 'relief centre': 0, 'relief center': 0, 'bus stand shelter': 0, 'passenger shelter': 0, 'cool shelter': 0, 'rest shade': 0, 'cool resting space': 0, 'cool resting shed': 0, 'passenger shed': 0, 'outreach clinic': 0, 'awareness campaign': 0, 'iec activity': 0, 'iec material': 0, 'capacity building': 0, 'training programme': 0, 'training program': 0, 'mock drill': 0, 'sensitization': 0, 'swasthya kantha': 0, 'do and dont': 0, 'dos and donts': 0, 'display board': 0, 'hoarding': 0, 'pamphlet': 0, 'leaflet': 0, 'banner': 0}","{'floodlight': 0, 'flood light': 0, 'street light': 0, 'solar street light': 0, 'high mast light': 0, 'gas pipeline': 0, 'sports complex': 0, 'stadium': 0, 'cricket': 0, 'football': 0, 'volleyball': 0, 'examination hall': 0, 'cremation ground': 0, 'crematorium': 0, 'burial ground': 0, 'election': 0, 'covid': 0, 'vaccination': 0, 'wedding hall': 0, 'marriage hall': 0, 'kalyan mandap': 0, 'boundary wall': 0, 'compound wall': 0, 'staff quarter': 0, 'quarter building': 0, 'drug warehouse': 0, 'drug ware house': 0, 'godown': 0, 'bio medical waste': 0, 'biomedical waste': 0, 'bmw management': 0, 'waste management': 0}",weak,Pre-Summer (Jan-Feb),,Drinking Water & Hydration,Drinking Water & Hydration,{'Drinking Water & Hydration': {'drinking water': 2}}
2021_WATCO_65673_1,WATCO (W)-15(3)/ 2020-21 Dt.19.01.2021,Improvement of water supply to provide safe and clean drinking water conforming to drink from tap quality to Anandapur on Engineering Procurement and Construction (EPC) Contract Including Operation and Maintenance for a Period of Three Years,Improvement of water supply to provide safe and clean drinking water conforming to drink from tap quality to Anandapur on Engineering Procurement and Construction (EPC) Contract Including Operation and Maintenance for a Period of Three Years,Works,National Competitive Bid,Turn-key,Civil Works - Water Works,No,No,NA ,27-Jan-2021 11:00 AM,19-Feb-2021 11:00 AM ,120.0,No ,No,Offline,17-May-2021 11:00 AM,WATCO Bhubaneswar,Anandapur,758021.0,2.0,,EAST INDIA UDYOG LIMITED,"727,960,277.51",Rejected-Finance,14-Sep-2021,WATCO Bhubaneswar,True,False,"{'heatwave': 0, 'heat wave': 0, 'heat-wave': 0, 'heat stress': 0, 'heat stroke': 0, 'heat action plan': 0, 'heat resilience': 0, 'heat resilient': 0, 'extreme heat': 0, 'high temperature': 0, 'rising temperature': 0, 'heat resistant': 0, 'climate resilient': 0, 'cooling centre': 0, 'cooling center': 0, 'emergency response': 0, 'first aid': 0, 'ambulance': 0, 'ors': 0, 'oral rehydration solution': 0, 'heat stroke treatment': 0, 'sunstroke': 0, 'sun stroke': 0, 'heat related illness': 0, 'heat illness': 0, 'heat exhaustion': 0, 'heat cramp': 0, 'heat rash': 0, 'heat alert': 0, 'heat warning': 0, 'heat advisory': 0, 'heat hotline': 0, 'satark': 0, 'early warning system': 0, 'saline': 0, 'iv fluid': 0, 'rapid response team': 0, 'mobile health unit': 0, 'relief chamber': 0, 'heat stroke ward': 0, 'heat stroke bed': 0, 'drinking water': 2, 'water kiosk': 0, 'water atm': 0, 'hydration point': 0, 'hydration centre': 0, 'hydration center': 0, 'cold water': 0, 'tube well': 0, 'tubewell': 0, 'borewell': 0, 'bore well': 0, 'hand pump': 0, 'handpump': 0, 'overhead tank': 0, 'oh tank': 0, 'stand post': 0, 'piped water supply': 0, 'water supply scheme': 0, 'jalachhatra': 0, 'jalachatra': 0, 'jala jogana kendra': 0, 'jal jogana kendra': 0, 'jal seva shibira': 0, 'water tanker': 0, 'water sprinkling': 0, 'cool roof': 0, 'white roof': 0, 'white topping': 0, 'roof insulation': 0, 'thermal insulation': 0, 'heat reflective': 0, 'reflective coating': 0, 'shade net': 0, 'shade structure': 0, 'canopy': 0, 'awning': 0, 'albedo paint': 0, 'albedo painting': 0, 'white painting': 0, 'reflective paint': 0, 'green roof': 0, 'green roofing': 0, 'k glass': 0, 'doubly glazed glass': 0, 'passive cooling': 0, 'air cooler': 0, 'white china mosaic': 0, 'lime based whitewash': 0, 'white tarp': 0, 'acrylic resin coating': 0, 'tree plantation': 0, 'avenue plantation': 0, 'plantation': 0, 'green belt': 0, 'urban forestry': 0, 'urban forest': 0, 'park development': 0, 'shelter belt': 0, 'shade tree': 0, 'vertical garden': 0, 'green space': 0, 'afforestation': 0, 'green campus': 0, 'night shelter': 0, 'transit shelter': 0, 'rest shed': 0, 'waiting shed': 0, 'community hall': 0, 'relief centre': 0, 'relief center': 0, 'bus stand shelter': 0, 'passenger shelter': 0, 'cool shelter': 0, 'rest shade': 0, 'cool resting space': 0, 'cool resting shed': 0, 'passenger shed': 0, 'outreach clinic': 0, 'awareness campaign': 0, 'iec activity': 0, 'iec material': 0, 'capacity building': 0, 'training programme': 0, 'training program': 0, 'mock drill': 0, 'sensitization': 0, 'swasthya kantha': 0, 'do and dont': 0, 'dos and donts': 0, 'display board': 0, 'hoarding': 0, 'pamphlet': 0, 'leaflet': 0, 'banner': 0}","{'floodlight': 0, 'flood light': 0, 'street light': 0, 'solar street light': 0, 'high mast light': 0, 'gas pipeline': 0, 'sports complex': 0, 'stadium': 0, 'cricket': 0, 'football': 0, 'volleyball': 0, 'examination hall': 0, 'cremation ground': 0, 'crematorium': 0, 'burial ground': 0, 'election': 0, 'covid': 0, 'vaccination': 0, 'wedding hall': 0, 'marriage hall': 0, 'kalyan mandap': 0, 'boundary wall': 0, 'compound wall': 0, 'staff quarter': 0, 'quarter building': 0, 'drug warehouse': 0, 'drug ware house': 0, 'godown': 0, 'bio medical waste': 0, 'biomedical waste': 0, 'bmw management': 0, 'waste management': 0}",weak,Pre-Summer (Jan-Feb),,Drinking Water & Hydration,Drinking Water & Hydration,{'Drinking Water & Hydration': {'drinking water': 2}}
2021_WATCO_65674_1,WATCO (W)-15(4)/ 2020-21 Dt.19.01.2021,Improvement of water supply to provide safe and clean drinking water conforming to drink from tap quality to Joda and Champua on Engineering Procurement and Construction (EPC) Contract Including Operation and Maintenance for a Period of Three Years,Improvement of water supply to provide safe and clean drinking water conforming to drink from tap quality to Joda and Champua on Engineering Procurement and Construction (EPC) Contract Including Operation and Maintenance for a Period of Three Years,Works,National Competitive Bid,Turn-key,Civil Works - Water Works,No,No,NA ,27-Jan-2021 12:30 PM,19-Feb-2021 11:00 AM ,120.0,No ,No,Offline,17-May-2021 11:00 AM,WATCO Bhubaneswar,Joda and Champua,758034.0,2.0,,P C SNEHAL CONSTRUCTION PRIVATE LIMITED,"1,038,547,732",Rejected-Technical,14-Sep-2021,WATCO Bhubaneswar,True,False,"{'heatwave': 0, 'heat wave': 0, 'heat-wave': 0, 'heat stress': 0, 'heat stroke': 0, 'heat action plan': 0, 'heat resilience': 0, 'heat resilient': 0, 'extreme heat': 0, 'high temperature': 0, 'rising temperature': 0, 'heat resistant': 0, 'climate resilient': 0, 'cooling centre': 0, 'cooling center': 0, 'emergency response': 0, 'first aid': 0, 'ambulance': 0, 'ors': 0, 'oral rehydration solution': 0, 'heat stroke treatment': 0, 'sunstroke': 0, 'sun stroke': 0, 'heat related illness': 0, 'heat illness': 0, 'heat exhaustion': 0, 'heat cramp': 0, 'heat rash': 0, 'heat alert': 0, 'heat warning': 0, 'heat advisory': 0, 'heat hotline': 0, 'satark': 0, 'early warning system': 0, 'saline': 0, 'iv fluid': 0, 'rapid response team': 0, 'mobile health unit': 0, 'relief chamber': 0, 'heat stroke ward': 0, 'heat stroke bed': 0, 'drinking water': 2, 'water kiosk': 0, 'water atm': 0, 'hydration point': 0, 'hydration centre': 0, 'hydration center': 0, 'cold water': 0, 'tube well': 0, 'tubewell': 0, 'borewell': 0, 'bore well': 0, 'hand pump': 0, 'handpump': 0, 'overhead tank': 0, 'oh tank': 0, 'stand post': 0, 'piped water supply': 0, 'water supply scheme': 0, 'jalachhatra': 0, 'jalachatra': 0, 'jala jogana kendra': 0, 'jal jogana kendra': 0, 'jal seva shibira': 0, 'water tanker': 0, 'water sprinkling': 0, 'cool roof': 0, 'white roof': 0, 'white topping': 0, 'roof insulation': 0, 'thermal insulation': 0, 'heat reflective': 0, 'reflective coating': 0, 'shade net': 0, 'shade structure': 0, 'canopy': 0, 'awning': 0, 'albedo paint': 0, 'albedo painting': 0, 'white painting': 0, 'reflective paint': 0, 'green roof': 0, 'green roofing': 0, 'k glass': 0, 'doubly glazed glass': 0, 'passive cooling': 0, 'air cooler': 0, 'white china mosaic': 0, 'lime based whitewash': 0, 'white tarp': 0, 'acrylic resin coating': 0, 'tree plantation': 0, 'avenue plantation': 0, 'plantation': 0, 'green belt': 0, 'urban forestry': 0, 'urban forest': 0, 'park development': 0, 'shelter belt': 0, 'shade tree': 0, 'vertical garden': 0, 'green space': 0, 'afforestation': 0, 'green campus': 0, 'night shelter': 0, 'transit shelter': 0, 'rest shed': 0, 'waiting shed': 0, 'community hall': 0, 'relief centre': 0, 'relief center': 0, 'bus stand shelter': 0, 'passenger shelter': 0, 'cool shelter': 0, 'rest shade': 0, 'cool resting space': 0, 'cool resting shed': 0, 'passenger shed': 0, 'outreach clinic': 0, 'awareness campaign': 0, 'iec activity': 0, 'iec material': 0, 'capacity building': 0, 'training programme': 0, 'training program': 0, 'mock drill': 0, 'sensitization': 0, 'swasthya kantha': 0, 'do and dont': 0, 'dos and donts': 0, 'display board': 0, 'hoarding': 0, 'pamphlet': 0, 'leaflet': 0, 'banner': 0}","{'floodlight': 0, 'flood light': 0, 'street light': 0, 'solar street light': 0, 'high mast light': 0, 'gas pipeline': 0, 'sports complex': 0, 'stadium': 0, 'cricket': 0, 'football': 0, 'volleyball': 0, 'examination hall': 0, 'cremation ground': 0, 'crematorium': 0, 'burial ground': 0, 'election': 0, 'covid': 0, 'vaccination': 0, 'wedding hall': 0, 'marriage hall': 0, 'kalyan mandap': 0, 'boundary wall': 0, 'compound wall': 0, 'staff quarter': 0, 'quarter building': 0, 'drug warehouse': 0, 'drug ware house': 0, 'godown': 0, 'bio medical waste': 0, 'biomedical waste': 0, 'bmw management': 0, 'waste management': 0}",weak,Pre-Summer (Jan-Feb),,Drinking Water & Hydration,Drinking Water & Hydration,{'Drinking Water & Hydration': {'drinking water': 2}}
2021_WATCO_65675_1,WATCO (W)-15(5)/ 2020-21 Dt.19.01.2021,Improvement of water supply to provide safe and clean drinking water conforming to drink from tap quality to Barbil on Engineering Procurement and Construction (EPC) Contract Including Operation and Maintenance for a Period of Three Years,Improvement of water supply to provide safe and clean drinking water conforming to drink from tap quality to Barbil on Engineering Procurement and Construction (EPC) Contract Including Operation and Maintenance for a Period of Three Years,Works,National Competitive Bid,Turn-key,Civil Works - Water Works,No,No,NA ,27-Jan-2021 11:45 AM,19-Feb-2021 11:00 AM ,120.0,No ,No,Offline,17-May-2021 11:00 AM,WATCO Bhubaneswar,Barbil,758035.0,2.0,,Zuberi Engineering Construction Private Limited,"904,662,705",Rejected-Technical,14-Sep-2021,WATCO Bhubaneswar,True,False,"{'heatwave': 0, 'heat wave': 0, 'heat-wave': 0, 'heat stress': 0, 'heat stroke': 0, 'heat action plan': 0, 'heat resilience': 0, 'heat resilient': 0, 'extreme heat': 0, 'high temperature': 0, 'rising temperature': 0, 'heat resistant': 0, 'climate resilient': 0, 'cooling centre': 0, 'cooling center': 0, 'emergency response': 0, 'first aid': 0, 'ambulance': 0, 'ors': 0, 'oral rehydration solution': 0, 'heat stroke treatment': 0, 'sunstroke': 0, 'sun stroke': 0, 'heat related illness': 0, 'heat illness': 0, 'heat exhaustion': 0, 'heat cramp': 0, 'heat rash': 0, 'heat alert': 0, 'heat warning': 0, 'heat advisory': 0, 'heat hotline': 0, 'satark': 0, 'early warning system': 0, 'saline': 0, 'iv fluid': 0, 'rapid response team': 0, 'mobile health unit': 0, 'relief chamber': 0, 'heat stroke ward': 0, 'heat stroke bed': 0, 'drinking water': 2, 'water kiosk': 0, 'water atm': 0, 'hydration point': 0, 'hydration centre': 0, 'hydration center': 0, 'cold water': 0, 'tube well': 0, 'tubewell': 0, 'borewell': 0, 'bore well': 0, 'hand pump': 0, 'handpump': 0, 'overhead tank': 0, 'oh tank': 0, 'stand post': 0, 'piped water supply': 0, 'water supply scheme': 0, 'jalachhatra': 0, 'jalachatra': 0, 'jala jogana kendra': 0, 'jal jogana kendra': 0, 'jal seva shibira': 0, 'water tanker': 0, 'water sprinkling': 0, 'cool roof': 0, 'white roof': 0, 'white topping': 0, 'roof insulation': 0, 'thermal insulation': 0, 'heat reflective': 0, 'reflective coating': 0, 'shade net': 0, 'shade structure': 0, 'canopy': 0, 'awning': 0, 'albedo paint': 0, 'albedo painting': 0, 'white painting': 0, 'reflective paint': 0, 'green roof': 0, 'green roofing': 0, 'k glass': 0, 'doubly glazed glass': 0, 'passive cooling': 0, 'air cooler': 0, 'white china mosaic': 0, 'lime based whitewash': 0, 'white tarp': 0, 'acrylic resin coating': 0, 'tree plantation': 0, 'avenue plantation': 0, 'plantation': 0, 'green belt': 0, 'urban forestry': 0, 'urban forest': 0, 'park development': 0, 'shelter belt': 0, 'shade tree': 0, 'vertical garden': 0, 'green space': 0, 'afforestation': 0, 'green campus': 0, 'night shelter': 0, 'transit shelter': 0, 'rest shed': 0, 'waiting shed': 0, 'community hall': 0, 'relief centre': 0, 'relief center': 0, 'bus stand shelter': 0, 'passenger shelter': 0, 'cool shelter': 0, 'rest shade': 0, 'cool resting space': 0, 'cool resting shed': 0, 'passenger shed': 0, 'outreach clinic': 0, 'awareness campaign': 0, 'iec activity': 0, 'iec material': 0, 'capacity building': 0, 'training programme': 0, 'training program': 0, 'mock drill': 0, 'sensitization': 0, 'swasthya kantha': 0, 'do and dont': 0, 'dos and donts': 0, 'display board': 0, 'hoarding': 0, 'pamphlet': 0, 'leaflet': 0, 'banner': 0}","{'floodlight': 0, 'flood light': 0, 'street light': 0, 'solar street light': 0, 'high mast light': 0, 'gas pipeline': 0, 'sports complex': 0, 'stadium': 0, 'cricket': 0, 'football': 0, 'volleyball': 0, 'examination hall': 0, 'cremation ground': 0, 'crematorium': 0, 'burial ground': 0, 'election': 0, 'covid': 0, 'vaccination': 0, 'wedding hall': 0, 'marriage hall': 0, 'kalyan mandap': 0, 'boundary wall': 0, 'compound wall': 0, 'staff quarter': 0, 'quarter building': 0, 'drug warehouse': 0, 'drug ware house': 0, 'godown': 0, 'bio medical waste': 0, 'biomedical waste': 0, 'bmw management': 0, 'waste management': 0}",weak,Pre-Summer (Jan-Feb),,Drinking Water & Hydration,Drinking Water & Hydration,{'Drinking Water & Hydration': {'drinking water': 2}}
