Tender ID,tender_externalreference,tender_title,Work Description,Tender Category,Tender Type,Form of contract,Product Category,Is Multi Currency Allowed For BOQ,Allow Two Stage Bidding,Independent External Monitor/Remarks,Published Date,Pre Bid Meeting Date,Bid Validity(Days),Should Allow NDA Tender,Allow Preferential Bidder,Payment Mode,Bid Opening Date,Organisation Chain,location,Pincode,No of Bids Received,Tender Value in ₹,Bidder Name,Awarded Value,Status,Contract Date :,Department,is_heat_tender,is_strong_heat_tender,positive_keywords_dict,negative_keywords_dict,heat_signal,Season,Scheme,Response Type,Heat Response - Themes,Heat Response - Subhead
2021_RWSS_68292_18,RWSS DIVISION PURI 01 OF 2021-22,Execution for Retrofitting of Rural Piped Water Supply Scheme to TEISIPUR under PIPILI Block.,Execution for Retrofitting of Rural Piped Water Supply Scheme to TEISIPUR under PIPILI Block.,Works,Open Tender,Percentage,Civil Works - Water Works,No,No,NA ,10-May-2021 11:00 AM,NA ,180.0,No ,No,Online,29-May-2021 11:30 AM,Rural Water Supply and Sanitation||RWSS Circle Bhubaneswar||EE RWSS Divn Puri,"TEISIPUR, PIPILI, PURI",752104.0,2.0,,Sarat Chandra Pradhan,"7,984,238",Rejected-Finance,31-Jan-2025,Rural Water Supply and Sanitation||RWSS Circle Bhubaneswar||EE RWSS Divn Puri,True,False,"{'heatwave': 0, 'heat wave': 0, 'heat-wave': 0, 'heat stress': 0, 'heat stroke': 0, 'heat action plan': 0, 'heat resilience': 0, 'heat resilient': 0, 'extreme heat': 0, 'high temperature': 0, 'rising temperature': 0, 'heat resistant': 0, 'climate resilient': 0, 'cooling centre': 0, 'cooling center': 0, 'emergency response': 0, 'first aid': 0, 'ambulance': 0, 'ors': 0, 'oral rehydration solution': 0, 'heat stroke treatment': 0, 'sunstroke': 0, 'sun stroke': 0, 'heat related illness': 0, 'heat illness': 0, 'heat exhaustion': 0, 'heat cramp': 0, 'heat rash': 0, 'heat alert': 0, 'heat warning': 0, 'heat advisory': 0, 'heat hotline': 0, 'satark': 0, 'early warning system': 0, 'saline': 0, 'iv fluid': 0, 'rapid response team': 0, 'mobile health unit': 0, 'relief chamber': 0, 'heat stroke ward': 0, 'heat stroke bed': 0, 'drinking water': 0, 'water kiosk': 0, 'water atm': 0, 'hydration point': 0, 'hydration centre': 0, 'hydration center': 0, 'cold water': 0, 'tube well': 0, 'tubewell': 0, 'borewell': 0, 'bore well': 0, 'hand pump': 0, 'handpump': 0, 'overhead tank': 0, 'oh tank': 0, 'stand post': 0, 'piped water supply': 2, 'water supply scheme': 2, 'jalachhatra': 0, 'jalachatra': 0, 'jala jogana kendra': 0, 'jal jogana kendra': 0, 'jal seva shibira': 0, 'water tanker': 0, 'water sprinkling': 0, 'cool roof': 0, 'white roof': 0, 'white topping': 0, 'roof insulation': 0, 'thermal insulation': 0, 'heat reflective': 0, 'reflective coating': 0, 'shade net': 0, 'shade structure': 0, 'canopy': 0, 'awning': 0, 'albedo paint': 0, 'albedo painting': 0, 'white painting': 0, 'reflective paint': 0, 'green roof': 0, 'green roofing': 0, 'k glass': 0, 'doubly glazed glass': 0, 'passive cooling': 0, 'air cooler': 0, 'white china mosaic': 0, 'lime based whitewash': 0, 'white tarp': 0, 'acrylic resin coating': 0, 'tree plantation': 0, 'avenue plantation': 0, 'plantation': 0, 'green belt': 0, 'urban forestry': 0, 'urban forest': 0, 'park development': 0, 'shelter belt': 0, 'shade tree': 0, 'vertical garden': 0, 'green space': 0, 'afforestation': 0, 'green campus': 0, 'night shelter': 0, 'transit shelter': 0, 'rest shed': 0, 'waiting shed': 0, 'community hall': 0, 'relief centre': 0, 'relief center': 0, 'bus stand shelter': 0, 'passenger shelter': 0, 'cool shelter': 0, 'rest shade': 0, 'cool resting space': 0, 'cool resting shed': 0, 'passenger shed': 0, 'outreach clinic': 0, 'awareness campaign': 0, 'iec activity': 0, 'iec material': 0, 'capacity building': 0, 'training programme': 0, 'training program': 0, 'mock drill': 0, 'sensitization': 0, 'swasthya kantha': 0, 'do and dont': 0, 'dos and donts': 0, 'display board': 0, 'hoarding': 0, 'pamphlet': 0, 'leaflet': 0, 'banner': 0}","{'floodlight': 0, 'flood light': 0, 'street light': 0, 'solar street light': 0, 'high mast light': 0, 'gas pipeline': 0, 'sports complex': 0, 'stadium': 0, 'cricket': 0, 'football': 0, 'volleyball': 0, 'examination hall': 0, 'cremation ground': 0, 'crematorium': 0, 'burial ground': 0, 'election': 0, 'covid': 0, 'vaccination': 0, 'wedding hall': 0, 'marriage hall': 0, 'kalyan mandap': 0, 'boundary wall': 0, 'compound wall': 0, 'staff quarter': 0, 'quarter building': 0, 'drug warehouse': 0, 'drug ware house': 0, 'godown': 0, 'bio medical waste': 0, 'biomedical waste': 0, 'bmw management': 0, 'waste management': 0}",weak,Summer / Heatwave (Mar-Jun),,Drinking Water & Hydration,Drinking Water & Hydration,"{'Drinking Water & Hydration': {'piped water supply': 2, 'water supply scheme': 2}}"
2024_CELBB_103182_51,e-Procurement Notice No.- 01 of 2024-25,"NID-50-Improvement to Jalachhatra Minor, Chhatiana Sub-Minor, Jageswarpur Minor, Kantilo Minor and Bisulipada Minor.","Improvement to Jalachhatra Minor, Chhatiana Sub-Minor, Jageswarpur Minor, Kantilo Minor and Bisulipada Minor.",Works,Open Tender,Percentage,Civil Works - Canal,No,No,NA ,20-Jun-2024 10:00 AM,NA ,90.0,No ,No,Online,01-Jul-2024 11:00 AM,"CE-BM,LMB Basin,BBSR||SE, Central Irr.Circle, BBSR||EE,Nimapada Irr Division, Nimapada",Nimapara,752106.0,1.0,"2,56,017",PRIYANKA PRIYADRASHINI SAHU,"217,640",Rejected-Finance,02-Jan-2025,"CE-BM,LMB Basin,BBSR||SE, Central Irr.Circle, BBSR||EE,Nimapada Irr Division, Nimapada",True,False,"{'heatwave': 0, 'heat wave': 0, 'heat-wave': 0, 'heat stress': 0, 'heat stroke': 0, 'heat action plan': 0, 'heat resilience': 0, 'heat resilient': 0, 'extreme heat': 0, 'high temperature': 0, 'rising temperature': 0, 'heat resistant': 0, 'climate resilient': 0, 'cooling centre': 0, 'cooling center': 0, 'emergency response': 0, 'first aid': 0, 'ambulance': 0, 'ors': 0, 'oral rehydration solution': 0, 'heat stroke treatment': 0, 'sunstroke': 0, 'sun stroke': 0, 'heat related illness': 0, 'heat illness': 0, 'heat exhaustion': 0, 'heat cramp': 0, 'heat rash': 0, 'heat alert': 0, 'heat warning': 0, 'heat advisory': 0, 'heat hotline': 0, 'satark': 0, 'early warning system': 0, 'saline': 0, 'iv fluid': 0, 'rapid response team': 0, 'mobile health unit': 0, 'relief chamber': 0, 'heat stroke ward': 0, 'heat stroke bed': 0, 'drinking water': 0, 'water kiosk': 0, 'water atm': 0, 'hydration point': 0, 'hydration centre': 0, 'hydration center': 0, 'cold water': 0, 'tube well': 0, 'tubewell': 0, 'borewell': 0, 'bore well': 0, 'hand pump': 0, 'handpump': 0, 'overhead tank': 0, 'oh tank': 0, 'stand post': 0, 'piped water supply': 0, 'water supply scheme': 0, 'jalachhatra': 2, 'jalachatra': 0, 'jala jogana kendra': 0, 'jal jogana kendra': 0, 'jal seva shibira': 0, 'water tanker': 0, 'water sprinkling': 0, 'cool roof': 0, 'white roof': 0, 'white topping': 0, 'roof insulation': 0, 'thermal insulation': 0, 'heat reflective': 0, 'reflective coating': 0, 'shade net': 0, 'shade structure': 0, 'canopy': 0, 'awning': 0, 'albedo paint': 0, 'albedo painting': 0, 'white painting': 0, 'reflective paint': 0, 'green roof': 0, 'green roofing': 0, 'k glass': 0, 'doubly glazed glass': 0, 'passive cooling': 0, 'air cooler': 0, 'white china mosaic': 0, 'lime based whitewash': 0, 'white tarp': 0, 'acrylic resin coating': 0, 'tree plantation': 0, 'avenue plantation': 0, 'plantation': 0, 'green belt': 0, 'urban forestry': 0, 'urban forest': 0, 'park development': 0, 'shelter belt': 0, 'shade tree': 0, 'vertical garden': 0, 'green space': 0, 'afforestation': 0, 'green campus': 0, 'night shelter': 0, 'transit shelter': 0, 'rest shed': 0, 'waiting shed': 0, 'community hall': 0, 'relief centre': 0, 'relief center': 0, 'bus stand shelter': 0, 'passenger shelter': 0, 'cool shelter': 0, 'rest shade': 0, 'cool resting space': 0, 'cool resting shed': 0, 'passenger shed': 0, 'outreach clinic': 0, 'awareness campaign': 0, 'iec activity': 0, 'iec material': 0, 'capacity building': 0, 'training programme': 0, 'training program': 0, 'mock drill': 0, 'sensitization': 0, 'swasthya kantha': 0, 'do and dont': 0, 'dos and donts': 0, 'display board': 0, 'hoarding': 0, 'pamphlet': 0, 'leaflet': 0, 'banner': 0}","{'floodlight': 0, 'flood light': 0, 'street light': 0, 'solar street light': 0, 'high mast light': 0, 'gas pipeline': 0, 'sports complex': 0, 'stadium': 0, 'cricket': 0, 'football': 0, 'volleyball': 0, 'examination hall': 0, 'cremation ground': 0, 'crematorium': 0, 'burial ground': 0, 'election': 0, 'covid': 0, 'vaccination': 0, 'wedding hall': 0, 'marriage hall': 0, 'kalyan mandap': 0, 'boundary wall': 0, 'compound wall': 0, 'staff quarter': 0, 'quarter building': 0, 'drug warehouse': 0, 'drug ware house': 0, 'godown': 0, 'bio medical waste': 0, 'biomedical waste': 0, 'bmw management': 0, 'waste management': 0}",weak,Summer / Heatwave (Mar-Jun),,Drinking Water & Hydration,Drinking Water & Hydration,{'Drinking Water & Hydration': {'jalachhatra': 2}}
2024_CERWI_107441_1,OnlineEERKL 14/2024-25,Maintenance and Repair of Revenue Rest Shed building at Badbalijore for the year 2024-25,Maintenance and Repair of Revenue Rest Shed building at Badbalijore for the year 2024-25,Works,Open Tender,Percentage,Civil Works - Buildings,No,No,NA ,22-Nov-2024 04:00 PM,NA ,90.0,No ,No,Online,30-Nov-2024 11:00 AM,CE RW I||RW-CIRCLE-SUNDARGARH||RW-Division-Sundargarh II,ROURKELA,769004.0,1.0,"2,79,999",MUKESH KUMAR JAISWAL,"238,027",Rejected-AOC,28-Jan-2025,CE RW I||RW-CIRCLE-SUNDARGARH||RW-Division-Sundargarh II,True,False,"{'heatwave': 0, 'heat wave': 0, 'heat-wave': 0, 'heat stress': 0, 'heat stroke': 0, 'heat action plan': 0, 'heat resilience': 0, 'heat resilient': 0, 'extreme heat': 0, 'high temperature': 0, 'rising temperature': 0, 'heat resistant': 0, 'climate resilient': 0, 'cooling centre': 0, 'cooling center': 0, 'emergency response': 0, 'first aid': 0, 'ambulance': 0, 'ors': 0, 'oral rehydration solution': 0, 'heat stroke treatment': 0, 'sunstroke': 0, 'sun stroke': 0, 'heat related illness': 0, 'heat illness': 0, 'heat exhaustion': 0, 'heat cramp': 0, 'heat rash': 0, 'heat alert': 0, 'heat warning': 0, 'heat advisory': 0, 'heat hotline': 0, 'satark': 0, 'early warning system': 0, 'saline': 0, 'iv fluid': 0, 'rapid response team': 0, 'mobile health unit': 0, 'relief chamber': 0, 'heat stroke ward': 0, 'heat stroke bed': 0, 'drinking water': 0, 'water kiosk': 0, 'water atm': 0, 'hydration point': 0, 'hydration centre': 0, 'hydration center': 0, 'cold water': 0, 'tube well': 0, 'tubewell': 0, 'borewell': 0, 'bore well': 0, 'hand pump': 0, 'handpump': 0, 'overhead tank': 0, 'oh tank': 0, 'stand post': 0, 'piped water supply': 0, 'water supply scheme': 0, 'jalachhatra': 0, 'jalachatra': 0, 'jala jogana kendra': 0, 'jal jogana kendra': 0, 'jal seva shibira': 0, 'water tanker': 0, 'water sprinkling': 0, 'cool roof': 0, 'white roof': 0, 'white topping': 0, 'roof insulation': 0, 'thermal insulation': 0, 'heat reflective': 0, 'reflective coating': 0, 'shade net': 0, 'shade structure': 0, 'canopy': 0, 'awning': 0, 'albedo paint': 0, 'albedo painting': 0, 'white painting': 0, 'reflective paint': 0, 'green roof': 0, 'green roofing': 0, 'k glass': 0, 'doubly glazed glass': 0, 'passive cooling': 0, 'air cooler': 0, 'white china mosaic': 0, 'lime based whitewash': 0, 'white tarp': 0, 'acrylic resin coating': 0, 'tree plantation': 0, 'avenue plantation': 0, 'plantation': 0, 'green belt': 0, 'urban forestry': 0, 'urban forest': 0, 'park development': 0, 'shelter belt': 0, 'shade tree': 0, 'vertical garden': 0, 'green space': 0, 'afforestation': 0, 'green campus': 0, 'night shelter': 0, 'transit shelter': 0, 'rest shed': 2, 'waiting shed': 0, 'community hall': 0, 'relief centre': 0, 'relief center': 0, 'bus stand shelter': 0, 'passenger shelter': 0, 'cool shelter': 0, 'rest shade': 0, 'cool resting space': 0, 'cool resting shed': 0, 'passenger shed': 0, 'outreach clinic': 0, 'awareness campaign': 0, 'iec activity': 0, 'iec material': 0, 'capacity building': 0, 'training programme': 0, 'training program': 0, 'mock drill': 0, 'sensitization': 0, 'swasthya kantha': 0, 'do and dont': 0, 'dos and donts': 0, 'display board': 0, 'hoarding': 0, 'pamphlet': 0, 'leaflet': 0, 'banner': 0}","{'floodlight': 0, 'flood light': 0, 'street light': 0, 'solar street light': 0, 'high mast light': 0, 'gas pipeline': 0, 'sports complex': 0, 'stadium': 0, 'cricket': 0, 'football': 0, 'volleyball': 0, 'examination hall': 0, 'cremation ground': 0, 'crematorium': 0, 'burial ground': 0, 'election': 0, 'covid': 0, 'vaccination': 0, 'wedding hall': 0, 'marriage hall': 0, 'kalyan mandap': 0, 'boundary wall': 0, 'compound wall': 0, 'staff quarter': 0, 'quarter building': 0, 'drug warehouse': 0, 'drug ware house': 0, 'godown': 0, 'bio medical waste': 0, 'biomedical waste': 0, 'bmw management': 0, 'waste management': 0}",weak,Post-Monsoon / Winter (Oct-Dec),,Shelter & Rest Infrastructure,Shelter & Rest Infrastructure,{'Shelter & Rest Infrastructure': {'rest shed': 2}}
2024_STSCD_104549_20,ITDANBG-01/24-25,"Construction of Community Hall of Zilla Anusuchita Jati, Nabarangpur under Nabarangpur Block","Construction of Community Hall of Zilla Anusuchita Jati, Nabarangpur under Nabarangpur Block",Works,Open Tender,Percentage,Civil Works - Buildings,No,No,NA ,02-Sep-2024 10:00 AM,NA ,90.0,No ,No,Online,21-Sep-2024 05:00 PM,ST and SC Development Deptt||ITDA Nabarangpur,Nabarangpur,764059.0,1.0,"11,80,783",GOURISANKAR MISHRA,"1,003,784",Rejected-Finance,23-Dec-2024,ST and SC Development Deptt||ITDA Nabarangpur,True,False,"{'heatwave': 0, 'heat wave': 0, 'heat-wave': 0, 'heat stress': 0, 'heat stroke': 0, 'heat action plan': 0, 'heat resilience': 0, 'heat resilient': 0, 'extreme heat': 0, 'high temperature': 0, 'rising temperature': 0, 'heat resistant': 0, 'climate resilient': 0, 'cooling centre': 0, 'cooling center': 0, 'emergency response': 0, 'first aid': 0, 'ambulance': 0, 'ors': 0, 'oral rehydration solution': 0, 'heat stroke treatment': 0, 'sunstroke': 0, 'sun stroke': 0, 'heat related illness': 0, 'heat illness': 0, 'heat exhaustion': 0, 'heat cramp': 0, 'heat rash': 0, 'heat alert': 0, 'heat warning': 0, 'heat advisory': 0, 'heat hotline': 0, 'satark': 0, 'early warning system': 0, 'saline': 0, 'iv fluid': 0, 'rapid response team': 0, 'mobile health unit': 0, 'relief chamber': 0, 'heat stroke ward': 0, 'heat stroke bed': 0, 'drinking water': 0, 'water kiosk': 0, 'water atm': 0, 'hydration point': 0, 'hydration centre': 0, 'hydration center': 0, 'cold water': 0, 'tube well': 0, 'tubewell': 0, 'borewell': 0, 'bore well': 0, 'hand pump': 0, 'handpump': 0, 'overhead tank': 0, 'oh tank': 0, 'stand post': 0, 'piped water supply': 0, 'water supply scheme': 0, 'jalachhatra': 0, 'jalachatra': 0, 'jala jogana kendra': 0, 'jal jogana kendra': 0, 'jal seva shibira': 0, 'water tanker': 0, 'water sprinkling': 0, 'cool roof': 0, 'white roof': 0, 'white topping': 0, 'roof insulation': 0, 'thermal insulation': 0, 'heat reflective': 0, 'reflective coating': 0, 'shade net': 0, 'shade structure': 0, 'canopy': 0, 'awning': 0, 'albedo paint': 0, 'albedo painting': 0, 'white painting': 0, 'reflective paint': 0, 'green roof': 0, 'green roofing': 0, 'k glass': 0, 'doubly glazed glass': 0, 'passive cooling': 0, 'air cooler': 0, 'white china mosaic': 0, 'lime based whitewash': 0, 'white tarp': 0, 'acrylic resin coating': 0, 'tree plantation': 0, 'avenue plantation': 0, 'plantation': 0, 'green belt': 0, 'urban forestry': 0, 'urban forest': 0, 'park development': 0, 'shelter belt': 0, 'shade tree': 0, 'vertical garden': 0, 'green space': 0, 'afforestation': 0, 'green campus': 0, 'night shelter': 0, 'transit shelter': 0, 'rest shed': 0, 'waiting shed': 0, 'community hall': 2, 'relief centre': 0, 'relief center': 0, 'bus stand shelter': 0, 'passenger shelter': 0, 'cool shelter': 0, 'rest shade': 0, 'cool resting space': 0, 'cool resting shed': 0, 'passenger shed': 0, 'outreach clinic': 0, 'awareness campaign': 0, 'iec activity': 0, 'iec material': 0, 'capacity building': 0, 'training programme': 0, 'training program': 0, 'mock drill': 0, 'sensitization': 0, 'swasthya kantha': 0, 'do and dont': 0, 'dos and donts': 0, 'display board': 0, 'hoarding': 0, 'pamphlet': 0, 'leaflet': 0, 'banner': 0}","{'floodlight': 0, 'flood light': 0, 'street light': 0, 'solar street light': 0, 'high mast light': 0, 'gas pipeline': 0, 'sports complex': 0, 'stadium': 0, 'cricket': 0, 'football': 0, 'volleyball': 0, 'examination hall': 0, 'cremation ground': 0, 'crematorium': 0, 'burial ground': 0, 'election': 0, 'covid': 0, 'vaccination': 0, 'wedding hall': 0, 'marriage hall': 0, 'kalyan mandap': 0, 'boundary wall': 0, 'compound wall': 0, 'staff quarter': 0, 'quarter building': 0, 'drug warehouse': 0, 'drug ware house': 0, 'godown': 0, 'bio medical waste': 0, 'biomedical waste': 0, 'bmw management': 0, 'waste management': 0}",weak,Monsoon (Jul-Sep),,Shelter & Rest Infrastructure,Shelter & Rest Infrastructure,{'Shelter & Rest Infrastructure': {'community hall': 2}}
2024_CERWI_107268_1,"02/RWD-I,MKG/2024-25",Repair and Maintenance to Rest shed at Malkangiri in the District of Malkangiri for the year 2024-25,Repair and Maintenance to Rest shed at Malkangiri in the District of Malkangiri for the year 2024-25.,Works,Open Tender,Percentage,Civil Works - Buildings,No,No,NA ,20-Nov-2024 12:00 PM,NA ,90.0,No ,No,Online,07-Dec-2024 11:00 AM,CE RW I||RWCIRCLE-SUNABEDA||RWDIVISION-MALKANGIRI,Malkangiri,764048.0,1.0,"3,36,009",TAPAN KUMAR MONDAL,"285,641.55",Rejected-Technical,02-Jan-2025,CE RW I||RWCIRCLE-SUNABEDA||RWDIVISION-MALKANGIRI,True,False,"{'heatwave': 0, 'heat wave': 0, 'heat-wave': 0, 'heat stress': 0, 'heat stroke': 0, 'heat action plan': 0, 'heat resilience': 0, 'heat resilient': 0, 'extreme heat': 0, 'high temperature': 0, 'rising temperature': 0, 'heat resistant': 0, 'climate resilient': 0, 'cooling centre': 0, 'cooling center': 0, 'emergency response': 0, 'first aid': 0, 'ambulance': 0, 'ors': 0, 'oral rehydration solution': 0, 'heat stroke treatment': 0, 'sunstroke': 0, 'sun stroke': 0, 'heat related illness': 0, 'heat illness': 0, 'heat exhaustion': 0, 'heat cramp': 0, 'heat rash': 0, 'heat alert': 0, 'heat warning': 0, 'heat advisory': 0, 'heat hotline': 0, 'satark': 0, 'early warning system': 0, 'saline': 0, 'iv fluid': 0, 'rapid response team': 0, 'mobile health unit': 0, 'relief chamber': 0, 'heat stroke ward': 0, 'heat stroke bed': 0, 'drinking water': 0, 'water kiosk': 0, 'water atm': 0, 'hydration point': 0, 'hydration centre': 0, 'hydration center': 0, 'cold water': 0, 'tube well': 0, 'tubewell': 0, 'borewell': 0, 'bore well': 0, 'hand pump': 0, 'handpump': 0, 'overhead tank': 0, 'oh tank': 0, 'stand post': 0, 'piped water supply': 0, 'water supply scheme': 0, 'jalachhatra': 0, 'jalachatra': 0, 'jala jogana kendra': 0, 'jal jogana kendra': 0, 'jal seva shibira': 0, 'water tanker': 0, 'water sprinkling': 0, 'cool roof': 0, 'white roof': 0, 'white topping': 0, 'roof insulation': 0, 'thermal insulation': 0, 'heat reflective': 0, 'reflective coating': 0, 'shade net': 0, 'shade structure': 0, 'canopy': 0, 'awning': 0, 'albedo paint': 0, 'albedo painting': 0, 'white painting': 0, 'reflective paint': 0, 'green roof': 0, 'green roofing': 0, 'k glass': 0, 'doubly glazed glass': 0, 'passive cooling': 0, 'air cooler': 0, 'white china mosaic': 0, 'lime based whitewash': 0, 'white tarp': 0, 'acrylic resin coating': 0, 'tree plantation': 0, 'avenue plantation': 0, 'plantation': 0, 'green belt': 0, 'urban forestry': 0, 'urban forest': 0, 'park development': 0, 'shelter belt': 0, 'shade tree': 0, 'vertical garden': 0, 'green space': 0, 'afforestation': 0, 'green campus': 0, 'night shelter': 0, 'transit shelter': 0, 'rest shed': 2, 'waiting shed': 0, 'community hall': 0, 'relief centre': 0, 'relief center': 0, 'bus stand shelter': 0, 'passenger shelter': 0, 'cool shelter': 0, 'rest shade': 0, 'cool resting space': 0, 'cool resting shed': 0, 'passenger shed': 0, 'outreach clinic': 0, 'awareness campaign': 0, 'iec activity': 0, 'iec material': 0, 'capacity building': 0, 'training programme': 0, 'training program': 0, 'mock drill': 0, 'sensitization': 0, 'swasthya kantha': 0, 'do and dont': 0, 'dos and donts': 0, 'display board': 0, 'hoarding': 0, 'pamphlet': 0, 'leaflet': 0, 'banner': 0}","{'floodlight': 0, 'flood light': 0, 'street light': 0, 'solar street light': 0, 'high mast light': 0, 'gas pipeline': 0, 'sports complex': 0, 'stadium': 0, 'cricket': 0, 'football': 0, 'volleyball': 0, 'examination hall': 0, 'cremation ground': 0, 'crematorium': 0, 'burial ground': 0, 'election': 0, 'covid': 0, 'vaccination': 0, 'wedding hall': 0, 'marriage hall': 0, 'kalyan mandap': 0, 'boundary wall': 0, 'compound wall': 0, 'staff quarter': 0, 'quarter building': 0, 'drug warehouse': 0, 'drug ware house': 0, 'godown': 0, 'bio medical waste': 0, 'biomedical waste': 0, 'bmw management': 0, 'waste management': 0}",weak,Post-Monsoon / Winter (Oct-Dec),,Shelter & Rest Infrastructure,Shelter & Rest Infrastructure,{'Shelter & Rest Infrastructure': {'rest shed': 2}}
2024_CEBML_101298_1,"04/ 23-24 of S.E,S.I.Division No-I, Jharpokharia",Construction of Community Hall at Karkachia near Gothanisahi Sitalamandira of Haladia Reservoir of Subarnarekha Irrigation Project,Road Works,Works,National Competitive Bid,Percentage,Civil Works - Roads,No,No,NA ,17-Feb-2024 04:00 PM,NA ,90.0,No ,No,Offline,26-Feb-2024 11:00 AM,"CE-BM,BSB Basin,Laxmiposi||SE,Subarnarekha Irr.Circle,Laxmiposi||EE,Subarnarekha Irr.Divn-I,Jharapokharia",Haladia,757034.0,1.0,"9,34,844",RUPALI BEHERA,"173,160",Rejected-Technical,10-Jan-2025,"CE-BM,BSB Basin,Laxmiposi||SE,Subarnarekha Irr.Circle,Laxmiposi||EE,Subarnarekha Irr.Divn-I,Jharapokharia",True,False,"{'heatwave': 0, 'heat wave': 0, 'heat-wave': 0, 'heat stress': 0, 'heat stroke': 0, 'heat action plan': 0, 'heat resilience': 0, 'heat resilient': 0, 'extreme heat': 0, 'high temperature': 0, 'rising temperature': 0, 'heat resistant': 0, 'climate resilient': 0, 'cooling centre': 0, 'cooling center': 0, 'emergency response': 0, 'first aid': 0, 'ambulance': 0, 'ors': 0, 'oral rehydration solution': 0, 'heat stroke treatment': 0, 'sunstroke': 0, 'sun stroke': 0, 'heat related illness': 0, 'heat illness': 0, 'heat exhaustion': 0, 'heat cramp': 0, 'heat rash': 0, 'heat alert': 0, 'heat warning': 0, 'heat advisory': 0, 'heat hotline': 0, 'satark': 0, 'early warning system': 0, 'saline': 0, 'iv fluid': 0, 'rapid response team': 0, 'mobile health unit': 0, 'relief chamber': 0, 'heat stroke ward': 0, 'heat stroke bed': 0, 'drinking water': 0, 'water kiosk': 0, 'water atm': 0, 'hydration point': 0, 'hydration centre': 0, 'hydration center': 0, 'cold water': 0, 'tube well': 0, 'tubewell': 0, 'borewell': 0, 'bore well': 0, 'hand pump': 0, 'handpump': 0, 'overhead tank': 0, 'oh tank': 0, 'stand post': 0, 'piped water supply': 0, 'water supply scheme': 0, 'jalachhatra': 0, 'jalachatra': 0, 'jala jogana kendra': 0, 'jal jogana kendra': 0, 'jal seva shibira': 0, 'water tanker': 0, 'water sprinkling': 0, 'cool roof': 0, 'white roof': 0, 'white topping': 0, 'roof insulation': 0, 'thermal insulation': 0, 'heat reflective': 0, 'reflective coating': 0, 'shade net': 0, 'shade structure': 0, 'canopy': 0, 'awning': 0, 'albedo paint': 0, 'albedo painting': 0, 'white painting': 0, 'reflective paint': 0, 'green roof': 0, 'green roofing': 0, 'k glass': 0, 'doubly glazed glass': 0, 'passive cooling': 0, 'air cooler': 0, 'white china mosaic': 0, 'lime based whitewash': 0, 'white tarp': 0, 'acrylic resin coating': 0, 'tree plantation': 0, 'avenue plantation': 0, 'plantation': 0, 'green belt': 0, 'urban forestry': 0, 'urban forest': 0, 'park development': 0, 'shelter belt': 0, 'shade tree': 0, 'vertical garden': 0, 'green space': 0, 'afforestation': 0, 'green campus': 0, 'night shelter': 0, 'transit shelter': 0, 'rest shed': 0, 'waiting shed': 0, 'community hall': 1, 'relief centre': 0, 'relief center': 0, 'bus stand shelter': 0, 'passenger shelter': 0, 'cool shelter': 0, 'rest shade': 0, 'cool resting space': 0, 'cool resting shed': 0, 'passenger shed': 0, 'outreach clinic': 0, 'awareness campaign': 0, 'iec activity': 0, 'iec material': 0, 'capacity building': 0, 'training programme': 0, 'training program': 0, 'mock drill': 0, 'sensitization': 0, 'swasthya kantha': 0, 'do and dont': 0, 'dos and donts': 0, 'display board': 0, 'hoarding': 0, 'pamphlet': 0, 'leaflet': 0, 'banner': 0}","{'floodlight': 0, 'flood light': 0, 'street light': 0, 'solar street light': 0, 'high mast light': 0, 'gas pipeline': 0, 'sports complex': 0, 'stadium': 0, 'cricket': 0, 'football': 0, 'volleyball': 0, 'examination hall': 0, 'cremation ground': 0, 'crematorium': 0, 'burial ground': 0, 'election': 0, 'covid': 0, 'vaccination': 0, 'wedding hall': 0, 'marriage hall': 0, 'kalyan mandap': 0, 'boundary wall': 0, 'compound wall': 0, 'staff quarter': 0, 'quarter building': 0, 'drug warehouse': 0, 'drug ware house': 0, 'godown': 0, 'bio medical waste': 0, 'biomedical waste': 0, 'bmw management': 0, 'waste management': 0}",weak,Pre-Summer (Jan-Feb),,Shelter & Rest Infrastructure,Shelter & Rest Infrastructure,{'Shelter & Rest Infrastructure': {'community hall': 1}}
2024_CERWI_107563_1,TENDERONLINEDNAYAGARH072425,S/R to R.W. Rest Shed building at Odagaon for the year 2024-25,S/R to R.W. Rest Shed building at Odagaon for the year 2024-25,Works,Open Tender,Percentage,Civil Works - Buildings,No,No,NA ,26-Nov-2024 06:50 PM,NA ,90.0,No ,No,Online,09-Dec-2024 11:00 AM,CE RW I||RWCIRCLE-BHUBANESWAR||RWDIVISION-NAYAGARH,Nayagarh,752070.0,1.0,"4,20,541",PRIYARANJAN BHATTA,"357,502",Rejected-AOC,11-Jan-2025,CE RW I||RWCIRCLE-BHUBANESWAR||RWDIVISION-NAYAGARH,True,False,"{'heatwave': 0, 'heat wave': 0, 'heat-wave': 0, 'heat stress': 0, 'heat stroke': 0, 'heat action plan': 0, 'heat resilience': 0, 'heat resilient': 0, 'extreme heat': 0, 'high temperature': 0, 'rising temperature': 0, 'heat resistant': 0, 'climate resilient': 0, 'cooling centre': 0, 'cooling center': 0, 'emergency response': 0, 'first aid': 0, 'ambulance': 0, 'ors': 0, 'oral rehydration solution': 0, 'heat stroke treatment': 0, 'sunstroke': 0, 'sun stroke': 0, 'heat related illness': 0, 'heat illness': 0, 'heat exhaustion': 0, 'heat cramp': 0, 'heat rash': 0, 'heat alert': 0, 'heat warning': 0, 'heat advisory': 0, 'heat hotline': 0, 'satark': 0, 'early warning system': 0, 'saline': 0, 'iv fluid': 0, 'rapid response team': 0, 'mobile health unit': 0, 'relief chamber': 0, 'heat stroke ward': 0, 'heat stroke bed': 0, 'drinking water': 0, 'water kiosk': 0, 'water atm': 0, 'hydration point': 0, 'hydration centre': 0, 'hydration center': 0, 'cold water': 0, 'tube well': 0, 'tubewell': 0, 'borewell': 0, 'bore well': 0, 'hand pump': 0, 'handpump': 0, 'overhead tank': 0, 'oh tank': 0, 'stand post': 0, 'piped water supply': 0, 'water supply scheme': 0, 'jalachhatra': 0, 'jalachatra': 0, 'jala jogana kendra': 0, 'jal jogana kendra': 0, 'jal seva shibira': 0, 'water tanker': 0, 'water sprinkling': 0, 'cool roof': 0, 'white roof': 0, 'white topping': 0, 'roof insulation': 0, 'thermal insulation': 0, 'heat reflective': 0, 'reflective coating': 0, 'shade net': 0, 'shade structure': 0, 'canopy': 0, 'awning': 0, 'albedo paint': 0, 'albedo painting': 0, 'white painting': 0, 'reflective paint': 0, 'green roof': 0, 'green roofing': 0, 'k glass': 0, 'doubly glazed glass': 0, 'passive cooling': 0, 'air cooler': 0, 'white china mosaic': 0, 'lime based whitewash': 0, 'white tarp': 0, 'acrylic resin coating': 0, 'tree plantation': 0, 'avenue plantation': 0, 'plantation': 0, 'green belt': 0, 'urban forestry': 0, 'urban forest': 0, 'park development': 0, 'shelter belt': 0, 'shade tree': 0, 'vertical garden': 0, 'green space': 0, 'afforestation': 0, 'green campus': 0, 'night shelter': 0, 'transit shelter': 0, 'rest shed': 2, 'waiting shed': 0, 'community hall': 0, 'relief centre': 0, 'relief center': 0, 'bus stand shelter': 0, 'passenger shelter': 0, 'cool shelter': 0, 'rest shade': 0, 'cool resting space': 0, 'cool resting shed': 0, 'passenger shed': 0, 'outreach clinic': 0, 'awareness campaign': 0, 'iec activity': 0, 'iec material': 0, 'capacity building': 0, 'training programme': 0, 'training program': 0, 'mock drill': 0, 'sensitization': 0, 'swasthya kantha': 0, 'do and dont': 0, 'dos and donts': 0, 'display board': 0, 'hoarding': 0, 'pamphlet': 0, 'leaflet': 0, 'banner': 0}","{'floodlight': 0, 'flood light': 0, 'street light': 0, 'solar street light': 0, 'high mast light': 0, 'gas pipeline': 0, 'sports complex': 0, 'stadium': 0, 'cricket': 0, 'football': 0, 'volleyball': 0, 'examination hall': 0, 'cremation ground': 0, 'crematorium': 0, 'burial ground': 0, 'election': 0, 'covid': 0, 'vaccination': 0, 'wedding hall': 0, 'marriage hall': 0, 'kalyan mandap': 0, 'boundary wall': 0, 'compound wall': 0, 'staff quarter': 0, 'quarter building': 0, 'drug warehouse': 0, 'drug ware house': 0, 'godown': 0, 'bio medical waste': 0, 'biomedical waste': 0, 'bmw management': 0, 'waste management': 0}",weak,Post-Monsoon / Winter (Oct-Dec),,Shelter & Rest Infrastructure,Shelter & Rest Infrastructure,{'Shelter & Rest Infrastructure': {'rest shed': 2}}
2024_CEBMB_107972_11,e-BEID-01/2024-25,Protection to saline embankment from Langaleswar to Pathara in between RD 1500m to 1700m.,"Raising, strengthening of saline embankment",Works,Open Tender,Percentage,Civil Works - Others,No,No,NA ,07-Dec-2024 10:00 AM,NA ,90.0,No ,No,Online,17-Dec-2024 11:00 AM,"CE-BM,RVN Basin,Berhampur||S.E. Southern Irr. Circle I Berhampur||EE Berhampur Irrigation Divn Berhampur",Berhampur,760004.0,1.0,"11,69,000",Riva Nayak,"993,966",Rejected-AOC,29-Jan-2025,"CE-BM,RVN Basin,Berhampur||S.E. Southern Irr. Circle I Berhampur||EE Berhampur Irrigation Divn Berhampur",True,False,"{'heatwave': 0, 'heat wave': 0, 'heat-wave': 0, 'heat stress': 0, 'heat stroke': 0, 'heat action plan': 0, 'heat resilience': 0, 'heat resilient': 0, 'extreme heat': 0, 'high temperature': 0, 'rising temperature': 0, 'heat resistant': 0, 'climate resilient': 0, 'cooling centre': 0, 'cooling center': 0, 'emergency response': 0, 'first aid': 0, 'ambulance': 0, 'ors': 0, 'oral rehydration solution': 0, 'heat stroke treatment': 0, 'sunstroke': 0, 'sun stroke': 0, 'heat related illness': 0, 'heat illness': 0, 'heat exhaustion': 0, 'heat cramp': 0, 'heat rash': 0, 'heat alert': 0, 'heat warning': 0, 'heat advisory': 0, 'heat hotline': 0, 'satark': 0, 'early warning system': 0, 'saline': 2, 'iv fluid': 0, 'rapid response team': 0, 'mobile health unit': 0, 'relief chamber': 0, 'heat stroke ward': 0, 'heat stroke bed': 0, 'drinking water': 0, 'water kiosk': 0, 'water atm': 0, 'hydration point': 0, 'hydration centre': 0, 'hydration center': 0, 'cold water': 0, 'tube well': 0, 'tubewell': 0, 'borewell': 0, 'bore well': 0, 'hand pump': 0, 'handpump': 0, 'overhead tank': 0, 'oh tank': 0, 'stand post': 0, 'piped water supply': 0, 'water supply scheme': 0, 'jalachhatra': 0, 'jalachatra': 0, 'jala jogana kendra': 0, 'jal jogana kendra': 0, 'jal seva shibira': 0, 'water tanker': 0, 'water sprinkling': 0, 'cool roof': 0, 'white roof': 0, 'white topping': 0, 'roof insulation': 0, 'thermal insulation': 0, 'heat reflective': 0, 'reflective coating': 0, 'shade net': 0, 'shade structure': 0, 'canopy': 0, 'awning': 0, 'albedo paint': 0, 'albedo painting': 0, 'white painting': 0, 'reflective paint': 0, 'green roof': 0, 'green roofing': 0, 'k glass': 0, 'doubly glazed glass': 0, 'passive cooling': 0, 'air cooler': 0, 'white china mosaic': 0, 'lime based whitewash': 0, 'white tarp': 0, 'acrylic resin coating': 0, 'tree plantation': 0, 'avenue plantation': 0, 'plantation': 0, 'green belt': 0, 'urban forestry': 0, 'urban forest': 0, 'park development': 0, 'shelter belt': 0, 'shade tree': 0, 'vertical garden': 0, 'green space': 0, 'afforestation': 0, 'green campus': 0, 'night shelter': 0, 'transit shelter': 0, 'rest shed': 0, 'waiting shed': 0, 'community hall': 0, 'relief centre': 0, 'relief center': 0, 'bus stand shelter': 0, 'passenger shelter': 0, 'cool shelter': 0, 'rest shade': 0, 'cool resting space': 0, 'cool resting shed': 0, 'passenger shed': 0, 'outreach clinic': 0, 'awareness campaign': 0, 'iec activity': 0, 'iec material': 0, 'capacity building': 0, 'training programme': 0, 'training program': 0, 'mock drill': 0, 'sensitization': 0, 'swasthya kantha': 0, 'do and dont': 0, 'dos and donts': 0, 'display board': 0, 'hoarding': 0, 'pamphlet': 0, 'leaflet': 0, 'banner': 0}","{'floodlight': 0, 'flood light': 0, 'street light': 0, 'solar street light': 0, 'high mast light': 0, 'gas pipeline': 0, 'sports complex': 0, 'stadium': 0, 'cricket': 0, 'football': 0, 'volleyball': 0, 'examination hall': 0, 'cremation ground': 0, 'crematorium': 0, 'burial ground': 0, 'election': 0, 'covid': 0, 'vaccination': 0, 'wedding hall': 0, 'marriage hall': 0, 'kalyan mandap': 0, 'boundary wall': 0, 'compound wall': 0, 'staff quarter': 0, 'quarter building': 0, 'drug warehouse': 0, 'drug ware house': 0, 'godown': 0, 'bio medical waste': 0, 'biomedical waste': 0, 'bmw management': 0, 'waste management': 0}",weak,Post-Monsoon / Winter (Oct-Dec),,Heatwave & Emergency Response,Heatwave & Emergency Response,{'Heatwave & Emergency Response': {'saline': 2}}
2024_CELBB_103656_10,EPROC.TENDERCALL NOTICE NO.PID01OF202425,PID-10 Restoration to Siala saline gherry from RD 11.00 km to 11.500 km,Restoration to Siala saline gherry from RD 11.00 km to 11.500 km,Works,Open Tender,Percentage,Civil Works - Others,No,No,NA ,15-Jul-2024 10:30 AM,NA ,90.0,No ,No,Online,26-Jul-2024 10:30 AM,"CE-BM,LMB Basin,BBSR||SE, Central Irr.Circle, BBSR||EE,Puri Irr Division,Puri",PURI,752003.0,1.0,"36,64,544",CHITA RANJAN SWAIN,"3,115,229",Rejected-Finance,25-Oct-2024,"CE-BM,LMB Basin,BBSR||SE, Central Irr.Circle, BBSR||EE,Puri Irr Division,Puri",True,False,"{'heatwave': 0, 'heat wave': 0, 'heat-wave': 0, 'heat stress': 0, 'heat stroke': 0, 'heat action plan': 0, 'heat resilience': 0, 'heat resilient': 0, 'extreme heat': 0, 'high temperature': 0, 'rising temperature': 0, 'heat resistant': 0, 'climate resilient': 0, 'cooling centre': 0, 'cooling center': 0, 'emergency response': 0, 'first aid': 0, 'ambulance': 0, 'ors': 0, 'oral rehydration solution': 0, 'heat stroke treatment': 0, 'sunstroke': 0, 'sun stroke': 0, 'heat related illness': 0, 'heat illness': 0, 'heat exhaustion': 0, 'heat cramp': 0, 'heat rash': 0, 'heat alert': 0, 'heat warning': 0, 'heat advisory': 0, 'heat hotline': 0, 'satark': 0, 'early warning system': 0, 'saline': 2, 'iv fluid': 0, 'rapid response team': 0, 'mobile health unit': 0, 'relief chamber': 0, 'heat stroke ward': 0, 'heat stroke bed': 0, 'drinking water': 0, 'water kiosk': 0, 'water atm': 0, 'hydration point': 0, 'hydration centre': 0, 'hydration center': 0, 'cold water': 0, 'tube well': 0, 'tubewell': 0, 'borewell': 0, 'bore well': 0, 'hand pump': 0, 'handpump': 0, 'overhead tank': 0, 'oh tank': 0, 'stand post': 0, 'piped water supply': 0, 'water supply scheme': 0, 'jalachhatra': 0, 'jalachatra': 0, 'jala jogana kendra': 0, 'jal jogana kendra': 0, 'jal seva shibira': 0, 'water tanker': 0, 'water sprinkling': 0, 'cool roof': 0, 'white roof': 0, 'white topping': 0, 'roof insulation': 0, 'thermal insulation': 0, 'heat reflective': 0, 'reflective coating': 0, 'shade net': 0, 'shade structure': 0, 'canopy': 0, 'awning': 0, 'albedo paint': 0, 'albedo painting': 0, 'white painting': 0, 'reflective paint': 0, 'green roof': 0, 'green roofing': 0, 'k glass': 0, 'doubly glazed glass': 0, 'passive cooling': 0, 'air cooler': 0, 'white china mosaic': 0, 'lime based whitewash': 0, 'white tarp': 0, 'acrylic resin coating': 0, 'tree plantation': 0, 'avenue plantation': 0, 'plantation': 0, 'green belt': 0, 'urban forestry': 0, 'urban forest': 0, 'park development': 0, 'shelter belt': 0, 'shade tree': 0, 'vertical garden': 0, 'green space': 0, 'afforestation': 0, 'green campus': 0, 'night shelter': 0, 'transit shelter': 0, 'rest shed': 0, 'waiting shed': 0, 'community hall': 0, 'relief centre': 0, 'relief center': 0, 'bus stand shelter': 0, 'passenger shelter': 0, 'cool shelter': 0, 'rest shade': 0, 'cool resting space': 0, 'cool resting shed': 0, 'passenger shed': 0, 'outreach clinic': 0, 'awareness campaign': 0, 'iec activity': 0, 'iec material': 0, 'capacity building': 0, 'training programme': 0, 'training program': 0, 'mock drill': 0, 'sensitization': 0, 'swasthya kantha': 0, 'do and dont': 0, 'dos and donts': 0, 'display board': 0, 'hoarding': 0, 'pamphlet': 0, 'leaflet': 0, 'banner': 0}","{'floodlight': 0, 'flood light': 0, 'street light': 0, 'solar street light': 0, 'high mast light': 0, 'gas pipeline': 0, 'sports complex': 0, 'stadium': 0, 'cricket': 0, 'football': 0, 'volleyball': 0, 'examination hall': 0, 'cremation ground': 0, 'crematorium': 0, 'burial ground': 0, 'election': 0, 'covid': 0, 'vaccination': 0, 'wedding hall': 0, 'marriage hall': 0, 'kalyan mandap': 0, 'boundary wall': 0, 'compound wall': 0, 'staff quarter': 0, 'quarter building': 0, 'drug warehouse': 0, 'drug ware house': 0, 'godown': 0, 'bio medical waste': 0, 'biomedical waste': 0, 'bmw management': 0, 'waste management': 0}",weak,Monsoon (Jul-Sep),,Heatwave & Emergency Response,Heatwave & Emergency Response,{'Heatwave & Emergency Response': {'saline': 2}}
2024_ORULB_104592_6,10/SMC_SBP/2023-24,"Provision of internal Electrification, PH, Sanitary work including sinking of borewell of Aspirational Toilet at Taxi Stand, Sahu Colony, W.no-25, Sambalpur Municipal Corporation","Provision of internal Electrification, PH, Sanitary work including sinking of borewell of Aspirational Toilet at Taxi Stand, Sahu Colony, W.no-25, Sambalpur Municipal Corporation",Works,Open Tender,Percentage,Civil Works - Others,No,No,NA ,09-Sep-2024 11:00 AM,NA ,120.0,No ,No,Online,19-Sep-2024 11:00 AM,Municipal Bodies||Sambalpur Municipal Corporation,SAMBALPUR MUNICIPAL CORPORATION,768006.0,1.0,"13,29,638",Bipin Bihari Banchhor,"1,329,638",Rejected-Technical,08-Jan-2025,Municipal Bodies||Sambalpur Municipal Corporation,True,False,"{'heatwave': 0, 'heat wave': 0, 'heat-wave': 0, 'heat stress': 0, 'heat stroke': 0, 'heat action plan': 0, 'heat resilience': 0, 'heat resilient': 0, 'extreme heat': 0, 'high temperature': 0, 'rising temperature': 0, 'heat resistant': 0, 'climate resilient': 0, 'cooling centre': 0, 'cooling center': 0, 'emergency response': 0, 'first aid': 0, 'ambulance': 0, 'ors': 0, 'oral rehydration solution': 0, 'heat stroke treatment': 0, 'sunstroke': 0, 'sun stroke': 0, 'heat related illness': 0, 'heat illness': 0, 'heat exhaustion': 0, 'heat cramp': 0, 'heat rash': 0, 'heat alert': 0, 'heat warning': 0, 'heat advisory': 0, 'heat hotline': 0, 'satark': 0, 'early warning system': 0, 'saline': 0, 'iv fluid': 0, 'rapid response team': 0, 'mobile health unit': 0, 'relief chamber': 0, 'heat stroke ward': 0, 'heat stroke bed': 0, 'drinking water': 0, 'water kiosk': 0, 'water atm': 0, 'hydration point': 0, 'hydration centre': 0, 'hydration center': 0, 'cold water': 0, 'tube well': 0, 'tubewell': 0, 'borewell': 2, 'bore well': 0, 'hand pump': 0, 'handpump': 0, 'overhead tank': 0, 'oh tank': 0, 'stand post': 0, 'piped water supply': 0, 'water supply scheme': 0, 'jalachhatra': 0, 'jalachatra': 0, 'jala jogana kendra': 0, 'jal jogana kendra': 0, 'jal seva shibira': 0, 'water tanker': 0, 'water sprinkling': 0, 'cool roof': 0, 'white roof': 0, 'white topping': 0, 'roof insulation': 0, 'thermal insulation': 0, 'heat reflective': 0, 'reflective coating': 0, 'shade net': 0, 'shade structure': 0, 'canopy': 0, 'awning': 0, 'albedo paint': 0, 'albedo painting': 0, 'white painting': 0, 'reflective paint': 0, 'green roof': 0, 'green roofing': 0, 'k glass': 0, 'doubly glazed glass': 0, 'passive cooling': 0, 'air cooler': 0, 'white china mosaic': 0, 'lime based whitewash': 0, 'white tarp': 0, 'acrylic resin coating': 0, 'tree plantation': 0, 'avenue plantation': 0, 'plantation': 0, 'green belt': 0, 'urban forestry': 0, 'urban forest': 0, 'park development': 0, 'shelter belt': 0, 'shade tree': 0, 'vertical garden': 0, 'green space': 0, 'afforestation': 0, 'green campus': 0, 'night shelter': 0, 'transit shelter': 0, 'rest shed': 0, 'waiting shed': 0, 'community hall': 0, 'relief centre': 0, 'relief center': 0, 'bus stand shelter': 0, 'passenger shelter': 0, 'cool shelter': 0, 'rest shade': 0, 'cool resting space': 0, 'cool resting shed': 0, 'passenger shed': 0, 'outreach clinic': 0, 'awareness campaign': 0, 'iec activity': 0, 'iec material': 0, 'capacity building': 0, 'training programme': 0, 'training program': 0, 'mock drill': 0, 'sensitization': 0, 'swasthya kantha': 0, 'do and dont': 0, 'dos and donts': 0, 'display board': 0, 'hoarding': 0, 'pamphlet': 0, 'leaflet': 0, 'banner': 0}","{'floodlight': 0, 'flood light': 0, 'street light': 0, 'solar street light': 0, 'high mast light': 0, 'gas pipeline': 0, 'sports complex': 0, 'stadium': 0, 'cricket': 0, 'football': 0, 'volleyball': 0, 'examination hall': 0, 'cremation ground': 0, 'crematorium': 0, 'burial ground': 0, 'election': 0, 'covid': 0, 'vaccination': 0, 'wedding hall': 0, 'marriage hall': 0, 'kalyan mandap': 0, 'boundary wall': 0, 'compound wall': 0, 'staff quarter': 0, 'quarter building': 0, 'drug warehouse': 0, 'drug ware house': 0, 'godown': 0, 'bio medical waste': 0, 'biomedical waste': 0, 'bmw management': 0, 'waste management': 0}",weak,Monsoon (Jul-Sep),,Drinking Water & Hydration,Drinking Water & Hydration,{'Drinking Water & Hydration': {'borewell': 2}}
2024_CEBMB_107972_10,e-BEID-01/2024-25,Protection to saline embankment from Sipakuda to Prayagi in between RD 5500m to 5700m.,"Raising, strengthening of saline embankment",Works,Open Tender,Percentage,Civil Works - Others,No,No,NA ,07-Dec-2024 10:00 AM,NA ,90.0,No ,No,Online,17-Dec-2024 11:00 AM,"CE-BM,RVN Basin,Berhampur||S.E. Southern Irr. Circle I Berhampur||EE Berhampur Irrigation Divn Berhampur",Berhampur,760004.0,1.0,"11,70,000",Biduta Acharya,"993,773",Rejected-AOC,29-Jan-2025,"CE-BM,RVN Basin,Berhampur||S.E. Southern Irr. Circle I Berhampur||EE Berhampur Irrigation Divn Berhampur",True,False,"{'heatwave': 0, 'heat wave': 0, 'heat-wave': 0, 'heat stress': 0, 'heat stroke': 0, 'heat action plan': 0, 'heat resilience': 0, 'heat resilient': 0, 'extreme heat': 0, 'high temperature': 0, 'rising temperature': 0, 'heat resistant': 0, 'climate resilient': 0, 'cooling centre': 0, 'cooling center': 0, 'emergency response': 0, 'first aid': 0, 'ambulance': 0, 'ors': 0, 'oral rehydration solution': 0, 'heat stroke treatment': 0, 'sunstroke': 0, 'sun stroke': 0, 'heat related illness': 0, 'heat illness': 0, 'heat exhaustion': 0, 'heat cramp': 0, 'heat rash': 0, 'heat alert': 0, 'heat warning': 0, 'heat advisory': 0, 'heat hotline': 0, 'satark': 0, 'early warning system': 0, 'saline': 2, 'iv fluid': 0, 'rapid response team': 0, 'mobile health unit': 0, 'relief chamber': 0, 'heat stroke ward': 0, 'heat stroke bed': 0, 'drinking water': 0, 'water kiosk': 0, 'water atm': 0, 'hydration point': 0, 'hydration centre': 0, 'hydration center': 0, 'cold water': 0, 'tube well': 0, 'tubewell': 0, 'borewell': 0, 'bore well': 0, 'hand pump': 0, 'handpump': 0, 'overhead tank': 0, 'oh tank': 0, 'stand post': 0, 'piped water supply': 0, 'water supply scheme': 0, 'jalachhatra': 0, 'jalachatra': 0, 'jala jogana kendra': 0, 'jal jogana kendra': 0, 'jal seva shibira': 0, 'water tanker': 0, 'water sprinkling': 0, 'cool roof': 0, 'white roof': 0, 'white topping': 0, 'roof insulation': 0, 'thermal insulation': 0, 'heat reflective': 0, 'reflective coating': 0, 'shade net': 0, 'shade structure': 0, 'canopy': 0, 'awning': 0, 'albedo paint': 0, 'albedo painting': 0, 'white painting': 0, 'reflective paint': 0, 'green roof': 0, 'green roofing': 0, 'k glass': 0, 'doubly glazed glass': 0, 'passive cooling': 0, 'air cooler': 0, 'white china mosaic': 0, 'lime based whitewash': 0, 'white tarp': 0, 'acrylic resin coating': 0, 'tree plantation': 0, 'avenue plantation': 0, 'plantation': 0, 'green belt': 0, 'urban forestry': 0, 'urban forest': 0, 'park development': 0, 'shelter belt': 0, 'shade tree': 0, 'vertical garden': 0, 'green space': 0, 'afforestation': 0, 'green campus': 0, 'night shelter': 0, 'transit shelter': 0, 'rest shed': 0, 'waiting shed': 0, 'community hall': 0, 'relief centre': 0, 'relief center': 0, 'bus stand shelter': 0, 'passenger shelter': 0, 'cool shelter': 0, 'rest shade': 0, 'cool resting space': 0, 'cool resting shed': 0, 'passenger shed': 0, 'outreach clinic': 0, 'awareness campaign': 0, 'iec activity': 0, 'iec material': 0, 'capacity building': 0, 'training programme': 0, 'training program': 0, 'mock drill': 0, 'sensitization': 0, 'swasthya kantha': 0, 'do and dont': 0, 'dos and donts': 0, 'display board': 0, 'hoarding': 0, 'pamphlet': 0, 'leaflet': 0, 'banner': 0}","{'floodlight': 0, 'flood light': 0, 'street light': 0, 'solar street light': 0, 'high mast light': 0, 'gas pipeline': 0, 'sports complex': 0, 'stadium': 0, 'cricket': 0, 'football': 0, 'volleyball': 0, 'examination hall': 0, 'cremation ground': 0, 'crematorium': 0, 'burial ground': 0, 'election': 0, 'covid': 0, 'vaccination': 0, 'wedding hall': 0, 'marriage hall': 0, 'kalyan mandap': 0, 'boundary wall': 0, 'compound wall': 0, 'staff quarter': 0, 'quarter building': 0, 'drug warehouse': 0, 'drug ware house': 0, 'godown': 0, 'bio medical waste': 0, 'biomedical waste': 0, 'bmw management': 0, 'waste management': 0}",weak,Post-Monsoon / Winter (Oct-Dec),,Heatwave & Emergency Response,Heatwave & Emergency Response,{'Heatwave & Emergency Response': {'saline': 2}}
2024_NZP_106268_1,45/PMU/NKZP OF 2024 -25,"Construction of 6 nos of Visitor Rest Shed under the theme North East panorama, Nandankanan Zoological park- 2024-25","Construction of 6 nos of Visitor Rest Shed under the theme North East panorama, Nandankanan Zoological park- 2024-25",Works,National Competitive Bid,Percentage,Civil Works - Others,No,No,NA ,01-Nov-2024 01:00 PM,05-Nov-2024 11:30 AM ,90.0,No ,No,Online,11-Nov-2024 11:00 AM,Forest Environment and Climate Change Department||Nandankanan Zoological Park,nandankanan,754005.0,2.0,,Shyamsundar Realcon private limited,"8,178,846",Rejected-Technical,03-Jan-2025,Forest Environment and Climate Change Department||Nandankanan Zoological Park,True,False,"{'heatwave': 0, 'heat wave': 0, 'heat-wave': 0, 'heat stress': 0, 'heat stroke': 0, 'heat action plan': 0, 'heat resilience': 0, 'heat resilient': 0, 'extreme heat': 0, 'high temperature': 0, 'rising temperature': 0, 'heat resistant': 0, 'climate resilient': 0, 'cooling centre': 0, 'cooling center': 0, 'emergency response': 0, 'first aid': 0, 'ambulance': 0, 'ors': 0, 'oral rehydration solution': 0, 'heat stroke treatment': 0, 'sunstroke': 0, 'sun stroke': 0, 'heat related illness': 0, 'heat illness': 0, 'heat exhaustion': 0, 'heat cramp': 0, 'heat rash': 0, 'heat alert': 0, 'heat warning': 0, 'heat advisory': 0, 'heat hotline': 0, 'satark': 0, 'early warning system': 0, 'saline': 0, 'iv fluid': 0, 'rapid response team': 0, 'mobile health unit': 0, 'relief chamber': 0, 'heat stroke ward': 0, 'heat stroke bed': 0, 'drinking water': 0, 'water kiosk': 0, 'water atm': 0, 'hydration point': 0, 'hydration centre': 0, 'hydration center': 0, 'cold water': 0, 'tube well': 0, 'tubewell': 0, 'borewell': 0, 'bore well': 0, 'hand pump': 0, 'handpump': 0, 'overhead tank': 0, 'oh tank': 0, 'stand post': 0, 'piped water supply': 0, 'water supply scheme': 0, 'jalachhatra': 0, 'jalachatra': 0, 'jala jogana kendra': 0, 'jal jogana kendra': 0, 'jal seva shibira': 0, 'water tanker': 0, 'water sprinkling': 0, 'cool roof': 0, 'white roof': 0, 'white topping': 0, 'roof insulation': 0, 'thermal insulation': 0, 'heat reflective': 0, 'reflective coating': 0, 'shade net': 0, 'shade structure': 0, 'canopy': 0, 'awning': 0, 'albedo paint': 0, 'albedo painting': 0, 'white painting': 0, 'reflective paint': 0, 'green roof': 0, 'green roofing': 0, 'k glass': 0, 'doubly glazed glass': 0, 'passive cooling': 0, 'air cooler': 0, 'white china mosaic': 0, 'lime based whitewash': 0, 'white tarp': 0, 'acrylic resin coating': 0, 'tree plantation': 0, 'avenue plantation': 0, 'plantation': 0, 'green belt': 0, 'urban forestry': 0, 'urban forest': 0, 'park development': 0, 'shelter belt': 0, 'shade tree': 0, 'vertical garden': 0, 'green space': 0, 'afforestation': 0, 'green campus': 0, 'night shelter': 0, 'transit shelter': 0, 'rest shed': 2, 'waiting shed': 0, 'community hall': 0, 'relief centre': 0, 'relief center': 0, 'bus stand shelter': 0, 'passenger shelter': 0, 'cool shelter': 0, 'rest shade': 0, 'cool resting space': 0, 'cool resting shed': 0, 'passenger shed': 0, 'outreach clinic': 0, 'awareness campaign': 0, 'iec activity': 0, 'iec material': 0, 'capacity building': 0, 'training programme': 0, 'training program': 0, 'mock drill': 0, 'sensitization': 0, 'swasthya kantha': 0, 'do and dont': 0, 'dos and donts': 0, 'display board': 0, 'hoarding': 0, 'pamphlet': 0, 'leaflet': 0, 'banner': 0}","{'floodlight': 0, 'flood light': 0, 'street light': 0, 'solar street light': 0, 'high mast light': 0, 'gas pipeline': 0, 'sports complex': 0, 'stadium': 0, 'cricket': 0, 'football': 0, 'volleyball': 0, 'examination hall': 0, 'cremation ground': 0, 'crematorium': 0, 'burial ground': 0, 'election': 0, 'covid': 0, 'vaccination': 0, 'wedding hall': 0, 'marriage hall': 0, 'kalyan mandap': 0, 'boundary wall': 0, 'compound wall': 0, 'staff quarter': 0, 'quarter building': 0, 'drug warehouse': 0, 'drug ware house': 0, 'godown': 0, 'bio medical waste': 0, 'biomedical waste': 0, 'bmw management': 0, 'waste management': 0}",weak,Post-Monsoon / Winter (Oct-Dec),,Shelter & Rest Infrastructure,Shelter & Rest Infrastructure,{'Shelter & Rest Infrastructure': {'rest shed': 2}}
2024_CEBMB_107972_12,e-BEID-01/2024-25,"Improvement, Protection to Service road of Langaleswar to Pathara saline embankment in between RD 3.50 Km to 5.50 Km.","Improvement, Protection to Service road",Works,Open Tender,Percentage,Civil Works - Others,No,No,NA ,07-Dec-2024 10:00 AM,NA ,90.0,No ,No,Online,17-Dec-2024 11:00 AM,"CE-BM,RVN Basin,Berhampur||S.E. Southern Irr. Circle I Berhampur||EE Berhampur Irrigation Divn Berhampur",Berhampur,760004.0,1.0,"27,76,000",DIGAMBAR NAYAK,"2,360,254",Rejected-AOC,29-Jan-2025,"CE-BM,RVN Basin,Berhampur||S.E. Southern Irr. Circle I Berhampur||EE Berhampur Irrigation Divn Berhampur",True,False,"{'heatwave': 0, 'heat wave': 0, 'heat-wave': 0, 'heat stress': 0, 'heat stroke': 0, 'heat action plan': 0, 'heat resilience': 0, 'heat resilient': 0, 'extreme heat': 0, 'high temperature': 0, 'rising temperature': 0, 'heat resistant': 0, 'climate resilient': 0, 'cooling centre': 0, 'cooling center': 0, 'emergency response': 0, 'first aid': 0, 'ambulance': 0, 'ors': 0, 'oral rehydration solution': 0, 'heat stroke treatment': 0, 'sunstroke': 0, 'sun stroke': 0, 'heat related illness': 0, 'heat illness': 0, 'heat exhaustion': 0, 'heat cramp': 0, 'heat rash': 0, 'heat alert': 0, 'heat warning': 0, 'heat advisory': 0, 'heat hotline': 0, 'satark': 0, 'early warning system': 0, 'saline': 1, 'iv fluid': 0, 'rapid response team': 0, 'mobile health unit': 0, 'relief chamber': 0, 'heat stroke ward': 0, 'heat stroke bed': 0, 'drinking water': 0, 'water kiosk': 0, 'water atm': 0, 'hydration point': 0, 'hydration centre': 0, 'hydration center': 0, 'cold water': 0, 'tube well': 0, 'tubewell': 0, 'borewell': 0, 'bore well': 0, 'hand pump': 0, 'handpump': 0, 'overhead tank': 0, 'oh tank': 0, 'stand post': 0, 'piped water supply': 0, 'water supply scheme': 0, 'jalachhatra': 0, 'jalachatra': 0, 'jala jogana kendra': 0, 'jal jogana kendra': 0, 'jal seva shibira': 0, 'water tanker': 0, 'water sprinkling': 0, 'cool roof': 0, 'white roof': 0, 'white topping': 0, 'roof insulation': 0, 'thermal insulation': 0, 'heat reflective': 0, 'reflective coating': 0, 'shade net': 0, 'shade structure': 0, 'canopy': 0, 'awning': 0, 'albedo paint': 0, 'albedo painting': 0, 'white painting': 0, 'reflective paint': 0, 'green roof': 0, 'green roofing': 0, 'k glass': 0, 'doubly glazed glass': 0, 'passive cooling': 0, 'air cooler': 0, 'white china mosaic': 0, 'lime based whitewash': 0, 'white tarp': 0, 'acrylic resin coating': 0, 'tree plantation': 0, 'avenue plantation': 0, 'plantation': 0, 'green belt': 0, 'urban forestry': 0, 'urban forest': 0, 'park development': 0, 'shelter belt': 0, 'shade tree': 0, 'vertical garden': 0, 'green space': 0, 'afforestation': 0, 'green campus': 0, 'night shelter': 0, 'transit shelter': 0, 'rest shed': 0, 'waiting shed': 0, 'community hall': 0, 'relief centre': 0, 'relief center': 0, 'bus stand shelter': 0, 'passenger shelter': 0, 'cool shelter': 0, 'rest shade': 0, 'cool resting space': 0, 'cool resting shed': 0, 'passenger shed': 0, 'outreach clinic': 0, 'awareness campaign': 0, 'iec activity': 0, 'iec material': 0, 'capacity building': 0, 'training programme': 0, 'training program': 0, 'mock drill': 0, 'sensitization': 0, 'swasthya kantha': 0, 'do and dont': 0, 'dos and donts': 0, 'display board': 0, 'hoarding': 0, 'pamphlet': 0, 'leaflet': 0, 'banner': 0}","{'floodlight': 0, 'flood light': 0, 'street light': 0, 'solar street light': 0, 'high mast light': 0, 'gas pipeline': 0, 'sports complex': 0, 'stadium': 0, 'cricket': 0, 'football': 0, 'volleyball': 0, 'examination hall': 0, 'cremation ground': 0, 'crematorium': 0, 'burial ground': 0, 'election': 0, 'covid': 0, 'vaccination': 0, 'wedding hall': 0, 'marriage hall': 0, 'kalyan mandap': 0, 'boundary wall': 0, 'compound wall': 0, 'staff quarter': 0, 'quarter building': 0, 'drug warehouse': 0, 'drug ware house': 0, 'godown': 0, 'bio medical waste': 0, 'biomedical waste': 0, 'bmw management': 0, 'waste management': 0}",weak,Post-Monsoon / Winter (Oct-Dec),,Heatwave & Emergency Response,Heatwave & Emergency Response,{'Heatwave & Emergency Response': {'saline': 1}}
2023_CEBMB_98484_14,e-BEID-05/2023-24,Improvement to the saline embankment road from village Kaitha to Abhiram Temple.,Improvement to Saline embankment,Works,Open Tender,Percentage,Civil Works - Others,No,No,NA ,18-Dec-2023 10:00 AM,NA ,90.0,No ,No,Online,28-Dec-2023 11:00 AM,"CE-BM,RVN Basin,Berhampur||S.E. Southern Irr. Circle I Berhampur||EE Berhampur Irrigation Divn Berhampur",Berhampur,760004.0,1.0,"14,47,000",LALITA MOHAN NAYAK,"1,230,312",Rejected-AOC,24-May-2024,"CE-BM,RVN Basin,Berhampur||S.E. Southern Irr. Circle I Berhampur||EE Berhampur Irrigation Divn Berhampur",True,False,"{'heatwave': 0, 'heat wave': 0, 'heat-wave': 0, 'heat stress': 0, 'heat stroke': 0, 'heat action plan': 0, 'heat resilience': 0, 'heat resilient': 0, 'extreme heat': 0, 'high temperature': 0, 'rising temperature': 0, 'heat resistant': 0, 'climate resilient': 0, 'cooling centre': 0, 'cooling center': 0, 'emergency response': 0, 'first aid': 0, 'ambulance': 0, 'ors': 0, 'oral rehydration solution': 0, 'heat stroke treatment': 0, 'sunstroke': 0, 'sun stroke': 0, 'heat related illness': 0, 'heat illness': 0, 'heat exhaustion': 0, 'heat cramp': 0, 'heat rash': 0, 'heat alert': 0, 'heat warning': 0, 'heat advisory': 0, 'heat hotline': 0, 'satark': 0, 'early warning system': 0, 'saline': 2, 'iv fluid': 0, 'rapid response team': 0, 'mobile health unit': 0, 'relief chamber': 0, 'heat stroke ward': 0, 'heat stroke bed': 0, 'drinking water': 0, 'water kiosk': 0, 'water atm': 0, 'hydration point': 0, 'hydration centre': 0, 'hydration center': 0, 'cold water': 0, 'tube well': 0, 'tubewell': 0, 'borewell': 0, 'bore well': 0, 'hand pump': 0, 'handpump': 0, 'overhead tank': 0, 'oh tank': 0, 'stand post': 0, 'piped water supply': 0, 'water supply scheme': 0, 'jalachhatra': 0, 'jalachatra': 0, 'jala jogana kendra': 0, 'jal jogana kendra': 0, 'jal seva shibira': 0, 'water tanker': 0, 'water sprinkling': 0, 'cool roof': 0, 'white roof': 0, 'white topping': 0, 'roof insulation': 0, 'thermal insulation': 0, 'heat reflective': 0, 'reflective coating': 0, 'shade net': 0, 'shade structure': 0, 'canopy': 0, 'awning': 0, 'albedo paint': 0, 'albedo painting': 0, 'white painting': 0, 'reflective paint': 0, 'green roof': 0, 'green roofing': 0, 'k glass': 0, 'doubly glazed glass': 0, 'passive cooling': 0, 'air cooler': 0, 'white china mosaic': 0, 'lime based whitewash': 0, 'white tarp': 0, 'acrylic resin coating': 0, 'tree plantation': 0, 'avenue plantation': 0, 'plantation': 0, 'green belt': 0, 'urban forestry': 0, 'urban forest': 0, 'park development': 0, 'shelter belt': 0, 'shade tree': 0, 'vertical garden': 0, 'green space': 0, 'afforestation': 0, 'green campus': 0, 'night shelter': 0, 'transit shelter': 0, 'rest shed': 0, 'waiting shed': 0, 'community hall': 0, 'relief centre': 0, 'relief center': 0, 'bus stand shelter': 0, 'passenger shelter': 0, 'cool shelter': 0, 'rest shade': 0, 'cool resting space': 0, 'cool resting shed': 0, 'passenger shed': 0, 'outreach clinic': 0, 'awareness campaign': 0, 'iec activity': 0, 'iec material': 0, 'capacity building': 0, 'training programme': 0, 'training program': 0, 'mock drill': 0, 'sensitization': 0, 'swasthya kantha': 0, 'do and dont': 0, 'dos and donts': 0, 'display board': 0, 'hoarding': 0, 'pamphlet': 0, 'leaflet': 0, 'banner': 0}","{'floodlight': 0, 'flood light': 0, 'street light': 0, 'solar street light': 0, 'high mast light': 0, 'gas pipeline': 0, 'sports complex': 0, 'stadium': 0, 'cricket': 0, 'football': 0, 'volleyball': 0, 'examination hall': 0, 'cremation ground': 0, 'crematorium': 0, 'burial ground': 0, 'election': 0, 'covid': 0, 'vaccination': 0, 'wedding hall': 0, 'marriage hall': 0, 'kalyan mandap': 0, 'boundary wall': 0, 'compound wall': 0, 'staff quarter': 0, 'quarter building': 0, 'drug warehouse': 0, 'drug ware house': 0, 'godown': 0, 'bio medical waste': 0, 'biomedical waste': 0, 'bmw management': 0, 'waste management': 0}",weak,Post-Monsoon / Winter (Oct-Dec),,Heatwave & Emergency Response,Heatwave & Emergency Response,{'Heatwave & Emergency Response': {'saline': 2}}
2024_CEBMB_107972_13,e-BEID-01/2024-25,Improvement to saline embankment from Sipakuda to Prayagi in between RD 6.50 to 7.50 Km.,"Raising, strengthening of saline embankment",Works,Open Tender,Percentage,Civil Works - Others,No,No,NA ,07-Dec-2024 10:00 AM,NA ,90.0,No ,No,Online,17-Dec-2024 11:00 AM,"CE-BM,RVN Basin,Berhampur||S.E. Southern Irr. Circle I Berhampur||EE Berhampur Irrigation Divn Berhampur",Berhampur,760004.0,1.0,"17,10,000",Biduta Acharya,"1,453,887",Accepted-AOC,29-Jan-2025,"CE-BM,RVN Basin,Berhampur||S.E. Southern Irr. Circle I Berhampur||EE Berhampur Irrigation Divn Berhampur",True,False,"{'heatwave': 0, 'heat wave': 0, 'heat-wave': 0, 'heat stress': 0, 'heat stroke': 0, 'heat action plan': 0, 'heat resilience': 0, 'heat resilient': 0, 'extreme heat': 0, 'high temperature': 0, 'rising temperature': 0, 'heat resistant': 0, 'climate resilient': 0, 'cooling centre': 0, 'cooling center': 0, 'emergency response': 0, 'first aid': 0, 'ambulance': 0, 'ors': 0, 'oral rehydration solution': 0, 'heat stroke treatment': 0, 'sunstroke': 0, 'sun stroke': 0, 'heat related illness': 0, 'heat illness': 0, 'heat exhaustion': 0, 'heat cramp': 0, 'heat rash': 0, 'heat alert': 0, 'heat warning': 0, 'heat advisory': 0, 'heat hotline': 0, 'satark': 0, 'early warning system': 0, 'saline': 2, 'iv fluid': 0, 'rapid response team': 0, 'mobile health unit': 0, 'relief chamber': 0, 'heat stroke ward': 0, 'heat stroke bed': 0, 'drinking water': 0, 'water kiosk': 0, 'water atm': 0, 'hydration point': 0, 'hydration centre': 0, 'hydration center': 0, 'cold water': 0, 'tube well': 0, 'tubewell': 0, 'borewell': 0, 'bore well': 0, 'hand pump': 0, 'handpump': 0, 'overhead tank': 0, 'oh tank': 0, 'stand post': 0, 'piped water supply': 0, 'water supply scheme': 0, 'jalachhatra': 0, 'jalachatra': 0, 'jala jogana kendra': 0, 'jal jogana kendra': 0, 'jal seva shibira': 0, 'water tanker': 0, 'water sprinkling': 0, 'cool roof': 0, 'white roof': 0, 'white topping': 0, 'roof insulation': 0, 'thermal insulation': 0, 'heat reflective': 0, 'reflective coating': 0, 'shade net': 0, 'shade structure': 0, 'canopy': 0, 'awning': 0, 'albedo paint': 0, 'albedo painting': 0, 'white painting': 0, 'reflective paint': 0, 'green roof': 0, 'green roofing': 0, 'k glass': 0, 'doubly glazed glass': 0, 'passive cooling': 0, 'air cooler': 0, 'white china mosaic': 0, 'lime based whitewash': 0, 'white tarp': 0, 'acrylic resin coating': 0, 'tree plantation': 0, 'avenue plantation': 0, 'plantation': 0, 'green belt': 0, 'urban forestry': 0, 'urban forest': 0, 'park development': 0, 'shelter belt': 0, 'shade tree': 0, 'vertical garden': 0, 'green space': 0, 'afforestation': 0, 'green campus': 0, 'night shelter': 0, 'transit shelter': 0, 'rest shed': 0, 'waiting shed': 0, 'community hall': 0, 'relief centre': 0, 'relief center': 0, 'bus stand shelter': 0, 'passenger shelter': 0, 'cool shelter': 0, 'rest shade': 0, 'cool resting space': 0, 'cool resting shed': 0, 'passenger shed': 0, 'outreach clinic': 0, 'awareness campaign': 0, 'iec activity': 0, 'iec material': 0, 'capacity building': 0, 'training programme': 0, 'training program': 0, 'mock drill': 0, 'sensitization': 0, 'swasthya kantha': 0, 'do and dont': 0, 'dos and donts': 0, 'display board': 0, 'hoarding': 0, 'pamphlet': 0, 'leaflet': 0, 'banner': 0}","{'floodlight': 0, 'flood light': 0, 'street light': 0, 'solar street light': 0, 'high mast light': 0, 'gas pipeline': 0, 'sports complex': 0, 'stadium': 0, 'cricket': 0, 'football': 0, 'volleyball': 0, 'examination hall': 0, 'cremation ground': 0, 'crematorium': 0, 'burial ground': 0, 'election': 0, 'covid': 0, 'vaccination': 0, 'wedding hall': 0, 'marriage hall': 0, 'kalyan mandap': 0, 'boundary wall': 0, 'compound wall': 0, 'staff quarter': 0, 'quarter building': 0, 'drug warehouse': 0, 'drug ware house': 0, 'godown': 0, 'bio medical waste': 0, 'biomedical waste': 0, 'bmw management': 0, 'waste management': 0}",weak,Post-Monsoon / Winter (Oct-Dec),,Heatwave & Emergency Response,Heatwave & Emergency Response,{'Heatwave & Emergency Response': {'saline': 2}}
2024_CELBB_103656_16,EPROC.TENDERCALL NOTICE NO.PID01OF202425,PID-16 Restoration and protection to Nuapada saline gherry from RD 2.700 km to 2.865 km,Restoration and protection to Nuapada saline gherry from RD 2.700 km to 2.865 km,Works,Open Tender,Percentage,Civil Works - Others,No,No,NA ,15-Jul-2024 10:30 AM,NA ,90.0,No ,No,Online,26-Jul-2024 10:30 AM,"CE-BM,LMB Basin,BBSR||SE, Central Irr.Circle, BBSR||EE,Puri Irr Division,Puri",PURI,752003.0,1.0,"29,02,718",UMESH PRADHAN,"2,467,601",Rejected-Finance,18-Oct-2024,"CE-BM,LMB Basin,BBSR||SE, Central Irr.Circle, BBSR||EE,Puri Irr Division,Puri",True,False,"{'heatwave': 0, 'heat wave': 0, 'heat-wave': 0, 'heat stress': 0, 'heat stroke': 0, 'heat action plan': 0, 'heat resilience': 0, 'heat resilient': 0, 'extreme heat': 0, 'high temperature': 0, 'rising temperature': 0, 'heat resistant': 0, 'climate resilient': 0, 'cooling centre': 0, 'cooling center': 0, 'emergency response': 0, 'first aid': 0, 'ambulance': 0, 'ors': 0, 'oral rehydration solution': 0, 'heat stroke treatment': 0, 'sunstroke': 0, 'sun stroke': 0, 'heat related illness': 0, 'heat illness': 0, 'heat exhaustion': 0, 'heat cramp': 0, 'heat rash': 0, 'heat alert': 0, 'heat warning': 0, 'heat advisory': 0, 'heat hotline': 0, 'satark': 0, 'early warning system': 0, 'saline': 2, 'iv fluid': 0, 'rapid response team': 0, 'mobile health unit': 0, 'relief chamber': 0, 'heat stroke ward': 0, 'heat stroke bed': 0, 'drinking water': 0, 'water kiosk': 0, 'water atm': 0, 'hydration point': 0, 'hydration centre': 0, 'hydration center': 0, 'cold water': 0, 'tube well': 0, 'tubewell': 0, 'borewell': 0, 'bore well': 0, 'hand pump': 0, 'handpump': 0, 'overhead tank': 0, 'oh tank': 0, 'stand post': 0, 'piped water supply': 0, 'water supply scheme': 0, 'jalachhatra': 0, 'jalachatra': 0, 'jala jogana kendra': 0, 'jal jogana kendra': 0, 'jal seva shibira': 0, 'water tanker': 0, 'water sprinkling': 0, 'cool roof': 0, 'white roof': 0, 'white topping': 0, 'roof insulation': 0, 'thermal insulation': 0, 'heat reflective': 0, 'reflective coating': 0, 'shade net': 0, 'shade structure': 0, 'canopy': 0, 'awning': 0, 'albedo paint': 0, 'albedo painting': 0, 'white painting': 0, 'reflective paint': 0, 'green roof': 0, 'green roofing': 0, 'k glass': 0, 'doubly glazed glass': 0, 'passive cooling': 0, 'air cooler': 0, 'white china mosaic': 0, 'lime based whitewash': 0, 'white tarp': 0, 'acrylic resin coating': 0, 'tree plantation': 0, 'avenue plantation': 0, 'plantation': 0, 'green belt': 0, 'urban forestry': 0, 'urban forest': 0, 'park development': 0, 'shelter belt': 0, 'shade tree': 0, 'vertical garden': 0, 'green space': 0, 'afforestation': 0, 'green campus': 0, 'night shelter': 0, 'transit shelter': 0, 'rest shed': 0, 'waiting shed': 0, 'community hall': 0, 'relief centre': 0, 'relief center': 0, 'bus stand shelter': 0, 'passenger shelter': 0, 'cool shelter': 0, 'rest shade': 0, 'cool resting space': 0, 'cool resting shed': 0, 'passenger shed': 0, 'outreach clinic': 0, 'awareness campaign': 0, 'iec activity': 0, 'iec material': 0, 'capacity building': 0, 'training programme': 0, 'training program': 0, 'mock drill': 0, 'sensitization': 0, 'swasthya kantha': 0, 'do and dont': 0, 'dos and donts': 0, 'display board': 0, 'hoarding': 0, 'pamphlet': 0, 'leaflet': 0, 'banner': 0}","{'floodlight': 0, 'flood light': 0, 'street light': 0, 'solar street light': 0, 'high mast light': 0, 'gas pipeline': 0, 'sports complex': 0, 'stadium': 0, 'cricket': 0, 'football': 0, 'volleyball': 0, 'examination hall': 0, 'cremation ground': 0, 'crematorium': 0, 'burial ground': 0, 'election': 0, 'covid': 0, 'vaccination': 0, 'wedding hall': 0, 'marriage hall': 0, 'kalyan mandap': 0, 'boundary wall': 0, 'compound wall': 0, 'staff quarter': 0, 'quarter building': 0, 'drug warehouse': 0, 'drug ware house': 0, 'godown': 0, 'bio medical waste': 0, 'biomedical waste': 0, 'bmw management': 0, 'waste management': 0}",weak,Monsoon (Jul-Sep),,Heatwave & Emergency Response,Heatwave & Emergency Response,{'Heatwave & Emergency Response': {'saline': 2}}
2024_CEBML_100152_8,". 02/ 23-24 of SE,SIDivision No-I, Jharpokharia",Construction of Community Hall at Kaladam under R R assistance of Haladia Reservoir of Subarnarekha Irrigation Project,Building work,Works,National Competitive Bid,Percentage,Civil Works - Buildings,No,No,NA ,26-Jan-2024 09:00 AM,NA ,90.0,No ,No,Online,05-Feb-2024 11:00 AM,"CE-BM,BSB Basin,Laxmiposi||SE,Subarnarekha Irr.Circle,Laxmiposi||EE,Subarnarekha Irr.Divn-I,Jharapokharia",Jharpokharia,757086.0,1.0,"9,34,566",BIRENDRA KUMAR BEHERA,"794,474",Rejected-Finance,06-Jan-2025,"CE-BM,BSB Basin,Laxmiposi||SE,Subarnarekha Irr.Circle,Laxmiposi||EE,Subarnarekha Irr.Divn-I,Jharapokharia",True,False,"{'heatwave': 0, 'heat wave': 0, 'heat-wave': 0, 'heat stress': 0, 'heat stroke': 0, 'heat action plan': 0, 'heat resilience': 0, 'heat resilient': 0, 'extreme heat': 0, 'high temperature': 0, 'rising temperature': 0, 'heat resistant': 0, 'climate resilient': 0, 'cooling centre': 0, 'cooling center': 0, 'emergency response': 0, 'first aid': 0, 'ambulance': 0, 'ors': 0, 'oral rehydration solution': 0, 'heat stroke treatment': 0, 'sunstroke': 0, 'sun stroke': 0, 'heat related illness': 0, 'heat illness': 0, 'heat exhaustion': 0, 'heat cramp': 0, 'heat rash': 0, 'heat alert': 0, 'heat warning': 0, 'heat advisory': 0, 'heat hotline': 0, 'satark': 0, 'early warning system': 0, 'saline': 0, 'iv fluid': 0, 'rapid response team': 0, 'mobile health unit': 0, 'relief chamber': 0, 'heat stroke ward': 0, 'heat stroke bed': 0, 'drinking water': 0, 'water kiosk': 0, 'water atm': 0, 'hydration point': 0, 'hydration centre': 0, 'hydration center': 0, 'cold water': 0, 'tube well': 0, 'tubewell': 0, 'borewell': 0, 'bore well': 0, 'hand pump': 0, 'handpump': 0, 'overhead tank': 0, 'oh tank': 0, 'stand post': 0, 'piped water supply': 0, 'water supply scheme': 0, 'jalachhatra': 0, 'jalachatra': 0, 'jala jogana kendra': 0, 'jal jogana kendra': 0, 'jal seva shibira': 0, 'water tanker': 0, 'water sprinkling': 0, 'cool roof': 0, 'white roof': 0, 'white topping': 0, 'roof insulation': 0, 'thermal insulation': 0, 'heat reflective': 0, 'reflective coating': 0, 'shade net': 0, 'shade structure': 0, 'canopy': 0, 'awning': 0, 'albedo paint': 0, 'albedo painting': 0, 'white painting': 0, 'reflective paint': 0, 'green roof': 0, 'green roofing': 0, 'k glass': 0, 'doubly glazed glass': 0, 'passive cooling': 0, 'air cooler': 0, 'white china mosaic': 0, 'lime based whitewash': 0, 'white tarp': 0, 'acrylic resin coating': 0, 'tree plantation': 0, 'avenue plantation': 0, 'plantation': 0, 'green belt': 0, 'urban forestry': 0, 'urban forest': 0, 'park development': 0, 'shelter belt': 0, 'shade tree': 0, 'vertical garden': 0, 'green space': 0, 'afforestation': 0, 'green campus': 0, 'night shelter': 0, 'transit shelter': 0, 'rest shed': 0, 'waiting shed': 0, 'community hall': 1, 'relief centre': 0, 'relief center': 0, 'bus stand shelter': 0, 'passenger shelter': 0, 'cool shelter': 0, 'rest shade': 0, 'cool resting space': 0, 'cool resting shed': 0, 'passenger shed': 0, 'outreach clinic': 0, 'awareness campaign': 0, 'iec activity': 0, 'iec material': 0, 'capacity building': 0, 'training programme': 0, 'training program': 0, 'mock drill': 0, 'sensitization': 0, 'swasthya kantha': 0, 'do and dont': 0, 'dos and donts': 0, 'display board': 0, 'hoarding': 0, 'pamphlet': 0, 'leaflet': 0, 'banner': 0}","{'floodlight': 0, 'flood light': 0, 'street light': 0, 'solar street light': 0, 'high mast light': 0, 'gas pipeline': 0, 'sports complex': 0, 'stadium': 0, 'cricket': 0, 'football': 0, 'volleyball': 0, 'examination hall': 0, 'cremation ground': 0, 'crematorium': 0, 'burial ground': 0, 'election': 0, 'covid': 0, 'vaccination': 0, 'wedding hall': 0, 'marriage hall': 0, 'kalyan mandap': 0, 'boundary wall': 0, 'compound wall': 0, 'staff quarter': 0, 'quarter building': 0, 'drug warehouse': 0, 'drug ware house': 0, 'godown': 0, 'bio medical waste': 0, 'biomedical waste': 0, 'bmw management': 0, 'waste management': 0}",weak,Pre-Summer (Jan-Feb),,Shelter & Rest Infrastructure,Shelter & Rest Infrastructure,{'Shelter & Rest Infrastructure': {'community hall': 1}}
2024_CELBB_103656_14,EPROC.TENDERCALL NOTICE NO.PID01OF202425,PID-14 Restoration and protection to Nuapada saline gherry from RD 5.700 km to 5.870 km,Restoration and protection to Nuapada saline gherry from RD 5.700 km to 5.870 km,Works,Open Tender,Percentage,Civil Works - Others,No,No,NA ,15-Jul-2024 10:30 AM,NA ,90.0,No ,No,Online,26-Jul-2024 10:30 AM,"CE-BM,LMB Basin,BBSR||SE, Central Irr.Circle, BBSR||EE,Puri Irr Division,Puri",PURI,752003.0,1.0,"33,12,640",PRANANATH BISWAL,"2,816,075",Rejected-Finance,23-Oct-2024,"CE-BM,LMB Basin,BBSR||SE, Central Irr.Circle, BBSR||EE,Puri Irr Division,Puri",True,False,"{'heatwave': 0, 'heat wave': 0, 'heat-wave': 0, 'heat stress': 0, 'heat stroke': 0, 'heat action plan': 0, 'heat resilience': 0, 'heat resilient': 0, 'extreme heat': 0, 'high temperature': 0, 'rising temperature': 0, 'heat resistant': 0, 'climate resilient': 0, 'cooling centre': 0, 'cooling center': 0, 'emergency response': 0, 'first aid': 0, 'ambulance': 0, 'ors': 0, 'oral rehydration solution': 0, 'heat stroke treatment': 0, 'sunstroke': 0, 'sun stroke': 0, 'heat related illness': 0, 'heat illness': 0, 'heat exhaustion': 0, 'heat cramp': 0, 'heat rash': 0, 'heat alert': 0, 'heat warning': 0, 'heat advisory': 0, 'heat hotline': 0, 'satark': 0, 'early warning system': 0, 'saline': 2, 'iv fluid': 0, 'rapid response team': 0, 'mobile health unit': 0, 'relief chamber': 0, 'heat stroke ward': 0, 'heat stroke bed': 0, 'drinking water': 0, 'water kiosk': 0, 'water atm': 0, 'hydration point': 0, 'hydration centre': 0, 'hydration center': 0, 'cold water': 0, 'tube well': 0, 'tubewell': 0, 'borewell': 0, 'bore well': 0, 'hand pump': 0, 'handpump': 0, 'overhead tank': 0, 'oh tank': 0, 'stand post': 0, 'piped water supply': 0, 'water supply scheme': 0, 'jalachhatra': 0, 'jalachatra': 0, 'jala jogana kendra': 0, 'jal jogana kendra': 0, 'jal seva shibira': 0, 'water tanker': 0, 'water sprinkling': 0, 'cool roof': 0, 'white roof': 0, 'white topping': 0, 'roof insulation': 0, 'thermal insulation': 0, 'heat reflective': 0, 'reflective coating': 0, 'shade net': 0, 'shade structure': 0, 'canopy': 0, 'awning': 0, 'albedo paint': 0, 'albedo painting': 0, 'white painting': 0, 'reflective paint': 0, 'green roof': 0, 'green roofing': 0, 'k glass': 0, 'doubly glazed glass': 0, 'passive cooling': 0, 'air cooler': 0, 'white china mosaic': 0, 'lime based whitewash': 0, 'white tarp': 0, 'acrylic resin coating': 0, 'tree plantation': 0, 'avenue plantation': 0, 'plantation': 0, 'green belt': 0, 'urban forestry': 0, 'urban forest': 0, 'park development': 0, 'shelter belt': 0, 'shade tree': 0, 'vertical garden': 0, 'green space': 0, 'afforestation': 0, 'green campus': 0, 'night shelter': 0, 'transit shelter': 0, 'rest shed': 0, 'waiting shed': 0, 'community hall': 0, 'relief centre': 0, 'relief center': 0, 'bus stand shelter': 0, 'passenger shelter': 0, 'cool shelter': 0, 'rest shade': 0, 'cool resting space': 0, 'cool resting shed': 0, 'passenger shed': 0, 'outreach clinic': 0, 'awareness campaign': 0, 'iec activity': 0, 'iec material': 0, 'capacity building': 0, 'training programme': 0, 'training program': 0, 'mock drill': 0, 'sensitization': 0, 'swasthya kantha': 0, 'do and dont': 0, 'dos and donts': 0, 'display board': 0, 'hoarding': 0, 'pamphlet': 0, 'leaflet': 0, 'banner': 0}","{'floodlight': 0, 'flood light': 0, 'street light': 0, 'solar street light': 0, 'high mast light': 0, 'gas pipeline': 0, 'sports complex': 0, 'stadium': 0, 'cricket': 0, 'football': 0, 'volleyball': 0, 'examination hall': 0, 'cremation ground': 0, 'crematorium': 0, 'burial ground': 0, 'election': 0, 'covid': 0, 'vaccination': 0, 'wedding hall': 0, 'marriage hall': 0, 'kalyan mandap': 0, 'boundary wall': 0, 'compound wall': 0, 'staff quarter': 0, 'quarter building': 0, 'drug warehouse': 0, 'drug ware house': 0, 'godown': 0, 'bio medical waste': 0, 'biomedical waste': 0, 'bmw management': 0, 'waste management': 0}",weak,Monsoon (Jul-Sep),,Heatwave & Emergency Response,Heatwave & Emergency Response,{'Heatwave & Emergency Response': {'saline': 2}}
2024_CERWI_105781_26,SERWSBD-ONLINE-01/2024-25,S/R to RW Rest Shed Building at Sunabeda for the year 2024-25,Building,Works,Open Tender,Percentage,Civil Works - Buildings,No,No,NA ,21-Oct-2024 10:00 AM,NA ,90.0,No ,No,Online,18-Nov-2024 11:00 AM,CE RW I||RWCIRCLE-SUNABEDA||RWDIVISION-SUNABEDA,Sunabeda,763001.0,1.0,"4,94,000",Gajendra Kumar Dami,"419,640",Rejected-AOC,22-Jan-2025,CE RW I||RWCIRCLE-SUNABEDA||RWDIVISION-SUNABEDA,True,False,"{'heatwave': 0, 'heat wave': 0, 'heat-wave': 0, 'heat stress': 0, 'heat stroke': 0, 'heat action plan': 0, 'heat resilience': 0, 'heat resilient': 0, 'extreme heat': 0, 'high temperature': 0, 'rising temperature': 0, 'heat resistant': 0, 'climate resilient': 0, 'cooling centre': 0, 'cooling center': 0, 'emergency response': 0, 'first aid': 0, 'ambulance': 0, 'ors': 0, 'oral rehydration solution': 0, 'heat stroke treatment': 0, 'sunstroke': 0, 'sun stroke': 0, 'heat related illness': 0, 'heat illness': 0, 'heat exhaustion': 0, 'heat cramp': 0, 'heat rash': 0, 'heat alert': 0, 'heat warning': 0, 'heat advisory': 0, 'heat hotline': 0, 'satark': 0, 'early warning system': 0, 'saline': 0, 'iv fluid': 0, 'rapid response team': 0, 'mobile health unit': 0, 'relief chamber': 0, 'heat stroke ward': 0, 'heat stroke bed': 0, 'drinking water': 0, 'water kiosk': 0, 'water atm': 0, 'hydration point': 0, 'hydration centre': 0, 'hydration center': 0, 'cold water': 0, 'tube well': 0, 'tubewell': 0, 'borewell': 0, 'bore well': 0, 'hand pump': 0, 'handpump': 0, 'overhead tank': 0, 'oh tank': 0, 'stand post': 0, 'piped water supply': 0, 'water supply scheme': 0, 'jalachhatra': 0, 'jalachatra': 0, 'jala jogana kendra': 0, 'jal jogana kendra': 0, 'jal seva shibira': 0, 'water tanker': 0, 'water sprinkling': 0, 'cool roof': 0, 'white roof': 0, 'white topping': 0, 'roof insulation': 0, 'thermal insulation': 0, 'heat reflective': 0, 'reflective coating': 0, 'shade net': 0, 'shade structure': 0, 'canopy': 0, 'awning': 0, 'albedo paint': 0, 'albedo painting': 0, 'white painting': 0, 'reflective paint': 0, 'green roof': 0, 'green roofing': 0, 'k glass': 0, 'doubly glazed glass': 0, 'passive cooling': 0, 'air cooler': 0, 'white china mosaic': 0, 'lime based whitewash': 0, 'white tarp': 0, 'acrylic resin coating': 0, 'tree plantation': 0, 'avenue plantation': 0, 'plantation': 0, 'green belt': 0, 'urban forestry': 0, 'urban forest': 0, 'park development': 0, 'shelter belt': 0, 'shade tree': 0, 'vertical garden': 0, 'green space': 0, 'afforestation': 0, 'green campus': 0, 'night shelter': 0, 'transit shelter': 0, 'rest shed': 1, 'waiting shed': 0, 'community hall': 0, 'relief centre': 0, 'relief center': 0, 'bus stand shelter': 0, 'passenger shelter': 0, 'cool shelter': 0, 'rest shade': 0, 'cool resting space': 0, 'cool resting shed': 0, 'passenger shed': 0, 'outreach clinic': 0, 'awareness campaign': 0, 'iec activity': 0, 'iec material': 0, 'capacity building': 0, 'training programme': 0, 'training program': 0, 'mock drill': 0, 'sensitization': 0, 'swasthya kantha': 0, 'do and dont': 0, 'dos and donts': 0, 'display board': 0, 'hoarding': 0, 'pamphlet': 0, 'leaflet': 0, 'banner': 0}","{'floodlight': 0, 'flood light': 0, 'street light': 0, 'solar street light': 0, 'high mast light': 0, 'gas pipeline': 0, 'sports complex': 0, 'stadium': 0, 'cricket': 0, 'football': 0, 'volleyball': 0, 'examination hall': 0, 'cremation ground': 0, 'crematorium': 0, 'burial ground': 0, 'election': 0, 'covid': 0, 'vaccination': 0, 'wedding hall': 0, 'marriage hall': 0, 'kalyan mandap': 0, 'boundary wall': 0, 'compound wall': 0, 'staff quarter': 0, 'quarter building': 0, 'drug warehouse': 0, 'drug ware house': 0, 'godown': 0, 'bio medical waste': 0, 'biomedical waste': 0, 'bmw management': 0, 'waste management': 0}",weak,Post-Monsoon / Winter (Oct-Dec),,Shelter & Rest Infrastructure,Shelter & Rest Infrastructure,{'Shelter & Rest Infrastructure': {'rest shed': 1}}
2024_CELBB_103656_8,EPROC.TENDERCALL NOTICE NO.PID01OF202425,PID-08 Restoration to Krushnaprasad saline gherry from RD 1.500 km to 1.700 km,Restoration to Krushnaprasad saline gherry from RD 1.500 km to 1.700 km,Works,Open Tender,Percentage,Civil Works - Others,No,No,NA ,15-Jul-2024 10:30 AM,NA ,90.0,No ,No,Online,26-Jul-2024 10:30 AM,"CE-BM,LMB Basin,BBSR||SE, Central Irr.Circle, BBSR||EE,Puri Irr Division,Puri",PURI,752003.0,1.0,"24,89,846",PRITIRANJAN PRADHAN,"2,116,618",Rejected-Finance,21-Oct-2024,"CE-BM,LMB Basin,BBSR||SE, Central Irr.Circle, BBSR||EE,Puri Irr Division,Puri",True,False,"{'heatwave': 0, 'heat wave': 0, 'heat-wave': 0, 'heat stress': 0, 'heat stroke': 0, 'heat action plan': 0, 'heat resilience': 0, 'heat resilient': 0, 'extreme heat': 0, 'high temperature': 0, 'rising temperature': 0, 'heat resistant': 0, 'climate resilient': 0, 'cooling centre': 0, 'cooling center': 0, 'emergency response': 0, 'first aid': 0, 'ambulance': 0, 'ors': 0, 'oral rehydration solution': 0, 'heat stroke treatment': 0, 'sunstroke': 0, 'sun stroke': 0, 'heat related illness': 0, 'heat illness': 0, 'heat exhaustion': 0, 'heat cramp': 0, 'heat rash': 0, 'heat alert': 0, 'heat warning': 0, 'heat advisory': 0, 'heat hotline': 0, 'satark': 0, 'early warning system': 0, 'saline': 2, 'iv fluid': 0, 'rapid response team': 0, 'mobile health unit': 0, 'relief chamber': 0, 'heat stroke ward': 0, 'heat stroke bed': 0, 'drinking water': 0, 'water kiosk': 0, 'water atm': 0, 'hydration point': 0, 'hydration centre': 0, 'hydration center': 0, 'cold water': 0, 'tube well': 0, 'tubewell': 0, 'borewell': 0, 'bore well': 0, 'hand pump': 0, 'handpump': 0, 'overhead tank': 0, 'oh tank': 0, 'stand post': 0, 'piped water supply': 0, 'water supply scheme': 0, 'jalachhatra': 0, 'jalachatra': 0, 'jala jogana kendra': 0, 'jal jogana kendra': 0, 'jal seva shibira': 0, 'water tanker': 0, 'water sprinkling': 0, 'cool roof': 0, 'white roof': 0, 'white topping': 0, 'roof insulation': 0, 'thermal insulation': 0, 'heat reflective': 0, 'reflective coating': 0, 'shade net': 0, 'shade structure': 0, 'canopy': 0, 'awning': 0, 'albedo paint': 0, 'albedo painting': 0, 'white painting': 0, 'reflective paint': 0, 'green roof': 0, 'green roofing': 0, 'k glass': 0, 'doubly glazed glass': 0, 'passive cooling': 0, 'air cooler': 0, 'white china mosaic': 0, 'lime based whitewash': 0, 'white tarp': 0, 'acrylic resin coating': 0, 'tree plantation': 0, 'avenue plantation': 0, 'plantation': 0, 'green belt': 0, 'urban forestry': 0, 'urban forest': 0, 'park development': 0, 'shelter belt': 0, 'shade tree': 0, 'vertical garden': 0, 'green space': 0, 'afforestation': 0, 'green campus': 0, 'night shelter': 0, 'transit shelter': 0, 'rest shed': 0, 'waiting shed': 0, 'community hall': 0, 'relief centre': 0, 'relief center': 0, 'bus stand shelter': 0, 'passenger shelter': 0, 'cool shelter': 0, 'rest shade': 0, 'cool resting space': 0, 'cool resting shed': 0, 'passenger shed': 0, 'outreach clinic': 0, 'awareness campaign': 0, 'iec activity': 0, 'iec material': 0, 'capacity building': 0, 'training programme': 0, 'training program': 0, 'mock drill': 0, 'sensitization': 0, 'swasthya kantha': 0, 'do and dont': 0, 'dos and donts': 0, 'display board': 0, 'hoarding': 0, 'pamphlet': 0, 'leaflet': 0, 'banner': 0}","{'floodlight': 0, 'flood light': 0, 'street light': 0, 'solar street light': 0, 'high mast light': 0, 'gas pipeline': 0, 'sports complex': 0, 'stadium': 0, 'cricket': 0, 'football': 0, 'volleyball': 0, 'examination hall': 0, 'cremation ground': 0, 'crematorium': 0, 'burial ground': 0, 'election': 0, 'covid': 0, 'vaccination': 0, 'wedding hall': 0, 'marriage hall': 0, 'kalyan mandap': 0, 'boundary wall': 0, 'compound wall': 0, 'staff quarter': 0, 'quarter building': 0, 'drug warehouse': 0, 'drug ware house': 0, 'godown': 0, 'bio medical waste': 0, 'biomedical waste': 0, 'bmw management': 0, 'waste management': 0}",weak,Monsoon (Jul-Sep),,Heatwave & Emergency Response,Heatwave & Emergency Response,{'Heatwave & Emergency Response': {'saline': 2}}
2021_RWSS_68329_3,RWSS DIVISION PURI 02 OF 2021-22,Execution of Rural Piped Water Supply Scheme to ADHANGAPADA under PIPILI Block including 5 years operation and maintenance.,Execution of Rural Piped Water Supply Scheme to ADHANGAPADA under PIPILI Block including 5 years operation and maintenance.,Works,Open Tender,Percentage,Civil Works - Water Works,No,No,NA ,11-May-2021 11:00 AM,NA ,180.0,No ,No,Online,29-May-2021 11:30 AM,Rural Water Supply and Sanitation||RWSS Circle Bhubaneswar||EE RWSS Divn Puri,"ADHANGAPADA, PIPILI, PURI",752104.0,2.0,,CHANDRAKANT PRUSTY,"12,321,188",Accepted-AOC,31-Jan-2025,Rural Water Supply and Sanitation||RWSS Circle Bhubaneswar||EE RWSS Divn Puri,True,False,"{'heatwave': 0, 'heat wave': 0, 'heat-wave': 0, 'heat stress': 0, 'heat stroke': 0, 'heat action plan': 0, 'heat resilience': 0, 'heat resilient': 0, 'extreme heat': 0, 'high temperature': 0, 'rising temperature': 0, 'heat resistant': 0, 'climate resilient': 0, 'cooling centre': 0, 'cooling center': 0, 'emergency response': 0, 'first aid': 0, 'ambulance': 0, 'ors': 0, 'oral rehydration solution': 0, 'heat stroke treatment': 0, 'sunstroke': 0, 'sun stroke': 0, 'heat related illness': 0, 'heat illness': 0, 'heat exhaustion': 0, 'heat cramp': 0, 'heat rash': 0, 'heat alert': 0, 'heat warning': 0, 'heat advisory': 0, 'heat hotline': 0, 'satark': 0, 'early warning system': 0, 'saline': 0, 'iv fluid': 0, 'rapid response team': 0, 'mobile health unit': 0, 'relief chamber': 0, 'heat stroke ward': 0, 'heat stroke bed': 0, 'drinking water': 0, 'water kiosk': 0, 'water atm': 0, 'hydration point': 0, 'hydration centre': 0, 'hydration center': 0, 'cold water': 0, 'tube well': 0, 'tubewell': 0, 'borewell': 0, 'bore well': 0, 'hand pump': 0, 'handpump': 0, 'overhead tank': 0, 'oh tank': 0, 'stand post': 0, 'piped water supply': 2, 'water supply scheme': 2, 'jalachhatra': 0, 'jalachatra': 0, 'jala jogana kendra': 0, 'jal jogana kendra': 0, 'jal seva shibira': 0, 'water tanker': 0, 'water sprinkling': 0, 'cool roof': 0, 'white roof': 0, 'white topping': 0, 'roof insulation': 0, 'thermal insulation': 0, 'heat reflective': 0, 'reflective coating': 0, 'shade net': 0, 'shade structure': 0, 'canopy': 0, 'awning': 0, 'albedo paint': 0, 'albedo painting': 0, 'white painting': 0, 'reflective paint': 0, 'green roof': 0, 'green roofing': 0, 'k glass': 0, 'doubly glazed glass': 0, 'passive cooling': 0, 'air cooler': 0, 'white china mosaic': 0, 'lime based whitewash': 0, 'white tarp': 0, 'acrylic resin coating': 0, 'tree plantation': 0, 'avenue plantation': 0, 'plantation': 0, 'green belt': 0, 'urban forestry': 0, 'urban forest': 0, 'park development': 0, 'shelter belt': 0, 'shade tree': 0, 'vertical garden': 0, 'green space': 0, 'afforestation': 0, 'green campus': 0, 'night shelter': 0, 'transit shelter': 0, 'rest shed': 0, 'waiting shed': 0, 'community hall': 0, 'relief centre': 0, 'relief center': 0, 'bus stand shelter': 0, 'passenger shelter': 0, 'cool shelter': 0, 'rest shade': 0, 'cool resting space': 0, 'cool resting shed': 0, 'passenger shed': 0, 'outreach clinic': 0, 'awareness campaign': 0, 'iec activity': 0, 'iec material': 0, 'capacity building': 0, 'training programme': 0, 'training program': 0, 'mock drill': 0, 'sensitization': 0, 'swasthya kantha': 0, 'do and dont': 0, 'dos and donts': 0, 'display board': 0, 'hoarding': 0, 'pamphlet': 0, 'leaflet': 0, 'banner': 0}","{'floodlight': 0, 'flood light': 0, 'street light': 0, 'solar street light': 0, 'high mast light': 0, 'gas pipeline': 0, 'sports complex': 0, 'stadium': 0, 'cricket': 0, 'football': 0, 'volleyball': 0, 'examination hall': 0, 'cremation ground': 0, 'crematorium': 0, 'burial ground': 0, 'election': 0, 'covid': 0, 'vaccination': 0, 'wedding hall': 0, 'marriage hall': 0, 'kalyan mandap': 0, 'boundary wall': 0, 'compound wall': 0, 'staff quarter': 0, 'quarter building': 0, 'drug warehouse': 0, 'drug ware house': 0, 'godown': 0, 'bio medical waste': 0, 'biomedical waste': 0, 'bmw management': 0, 'waste management': 0}",weak,Summer / Heatwave (Mar-Jun),,Drinking Water & Hydration,Drinking Water & Hydration,"{'Drinking Water & Hydration': {'piped water supply': 2, 'water supply scheme': 2}}"
2024_CELBB_103713_1,e-Procurement Notice No.- 04 of 2024-25,"NID-91-Improvement to Jharling-Belanga Saline Embankment from RD 11.70Km. to 12.10Km., RD 12.950Km. to 14.150, RD 15.50Km. to 16.30Km. and 18.60Km. to 21.50Km.","Improvement to Jharling-Belanga Saline Embankment from RD 11.70Km. to 12.10Km., RD 12.950Km. to 14.150, RD 15.50Km. to 16.30Km. and 18.60Km. to 21.50Km.",Works,Open Tender,Percentage,Civil Works - Others,No,No,NA ,18-Jul-2024 10:00 AM,NA ,90.0,No ,No,Online,29-Jul-2024 11:00 AM,"CE-BM,LMB Basin,BBSR||SE, Central Irr.Circle, BBSR||EE,Nimapada Irr Division, Nimapada",Nimapara,752106.0,1.0,"20,44,365",SANATAN KANDI,"1,737,915",Rejected-Finance,24-Jan-2025,"CE-BM,LMB Basin,BBSR||SE, Central Irr.Circle, BBSR||EE,Nimapada Irr Division, Nimapada",True,False,"{'heatwave': 0, 'heat wave': 0, 'heat-wave': 0, 'heat stress': 0, 'heat stroke': 0, 'heat action plan': 0, 'heat resilience': 0, 'heat resilient': 0, 'extreme heat': 0, 'high temperature': 0, 'rising temperature': 0, 'heat resistant': 0, 'climate resilient': 0, 'cooling centre': 0, 'cooling center': 0, 'emergency response': 0, 'first aid': 0, 'ambulance': 0, 'ors': 0, 'oral rehydration solution': 0, 'heat stroke treatment': 0, 'sunstroke': 0, 'sun stroke': 0, 'heat related illness': 0, 'heat illness': 0, 'heat exhaustion': 0, 'heat cramp': 0, 'heat rash': 0, 'heat alert': 0, 'heat warning': 0, 'heat advisory': 0, 'heat hotline': 0, 'satark': 0, 'early warning system': 0, 'saline': 2, 'iv fluid': 0, 'rapid response team': 0, 'mobile health unit': 0, 'relief chamber': 0, 'heat stroke ward': 0, 'heat stroke bed': 0, 'drinking water': 0, 'water kiosk': 0, 'water atm': 0, 'hydration point': 0, 'hydration centre': 0, 'hydration center': 0, 'cold water': 0, 'tube well': 0, 'tubewell': 0, 'borewell': 0, 'bore well': 0, 'hand pump': 0, 'handpump': 0, 'overhead tank': 0, 'oh tank': 0, 'stand post': 0, 'piped water supply': 0, 'water supply scheme': 0, 'jalachhatra': 0, 'jalachatra': 0, 'jala jogana kendra': 0, 'jal jogana kendra': 0, 'jal seva shibira': 0, 'water tanker': 0, 'water sprinkling': 0, 'cool roof': 0, 'white roof': 0, 'white topping': 0, 'roof insulation': 0, 'thermal insulation': 0, 'heat reflective': 0, 'reflective coating': 0, 'shade net': 0, 'shade structure': 0, 'canopy': 0, 'awning': 0, 'albedo paint': 0, 'albedo painting': 0, 'white painting': 0, 'reflective paint': 0, 'green roof': 0, 'green roofing': 0, 'k glass': 0, 'doubly glazed glass': 0, 'passive cooling': 0, 'air cooler': 0, 'white china mosaic': 0, 'lime based whitewash': 0, 'white tarp': 0, 'acrylic resin coating': 0, 'tree plantation': 0, 'avenue plantation': 0, 'plantation': 0, 'green belt': 0, 'urban forestry': 0, 'urban forest': 0, 'park development': 0, 'shelter belt': 0, 'shade tree': 0, 'vertical garden': 0, 'green space': 0, 'afforestation': 0, 'green campus': 0, 'night shelter': 0, 'transit shelter': 0, 'rest shed': 0, 'waiting shed': 0, 'community hall': 0, 'relief centre': 0, 'relief center': 0, 'bus stand shelter': 0, 'passenger shelter': 0, 'cool shelter': 0, 'rest shade': 0, 'cool resting space': 0, 'cool resting shed': 0, 'passenger shed': 0, 'outreach clinic': 0, 'awareness campaign': 0, 'iec activity': 0, 'iec material': 0, 'capacity building': 0, 'training programme': 0, 'training program': 0, 'mock drill': 0, 'sensitization': 0, 'swasthya kantha': 0, 'do and dont': 0, 'dos and donts': 0, 'display board': 0, 'hoarding': 0, 'pamphlet': 0, 'leaflet': 0, 'banner': 0}","{'floodlight': 0, 'flood light': 0, 'street light': 0, 'solar street light': 0, 'high mast light': 0, 'gas pipeline': 0, 'sports complex': 0, 'stadium': 0, 'cricket': 0, 'football': 0, 'volleyball': 0, 'examination hall': 0, 'cremation ground': 0, 'crematorium': 0, 'burial ground': 0, 'election': 0, 'covid': 0, 'vaccination': 0, 'wedding hall': 0, 'marriage hall': 0, 'kalyan mandap': 0, 'boundary wall': 0, 'compound wall': 0, 'staff quarter': 0, 'quarter building': 0, 'drug warehouse': 0, 'drug ware house': 0, 'godown': 0, 'bio medical waste': 0, 'biomedical waste': 0, 'bmw management': 0, 'waste management': 0}",weak,Monsoon (Jul-Sep),,Heatwave & Emergency Response,Heatwave & Emergency Response,{'Heatwave & Emergency Response': {'saline': 2}}
2024_CELBB_103656_6,EPROC.TENDERCALL NOTICE NO.PID01OF202425,PID-06 Restoration to Krushnaprasad saline gherry from RD 1.250 km to 1.450 km,Restoration to Krushnaprasad saline gherry from RD 1.250 km to 1.450 km,Works,Open Tender,Percentage,Civil Works - Others,No,No,NA ,15-Jul-2024 10:30 AM,NA ,90.0,No ,No,Online,26-Jul-2024 10:30 AM,"CE-BM,LMB Basin,BBSR||SE, Central Irr.Circle, BBSR||EE,Puri Irr Division,Puri",PURI,752003.0,1.0,"24,90,381",ARATI NALINI SWAIN,"2,117,073",Accepted-AOC,18-Oct-2024,"CE-BM,LMB Basin,BBSR||SE, Central Irr.Circle, BBSR||EE,Puri Irr Division,Puri",True,False,"{'heatwave': 0, 'heat wave': 0, 'heat-wave': 0, 'heat stress': 0, 'heat stroke': 0, 'heat action plan': 0, 'heat resilience': 0, 'heat resilient': 0, 'extreme heat': 0, 'high temperature': 0, 'rising temperature': 0, 'heat resistant': 0, 'climate resilient': 0, 'cooling centre': 0, 'cooling center': 0, 'emergency response': 0, 'first aid': 0, 'ambulance': 0, 'ors': 0, 'oral rehydration solution': 0, 'heat stroke treatment': 0, 'sunstroke': 0, 'sun stroke': 0, 'heat related illness': 0, 'heat illness': 0, 'heat exhaustion': 0, 'heat cramp': 0, 'heat rash': 0, 'heat alert': 0, 'heat warning': 0, 'heat advisory': 0, 'heat hotline': 0, 'satark': 0, 'early warning system': 0, 'saline': 2, 'iv fluid': 0, 'rapid response team': 0, 'mobile health unit': 0, 'relief chamber': 0, 'heat stroke ward': 0, 'heat stroke bed': 0, 'drinking water': 0, 'water kiosk': 0, 'water atm': 0, 'hydration point': 0, 'hydration centre': 0, 'hydration center': 0, 'cold water': 0, 'tube well': 0, 'tubewell': 0, 'borewell': 0, 'bore well': 0, 'hand pump': 0, 'handpump': 0, 'overhead tank': 0, 'oh tank': 0, 'stand post': 0, 'piped water supply': 0, 'water supply scheme': 0, 'jalachhatra': 0, 'jalachatra': 0, 'jala jogana kendra': 0, 'jal jogana kendra': 0, 'jal seva shibira': 0, 'water tanker': 0, 'water sprinkling': 0, 'cool roof': 0, 'white roof': 0, 'white topping': 0, 'roof insulation': 0, 'thermal insulation': 0, 'heat reflective': 0, 'reflective coating': 0, 'shade net': 0, 'shade structure': 0, 'canopy': 0, 'awning': 0, 'albedo paint': 0, 'albedo painting': 0, 'white painting': 0, 'reflective paint': 0, 'green roof': 0, 'green roofing': 0, 'k glass': 0, 'doubly glazed glass': 0, 'passive cooling': 0, 'air cooler': 0, 'white china mosaic': 0, 'lime based whitewash': 0, 'white tarp': 0, 'acrylic resin coating': 0, 'tree plantation': 0, 'avenue plantation': 0, 'plantation': 0, 'green belt': 0, 'urban forestry': 0, 'urban forest': 0, 'park development': 0, 'shelter belt': 0, 'shade tree': 0, 'vertical garden': 0, 'green space': 0, 'afforestation': 0, 'green campus': 0, 'night shelter': 0, 'transit shelter': 0, 'rest shed': 0, 'waiting shed': 0, 'community hall': 0, 'relief centre': 0, 'relief center': 0, 'bus stand shelter': 0, 'passenger shelter': 0, 'cool shelter': 0, 'rest shade': 0, 'cool resting space': 0, 'cool resting shed': 0, 'passenger shed': 0, 'outreach clinic': 0, 'awareness campaign': 0, 'iec activity': 0, 'iec material': 0, 'capacity building': 0, 'training programme': 0, 'training program': 0, 'mock drill': 0, 'sensitization': 0, 'swasthya kantha': 0, 'do and dont': 0, 'dos and donts': 0, 'display board': 0, 'hoarding': 0, 'pamphlet': 0, 'leaflet': 0, 'banner': 0}","{'floodlight': 0, 'flood light': 0, 'street light': 0, 'solar street light': 0, 'high mast light': 0, 'gas pipeline': 0, 'sports complex': 0, 'stadium': 0, 'cricket': 0, 'football': 0, 'volleyball': 0, 'examination hall': 0, 'cremation ground': 0, 'crematorium': 0, 'burial ground': 0, 'election': 0, 'covid': 0, 'vaccination': 0, 'wedding hall': 0, 'marriage hall': 0, 'kalyan mandap': 0, 'boundary wall': 0, 'compound wall': 0, 'staff quarter': 0, 'quarter building': 0, 'drug warehouse': 0, 'drug ware house': 0, 'godown': 0, 'bio medical waste': 0, 'biomedical waste': 0, 'bmw management': 0, 'waste management': 0}",weak,Monsoon (Jul-Sep),,Heatwave & Emergency Response,Heatwave & Emergency Response,{'Heatwave & Emergency Response': {'saline': 2}}
2024_RWSS_100517_1,19/EE/RWSS/KPT/23-24/24.01.24,Rural piped water supply to village Badamanjari ( Hirtunipadar) GP- Uperkanti under Semiliguda Block under JJM Programme.,Rural piped water supply to village Badamanjari ( Hirtunipadar) GP- Uperkanti under Semiliguda Block under JJM Programme.,Works,National Competitive Bid,Percentage,Civil Works - Water Works,No,No,NA ,03-Feb-2024 05:00 PM,NA ,180.0,No ,No,Online,13-Feb-2024 11:00 AM,Rural Water Supply and Sanitation||RWSS Circle Koraput||RWSS Division Koraput,Badamanjari,764020.0,1.0,"20,12,999",KRUSHNA CHANDRA DASH,"1,711,250.45",Rejected-Finance,21-Jan-2025,Rural Water Supply and Sanitation||RWSS Circle Koraput||RWSS Division Koraput,True,False,"{'heatwave': 0, 'heat wave': 0, 'heat-wave': 0, 'heat stress': 0, 'heat stroke': 0, 'heat action plan': 0, 'heat resilience': 0, 'heat resilient': 0, 'extreme heat': 0, 'high temperature': 0, 'rising temperature': 0, 'heat resistant': 0, 'climate resilient': 0, 'cooling centre': 0, 'cooling center': 0, 'emergency response': 0, 'first aid': 0, 'ambulance': 0, 'ors': 0, 'oral rehydration solution': 0, 'heat stroke treatment': 0, 'sunstroke': 0, 'sun stroke': 0, 'heat related illness': 0, 'heat illness': 0, 'heat exhaustion': 0, 'heat cramp': 0, 'heat rash': 0, 'heat alert': 0, 'heat warning': 0, 'heat advisory': 0, 'heat hotline': 0, 'satark': 0, 'early warning system': 0, 'saline': 0, 'iv fluid': 0, 'rapid response team': 0, 'mobile health unit': 0, 'relief chamber': 0, 'heat stroke ward': 0, 'heat stroke bed': 0, 'drinking water': 0, 'water kiosk': 0, 'water atm': 0, 'hydration point': 0, 'hydration centre': 0, 'hydration center': 0, 'cold water': 0, 'tube well': 0, 'tubewell': 0, 'borewell': 0, 'bore well': 0, 'hand pump': 0, 'handpump': 0, 'overhead tank': 0, 'oh tank': 0, 'stand post': 0, 'piped water supply': 2, 'water supply scheme': 0, 'jalachhatra': 0, 'jalachatra': 0, 'jala jogana kendra': 0, 'jal jogana kendra': 0, 'jal seva shibira': 0, 'water tanker': 0, 'water sprinkling': 0, 'cool roof': 0, 'white roof': 0, 'white topping': 0, 'roof insulation': 0, 'thermal insulation': 0, 'heat reflective': 0, 'reflective coating': 0, 'shade net': 0, 'shade structure': 0, 'canopy': 0, 'awning': 0, 'albedo paint': 0, 'albedo painting': 0, 'white painting': 0, 'reflective paint': 0, 'green roof': 0, 'green roofing': 0, 'k glass': 0, 'doubly glazed glass': 0, 'passive cooling': 0, 'air cooler': 0, 'white china mosaic': 0, 'lime based whitewash': 0, 'white tarp': 0, 'acrylic resin coating': 0, 'tree plantation': 0, 'avenue plantation': 0, 'plantation': 0, 'green belt': 0, 'urban forestry': 0, 'urban forest': 0, 'park development': 0, 'shelter belt': 0, 'shade tree': 0, 'vertical garden': 0, 'green space': 0, 'afforestation': 0, 'green campus': 0, 'night shelter': 0, 'transit shelter': 0, 'rest shed': 0, 'waiting shed': 0, 'community hall': 0, 'relief centre': 0, 'relief center': 0, 'bus stand shelter': 0, 'passenger shelter': 0, 'cool shelter': 0, 'rest shade': 0, 'cool resting space': 0, 'cool resting shed': 0, 'passenger shed': 0, 'outreach clinic': 0, 'awareness campaign': 0, 'iec activity': 0, 'iec material': 0, 'capacity building': 0, 'training programme': 0, 'training program': 0, 'mock drill': 0, 'sensitization': 0, 'swasthya kantha': 0, 'do and dont': 0, 'dos and donts': 0, 'display board': 0, 'hoarding': 0, 'pamphlet': 0, 'leaflet': 0, 'banner': 0}","{'floodlight': 0, 'flood light': 0, 'street light': 0, 'solar street light': 0, 'high mast light': 0, 'gas pipeline': 0, 'sports complex': 0, 'stadium': 0, 'cricket': 0, 'football': 0, 'volleyball': 0, 'examination hall': 0, 'cremation ground': 0, 'crematorium': 0, 'burial ground': 0, 'election': 0, 'covid': 0, 'vaccination': 0, 'wedding hall': 0, 'marriage hall': 0, 'kalyan mandap': 0, 'boundary wall': 0, 'compound wall': 0, 'staff quarter': 0, 'quarter building': 0, 'drug warehouse': 0, 'drug ware house': 0, 'godown': 0, 'bio medical waste': 0, 'biomedical waste': 0, 'bmw management': 0, 'waste management': 0}",weak,Pre-Summer (Jan-Feb),JJM,Drinking Water & Hydration,Drinking Water & Hydration,{'Drinking Water & Hydration': {'piped water supply': 2}}
2021_RWSS_68292_6,RWSS DIVISION PURI 01 OF 2021-22,Execution of Rural Piped Water Supply Scheme to SANAGAON under PIPILI Block including 5 years operation and maintenance.,Execution of Rural Piped Water Supply Scheme to SANAGAON under PIPILI Block including 5 years operation and maintenance.,Works,Open Tender,Percentage,Civil Works - Water Works,No,No,NA ,10-May-2021 11:00 AM,NA ,180.0,No ,No,Online,29-May-2021 11:30 AM,Rural Water Supply and Sanitation||RWSS Circle Bhubaneswar||EE RWSS Divn Puri,"SANAGAON, PIPILI, PURI",752104.0,2.0,,KAMAL KANTA SUNDARAY,"6,926,350",Accepted-AOC,31-Jan-2025,Rural Water Supply and Sanitation||RWSS Circle Bhubaneswar||EE RWSS Divn Puri,True,False,"{'heatwave': 0, 'heat wave': 0, 'heat-wave': 0, 'heat stress': 0, 'heat stroke': 0, 'heat action plan': 0, 'heat resilience': 0, 'heat resilient': 0, 'extreme heat': 0, 'high temperature': 0, 'rising temperature': 0, 'heat resistant': 0, 'climate resilient': 0, 'cooling centre': 0, 'cooling center': 0, 'emergency response': 0, 'first aid': 0, 'ambulance': 0, 'ors': 0, 'oral rehydration solution': 0, 'heat stroke treatment': 0, 'sunstroke': 0, 'sun stroke': 0, 'heat related illness': 0, 'heat illness': 0, 'heat exhaustion': 0, 'heat cramp': 0, 'heat rash': 0, 'heat alert': 0, 'heat warning': 0, 'heat advisory': 0, 'heat hotline': 0, 'satark': 0, 'early warning system': 0, 'saline': 0, 'iv fluid': 0, 'rapid response team': 0, 'mobile health unit': 0, 'relief chamber': 0, 'heat stroke ward': 0, 'heat stroke bed': 0, 'drinking water': 0, 'water kiosk': 0, 'water atm': 0, 'hydration point': 0, 'hydration centre': 0, 'hydration center': 0, 'cold water': 0, 'tube well': 0, 'tubewell': 0, 'borewell': 0, 'bore well': 0, 'hand pump': 0, 'handpump': 0, 'overhead tank': 0, 'oh tank': 0, 'stand post': 0, 'piped water supply': 2, 'water supply scheme': 2, 'jalachhatra': 0, 'jalachatra': 0, 'jala jogana kendra': 0, 'jal jogana kendra': 0, 'jal seva shibira': 0, 'water tanker': 0, 'water sprinkling': 0, 'cool roof': 0, 'white roof': 0, 'white topping': 0, 'roof insulation': 0, 'thermal insulation': 0, 'heat reflective': 0, 'reflective coating': 0, 'shade net': 0, 'shade structure': 0, 'canopy': 0, 'awning': 0, 'albedo paint': 0, 'albedo painting': 0, 'white painting': 0, 'reflective paint': 0, 'green roof': 0, 'green roofing': 0, 'k glass': 0, 'doubly glazed glass': 0, 'passive cooling': 0, 'air cooler': 0, 'white china mosaic': 0, 'lime based whitewash': 0, 'white tarp': 0, 'acrylic resin coating': 0, 'tree plantation': 0, 'avenue plantation': 0, 'plantation': 0, 'green belt': 0, 'urban forestry': 0, 'urban forest': 0, 'park development': 0, 'shelter belt': 0, 'shade tree': 0, 'vertical garden': 0, 'green space': 0, 'afforestation': 0, 'green campus': 0, 'night shelter': 0, 'transit shelter': 0, 'rest shed': 0, 'waiting shed': 0, 'community hall': 0, 'relief centre': 0, 'relief center': 0, 'bus stand shelter': 0, 'passenger shelter': 0, 'cool shelter': 0, 'rest shade': 0, 'cool resting space': 0, 'cool resting shed': 0, 'passenger shed': 0, 'outreach clinic': 0, 'awareness campaign': 0, 'iec activity': 0, 'iec material': 0, 'capacity building': 0, 'training programme': 0, 'training program': 0, 'mock drill': 0, 'sensitization': 0, 'swasthya kantha': 0, 'do and dont': 0, 'dos and donts': 0, 'display board': 0, 'hoarding': 0, 'pamphlet': 0, 'leaflet': 0, 'banner': 0}","{'floodlight': 0, 'flood light': 0, 'street light': 0, 'solar street light': 0, 'high mast light': 0, 'gas pipeline': 0, 'sports complex': 0, 'stadium': 0, 'cricket': 0, 'football': 0, 'volleyball': 0, 'examination hall': 0, 'cremation ground': 0, 'crematorium': 0, 'burial ground': 0, 'election': 0, 'covid': 0, 'vaccination': 0, 'wedding hall': 0, 'marriage hall': 0, 'kalyan mandap': 0, 'boundary wall': 0, 'compound wall': 0, 'staff quarter': 0, 'quarter building': 0, 'drug warehouse': 0, 'drug ware house': 0, 'godown': 0, 'bio medical waste': 0, 'biomedical waste': 0, 'bmw management': 0, 'waste management': 0}",weak,Summer / Heatwave (Mar-Jun),,Drinking Water & Hydration,Drinking Water & Hydration,"{'Drinking Water & Hydration': {'piped water supply': 2, 'water supply scheme': 2}}"
2021_RWSS_66365_1,RWSS DIVISION PURI 52 OF 2020-21,Execution of Rural Piped Water Supply Schemes to SOLAHALA under SATYABADI Block in Puri District including 5 years operation and maintenance.,Execution of Rural Piped Water Supply Schemes to SOLAHALA under SATYABADI Block in Puri District including 5 years operation and maintenance.,Works,Open Tender,Percentage,Civil Works - Water Works,No,No,NA ,12-Feb-2021 06:00 PM,NA ,180.0,No ,No,Online,19-Feb-2021 11:30 AM,Rural Water Supply and Sanitation||RWSS Circle Bhubaneswar||EE RWSS Divn Puri,"SOLAHALA, SATYABADI, PURI",752014.0,2.0,,RAMAKANTA PANDA,"7,005,319",Rejected-Technical,31-Jan-2025,Rural Water Supply and Sanitation||RWSS Circle Bhubaneswar||EE RWSS Divn Puri,True,False,"{'heatwave': 0, 'heat wave': 0, 'heat-wave': 0, 'heat stress': 0, 'heat stroke': 0, 'heat action plan': 0, 'heat resilience': 0, 'heat resilient': 0, 'extreme heat': 0, 'high temperature': 0, 'rising temperature': 0, 'heat resistant': 0, 'climate resilient': 0, 'cooling centre': 0, 'cooling center': 0, 'emergency response': 0, 'first aid': 0, 'ambulance': 0, 'ors': 0, 'oral rehydration solution': 0, 'heat stroke treatment': 0, 'sunstroke': 0, 'sun stroke': 0, 'heat related illness': 0, 'heat illness': 0, 'heat exhaustion': 0, 'heat cramp': 0, 'heat rash': 0, 'heat alert': 0, 'heat warning': 0, 'heat advisory': 0, 'heat hotline': 0, 'satark': 0, 'early warning system': 0, 'saline': 0, 'iv fluid': 0, 'rapid response team': 0, 'mobile health unit': 0, 'relief chamber': 0, 'heat stroke ward': 0, 'heat stroke bed': 0, 'drinking water': 0, 'water kiosk': 0, 'water atm': 0, 'hydration point': 0, 'hydration centre': 0, 'hydration center': 0, 'cold water': 0, 'tube well': 0, 'tubewell': 0, 'borewell': 0, 'bore well': 0, 'hand pump': 0, 'handpump': 0, 'overhead tank': 0, 'oh tank': 0, 'stand post': 0, 'piped water supply': 2, 'water supply scheme': 0, 'jalachhatra': 0, 'jalachatra': 0, 'jala jogana kendra': 0, 'jal jogana kendra': 0, 'jal seva shibira': 0, 'water tanker': 0, 'water sprinkling': 0, 'cool roof': 0, 'white roof': 0, 'white topping': 0, 'roof insulation': 0, 'thermal insulation': 0, 'heat reflective': 0, 'reflective coating': 0, 'shade net': 0, 'shade structure': 0, 'canopy': 0, 'awning': 0, 'albedo paint': 0, 'albedo painting': 0, 'white painting': 0, 'reflective paint': 0, 'green roof': 0, 'green roofing': 0, 'k glass': 0, 'doubly glazed glass': 0, 'passive cooling': 0, 'air cooler': 0, 'white china mosaic': 0, 'lime based whitewash': 0, 'white tarp': 0, 'acrylic resin coating': 0, 'tree plantation': 0, 'avenue plantation': 0, 'plantation': 0, 'green belt': 0, 'urban forestry': 0, 'urban forest': 0, 'park development': 0, 'shelter belt': 0, 'shade tree': 0, 'vertical garden': 0, 'green space': 0, 'afforestation': 0, 'green campus': 0, 'night shelter': 0, 'transit shelter': 0, 'rest shed': 0, 'waiting shed': 0, 'community hall': 0, 'relief centre': 0, 'relief center': 0, 'bus stand shelter': 0, 'passenger shelter': 0, 'cool shelter': 0, 'rest shade': 0, 'cool resting space': 0, 'cool resting shed': 0, 'passenger shed': 0, 'outreach clinic': 0, 'awareness campaign': 0, 'iec activity': 0, 'iec material': 0, 'capacity building': 0, 'training programme': 0, 'training program': 0, 'mock drill': 0, 'sensitization': 0, 'swasthya kantha': 0, 'do and dont': 0, 'dos and donts': 0, 'display board': 0, 'hoarding': 0, 'pamphlet': 0, 'leaflet': 0, 'banner': 0}","{'floodlight': 0, 'flood light': 0, 'street light': 0, 'solar street light': 0, 'high mast light': 0, 'gas pipeline': 0, 'sports complex': 0, 'stadium': 0, 'cricket': 0, 'football': 0, 'volleyball': 0, 'examination hall': 0, 'cremation ground': 0, 'crematorium': 0, 'burial ground': 0, 'election': 0, 'covid': 0, 'vaccination': 0, 'wedding hall': 0, 'marriage hall': 0, 'kalyan mandap': 0, 'boundary wall': 0, 'compound wall': 0, 'staff quarter': 0, 'quarter building': 0, 'drug warehouse': 0, 'drug ware house': 0, 'godown': 0, 'bio medical waste': 0, 'biomedical waste': 0, 'bmw management': 0, 'waste management': 0}",weak,Pre-Summer (Jan-Feb),,Drinking Water & Hydration,Drinking Water & Hydration,{'Drinking Water & Hydration': {'piped water supply': 2}}
2021_RWSS_67100_13,RWSS DIVISION PURI 56 OF 2020-21,Execution of Rural Piped Water Supply Scheme to ARUHA under PIPILI Block including 5 years operation and maintenance.,Execution of Rural Piped Water Supply Scheme to ARUHA under PIPILI Block including 5 years operation and maintenance.,Works,Open Tender,Percentage,Civil Works - Water Works,No,No,NA ,15-Mar-2021 09:00 AM,NA ,180.0,No ,No,Online,22-Mar-2021 11:30 AM,Rural Water Supply and Sanitation||RWSS Circle Bhubaneswar||EE RWSS Divn Puri,"ARUHA, PIPILI, PURI",752104.0,2.0,,JYOTIRMAY PATRA,"12,507,008",Accepted-AOC,31-Jan-2025,Rural Water Supply and Sanitation||RWSS Circle Bhubaneswar||EE RWSS Divn Puri,True,False,"{'heatwave': 0, 'heat wave': 0, 'heat-wave': 0, 'heat stress': 0, 'heat stroke': 0, 'heat action plan': 0, 'heat resilience': 0, 'heat resilient': 0, 'extreme heat': 0, 'high temperature': 0, 'rising temperature': 0, 'heat resistant': 0, 'climate resilient': 0, 'cooling centre': 0, 'cooling center': 0, 'emergency response': 0, 'first aid': 0, 'ambulance': 0, 'ors': 0, 'oral rehydration solution': 0, 'heat stroke treatment': 0, 'sunstroke': 0, 'sun stroke': 0, 'heat related illness': 0, 'heat illness': 0, 'heat exhaustion': 0, 'heat cramp': 0, 'heat rash': 0, 'heat alert': 0, 'heat warning': 0, 'heat advisory': 0, 'heat hotline': 0, 'satark': 0, 'early warning system': 0, 'saline': 0, 'iv fluid': 0, 'rapid response team': 0, 'mobile health unit': 0, 'relief chamber': 0, 'heat stroke ward': 0, 'heat stroke bed': 0, 'drinking water': 0, 'water kiosk': 0, 'water atm': 0, 'hydration point': 0, 'hydration centre': 0, 'hydration center': 0, 'cold water': 0, 'tube well': 0, 'tubewell': 0, 'borewell': 0, 'bore well': 0, 'hand pump': 0, 'handpump': 0, 'overhead tank': 0, 'oh tank': 0, 'stand post': 0, 'piped water supply': 2, 'water supply scheme': 2, 'jalachhatra': 0, 'jalachatra': 0, 'jala jogana kendra': 0, 'jal jogana kendra': 0, 'jal seva shibira': 0, 'water tanker': 0, 'water sprinkling': 0, 'cool roof': 0, 'white roof': 0, 'white topping': 0, 'roof insulation': 0, 'thermal insulation': 0, 'heat reflective': 0, 'reflective coating': 0, 'shade net': 0, 'shade structure': 0, 'canopy': 0, 'awning': 0, 'albedo paint': 0, 'albedo painting': 0, 'white painting': 0, 'reflective paint': 0, 'green roof': 0, 'green roofing': 0, 'k glass': 0, 'doubly glazed glass': 0, 'passive cooling': 0, 'air cooler': 0, 'white china mosaic': 0, 'lime based whitewash': 0, 'white tarp': 0, 'acrylic resin coating': 0, 'tree plantation': 0, 'avenue plantation': 0, 'plantation': 0, 'green belt': 0, 'urban forestry': 0, 'urban forest': 0, 'park development': 0, 'shelter belt': 0, 'shade tree': 0, 'vertical garden': 0, 'green space': 0, 'afforestation': 0, 'green campus': 0, 'night shelter': 0, 'transit shelter': 0, 'rest shed': 0, 'waiting shed': 0, 'community hall': 0, 'relief centre': 0, 'relief center': 0, 'bus stand shelter': 0, 'passenger shelter': 0, 'cool shelter': 0, 'rest shade': 0, 'cool resting space': 0, 'cool resting shed': 0, 'passenger shed': 0, 'outreach clinic': 0, 'awareness campaign': 0, 'iec activity': 0, 'iec material': 0, 'capacity building': 0, 'training programme': 0, 'training program': 0, 'mock drill': 0, 'sensitization': 0, 'swasthya kantha': 0, 'do and dont': 0, 'dos and donts': 0, 'display board': 0, 'hoarding': 0, 'pamphlet': 0, 'leaflet': 0, 'banner': 0}","{'floodlight': 0, 'flood light': 0, 'street light': 0, 'solar street light': 0, 'high mast light': 0, 'gas pipeline': 0, 'sports complex': 0, 'stadium': 0, 'cricket': 0, 'football': 0, 'volleyball': 0, 'examination hall': 0, 'cremation ground': 0, 'crematorium': 0, 'burial ground': 0, 'election': 0, 'covid': 0, 'vaccination': 0, 'wedding hall': 0, 'marriage hall': 0, 'kalyan mandap': 0, 'boundary wall': 0, 'compound wall': 0, 'staff quarter': 0, 'quarter building': 0, 'drug warehouse': 0, 'drug ware house': 0, 'godown': 0, 'bio medical waste': 0, 'biomedical waste': 0, 'bmw management': 0, 'waste management': 0}",weak,Summer / Heatwave (Mar-Jun),,Drinking Water & Hydration,Drinking Water & Hydration,"{'Drinking Water & Hydration': {'piped water supply': 2, 'water supply scheme': 2}}"
2024_CERWI_105781_7,SERWSBD-ONLINE-01/2024-25,S/R to Revenue Rest Shed Building at Lamtaput for the year 2024-25,Building,Works,Open Tender,Percentage,Civil Works - Buildings,No,No,NA ,19-Oct-2024 10:00 AM,NA ,90.0,No ,No,Online,18-Nov-2024 11:00 AM,CE RW I||RWCIRCLE-SUNABEDA||RWDIVISION-SUNABEDA,Sunabeda,763001.0,1.0,"4,94,000",TIKI MISHRA,"419,814",Rejected-AOC,28-Jan-2025,CE RW I||RWCIRCLE-SUNABEDA||RWDIVISION-SUNABEDA,True,False,"{'heatwave': 0, 'heat wave': 0, 'heat-wave': 0, 'heat stress': 0, 'heat stroke': 0, 'heat action plan': 0, 'heat resilience': 0, 'heat resilient': 0, 'extreme heat': 0, 'high temperature': 0, 'rising temperature': 0, 'heat resistant': 0, 'climate resilient': 0, 'cooling centre': 0, 'cooling center': 0, 'emergency response': 0, 'first aid': 0, 'ambulance': 0, 'ors': 0, 'oral rehydration solution': 0, 'heat stroke treatment': 0, 'sunstroke': 0, 'sun stroke': 0, 'heat related illness': 0, 'heat illness': 0, 'heat exhaustion': 0, 'heat cramp': 0, 'heat rash': 0, 'heat alert': 0, 'heat warning': 0, 'heat advisory': 0, 'heat hotline': 0, 'satark': 0, 'early warning system': 0, 'saline': 0, 'iv fluid': 0, 'rapid response team': 0, 'mobile health unit': 0, 'relief chamber': 0, 'heat stroke ward': 0, 'heat stroke bed': 0, 'drinking water': 0, 'water kiosk': 0, 'water atm': 0, 'hydration point': 0, 'hydration centre': 0, 'hydration center': 0, 'cold water': 0, 'tube well': 0, 'tubewell': 0, 'borewell': 0, 'bore well': 0, 'hand pump': 0, 'handpump': 0, 'overhead tank': 0, 'oh tank': 0, 'stand post': 0, 'piped water supply': 0, 'water supply scheme': 0, 'jalachhatra': 0, 'jalachatra': 0, 'jala jogana kendra': 0, 'jal jogana kendra': 0, 'jal seva shibira': 0, 'water tanker': 0, 'water sprinkling': 0, 'cool roof': 0, 'white roof': 0, 'white topping': 0, 'roof insulation': 0, 'thermal insulation': 0, 'heat reflective': 0, 'reflective coating': 0, 'shade net': 0, 'shade structure': 0, 'canopy': 0, 'awning': 0, 'albedo paint': 0, 'albedo painting': 0, 'white painting': 0, 'reflective paint': 0, 'green roof': 0, 'green roofing': 0, 'k glass': 0, 'doubly glazed glass': 0, 'passive cooling': 0, 'air cooler': 0, 'white china mosaic': 0, 'lime based whitewash': 0, 'white tarp': 0, 'acrylic resin coating': 0, 'tree plantation': 0, 'avenue plantation': 0, 'plantation': 0, 'green belt': 0, 'urban forestry': 0, 'urban forest': 0, 'park development': 0, 'shelter belt': 0, 'shade tree': 0, 'vertical garden': 0, 'green space': 0, 'afforestation': 0, 'green campus': 0, 'night shelter': 0, 'transit shelter': 0, 'rest shed': 1, 'waiting shed': 0, 'community hall': 0, 'relief centre': 0, 'relief center': 0, 'bus stand shelter': 0, 'passenger shelter': 0, 'cool shelter': 0, 'rest shade': 0, 'cool resting space': 0, 'cool resting shed': 0, 'passenger shed': 0, 'outreach clinic': 0, 'awareness campaign': 0, 'iec activity': 0, 'iec material': 0, 'capacity building': 0, 'training programme': 0, 'training program': 0, 'mock drill': 0, 'sensitization': 0, 'swasthya kantha': 0, 'do and dont': 0, 'dos and donts': 0, 'display board': 0, 'hoarding': 0, 'pamphlet': 0, 'leaflet': 0, 'banner': 0}","{'floodlight': 0, 'flood light': 0, 'street light': 0, 'solar street light': 0, 'high mast light': 0, 'gas pipeline': 0, 'sports complex': 0, 'stadium': 0, 'cricket': 0, 'football': 0, 'volleyball': 0, 'examination hall': 0, 'cremation ground': 0, 'crematorium': 0, 'burial ground': 0, 'election': 0, 'covid': 0, 'vaccination': 0, 'wedding hall': 0, 'marriage hall': 0, 'kalyan mandap': 0, 'boundary wall': 0, 'compound wall': 0, 'staff quarter': 0, 'quarter building': 0, 'drug warehouse': 0, 'drug ware house': 0, 'godown': 0, 'bio medical waste': 0, 'biomedical waste': 0, 'bmw management': 0, 'waste management': 0}",weak,Post-Monsoon / Winter (Oct-Dec),,Shelter & Rest Infrastructure,Shelter & Rest Infrastructure,{'Shelter & Rest Infrastructure': {'rest shed': 1}}
2025_CERWI_109199_17,11/MOHANA/2024-25,Repair to Revenue,Repair to Revenue rest shed building at Nuagada for the year 2024-25,Works,Open Tender,Percentage,Civil Works - Buildings,No,No,NA ,09-Jan-2025 11:00 AM,NA ,90.0,No ,No,Online,20-Jan-2025 11:00 AM,CE RW I||RWCIRCLE-BERHAMPUR||RW Division Mohana,MOHANA,761015.0,1.0,"4,20,000",Jeetendra Kumar Pradhan,"356,735",Rejected-AOC,31-Jan-2025,CE RW I||RWCIRCLE-BERHAMPUR||RW Division Mohana,True,False,"{'heatwave': 0, 'heat wave': 0, 'heat-wave': 0, 'heat stress': 0, 'heat stroke': 0, 'heat action plan': 0, 'heat resilience': 0, 'heat resilient': 0, 'extreme heat': 0, 'high temperature': 0, 'rising temperature': 0, 'heat resistant': 0, 'climate resilient': 0, 'cooling centre': 0, 'cooling center': 0, 'emergency response': 0, 'first aid': 0, 'ambulance': 0, 'ors': 0, 'oral rehydration solution': 0, 'heat stroke treatment': 0, 'sunstroke': 0, 'sun stroke': 0, 'heat related illness': 0, 'heat illness': 0, 'heat exhaustion': 0, 'heat cramp': 0, 'heat rash': 0, 'heat alert': 0, 'heat warning': 0, 'heat advisory': 0, 'heat hotline': 0, 'satark': 0, 'early warning system': 0, 'saline': 0, 'iv fluid': 0, 'rapid response team': 0, 'mobile health unit': 0, 'relief chamber': 0, 'heat stroke ward': 0, 'heat stroke bed': 0, 'drinking water': 0, 'water kiosk': 0, 'water atm': 0, 'hydration point': 0, 'hydration centre': 0, 'hydration center': 0, 'cold water': 0, 'tube well': 0, 'tubewell': 0, 'borewell': 0, 'bore well': 0, 'hand pump': 0, 'handpump': 0, 'overhead tank': 0, 'oh tank': 0, 'stand post': 0, 'piped water supply': 0, 'water supply scheme': 0, 'jalachhatra': 0, 'jalachatra': 0, 'jala jogana kendra': 0, 'jal jogana kendra': 0, 'jal seva shibira': 0, 'water tanker': 0, 'water sprinkling': 0, 'cool roof': 0, 'white roof': 0, 'white topping': 0, 'roof insulation': 0, 'thermal insulation': 0, 'heat reflective': 0, 'reflective coating': 0, 'shade net': 0, 'shade structure': 0, 'canopy': 0, 'awning': 0, 'albedo paint': 0, 'albedo painting': 0, 'white painting': 0, 'reflective paint': 0, 'green roof': 0, 'green roofing': 0, 'k glass': 0, 'doubly glazed glass': 0, 'passive cooling': 0, 'air cooler': 0, 'white china mosaic': 0, 'lime based whitewash': 0, 'white tarp': 0, 'acrylic resin coating': 0, 'tree plantation': 0, 'avenue plantation': 0, 'plantation': 0, 'green belt': 0, 'urban forestry': 0, 'urban forest': 0, 'park development': 0, 'shelter belt': 0, 'shade tree': 0, 'vertical garden': 0, 'green space': 0, 'afforestation': 0, 'green campus': 0, 'night shelter': 0, 'transit shelter': 0, 'rest shed': 1, 'waiting shed': 0, 'community hall': 0, 'relief centre': 0, 'relief center': 0, 'bus stand shelter': 0, 'passenger shelter': 0, 'cool shelter': 0, 'rest shade': 0, 'cool resting space': 0, 'cool resting shed': 0, 'passenger shed': 0, 'outreach clinic': 0, 'awareness campaign': 0, 'iec activity': 0, 'iec material': 0, 'capacity building': 0, 'training programme': 0, 'training program': 0, 'mock drill': 0, 'sensitization': 0, 'swasthya kantha': 0, 'do and dont': 0, 'dos and donts': 0, 'display board': 0, 'hoarding': 0, 'pamphlet': 0, 'leaflet': 0, 'banner': 0}","{'floodlight': 0, 'flood light': 0, 'street light': 0, 'solar street light': 0, 'high mast light': 0, 'gas pipeline': 0, 'sports complex': 0, 'stadium': 0, 'cricket': 0, 'football': 0, 'volleyball': 0, 'examination hall': 0, 'cremation ground': 0, 'crematorium': 0, 'burial ground': 0, 'election': 0, 'covid': 0, 'vaccination': 0, 'wedding hall': 0, 'marriage hall': 0, 'kalyan mandap': 0, 'boundary wall': 0, 'compound wall': 0, 'staff quarter': 0, 'quarter building': 0, 'drug warehouse': 0, 'drug ware house': 0, 'godown': 0, 'bio medical waste': 0, 'biomedical waste': 0, 'bmw management': 0, 'waste management': 0}",weak,Pre-Summer (Jan-Feb),,Shelter & Rest Infrastructure,Shelter & Rest Infrastructure,{'Shelter & Rest Infrastructure': {'rest shed': 1}}
2024_ORULB_100663_75,36/SMC_SBP/2023-24,"Construction of Waiting shed at Kudapali , Ward no-39","Construction of Waiting shed at Kudapali , Ward no-39",Works,Open Tender,Percentage,Civil Works - Others,No,No,NA ,09-Feb-2024 11:00 AM,NA ,120.0,No ,No,Online,19-Feb-2024 11:00 AM,Municipal Bodies||Sambalpur Municipal Corporation,SAMBALPUR MUNICIPAL CORPORATION,768006.0,1.0,"10,92,298",Chakanan Hansa,"1,092,298",Accepted-AOC,18-Jan-2025,Municipal Bodies||Sambalpur Municipal Corporation,True,False,"{'heatwave': 0, 'heat wave': 0, 'heat-wave': 0, 'heat stress': 0, 'heat stroke': 0, 'heat action plan': 0, 'heat resilience': 0, 'heat resilient': 0, 'extreme heat': 0, 'high temperature': 0, 'rising temperature': 0, 'heat resistant': 0, 'climate resilient': 0, 'cooling centre': 0, 'cooling center': 0, 'emergency response': 0, 'first aid': 0, 'ambulance': 0, 'ors': 0, 'oral rehydration solution': 0, 'heat stroke treatment': 0, 'sunstroke': 0, 'sun stroke': 0, 'heat related illness': 0, 'heat illness': 0, 'heat exhaustion': 0, 'heat cramp': 0, 'heat rash': 0, 'heat alert': 0, 'heat warning': 0, 'heat advisory': 0, 'heat hotline': 0, 'satark': 0, 'early warning system': 0, 'saline': 0, 'iv fluid': 0, 'rapid response team': 0, 'mobile health unit': 0, 'relief chamber': 0, 'heat stroke ward': 0, 'heat stroke bed': 0, 'drinking water': 0, 'water kiosk': 0, 'water atm': 0, 'hydration point': 0, 'hydration centre': 0, 'hydration center': 0, 'cold water': 0, 'tube well': 0, 'tubewell': 0, 'borewell': 0, 'bore well': 0, 'hand pump': 0, 'handpump': 0, 'overhead tank': 0, 'oh tank': 0, 'stand post': 0, 'piped water supply': 0, 'water supply scheme': 0, 'jalachhatra': 0, 'jalachatra': 0, 'jala jogana kendra': 0, 'jal jogana kendra': 0, 'jal seva shibira': 0, 'water tanker': 0, 'water sprinkling': 0, 'cool roof': 0, 'white roof': 0, 'white topping': 0, 'roof insulation': 0, 'thermal insulation': 0, 'heat reflective': 0, 'reflective coating': 0, 'shade net': 0, 'shade structure': 0, 'canopy': 0, 'awning': 0, 'albedo paint': 0, 'albedo painting': 0, 'white painting': 0, 'reflective paint': 0, 'green roof': 0, 'green roofing': 0, 'k glass': 0, 'doubly glazed glass': 0, 'passive cooling': 0, 'air cooler': 0, 'white china mosaic': 0, 'lime based whitewash': 0, 'white tarp': 0, 'acrylic resin coating': 0, 'tree plantation': 0, 'avenue plantation': 0, 'plantation': 0, 'green belt': 0, 'urban forestry': 0, 'urban forest': 0, 'park development': 0, 'shelter belt': 0, 'shade tree': 0, 'vertical garden': 0, 'green space': 0, 'afforestation': 0, 'green campus': 0, 'night shelter': 0, 'transit shelter': 0, 'rest shed': 0, 'waiting shed': 2, 'community hall': 0, 'relief centre': 0, 'relief center': 0, 'bus stand shelter': 0, 'passenger shelter': 0, 'cool shelter': 0, 'rest shade': 0, 'cool resting space': 0, 'cool resting shed': 0, 'passenger shed': 0, 'outreach clinic': 0, 'awareness campaign': 0, 'iec activity': 0, 'iec material': 0, 'capacity building': 0, 'training programme': 0, 'training program': 0, 'mock drill': 0, 'sensitization': 0, 'swasthya kantha': 0, 'do and dont': 0, 'dos and donts': 0, 'display board': 0, 'hoarding': 0, 'pamphlet': 0, 'leaflet': 0, 'banner': 0}","{'floodlight': 0, 'flood light': 0, 'street light': 0, 'solar street light': 0, 'high mast light': 0, 'gas pipeline': 0, 'sports complex': 0, 'stadium': 0, 'cricket': 0, 'football': 0, 'volleyball': 0, 'examination hall': 0, 'cremation ground': 0, 'crematorium': 0, 'burial ground': 0, 'election': 0, 'covid': 0, 'vaccination': 0, 'wedding hall': 0, 'marriage hall': 0, 'kalyan mandap': 0, 'boundary wall': 0, 'compound wall': 0, 'staff quarter': 0, 'quarter building': 0, 'drug warehouse': 0, 'drug ware house': 0, 'godown': 0, 'bio medical waste': 0, 'biomedical waste': 0, 'bmw management': 0, 'waste management': 0}",weak,Pre-Summer (Jan-Feb),,Shelter & Rest Infrastructure,Shelter & Rest Infrastructure,{'Shelter & Rest Infrastructure': {'waiting shed': 2}}
2024_CERWI_105781_4,SERWSBD-ONLINE-01/2024-25,S/R to RW Rest Shed Building at Lamtaput for the year 2024-25,Building,Works,Open Tender,Percentage,Civil Works - Buildings,No,No,NA ,19-Oct-2024 10:00 AM,NA ,90.0,No ,No,Online,18-Nov-2024 11:00 AM,CE RW I||RWCIRCLE-SUNABEDA||RWDIVISION-SUNABEDA,Sunabeda,763001.0,1.0,"4,94,000",ASHOK KUMAR SAHU,"419,914",Accepted-AOC,22-Jan-2025,CE RW I||RWCIRCLE-SUNABEDA||RWDIVISION-SUNABEDA,True,False,"{'heatwave': 0, 'heat wave': 0, 'heat-wave': 0, 'heat stress': 0, 'heat stroke': 0, 'heat action plan': 0, 'heat resilience': 0, 'heat resilient': 0, 'extreme heat': 0, 'high temperature': 0, 'rising temperature': 0, 'heat resistant': 0, 'climate resilient': 0, 'cooling centre': 0, 'cooling center': 0, 'emergency response': 0, 'first aid': 0, 'ambulance': 0, 'ors': 0, 'oral rehydration solution': 0, 'heat stroke treatment': 0, 'sunstroke': 0, 'sun stroke': 0, 'heat related illness': 0, 'heat illness': 0, 'heat exhaustion': 0, 'heat cramp': 0, 'heat rash': 0, 'heat alert': 0, 'heat warning': 0, 'heat advisory': 0, 'heat hotline': 0, 'satark': 0, 'early warning system': 0, 'saline': 0, 'iv fluid': 0, 'rapid response team': 0, 'mobile health unit': 0, 'relief chamber': 0, 'heat stroke ward': 0, 'heat stroke bed': 0, 'drinking water': 0, 'water kiosk': 0, 'water atm': 0, 'hydration point': 0, 'hydration centre': 0, 'hydration center': 0, 'cold water': 0, 'tube well': 0, 'tubewell': 0, 'borewell': 0, 'bore well': 0, 'hand pump': 0, 'handpump': 0, 'overhead tank': 0, 'oh tank': 0, 'stand post': 0, 'piped water supply': 0, 'water supply scheme': 0, 'jalachhatra': 0, 'jalachatra': 0, 'jala jogana kendra': 0, 'jal jogana kendra': 0, 'jal seva shibira': 0, 'water tanker': 0, 'water sprinkling': 0, 'cool roof': 0, 'white roof': 0, 'white topping': 0, 'roof insulation': 0, 'thermal insulation': 0, 'heat reflective': 0, 'reflective coating': 0, 'shade net': 0, 'shade structure': 0, 'canopy': 0, 'awning': 0, 'albedo paint': 0, 'albedo painting': 0, 'white painting': 0, 'reflective paint': 0, 'green roof': 0, 'green roofing': 0, 'k glass': 0, 'doubly glazed glass': 0, 'passive cooling': 0, 'air cooler': 0, 'white china mosaic': 0, 'lime based whitewash': 0, 'white tarp': 0, 'acrylic resin coating': 0, 'tree plantation': 0, 'avenue plantation': 0, 'plantation': 0, 'green belt': 0, 'urban forestry': 0, 'urban forest': 0, 'park development': 0, 'shelter belt': 0, 'shade tree': 0, 'vertical garden': 0, 'green space': 0, 'afforestation': 0, 'green campus': 0, 'night shelter': 0, 'transit shelter': 0, 'rest shed': 1, 'waiting shed': 0, 'community hall': 0, 'relief centre': 0, 'relief center': 0, 'bus stand shelter': 0, 'passenger shelter': 0, 'cool shelter': 0, 'rest shade': 0, 'cool resting space': 0, 'cool resting shed': 0, 'passenger shed': 0, 'outreach clinic': 0, 'awareness campaign': 0, 'iec activity': 0, 'iec material': 0, 'capacity building': 0, 'training programme': 0, 'training program': 0, 'mock drill': 0, 'sensitization': 0, 'swasthya kantha': 0, 'do and dont': 0, 'dos and donts': 0, 'display board': 0, 'hoarding': 0, 'pamphlet': 0, 'leaflet': 0, 'banner': 0}","{'floodlight': 0, 'flood light': 0, 'street light': 0, 'solar street light': 0, 'high mast light': 0, 'gas pipeline': 0, 'sports complex': 0, 'stadium': 0, 'cricket': 0, 'football': 0, 'volleyball': 0, 'examination hall': 0, 'cremation ground': 0, 'crematorium': 0, 'burial ground': 0, 'election': 0, 'covid': 0, 'vaccination': 0, 'wedding hall': 0, 'marriage hall': 0, 'kalyan mandap': 0, 'boundary wall': 0, 'compound wall': 0, 'staff quarter': 0, 'quarter building': 0, 'drug warehouse': 0, 'drug ware house': 0, 'godown': 0, 'bio medical waste': 0, 'biomedical waste': 0, 'bmw management': 0, 'waste management': 0}",weak,Post-Monsoon / Winter (Oct-Dec),,Shelter & Rest Infrastructure,Shelter & Rest Infrastructure,{'Shelter & Rest Infrastructure': {'rest shed': 1}}
2021_RWSS_68292_2,RWSS DIVISION PURI 01 OF 2021-22,Execution of Rural Piped Water Supply Scheme to HARIANTA under PIPILI Block including 5 years operation and maintenance.,Execution of Rural Piped Water Supply Scheme to HARIANTA under PIPILI Block including 5 years operation and maintenance.,Works,Open Tender,Percentage,Civil Works - Water Works,No,No,NA ,10-May-2021 11:00 AM,NA ,180.0,No ,No,Online,29-May-2021 11:30 AM,Rural Water Supply and Sanitation||RWSS Circle Bhubaneswar||EE RWSS Divn Puri,"HARIANTA, PIPILI, PURI",752104.0,2.0,,RAMAKANTA PANDA,"5,809,623",Rejected-Finance,31-Jan-2025,Rural Water Supply and Sanitation||RWSS Circle Bhubaneswar||EE RWSS Divn Puri,True,False,"{'heatwave': 0, 'heat wave': 0, 'heat-wave': 0, 'heat stress': 0, 'heat stroke': 0, 'heat action plan': 0, 'heat resilience': 0, 'heat resilient': 0, 'extreme heat': 0, 'high temperature': 0, 'rising temperature': 0, 'heat resistant': 0, 'climate resilient': 0, 'cooling centre': 0, 'cooling center': 0, 'emergency response': 0, 'first aid': 0, 'ambulance': 0, 'ors': 0, 'oral rehydration solution': 0, 'heat stroke treatment': 0, 'sunstroke': 0, 'sun stroke': 0, 'heat related illness': 0, 'heat illness': 0, 'heat exhaustion': 0, 'heat cramp': 0, 'heat rash': 0, 'heat alert': 0, 'heat warning': 0, 'heat advisory': 0, 'heat hotline': 0, 'satark': 0, 'early warning system': 0, 'saline': 0, 'iv fluid': 0, 'rapid response team': 0, 'mobile health unit': 0, 'relief chamber': 0, 'heat stroke ward': 0, 'heat stroke bed': 0, 'drinking water': 0, 'water kiosk': 0, 'water atm': 0, 'hydration point': 0, 'hydration centre': 0, 'hydration center': 0, 'cold water': 0, 'tube well': 0, 'tubewell': 0, 'borewell': 0, 'bore well': 0, 'hand pump': 0, 'handpump': 0, 'overhead tank': 0, 'oh tank': 0, 'stand post': 0, 'piped water supply': 2, 'water supply scheme': 2, 'jalachhatra': 0, 'jalachatra': 0, 'jala jogana kendra': 0, 'jal jogana kendra': 0, 'jal seva shibira': 0, 'water tanker': 0, 'water sprinkling': 0, 'cool roof': 0, 'white roof': 0, 'white topping': 0, 'roof insulation': 0, 'thermal insulation': 0, 'heat reflective': 0, 'reflective coating': 0, 'shade net': 0, 'shade structure': 0, 'canopy': 0, 'awning': 0, 'albedo paint': 0, 'albedo painting': 0, 'white painting': 0, 'reflective paint': 0, 'green roof': 0, 'green roofing': 0, 'k glass': 0, 'doubly glazed glass': 0, 'passive cooling': 0, 'air cooler': 0, 'white china mosaic': 0, 'lime based whitewash': 0, 'white tarp': 0, 'acrylic resin coating': 0, 'tree plantation': 0, 'avenue plantation': 0, 'plantation': 0, 'green belt': 0, 'urban forestry': 0, 'urban forest': 0, 'park development': 0, 'shelter belt': 0, 'shade tree': 0, 'vertical garden': 0, 'green space': 0, 'afforestation': 0, 'green campus': 0, 'night shelter': 0, 'transit shelter': 0, 'rest shed': 0, 'waiting shed': 0, 'community hall': 0, 'relief centre': 0, 'relief center': 0, 'bus stand shelter': 0, 'passenger shelter': 0, 'cool shelter': 0, 'rest shade': 0, 'cool resting space': 0, 'cool resting shed': 0, 'passenger shed': 0, 'outreach clinic': 0, 'awareness campaign': 0, 'iec activity': 0, 'iec material': 0, 'capacity building': 0, 'training programme': 0, 'training program': 0, 'mock drill': 0, 'sensitization': 0, 'swasthya kantha': 0, 'do and dont': 0, 'dos and donts': 0, 'display board': 0, 'hoarding': 0, 'pamphlet': 0, 'leaflet': 0, 'banner': 0}","{'floodlight': 0, 'flood light': 0, 'street light': 0, 'solar street light': 0, 'high mast light': 0, 'gas pipeline': 0, 'sports complex': 0, 'stadium': 0, 'cricket': 0, 'football': 0, 'volleyball': 0, 'examination hall': 0, 'cremation ground': 0, 'crematorium': 0, 'burial ground': 0, 'election': 0, 'covid': 0, 'vaccination': 0, 'wedding hall': 0, 'marriage hall': 0, 'kalyan mandap': 0, 'boundary wall': 0, 'compound wall': 0, 'staff quarter': 0, 'quarter building': 0, 'drug warehouse': 0, 'drug ware house': 0, 'godown': 0, 'bio medical waste': 0, 'biomedical waste': 0, 'bmw management': 0, 'waste management': 0}",weak,Summer / Heatwave (Mar-Jun),,Drinking Water & Hydration,Drinking Water & Hydration,"{'Drinking Water & Hydration': {'piped water supply': 2, 'water supply scheme': 2}}"
2023_OLIC_95874_4,7400 Dt-19.10.2023,Installation Electrification Energisation and Commissioning of Borewell in SUNDARGARH DISTRICT PKG 01 BID ID 05,Installation Electrification Energisation and Commissioning of Borewell in SUNDARGARH DISTRICT PKG 01 BID ID 05,Works,Open Tender,Percentage,Civil Works - Lift Irrigation Schemes,No,No,NA ,20-Oct-2023 10:00 AM,NA ,180.0,No ,No,Online,15-Nov-2023 04:00 PM,Orissa Lift Irrigation Corporation,SUNDARGARH,770001.0,2.0,"13,02,80,000",Arihant Electricals and Engineers,"117,264,623.13",Accepted-AOC,27-Feb-2024,Orissa Lift Irrigation Corporation,True,False,"{'heatwave': 0, 'heat wave': 0, 'heat-wave': 0, 'heat stress': 0, 'heat stroke': 0, 'heat action plan': 0, 'heat resilience': 0, 'heat resilient': 0, 'extreme heat': 0, 'high temperature': 0, 'rising temperature': 0, 'heat resistant': 0, 'climate resilient': 0, 'cooling centre': 0, 'cooling center': 0, 'emergency response': 0, 'first aid': 0, 'ambulance': 0, 'ors': 0, 'oral rehydration solution': 0, 'heat stroke treatment': 0, 'sunstroke': 0, 'sun stroke': 0, 'heat related illness': 0, 'heat illness': 0, 'heat exhaustion': 0, 'heat cramp': 0, 'heat rash': 0, 'heat alert': 0, 'heat warning': 0, 'heat advisory': 0, 'heat hotline': 0, 'satark': 0, 'early warning system': 0, 'saline': 0, 'iv fluid': 0, 'rapid response team': 0, 'mobile health unit': 0, 'relief chamber': 0, 'heat stroke ward': 0, 'heat stroke bed': 0, 'drinking water': 0, 'water kiosk': 0, 'water atm': 0, 'hydration point': 0, 'hydration centre': 0, 'hydration center': 0, 'cold water': 0, 'tube well': 0, 'tubewell': 0, 'borewell': 2, 'bore well': 0, 'hand pump': 0, 'handpump': 0, 'overhead tank': 0, 'oh tank': 0, 'stand post': 0, 'piped water supply': 0, 'water supply scheme': 0, 'jalachhatra': 0, 'jalachatra': 0, 'jala jogana kendra': 0, 'jal jogana kendra': 0, 'jal seva shibira': 0, 'water tanker': 0, 'water sprinkling': 0, 'cool roof': 0, 'white roof': 0, 'white topping': 0, 'roof insulation': 0, 'thermal insulation': 0, 'heat reflective': 0, 'reflective coating': 0, 'shade net': 0, 'shade structure': 0, 'canopy': 0, 'awning': 0, 'albedo paint': 0, 'albedo painting': 0, 'white painting': 0, 'reflective paint': 0, 'green roof': 0, 'green roofing': 0, 'k glass': 0, 'doubly glazed glass': 0, 'passive cooling': 0, 'air cooler': 0, 'white china mosaic': 0, 'lime based whitewash': 0, 'white tarp': 0, 'acrylic resin coating': 0, 'tree plantation': 0, 'avenue plantation': 0, 'plantation': 0, 'green belt': 0, 'urban forestry': 0, 'urban forest': 0, 'park development': 0, 'shelter belt': 0, 'shade tree': 0, 'vertical garden': 0, 'green space': 0, 'afforestation': 0, 'green campus': 0, 'night shelter': 0, 'transit shelter': 0, 'rest shed': 0, 'waiting shed': 0, 'community hall': 0, 'relief centre': 0, 'relief center': 0, 'bus stand shelter': 0, 'passenger shelter': 0, 'cool shelter': 0, 'rest shade': 0, 'cool resting space': 0, 'cool resting shed': 0, 'passenger shed': 0, 'outreach clinic': 0, 'awareness campaign': 0, 'iec activity': 0, 'iec material': 0, 'capacity building': 0, 'training programme': 0, 'training program': 0, 'mock drill': 0, 'sensitization': 0, 'swasthya kantha': 0, 'do and dont': 0, 'dos and donts': 0, 'display board': 0, 'hoarding': 0, 'pamphlet': 0, 'leaflet': 0, 'banner': 0}","{'floodlight': 0, 'flood light': 0, 'street light': 0, 'solar street light': 0, 'high mast light': 0, 'gas pipeline': 0, 'sports complex': 0, 'stadium': 0, 'cricket': 0, 'football': 0, 'volleyball': 0, 'examination hall': 0, 'cremation ground': 0, 'crematorium': 0, 'burial ground': 0, 'election': 0, 'covid': 0, 'vaccination': 0, 'wedding hall': 0, 'marriage hall': 0, 'kalyan mandap': 0, 'boundary wall': 0, 'compound wall': 0, 'staff quarter': 0, 'quarter building': 0, 'drug warehouse': 0, 'drug ware house': 0, 'godown': 0, 'bio medical waste': 0, 'biomedical waste': 0, 'bmw management': 0, 'waste management': 0}",weak,Post-Monsoon / Winter (Oct-Dec),,Drinking Water & Hydration,Drinking Water & Hydration,{'Drinking Water & Hydration': {'borewell': 2}}
2023_OLIC_95894_1,7390 Dt-19.10.2023,Installation of Borewell through Solar Pumping System in KALAHANDI DISTRICT PKG 01 BID ID 94,Installation of Borewell through Solar Pumping System in KALAHANDI DISTRICT PKG 01 BID ID 94,Works,Open Tender,Percentage,Civil Works - Lift Irrigation Schemes,No,No,NA ,20-Oct-2023 10:00 AM,NA ,180.0,No ,No,Online,15-Nov-2023 04:00 PM,Orissa Lift Irrigation Corporation,KALAHANDI,766001.0,2.0,"1,43,69,000",JASPAL SINGH,"14,224,828.68",Rejected-Technical,30-May-2024,Orissa Lift Irrigation Corporation,True,False,"{'heatwave': 0, 'heat wave': 0, 'heat-wave': 0, 'heat stress': 0, 'heat stroke': 0, 'heat action plan': 0, 'heat resilience': 0, 'heat resilient': 0, 'extreme heat': 0, 'high temperature': 0, 'rising temperature': 0, 'heat resistant': 0, 'climate resilient': 0, 'cooling centre': 0, 'cooling center': 0, 'emergency response': 0, 'first aid': 0, 'ambulance': 0, 'ors': 0, 'oral rehydration solution': 0, 'heat stroke treatment': 0, 'sunstroke': 0, 'sun stroke': 0, 'heat related illness': 0, 'heat illness': 0, 'heat exhaustion': 0, 'heat cramp': 0, 'heat rash': 0, 'heat alert': 0, 'heat warning': 0, 'heat advisory': 0, 'heat hotline': 0, 'satark': 0, 'early warning system': 0, 'saline': 0, 'iv fluid': 0, 'rapid response team': 0, 'mobile health unit': 0, 'relief chamber': 0, 'heat stroke ward': 0, 'heat stroke bed': 0, 'drinking water': 0, 'water kiosk': 0, 'water atm': 0, 'hydration point': 0, 'hydration centre': 0, 'hydration center': 0, 'cold water': 0, 'tube well': 0, 'tubewell': 0, 'borewell': 2, 'bore well': 0, 'hand pump': 0, 'handpump': 0, 'overhead tank': 0, 'oh tank': 0, 'stand post': 0, 'piped water supply': 0, 'water supply scheme': 0, 'jalachhatra': 0, 'jalachatra': 0, 'jala jogana kendra': 0, 'jal jogana kendra': 0, 'jal seva shibira': 0, 'water tanker': 0, 'water sprinkling': 0, 'cool roof': 0, 'white roof': 0, 'white topping': 0, 'roof insulation': 0, 'thermal insulation': 0, 'heat reflective': 0, 'reflective coating': 0, 'shade net': 0, 'shade structure': 0, 'canopy': 0, 'awning': 0, 'albedo paint': 0, 'albedo painting': 0, 'white painting': 0, 'reflective paint': 0, 'green roof': 0, 'green roofing': 0, 'k glass': 0, 'doubly glazed glass': 0, 'passive cooling': 0, 'air cooler': 0, 'white china mosaic': 0, 'lime based whitewash': 0, 'white tarp': 0, 'acrylic resin coating': 0, 'tree plantation': 0, 'avenue plantation': 0, 'plantation': 0, 'green belt': 0, 'urban forestry': 0, 'urban forest': 0, 'park development': 0, 'shelter belt': 0, 'shade tree': 0, 'vertical garden': 0, 'green space': 0, 'afforestation': 0, 'green campus': 0, 'night shelter': 0, 'transit shelter': 0, 'rest shed': 0, 'waiting shed': 0, 'community hall': 0, 'relief centre': 0, 'relief center': 0, 'bus stand shelter': 0, 'passenger shelter': 0, 'cool shelter': 0, 'rest shade': 0, 'cool resting space': 0, 'cool resting shed': 0, 'passenger shed': 0, 'outreach clinic': 0, 'awareness campaign': 0, 'iec activity': 0, 'iec material': 0, 'capacity building': 0, 'training programme': 0, 'training program': 0, 'mock drill': 0, 'sensitization': 0, 'swasthya kantha': 0, 'do and dont': 0, 'dos and donts': 0, 'display board': 0, 'hoarding': 0, 'pamphlet': 0, 'leaflet': 0, 'banner': 0}","{'floodlight': 0, 'flood light': 0, 'street light': 0, 'solar street light': 0, 'high mast light': 0, 'gas pipeline': 0, 'sports complex': 0, 'stadium': 0, 'cricket': 0, 'football': 0, 'volleyball': 0, 'examination hall': 0, 'cremation ground': 0, 'crematorium': 0, 'burial ground': 0, 'election': 0, 'covid': 0, 'vaccination': 0, 'wedding hall': 0, 'marriage hall': 0, 'kalyan mandap': 0, 'boundary wall': 0, 'compound wall': 0, 'staff quarter': 0, 'quarter building': 0, 'drug warehouse': 0, 'drug ware house': 0, 'godown': 0, 'bio medical waste': 0, 'biomedical waste': 0, 'bmw management': 0, 'waste management': 0}",weak,Post-Monsoon / Winter (Oct-Dec),,Drinking Water & Hydration,Drinking Water & Hydration,{'Drinking Water & Hydration': {'borewell': 2}}
