Tender ID,tender_externalreference,tender_title,Work Description,Tender Category,Tender Type,Form of contract,Product Category,Is Multi Currency Allowed For BOQ,Allow Two Stage Bidding,Independent External Monitor/Remarks,Published Date,Pre Bid Meeting Date,Bid Validity(Days),Should Allow NDA Tender,Allow Preferential Bidder,Payment Mode,Bid Opening Date,Organisation Chain,location,Pincode,No of Bids Received,Tender Value in ₹,Bidder Name,Awarded Value,Status,Contract Date :,Department,is_heat_tender,is_strong_heat_tender,positive_keywords_dict,negative_keywords_dict,heat_signal,Season,Scheme,Response Type,Heat Response - Themes,Heat Response - Subhead
2025_CELBB_112841_44,EPROCUREMENT TENDER CALL NOTICE PID01 OF 2025-26,"PID-44, Restoration to Kalapadar saline embankment from RD 3.180 km to 3.390 km",Restoration to Kalapadar saline embankment from RD 3.180 km to 3.390 km,Works,Open Tender,Percentage,Civil Works - Others,No,No,NA ,29-Apr-2025 10:30 AM,NA ,90.0,No ,No,Online,14-May-2025 11:00 AM,"CE-BM,LMB Basin,BBSR||SE, Central Irr.Circle, BBSR||EE,Puri Irr Division,Puri",PURI,752003.0,1.0,"40,12,411",ABINASH PRASAD BEHERA,"3,410,951",Accepted-AOC,31-Jul-2025,"CE-BM,LMB Basin,BBSR||SE, Central Irr.Circle, BBSR||EE,Puri Irr Division,Puri",True,False,"{'heatwave': 0, 'heat wave': 0, 'heat-wave': 0, 'heat stress': 0, 'heat stroke': 0, 'heat action plan': 0, 'heat resilience': 0, 'heat resilient': 0, 'extreme heat': 0, 'high temperature': 0, 'rising temperature': 0, 'heat resistant': 0, 'climate resilient': 0, 'cooling centre': 0, 'cooling center': 0, 'emergency response': 0, 'first aid': 0, 'ambulance': 0, 'ors': 0, 'oral rehydration solution': 0, 'heat stroke treatment': 0, 'sunstroke': 0, 'sun stroke': 0, 'heat related illness': 0, 'heat illness': 0, 'heat exhaustion': 0, 'heat cramp': 0, 'heat rash': 0, 'heat alert': 0, 'heat warning': 0, 'heat advisory': 0, 'heat hotline': 0, 'satark': 0, 'early warning system': 0, 'saline': 2, 'iv fluid': 0, 'rapid response team': 0, 'mobile health unit': 0, 'relief chamber': 0, 'heat stroke ward': 0, 'heat stroke bed': 0, 'drinking water': 0, 'water kiosk': 0, 'water atm': 0, 'hydration point': 0, 'hydration centre': 0, 'hydration center': 0, 'cold water': 0, 'tube well': 0, 'tubewell': 0, 'borewell': 0, 'bore well': 0, 'hand pump': 0, 'handpump': 0, 'overhead tank': 0, 'oh tank': 0, 'stand post': 0, 'piped water supply': 0, 'water supply scheme': 0, 'jalachhatra': 0, 'jalachatra': 0, 'jala jogana kendra': 0, 'jal jogana kendra': 0, 'jal seva shibira': 0, 'water tanker': 0, 'water sprinkling': 0, 'cool roof': 0, 'white roof': 0, 'white topping': 0, 'roof insulation': 0, 'thermal insulation': 0, 'heat reflective': 0, 'reflective coating': 0, 'shade net': 0, 'shade structure': 0, 'canopy': 0, 'awning': 0, 'albedo paint': 0, 'albedo painting': 0, 'white painting': 0, 'reflective paint': 0, 'green roof': 0, 'green roofing': 0, 'k glass': 0, 'doubly glazed glass': 0, 'passive cooling': 0, 'air cooler': 0, 'white china mosaic': 0, 'lime based whitewash': 0, 'white tarp': 0, 'acrylic resin coating': 0, 'tree plantation': 0, 'avenue plantation': 0, 'plantation': 0, 'green belt': 0, 'urban forestry': 0, 'urban forest': 0, 'park development': 0, 'shelter belt': 0, 'shade tree': 0, 'vertical garden': 0, 'green space': 0, 'afforestation': 0, 'green campus': 0, 'night shelter': 0, 'transit shelter': 0, 'rest shed': 0, 'waiting shed': 0, 'community hall': 0, 'relief centre': 0, 'relief center': 0, 'bus stand shelter': 0, 'passenger shelter': 0, 'cool shelter': 0, 'rest shade': 0, 'cool resting space': 0, 'cool resting shed': 0, 'passenger shed': 0, 'outreach clinic': 0, 'awareness campaign': 0, 'iec activity': 0, 'iec material': 0, 'capacity building': 0, 'training programme': 0, 'training program': 0, 'mock drill': 0, 'sensitization': 0, 'swasthya kantha': 0, 'do and dont': 0, 'dos and donts': 0, 'display board': 0, 'hoarding': 0, 'pamphlet': 0, 'leaflet': 0, 'banner': 0}","{'stadium': 0, 'football': 0, 'cremation ground': 0, 'crematorium': 0, 'boundary wall': 0, 'compound wall': 0, 'godown': 0}",weak,Summer / Heatwave (Mar-Jun),,Heatwave & Emergency Response,Heatwave & Emergency Response,{'Heatwave & Emergency Response': {'saline': 2}}
2025_CELBB_112841_50,EPROCUREMENT TENDER CALL NOTICE PID01 OF 2025-26,"PID-50,Restoration to Kalapadar Saline embankment from RD 1.550Km. to 1.750Km.",Restoration to Kalapadar Saline embankment from RD 1.550Km. to 1.750Km.,Works,Open Tender,Percentage,Civil Works - Others,No,No,NA ,29-Apr-2025 10:30 AM,NA ,90.0,No ,No,Online,14-May-2025 11:00 AM,"CE-BM,LMB Basin,BBSR||SE, Central Irr.Circle, BBSR||EE,Puri Irr Division,Puri",PURI,752003.0,1.0,"38,21,372",ABINASH PRASAD BEHERA,"3,248,549",Rejected-Finance,30-Jul-2025,"CE-BM,LMB Basin,BBSR||SE, Central Irr.Circle, BBSR||EE,Puri Irr Division,Puri",True,False,"{'heatwave': 0, 'heat wave': 0, 'heat-wave': 0, 'heat stress': 0, 'heat stroke': 0, 'heat action plan': 0, 'heat resilience': 0, 'heat resilient': 0, 'extreme heat': 0, 'high temperature': 0, 'rising temperature': 0, 'heat resistant': 0, 'climate resilient': 0, 'cooling centre': 0, 'cooling center': 0, 'emergency response': 0, 'first aid': 0, 'ambulance': 0, 'ors': 0, 'oral rehydration solution': 0, 'heat stroke treatment': 0, 'sunstroke': 0, 'sun stroke': 0, 'heat related illness': 0, 'heat illness': 0, 'heat exhaustion': 0, 'heat cramp': 0, 'heat rash': 0, 'heat alert': 0, 'heat warning': 0, 'heat advisory': 0, 'heat hotline': 0, 'satark': 0, 'early warning system': 0, 'saline': 2, 'iv fluid': 0, 'rapid response team': 0, 'mobile health unit': 0, 'relief chamber': 0, 'heat stroke ward': 0, 'heat stroke bed': 0, 'drinking water': 0, 'water kiosk': 0, 'water atm': 0, 'hydration point': 0, 'hydration centre': 0, 'hydration center': 0, 'cold water': 0, 'tube well': 0, 'tubewell': 0, 'borewell': 0, 'bore well': 0, 'hand pump': 0, 'handpump': 0, 'overhead tank': 0, 'oh tank': 0, 'stand post': 0, 'piped water supply': 0, 'water supply scheme': 0, 'jalachhatra': 0, 'jalachatra': 0, 'jala jogana kendra': 0, 'jal jogana kendra': 0, 'jal seva shibira': 0, 'water tanker': 0, 'water sprinkling': 0, 'cool roof': 0, 'white roof': 0, 'white topping': 0, 'roof insulation': 0, 'thermal insulation': 0, 'heat reflective': 0, 'reflective coating': 0, 'shade net': 0, 'shade structure': 0, 'canopy': 0, 'awning': 0, 'albedo paint': 0, 'albedo painting': 0, 'white painting': 0, 'reflective paint': 0, 'green roof': 0, 'green roofing': 0, 'k glass': 0, 'doubly glazed glass': 0, 'passive cooling': 0, 'air cooler': 0, 'white china mosaic': 0, 'lime based whitewash': 0, 'white tarp': 0, 'acrylic resin coating': 0, 'tree plantation': 0, 'avenue plantation': 0, 'plantation': 0, 'green belt': 0, 'urban forestry': 0, 'urban forest': 0, 'park development': 0, 'shelter belt': 0, 'shade tree': 0, 'vertical garden': 0, 'green space': 0, 'afforestation': 0, 'green campus': 0, 'night shelter': 0, 'transit shelter': 0, 'rest shed': 0, 'waiting shed': 0, 'community hall': 0, 'relief centre': 0, 'relief center': 0, 'bus stand shelter': 0, 'passenger shelter': 0, 'cool shelter': 0, 'rest shade': 0, 'cool resting space': 0, 'cool resting shed': 0, 'passenger shed': 0, 'outreach clinic': 0, 'awareness campaign': 0, 'iec activity': 0, 'iec material': 0, 'capacity building': 0, 'training programme': 0, 'training program': 0, 'mock drill': 0, 'sensitization': 0, 'swasthya kantha': 0, 'do and dont': 0, 'dos and donts': 0, 'display board': 0, 'hoarding': 0, 'pamphlet': 0, 'leaflet': 0, 'banner': 0}","{'stadium': 0, 'football': 0, 'cremation ground': 0, 'crematorium': 0, 'boundary wall': 0, 'compound wall': 0, 'godown': 0}",weak,Summer / Heatwave (Mar-Jun),,Heatwave & Emergency Response,Heatwave & Emergency Response,{'Heatwave & Emergency Response': {'saline': 2}}
2025_CELBB_112841_45,EPROCUREMENT TENDER CALL NOTICE PID01 OF 2025-26,"PID-45, Restoration and Protection to Titipo Saline embankment from RD 4.310Km. to 4.520Km",Restoration and Protection to Titipo Saline embankment from RD 4.310Km. to 4.520Km,Works,Open Tender,Percentage,Civil Works - Others,No,No,NA ,29-Apr-2025 10:30 AM,NA ,90.0,No ,No,Online,14-May-2025 11:00 AM,"CE-BM,LMB Basin,BBSR||SE, Central Irr.Circle, BBSR||EE,Puri Irr Division,Puri",PURI,752003.0,1.0,"41,45,390",RAJESH BARIK,"3,523,996",Rejected-Finance,30-Jul-2025,"CE-BM,LMB Basin,BBSR||SE, Central Irr.Circle, BBSR||EE,Puri Irr Division,Puri",True,False,"{'heatwave': 0, 'heat wave': 0, 'heat-wave': 0, 'heat stress': 0, 'heat stroke': 0, 'heat action plan': 0, 'heat resilience': 0, 'heat resilient': 0, 'extreme heat': 0, 'high temperature': 0, 'rising temperature': 0, 'heat resistant': 0, 'climate resilient': 0, 'cooling centre': 0, 'cooling center': 0, 'emergency response': 0, 'first aid': 0, 'ambulance': 0, 'ors': 0, 'oral rehydration solution': 0, 'heat stroke treatment': 0, 'sunstroke': 0, 'sun stroke': 0, 'heat related illness': 0, 'heat illness': 0, 'heat exhaustion': 0, 'heat cramp': 0, 'heat rash': 0, 'heat alert': 0, 'heat warning': 0, 'heat advisory': 0, 'heat hotline': 0, 'satark': 0, 'early warning system': 0, 'saline': 2, 'iv fluid': 0, 'rapid response team': 0, 'mobile health unit': 0, 'relief chamber': 0, 'heat stroke ward': 0, 'heat stroke bed': 0, 'drinking water': 0, 'water kiosk': 0, 'water atm': 0, 'hydration point': 0, 'hydration centre': 0, 'hydration center': 0, 'cold water': 0, 'tube well': 0, 'tubewell': 0, 'borewell': 0, 'bore well': 0, 'hand pump': 0, 'handpump': 0, 'overhead tank': 0, 'oh tank': 0, 'stand post': 0, 'piped water supply': 0, 'water supply scheme': 0, 'jalachhatra': 0, 'jalachatra': 0, 'jala jogana kendra': 0, 'jal jogana kendra': 0, 'jal seva shibira': 0, 'water tanker': 0, 'water sprinkling': 0, 'cool roof': 0, 'white roof': 0, 'white topping': 0, 'roof insulation': 0, 'thermal insulation': 0, 'heat reflective': 0, 'reflective coating': 0, 'shade net': 0, 'shade structure': 0, 'canopy': 0, 'awning': 0, 'albedo paint': 0, 'albedo painting': 0, 'white painting': 0, 'reflective paint': 0, 'green roof': 0, 'green roofing': 0, 'k glass': 0, 'doubly glazed glass': 0, 'passive cooling': 0, 'air cooler': 0, 'white china mosaic': 0, 'lime based whitewash': 0, 'white tarp': 0, 'acrylic resin coating': 0, 'tree plantation': 0, 'avenue plantation': 0, 'plantation': 0, 'green belt': 0, 'urban forestry': 0, 'urban forest': 0, 'park development': 0, 'shelter belt': 0, 'shade tree': 0, 'vertical garden': 0, 'green space': 0, 'afforestation': 0, 'green campus': 0, 'night shelter': 0, 'transit shelter': 0, 'rest shed': 0, 'waiting shed': 0, 'community hall': 0, 'relief centre': 0, 'relief center': 0, 'bus stand shelter': 0, 'passenger shelter': 0, 'cool shelter': 0, 'rest shade': 0, 'cool resting space': 0, 'cool resting shed': 0, 'passenger shed': 0, 'outreach clinic': 0, 'awareness campaign': 0, 'iec activity': 0, 'iec material': 0, 'capacity building': 0, 'training programme': 0, 'training program': 0, 'mock drill': 0, 'sensitization': 0, 'swasthya kantha': 0, 'do and dont': 0, 'dos and donts': 0, 'display board': 0, 'hoarding': 0, 'pamphlet': 0, 'leaflet': 0, 'banner': 0}","{'stadium': 0, 'football': 0, 'cremation ground': 0, 'crematorium': 0, 'boundary wall': 0, 'compound wall': 0, 'godown': 0}",weak,Summer / Heatwave (Mar-Jun),,Heatwave & Emergency Response,Heatwave & Emergency Response,{'Heatwave & Emergency Response': {'saline': 2}}
2025_CELBB_112841_52,EPROCUREMENT TENDER CALL NOTICE PID01 OF 2025-26,"PID-52, Restoration and Protetion to Nuapada Saline embankment from RD 6.700Km. to 6.895Km",Restoration and Protection to Nuapada Saline embankment from RD 6.700Km. to 6.895Km,Works,Open Tender,Percentage,Civil Works - Others,No,No,NA ,29-Apr-2025 10:30 AM,NA ,90.0,No ,No,Online,14-May-2025 11:00 AM,"CE-BM,LMB Basin,BBSR||SE, Central Irr.Circle, BBSR||EE,Puri Irr Division,Puri",PURI,752003.0,1.0,"41,23,074",DEEPAK KUMAR TARAI,"3,505,025",Rejected-Finance,25-Aug-2025,"CE-BM,LMB Basin,BBSR||SE, Central Irr.Circle, BBSR||EE,Puri Irr Division,Puri",True,False,"{'heatwave': 0, 'heat wave': 0, 'heat-wave': 0, 'heat stress': 0, 'heat stroke': 0, 'heat action plan': 0, 'heat resilience': 0, 'heat resilient': 0, 'extreme heat': 0, 'high temperature': 0, 'rising temperature': 0, 'heat resistant': 0, 'climate resilient': 0, 'cooling centre': 0, 'cooling center': 0, 'emergency response': 0, 'first aid': 0, 'ambulance': 0, 'ors': 0, 'oral rehydration solution': 0, 'heat stroke treatment': 0, 'sunstroke': 0, 'sun stroke': 0, 'heat related illness': 0, 'heat illness': 0, 'heat exhaustion': 0, 'heat cramp': 0, 'heat rash': 0, 'heat alert': 0, 'heat warning': 0, 'heat advisory': 0, 'heat hotline': 0, 'satark': 0, 'early warning system': 0, 'saline': 2, 'iv fluid': 0, 'rapid response team': 0, 'mobile health unit': 0, 'relief chamber': 0, 'heat stroke ward': 0, 'heat stroke bed': 0, 'drinking water': 0, 'water kiosk': 0, 'water atm': 0, 'hydration point': 0, 'hydration centre': 0, 'hydration center': 0, 'cold water': 0, 'tube well': 0, 'tubewell': 0, 'borewell': 0, 'bore well': 0, 'hand pump': 0, 'handpump': 0, 'overhead tank': 0, 'oh tank': 0, 'stand post': 0, 'piped water supply': 0, 'water supply scheme': 0, 'jalachhatra': 0, 'jalachatra': 0, 'jala jogana kendra': 0, 'jal jogana kendra': 0, 'jal seva shibira': 0, 'water tanker': 0, 'water sprinkling': 0, 'cool roof': 0, 'white roof': 0, 'white topping': 0, 'roof insulation': 0, 'thermal insulation': 0, 'heat reflective': 0, 'reflective coating': 0, 'shade net': 0, 'shade structure': 0, 'canopy': 0, 'awning': 0, 'albedo paint': 0, 'albedo painting': 0, 'white painting': 0, 'reflective paint': 0, 'green roof': 0, 'green roofing': 0, 'k glass': 0, 'doubly glazed glass': 0, 'passive cooling': 0, 'air cooler': 0, 'white china mosaic': 0, 'lime based whitewash': 0, 'white tarp': 0, 'acrylic resin coating': 0, 'tree plantation': 0, 'avenue plantation': 0, 'plantation': 0, 'green belt': 0, 'urban forestry': 0, 'urban forest': 0, 'park development': 0, 'shelter belt': 0, 'shade tree': 0, 'vertical garden': 0, 'green space': 0, 'afforestation': 0, 'green campus': 0, 'night shelter': 0, 'transit shelter': 0, 'rest shed': 0, 'waiting shed': 0, 'community hall': 0, 'relief centre': 0, 'relief center': 0, 'bus stand shelter': 0, 'passenger shelter': 0, 'cool shelter': 0, 'rest shade': 0, 'cool resting space': 0, 'cool resting shed': 0, 'passenger shed': 0, 'outreach clinic': 0, 'awareness campaign': 0, 'iec activity': 0, 'iec material': 0, 'capacity building': 0, 'training programme': 0, 'training program': 0, 'mock drill': 0, 'sensitization': 0, 'swasthya kantha': 0, 'do and dont': 0, 'dos and donts': 0, 'display board': 0, 'hoarding': 0, 'pamphlet': 0, 'leaflet': 0, 'banner': 0}","{'stadium': 0, 'football': 0, 'cremation ground': 0, 'crematorium': 0, 'boundary wall': 0, 'compound wall': 0, 'godown': 0}",weak,Summer / Heatwave (Mar-Jun),,Heatwave & Emergency Response,Heatwave & Emergency Response,{'Heatwave & Emergency Response': {'saline': 2}}
2025_CEMWR_110038_1,SE/MDC-23(1)/2024-25,"Repair and Maintenance of Hadua sluice on Fatepur to Guamunda Saline Embkt. under Superintending Engineer Mahanadi South Division No.-1, Cuttack for the year 2024-25","Repair and Maintenance of Hadua sluice on Fatepur to Guamunda Saline Embkt. under Superintending Engineer Mahanadi South Division No.-1, Cuttack for the year 2024-25",Works,Open Tender,Percentage,Mechanical Works,No,No,NA ,03-Feb-2025 09:00 AM,NA ,90.0,No ,No,Online,15-Feb-2025 09:00 AM,Chief Engineer Mech - WR Bhubaneswar||SE Mechanical Circle Bhubaneswar||EE Mechanical Division Cuttack,Ersama,754139.0,1.0,"7,90,564",M/S Ashreebad Fabricators,"672,058",Rejected-Technical,29-May-2025,Chief Engineer Mech - WR Bhubaneswar||SE Mechanical Circle Bhubaneswar||EE Mechanical Division Cuttack,True,False,"{'heatwave': 0, 'heat wave': 0, 'heat-wave': 0, 'heat stress': 0, 'heat stroke': 0, 'heat action plan': 0, 'heat resilience': 0, 'heat resilient': 0, 'extreme heat': 0, 'high temperature': 0, 'rising temperature': 0, 'heat resistant': 0, 'climate resilient': 0, 'cooling centre': 0, 'cooling center': 0, 'emergency response': 0, 'first aid': 0, 'ambulance': 0, 'ors': 0, 'oral rehydration solution': 0, 'heat stroke treatment': 0, 'sunstroke': 0, 'sun stroke': 0, 'heat related illness': 0, 'heat illness': 0, 'heat exhaustion': 0, 'heat cramp': 0, 'heat rash': 0, 'heat alert': 0, 'heat warning': 0, 'heat advisory': 0, 'heat hotline': 0, 'satark': 0, 'early warning system': 0, 'saline': 2, 'iv fluid': 0, 'rapid response team': 0, 'mobile health unit': 0, 'relief chamber': 0, 'heat stroke ward': 0, 'heat stroke bed': 0, 'drinking water': 0, 'water kiosk': 0, 'water atm': 0, 'hydration point': 0, 'hydration centre': 0, 'hydration center': 0, 'cold water': 0, 'tube well': 0, 'tubewell': 0, 'borewell': 0, 'bore well': 0, 'hand pump': 0, 'handpump': 0, 'overhead tank': 0, 'oh tank': 0, 'stand post': 0, 'piped water supply': 0, 'water supply scheme': 0, 'jalachhatra': 0, 'jalachatra': 0, 'jala jogana kendra': 0, 'jal jogana kendra': 0, 'jal seva shibira': 0, 'water tanker': 0, 'water sprinkling': 0, 'cool roof': 0, 'white roof': 0, 'white topping': 0, 'roof insulation': 0, 'thermal insulation': 0, 'heat reflective': 0, 'reflective coating': 0, 'shade net': 0, 'shade structure': 0, 'canopy': 0, 'awning': 0, 'albedo paint': 0, 'albedo painting': 0, 'white painting': 0, 'reflective paint': 0, 'green roof': 0, 'green roofing': 0, 'k glass': 0, 'doubly glazed glass': 0, 'passive cooling': 0, 'air cooler': 0, 'white china mosaic': 0, 'lime based whitewash': 0, 'white tarp': 0, 'acrylic resin coating': 0, 'tree plantation': 0, 'avenue plantation': 0, 'plantation': 0, 'green belt': 0, 'urban forestry': 0, 'urban forest': 0, 'park development': 0, 'shelter belt': 0, 'shade tree': 0, 'vertical garden': 0, 'green space': 0, 'afforestation': 0, 'green campus': 0, 'night shelter': 0, 'transit shelter': 0, 'rest shed': 0, 'waiting shed': 0, 'community hall': 0, 'relief centre': 0, 'relief center': 0, 'bus stand shelter': 0, 'passenger shelter': 0, 'cool shelter': 0, 'rest shade': 0, 'cool resting space': 0, 'cool resting shed': 0, 'passenger shed': 0, 'outreach clinic': 0, 'awareness campaign': 0, 'iec activity': 0, 'iec material': 0, 'capacity building': 0, 'training programme': 0, 'training program': 0, 'mock drill': 0, 'sensitization': 0, 'swasthya kantha': 0, 'do and dont': 0, 'dos and donts': 0, 'display board': 0, 'hoarding': 0, 'pamphlet': 0, 'leaflet': 0, 'banner': 0}","{'stadium': 0, 'football': 0, 'cremation ground': 0, 'crematorium': 0, 'boundary wall': 0, 'compound wall': 0, 'godown': 0}",weak,Pre-Summer (Jan-Feb),,Heatwave & Emergency Response,Heatwave & Emergency Response,{'Heatwave & Emergency Response': {'saline': 2}}
2025_CELBB_112841_55,EPROCUREMENT TENDER CALL NOTICE PID01 OF 2025-26,"PID-55, Restoration and Protection to Titipo Saline embankment from RD 17.800Km. to 17.970Km",Restoration and Protection to Titipo Saline embankment from RD 17.800Km. to 17.970Km,Works,Open Tender,Percentage,Civil Works - Others,No,No,NA ,29-Apr-2025 10:30 AM,NA ,90.0,No ,No,Online,14-May-2025 11:00 AM,"CE-BM,LMB Basin,BBSR||SE, Central Irr.Circle, BBSR||EE,Puri Irr Division,Puri",PURI,752003.0,1.0,"37,91,170",ADHIR KUMAR JENA,"3,791,170",Rejected-Finance,30-Jul-2025,"CE-BM,LMB Basin,BBSR||SE, Central Irr.Circle, BBSR||EE,Puri Irr Division,Puri",True,False,"{'heatwave': 0, 'heat wave': 0, 'heat-wave': 0, 'heat stress': 0, 'heat stroke': 0, 'heat action plan': 0, 'heat resilience': 0, 'heat resilient': 0, 'extreme heat': 0, 'high temperature': 0, 'rising temperature': 0, 'heat resistant': 0, 'climate resilient': 0, 'cooling centre': 0, 'cooling center': 0, 'emergency response': 0, 'first aid': 0, 'ambulance': 0, 'ors': 0, 'oral rehydration solution': 0, 'heat stroke treatment': 0, 'sunstroke': 0, 'sun stroke': 0, 'heat related illness': 0, 'heat illness': 0, 'heat exhaustion': 0, 'heat cramp': 0, 'heat rash': 0, 'heat alert': 0, 'heat warning': 0, 'heat advisory': 0, 'heat hotline': 0, 'satark': 0, 'early warning system': 0, 'saline': 2, 'iv fluid': 0, 'rapid response team': 0, 'mobile health unit': 0, 'relief chamber': 0, 'heat stroke ward': 0, 'heat stroke bed': 0, 'drinking water': 0, 'water kiosk': 0, 'water atm': 0, 'hydration point': 0, 'hydration centre': 0, 'hydration center': 0, 'cold water': 0, 'tube well': 0, 'tubewell': 0, 'borewell': 0, 'bore well': 0, 'hand pump': 0, 'handpump': 0, 'overhead tank': 0, 'oh tank': 0, 'stand post': 0, 'piped water supply': 0, 'water supply scheme': 0, 'jalachhatra': 0, 'jalachatra': 0, 'jala jogana kendra': 0, 'jal jogana kendra': 0, 'jal seva shibira': 0, 'water tanker': 0, 'water sprinkling': 0, 'cool roof': 0, 'white roof': 0, 'white topping': 0, 'roof insulation': 0, 'thermal insulation': 0, 'heat reflective': 0, 'reflective coating': 0, 'shade net': 0, 'shade structure': 0, 'canopy': 0, 'awning': 0, 'albedo paint': 0, 'albedo painting': 0, 'white painting': 0, 'reflective paint': 0, 'green roof': 0, 'green roofing': 0, 'k glass': 0, 'doubly glazed glass': 0, 'passive cooling': 0, 'air cooler': 0, 'white china mosaic': 0, 'lime based whitewash': 0, 'white tarp': 0, 'acrylic resin coating': 0, 'tree plantation': 0, 'avenue plantation': 0, 'plantation': 0, 'green belt': 0, 'urban forestry': 0, 'urban forest': 0, 'park development': 0, 'shelter belt': 0, 'shade tree': 0, 'vertical garden': 0, 'green space': 0, 'afforestation': 0, 'green campus': 0, 'night shelter': 0, 'transit shelter': 0, 'rest shed': 0, 'waiting shed': 0, 'community hall': 0, 'relief centre': 0, 'relief center': 0, 'bus stand shelter': 0, 'passenger shelter': 0, 'cool shelter': 0, 'rest shade': 0, 'cool resting space': 0, 'cool resting shed': 0, 'passenger shed': 0, 'outreach clinic': 0, 'awareness campaign': 0, 'iec activity': 0, 'iec material': 0, 'capacity building': 0, 'training programme': 0, 'training program': 0, 'mock drill': 0, 'sensitization': 0, 'swasthya kantha': 0, 'do and dont': 0, 'dos and donts': 0, 'display board': 0, 'hoarding': 0, 'pamphlet': 0, 'leaflet': 0, 'banner': 0}","{'stadium': 0, 'football': 0, 'cremation ground': 0, 'crematorium': 0, 'boundary wall': 0, 'compound wall': 0, 'godown': 0}",weak,Summer / Heatwave (Mar-Jun),,Heatwave & Emergency Response,Heatwave & Emergency Response,{'Heatwave & Emergency Response': {'saline': 2}}
2024_CELBB_105335_1,e Procurement Notice No.CEMKS 03 of 2024-25,Raising and strengthening of Nadiakhia Saline Embankment within RD 2.00 Km to 10.00 Km with construction of sluices,Raising and strengthening of saline embankment and construction of sluices,Works,Open Tender,Percentage,Civil Works - Others,No,No,NA ,03-Oct-2024 10:00 AM,NA ,90.0,No ,No,Online,18-Oct-2024 11:00 AM,"CE-BM,LMB Basin,BBSR",The site is loacated in Brahmagiri Block,752011.0,2.0,"15,26,11,557",SUNIMA LENKA,"129,735,084.74",Rejected-Finance,31-Oct-2025,"CE-BM,LMB Basin,BBSR",True,False,"{'heatwave': 0, 'heat wave': 0, 'heat-wave': 0, 'heat stress': 0, 'heat stroke': 0, 'heat action plan': 0, 'heat resilience': 0, 'heat resilient': 0, 'extreme heat': 0, 'high temperature': 0, 'rising temperature': 0, 'heat resistant': 0, 'climate resilient': 0, 'cooling centre': 0, 'cooling center': 0, 'emergency response': 0, 'first aid': 0, 'ambulance': 0, 'ors': 0, 'oral rehydration solution': 0, 'heat stroke treatment': 0, 'sunstroke': 0, 'sun stroke': 0, 'heat related illness': 0, 'heat illness': 0, 'heat exhaustion': 0, 'heat cramp': 0, 'heat rash': 0, 'heat alert': 0, 'heat warning': 0, 'heat advisory': 0, 'heat hotline': 0, 'satark': 0, 'early warning system': 0, 'saline': 2, 'iv fluid': 0, 'rapid response team': 0, 'mobile health unit': 0, 'relief chamber': 0, 'heat stroke ward': 0, 'heat stroke bed': 0, 'drinking water': 0, 'water kiosk': 0, 'water atm': 0, 'hydration point': 0, 'hydration centre': 0, 'hydration center': 0, 'cold water': 0, 'tube well': 0, 'tubewell': 0, 'borewell': 0, 'bore well': 0, 'hand pump': 0, 'handpump': 0, 'overhead tank': 0, 'oh tank': 0, 'stand post': 0, 'piped water supply': 0, 'water supply scheme': 0, 'jalachhatra': 0, 'jalachatra': 0, 'jala jogana kendra': 0, 'jal jogana kendra': 0, 'jal seva shibira': 0, 'water tanker': 0, 'water sprinkling': 0, 'cool roof': 0, 'white roof': 0, 'white topping': 0, 'roof insulation': 0, 'thermal insulation': 0, 'heat reflective': 0, 'reflective coating': 0, 'shade net': 0, 'shade structure': 0, 'canopy': 0, 'awning': 0, 'albedo paint': 0, 'albedo painting': 0, 'white painting': 0, 'reflective paint': 0, 'green roof': 0, 'green roofing': 0, 'k glass': 0, 'doubly glazed glass': 0, 'passive cooling': 0, 'air cooler': 0, 'white china mosaic': 0, 'lime based whitewash': 0, 'white tarp': 0, 'acrylic resin coating': 0, 'tree plantation': 0, 'avenue plantation': 0, 'plantation': 0, 'green belt': 0, 'urban forestry': 0, 'urban forest': 0, 'park development': 0, 'shelter belt': 0, 'shade tree': 0, 'vertical garden': 0, 'green space': 0, 'afforestation': 0, 'green campus': 0, 'night shelter': 0, 'transit shelter': 0, 'rest shed': 0, 'waiting shed': 0, 'community hall': 0, 'relief centre': 0, 'relief center': 0, 'bus stand shelter': 0, 'passenger shelter': 0, 'cool shelter': 0, 'rest shade': 0, 'cool resting space': 0, 'cool resting shed': 0, 'passenger shed': 0, 'outreach clinic': 0, 'awareness campaign': 0, 'iec activity': 0, 'iec material': 0, 'capacity building': 0, 'training programme': 0, 'training program': 0, 'mock drill': 0, 'sensitization': 0, 'swasthya kantha': 0, 'do and dont': 0, 'dos and donts': 0, 'display board': 0, 'hoarding': 0, 'pamphlet': 0, 'leaflet': 0, 'banner': 0}","{'stadium': 0, 'football': 0, 'cremation ground': 0, 'crematorium': 0, 'boundary wall': 0, 'compound wall': 0, 'godown': 0}",weak,Post-Monsoon / Winter (Oct-Dec),,Heatwave & Emergency Response,Heatwave & Emergency Response,{'Heatwave & Emergency Response': {'saline': 2}}
2025_CELBB_112841_40,EPROCUREMENT TENDER CALL NOTICE PID01 OF 2025-26,"PID-40, Providing launching apron for protection to Kalapadar Saline embankment from RD 5.515Km. to 5.585Km.",Providing launching apron for protection to Kalapadar Saline embankment from RD 5.515Km. to 5.585Km.,Works,Open Tender,Percentage,Civil Works - Others,No,No,NA ,29-Apr-2025 10:30 AM,NA ,90.0,No ,No,Online,14-May-2025 11:00 AM,"CE-BM,LMB Basin,BBSR||SE, Central Irr.Circle, BBSR||EE,Puri Irr Division,Puri",PURI,752003.0,1.0,"40,77,669",SHISHIR KUMAR PRADHAN,"3,466,427",Rejected-Finance,30-Jul-2025,"CE-BM,LMB Basin,BBSR||SE, Central Irr.Circle, BBSR||EE,Puri Irr Division,Puri",True,False,"{'heatwave': 0, 'heat wave': 0, 'heat-wave': 0, 'heat stress': 0, 'heat stroke': 0, 'heat action plan': 0, 'heat resilience': 0, 'heat resilient': 0, 'extreme heat': 0, 'high temperature': 0, 'rising temperature': 0, 'heat resistant': 0, 'climate resilient': 0, 'cooling centre': 0, 'cooling center': 0, 'emergency response': 0, 'first aid': 0, 'ambulance': 0, 'ors': 0, 'oral rehydration solution': 0, 'heat stroke treatment': 0, 'sunstroke': 0, 'sun stroke': 0, 'heat related illness': 0, 'heat illness': 0, 'heat exhaustion': 0, 'heat cramp': 0, 'heat rash': 0, 'heat alert': 0, 'heat warning': 0, 'heat advisory': 0, 'heat hotline': 0, 'satark': 0, 'early warning system': 0, 'saline': 2, 'iv fluid': 0, 'rapid response team': 0, 'mobile health unit': 0, 'relief chamber': 0, 'heat stroke ward': 0, 'heat stroke bed': 0, 'drinking water': 0, 'water kiosk': 0, 'water atm': 0, 'hydration point': 0, 'hydration centre': 0, 'hydration center': 0, 'cold water': 0, 'tube well': 0, 'tubewell': 0, 'borewell': 0, 'bore well': 0, 'hand pump': 0, 'handpump': 0, 'overhead tank': 0, 'oh tank': 0, 'stand post': 0, 'piped water supply': 0, 'water supply scheme': 0, 'jalachhatra': 0, 'jalachatra': 0, 'jala jogana kendra': 0, 'jal jogana kendra': 0, 'jal seva shibira': 0, 'water tanker': 0, 'water sprinkling': 0, 'cool roof': 0, 'white roof': 0, 'white topping': 0, 'roof insulation': 0, 'thermal insulation': 0, 'heat reflective': 0, 'reflective coating': 0, 'shade net': 0, 'shade structure': 0, 'canopy': 0, 'awning': 0, 'albedo paint': 0, 'albedo painting': 0, 'white painting': 0, 'reflective paint': 0, 'green roof': 0, 'green roofing': 0, 'k glass': 0, 'doubly glazed glass': 0, 'passive cooling': 0, 'air cooler': 0, 'white china mosaic': 0, 'lime based whitewash': 0, 'white tarp': 0, 'acrylic resin coating': 0, 'tree plantation': 0, 'avenue plantation': 0, 'plantation': 0, 'green belt': 0, 'urban forestry': 0, 'urban forest': 0, 'park development': 0, 'shelter belt': 0, 'shade tree': 0, 'vertical garden': 0, 'green space': 0, 'afforestation': 0, 'green campus': 0, 'night shelter': 0, 'transit shelter': 0, 'rest shed': 0, 'waiting shed': 0, 'community hall': 0, 'relief centre': 0, 'relief center': 0, 'bus stand shelter': 0, 'passenger shelter': 0, 'cool shelter': 0, 'rest shade': 0, 'cool resting space': 0, 'cool resting shed': 0, 'passenger shed': 0, 'outreach clinic': 0, 'awareness campaign': 0, 'iec activity': 0, 'iec material': 0, 'capacity building': 0, 'training programme': 0, 'training program': 0, 'mock drill': 0, 'sensitization': 0, 'swasthya kantha': 0, 'do and dont': 0, 'dos and donts': 0, 'display board': 0, 'hoarding': 0, 'pamphlet': 0, 'leaflet': 0, 'banner': 0}","{'stadium': 0, 'football': 0, 'cremation ground': 0, 'crematorium': 0, 'boundary wall': 0, 'compound wall': 0, 'godown': 0}",weak,Summer / Heatwave (Mar-Jun),,Heatwave & Emergency Response,Heatwave & Emergency Response,{'Heatwave & Emergency Response': {'saline': 2}}
2025_CERWI_115910_1,Online Tender 06 RWD-UKT 2025-26,Upgradation of Repair renovation construction of Yoga Hall Drinking water Colour and Branding of Govt Homoeopathic Dispansary Building at Jamuranda in the District of nabarangpur,Upgradation of Repair renovation construction of Yoga Hall Drinking water Colour and Branding of Govt Homoeopathic Dispansary Building at Jamuranda in the District of nabarangpur,Works,Open Tender,Percentage,Civil Works - Buildings,No,No,NA ,23-Jul-2025 11:00 AM,NA ,90.0,No ,No,Online,01-Aug-2025 11:00 AM,CE RW I||RWCIRCLE-SUNABEDA||RWDIVISION-NAWARANGAPUR - II,Umerkote,764073.0,1.0,"4,23,709",AJAYA KUMAR BEHERA,"360,195",Accepted-AOC,17-Oct-2025,CE RW I||RWCIRCLE-SUNABEDA||RWDIVISION-NAWARANGAPUR - II,True,False,"{'heatwave': 0, 'heat wave': 0, 'heat-wave': 0, 'heat stress': 0, 'heat stroke': 0, 'heat action plan': 0, 'heat resilience': 0, 'heat resilient': 0, 'extreme heat': 0, 'high temperature': 0, 'rising temperature': 0, 'heat resistant': 0, 'climate resilient': 0, 'cooling centre': 0, 'cooling center': 0, 'emergency response': 0, 'first aid': 0, 'ambulance': 0, 'ors': 0, 'oral rehydration solution': 0, 'heat stroke treatment': 0, 'sunstroke': 0, 'sun stroke': 0, 'heat related illness': 0, 'heat illness': 0, 'heat exhaustion': 0, 'heat cramp': 0, 'heat rash': 0, 'heat alert': 0, 'heat warning': 0, 'heat advisory': 0, 'heat hotline': 0, 'satark': 0, 'early warning system': 0, 'saline': 0, 'iv fluid': 0, 'rapid response team': 0, 'mobile health unit': 0, 'relief chamber': 0, 'heat stroke ward': 0, 'heat stroke bed': 0, 'drinking water': 2, 'water kiosk': 0, 'water atm': 0, 'hydration point': 0, 'hydration centre': 0, 'hydration center': 0, 'cold water': 0, 'tube well': 0, 'tubewell': 0, 'borewell': 0, 'bore well': 0, 'hand pump': 0, 'handpump': 0, 'overhead tank': 0, 'oh tank': 0, 'stand post': 0, 'piped water supply': 0, 'water supply scheme': 0, 'jalachhatra': 0, 'jalachatra': 0, 'jala jogana kendra': 0, 'jal jogana kendra': 0, 'jal seva shibira': 0, 'water tanker': 0, 'water sprinkling': 0, 'cool roof': 0, 'white roof': 0, 'white topping': 0, 'roof insulation': 0, 'thermal insulation': 0, 'heat reflective': 0, 'reflective coating': 0, 'shade net': 0, 'shade structure': 0, 'canopy': 0, 'awning': 0, 'albedo paint': 0, 'albedo painting': 0, 'white painting': 0, 'reflective paint': 0, 'green roof': 0, 'green roofing': 0, 'k glass': 0, 'doubly glazed glass': 0, 'passive cooling': 0, 'air cooler': 0, 'white china mosaic': 0, 'lime based whitewash': 0, 'white tarp': 0, 'acrylic resin coating': 0, 'tree plantation': 0, 'avenue plantation': 0, 'plantation': 0, 'green belt': 0, 'urban forestry': 0, 'urban forest': 0, 'park development': 0, 'shelter belt': 0, 'shade tree': 0, 'vertical garden': 0, 'green space': 0, 'afforestation': 0, 'green campus': 0, 'night shelter': 0, 'transit shelter': 0, 'rest shed': 0, 'waiting shed': 0, 'community hall': 0, 'relief centre': 0, 'relief center': 0, 'bus stand shelter': 0, 'passenger shelter': 0, 'cool shelter': 0, 'rest shade': 0, 'cool resting space': 0, 'cool resting shed': 0, 'passenger shed': 0, 'outreach clinic': 0, 'awareness campaign': 0, 'iec activity': 0, 'iec material': 0, 'capacity building': 0, 'training programme': 0, 'training program': 0, 'mock drill': 0, 'sensitization': 0, 'swasthya kantha': 0, 'do and dont': 0, 'dos and donts': 0, 'display board': 0, 'hoarding': 0, 'pamphlet': 0, 'leaflet': 0, 'banner': 0}","{'stadium': 0, 'football': 0, 'cremation ground': 0, 'crematorium': 0, 'boundary wall': 0, 'compound wall': 0, 'godown': 0}",weak,Monsoon (Jul-Sep),,Drinking Water & Hydration,Drinking Water & Hydration,{'Drinking Water & Hydration': {'drinking water': 2}}
2025_RWSS_113673_1,e-Procurement Identification No.05 of 2025-26,Const. of Hand pump tube wells platforms 204 nos asper unicef design and specification under RWSS SubdivisionB.M.Pur in the Dist. of Sonepur.,Const. of Hand pump tube wells platforms 204 nos asper unicef design and specification under RWSS SubdivisionB.M.Pur in the Dist. of Sonepur,Works,Open Tender,Percentage,Civil Works - Water Works,No,No,NA ,21-May-2025 11:00 AM,NA ,90.0,No ,No,Online,30-May-2025 11:00 AM,Rural Water Supply and Sanitation||RWSS Circle Bolangir||RWSS Division Subarnapur,Sonepur,767017.0,1.0,"19,94,164",Uma Bhoi,"1,695,239",Not Admitted-Fee/PreQual/Technical/Finance,24-Jul-2025,Rural Water Supply and Sanitation||RWSS Circle Bolangir||RWSS Division Subarnapur,True,False,"{'heatwave': 0, 'heat wave': 0, 'heat-wave': 0, 'heat stress': 0, 'heat stroke': 0, 'heat action plan': 0, 'heat resilience': 0, 'heat resilient': 0, 'extreme heat': 0, 'high temperature': 0, 'rising temperature': 0, 'heat resistant': 0, 'climate resilient': 0, 'cooling centre': 0, 'cooling center': 0, 'emergency response': 0, 'first aid': 0, 'ambulance': 0, 'ors': 0, 'oral rehydration solution': 0, 'heat stroke treatment': 0, 'sunstroke': 0, 'sun stroke': 0, 'heat related illness': 0, 'heat illness': 0, 'heat exhaustion': 0, 'heat cramp': 0, 'heat rash': 0, 'heat alert': 0, 'heat warning': 0, 'heat advisory': 0, 'heat hotline': 0, 'satark': 0, 'early warning system': 0, 'saline': 0, 'iv fluid': 0, 'rapid response team': 0, 'mobile health unit': 0, 'relief chamber': 0, 'heat stroke ward': 0, 'heat stroke bed': 0, 'drinking water': 0, 'water kiosk': 0, 'water atm': 0, 'hydration point': 0, 'hydration centre': 0, 'hydration center': 0, 'cold water': 0, 'tube well': 0, 'tubewell': 0, 'borewell': 0, 'bore well': 0, 'hand pump': 2, 'handpump': 0, 'overhead tank': 0, 'oh tank': 0, 'stand post': 0, 'piped water supply': 0, 'water supply scheme': 0, 'jalachhatra': 0, 'jalachatra': 0, 'jala jogana kendra': 0, 'jal jogana kendra': 0, 'jal seva shibira': 0, 'water tanker': 0, 'water sprinkling': 0, 'cool roof': 0, 'white roof': 0, 'white topping': 0, 'roof insulation': 0, 'thermal insulation': 0, 'heat reflective': 0, 'reflective coating': 0, 'shade net': 0, 'shade structure': 0, 'canopy': 0, 'awning': 0, 'albedo paint': 0, 'albedo painting': 0, 'white painting': 0, 'reflective paint': 0, 'green roof': 0, 'green roofing': 0, 'k glass': 0, 'doubly glazed glass': 0, 'passive cooling': 0, 'air cooler': 0, 'white china mosaic': 0, 'lime based whitewash': 0, 'white tarp': 0, 'acrylic resin coating': 0, 'tree plantation': 0, 'avenue plantation': 0, 'plantation': 0, 'green belt': 0, 'urban forestry': 0, 'urban forest': 0, 'park development': 0, 'shelter belt': 0, 'shade tree': 0, 'vertical garden': 0, 'green space': 0, 'afforestation': 0, 'green campus': 0, 'night shelter': 0, 'transit shelter': 0, 'rest shed': 0, 'waiting shed': 0, 'community hall': 0, 'relief centre': 0, 'relief center': 0, 'bus stand shelter': 0, 'passenger shelter': 0, 'cool shelter': 0, 'rest shade': 0, 'cool resting space': 0, 'cool resting shed': 0, 'passenger shed': 0, 'outreach clinic': 0, 'awareness campaign': 0, 'iec activity': 0, 'iec material': 0, 'capacity building': 0, 'training programme': 0, 'training program': 0, 'mock drill': 0, 'sensitization': 0, 'swasthya kantha': 0, 'do and dont': 0, 'dos and donts': 0, 'display board': 0, 'hoarding': 0, 'pamphlet': 0, 'leaflet': 0, 'banner': 0}","{'stadium': 0, 'football': 0, 'cremation ground': 0, 'crematorium': 0, 'boundary wall': 0, 'compound wall': 0, 'godown': 0}",weak,Summer / Heatwave (Mar-Jun),,Drinking Water & Hydration,Drinking Water & Hydration,{'Drinking Water & Hydration': {'hand pump': 2}}
2025_ORULB_112815_5,DIGNAC-02/2025-26,"Construction of Smasan Platform , Rest Shed with approach Road at Gupteswar Smasan in ward no-3 of Digapahandi NAC","Construction of Smasan Platform , Rest Shed with approach Road at Gupteswar Smasan in ward no-3 of Digapahandi NAC",Works,Open Tender,Percentage,Civil Works - Others,No,No,NA ,26-Apr-2025 12:00 PM,NA ,90.0,No ,No,Online,17-May-2025 11:00 AM,Municipal Bodies||Digapahandi NAC,NAC DIGAPAHANDI,761012.0,2.0,"12,67,797",Asish Kumar Patnaik,"1,267,669.82",Accepted-AOC,13-Oct-2025,Municipal Bodies||Digapahandi NAC,True,False,"{'heatwave': 0, 'heat wave': 0, 'heat-wave': 0, 'heat stress': 0, 'heat stroke': 0, 'heat action plan': 0, 'heat resilience': 0, 'heat resilient': 0, 'extreme heat': 0, 'high temperature': 0, 'rising temperature': 0, 'heat resistant': 0, 'climate resilient': 0, 'cooling centre': 0, 'cooling center': 0, 'emergency response': 0, 'first aid': 0, 'ambulance': 0, 'ors': 0, 'oral rehydration solution': 0, 'heat stroke treatment': 0, 'sunstroke': 0, 'sun stroke': 0, 'heat related illness': 0, 'heat illness': 0, 'heat exhaustion': 0, 'heat cramp': 0, 'heat rash': 0, 'heat alert': 0, 'heat warning': 0, 'heat advisory': 0, 'heat hotline': 0, 'satark': 0, 'early warning system': 0, 'saline': 0, 'iv fluid': 0, 'rapid response team': 0, 'mobile health unit': 0, 'relief chamber': 0, 'heat stroke ward': 0, 'heat stroke bed': 0, 'drinking water': 0, 'water kiosk': 0, 'water atm': 0, 'hydration point': 0, 'hydration centre': 0, 'hydration center': 0, 'cold water': 0, 'tube well': 0, 'tubewell': 0, 'borewell': 0, 'bore well': 0, 'hand pump': 0, 'handpump': 0, 'overhead tank': 0, 'oh tank': 0, 'stand post': 0, 'piped water supply': 0, 'water supply scheme': 0, 'jalachhatra': 0, 'jalachatra': 0, 'jala jogana kendra': 0, 'jal jogana kendra': 0, 'jal seva shibira': 0, 'water tanker': 0, 'water sprinkling': 0, 'cool roof': 0, 'white roof': 0, 'white topping': 0, 'roof insulation': 0, 'thermal insulation': 0, 'heat reflective': 0, 'reflective coating': 0, 'shade net': 0, 'shade structure': 0, 'canopy': 0, 'awning': 0, 'albedo paint': 0, 'albedo painting': 0, 'white painting': 0, 'reflective paint': 0, 'green roof': 0, 'green roofing': 0, 'k glass': 0, 'doubly glazed glass': 0, 'passive cooling': 0, 'air cooler': 0, 'white china mosaic': 0, 'lime based whitewash': 0, 'white tarp': 0, 'acrylic resin coating': 0, 'tree plantation': 0, 'avenue plantation': 0, 'plantation': 0, 'green belt': 0, 'urban forestry': 0, 'urban forest': 0, 'park development': 0, 'shelter belt': 0, 'shade tree': 0, 'vertical garden': 0, 'green space': 0, 'afforestation': 0, 'green campus': 0, 'night shelter': 0, 'transit shelter': 0, 'rest shed': 2, 'waiting shed': 0, 'community hall': 0, 'relief centre': 0, 'relief center': 0, 'bus stand shelter': 0, 'passenger shelter': 0, 'cool shelter': 0, 'rest shade': 0, 'cool resting space': 0, 'cool resting shed': 0, 'passenger shed': 0, 'outreach clinic': 0, 'awareness campaign': 0, 'iec activity': 0, 'iec material': 0, 'capacity building': 0, 'training programme': 0, 'training program': 0, 'mock drill': 0, 'sensitization': 0, 'swasthya kantha': 0, 'do and dont': 0, 'dos and donts': 0, 'display board': 0, 'hoarding': 0, 'pamphlet': 0, 'leaflet': 0, 'banner': 0}","{'stadium': 0, 'football': 0, 'cremation ground': 0, 'crematorium': 0, 'boundary wall': 0, 'compound wall': 0, 'godown': 0}",weak,Summer / Heatwave (Mar-Jun),,Shelter & Rest Infrastructure,Shelter & Rest Infrastructure,{'Shelter & Rest Infrastructure': {'rest shed': 2}}
2025_CERWI_117596_1,Online SEJSG 05 of 2025-26,Repair and Renovation of Revenue Rest Shed under Laikera Tahasil at Laikera in the district of Jharsuguda for the year 2025-26,Repair and Renovation of Revenue Rest Shed under Laikera Tahasil at Laikera in the district of Jharsuguda for the year 2025-26,Works,Open Tender,Percentage,Civil Works - Buildings,No,No,NA ,03-Sep-2025 01:00 PM,NA ,90.0,No ,No,Online,11-Sep-2025 11:00 AM,CE RW I||RW-CIRCLE-SUNDARGARH||RW-Division-Jharsuguda,Jharsuguda,768204.0,1.0,"15,07,926",SUSHREE SANGITA DASH,"1,281,888",Rejected-AOC,28-Oct-2025,CE RW I||RW-CIRCLE-SUNDARGARH||RW-Division-Jharsuguda,True,False,"{'heatwave': 0, 'heat wave': 0, 'heat-wave': 0, 'heat stress': 0, 'heat stroke': 0, 'heat action plan': 0, 'heat resilience': 0, 'heat resilient': 0, 'extreme heat': 0, 'high temperature': 0, 'rising temperature': 0, 'heat resistant': 0, 'climate resilient': 0, 'cooling centre': 0, 'cooling center': 0, 'emergency response': 0, 'first aid': 0, 'ambulance': 0, 'ors': 0, 'oral rehydration solution': 0, 'heat stroke treatment': 0, 'sunstroke': 0, 'sun stroke': 0, 'heat related illness': 0, 'heat illness': 0, 'heat exhaustion': 0, 'heat cramp': 0, 'heat rash': 0, 'heat alert': 0, 'heat warning': 0, 'heat advisory': 0, 'heat hotline': 0, 'satark': 0, 'early warning system': 0, 'saline': 0, 'iv fluid': 0, 'rapid response team': 0, 'mobile health unit': 0, 'relief chamber': 0, 'heat stroke ward': 0, 'heat stroke bed': 0, 'drinking water': 0, 'water kiosk': 0, 'water atm': 0, 'hydration point': 0, 'hydration centre': 0, 'hydration center': 0, 'cold water': 0, 'tube well': 0, 'tubewell': 0, 'borewell': 0, 'bore well': 0, 'hand pump': 0, 'handpump': 0, 'overhead tank': 0, 'oh tank': 0, 'stand post': 0, 'piped water supply': 0, 'water supply scheme': 0, 'jalachhatra': 0, 'jalachatra': 0, 'jala jogana kendra': 0, 'jal jogana kendra': 0, 'jal seva shibira': 0, 'water tanker': 0, 'water sprinkling': 0, 'cool roof': 0, 'white roof': 0, 'white topping': 0, 'roof insulation': 0, 'thermal insulation': 0, 'heat reflective': 0, 'reflective coating': 0, 'shade net': 0, 'shade structure': 0, 'canopy': 0, 'awning': 0, 'albedo paint': 0, 'albedo painting': 0, 'white painting': 0, 'reflective paint': 0, 'green roof': 0, 'green roofing': 0, 'k glass': 0, 'doubly glazed glass': 0, 'passive cooling': 0, 'air cooler': 0, 'white china mosaic': 0, 'lime based whitewash': 0, 'white tarp': 0, 'acrylic resin coating': 0, 'tree plantation': 0, 'avenue plantation': 0, 'plantation': 0, 'green belt': 0, 'urban forestry': 0, 'urban forest': 0, 'park development': 0, 'shelter belt': 0, 'shade tree': 0, 'vertical garden': 0, 'green space': 0, 'afforestation': 0, 'green campus': 0, 'night shelter': 0, 'transit shelter': 0, 'rest shed': 2, 'waiting shed': 0, 'community hall': 0, 'relief centre': 0, 'relief center': 0, 'bus stand shelter': 0, 'passenger shelter': 0, 'cool shelter': 0, 'rest shade': 0, 'cool resting space': 0, 'cool resting shed': 0, 'passenger shed': 0, 'outreach clinic': 0, 'awareness campaign': 0, 'iec activity': 0, 'iec material': 0, 'capacity building': 0, 'training programme': 0, 'training program': 0, 'mock drill': 0, 'sensitization': 0, 'swasthya kantha': 0, 'do and dont': 0, 'dos and donts': 0, 'display board': 0, 'hoarding': 0, 'pamphlet': 0, 'leaflet': 0, 'banner': 0}","{'stadium': 0, 'football': 0, 'cremation ground': 0, 'crematorium': 0, 'boundary wall': 0, 'compound wall': 0, 'godown': 0}",weak,Monsoon (Jul-Sep),,Shelter & Rest Infrastructure,Shelter & Rest Infrastructure,{'Shelter & Rest Infrastructure': {'rest shed': 2}}
2025_CEMWR_115008_1,ACEM/MDB-22/2025-26,"Supply, Fabrication, Transportation and Erection of gates and hoists (2 nos. per structure) at RD 3.9 km, RD 4.2 km, RD 5.4 km, RD 6.3 km of Block III Saline Gherry under Khordha Irrigation Division, Khordha for the year of 2025-26.","Supply, Fabrication, Transportation and Erection of gates and hoists (2 nos. per structure) at RD 3.9 km, RD 4.2 km, RD 5.4 km, RD 6.3 km of Block III Saline Gherry under Khordha Irrigation Division, Khordha for the year of 2025-26.",Works,Open Tender,Percentage,Mechanical Works,No,No,NA ,03-Jul-2025 10:00 AM,NA ,90.0,No ,No,Online,15-Jul-2025 12:00 PM,Chief Engineer Mech - WR Bhubaneswar||SE Mechanical Circle Bhubaneswar||EE Mechanical Division Berhampur,"BLOCK-III, SALINE GHERY, KHORDHA",752054.0,1.0,"15,47,144",ABHISEKH ENTERPRISERS,"1,315,227.12",Accepted-AOC,04-Oct-2025,Chief Engineer Mech - WR Bhubaneswar||SE Mechanical Circle Bhubaneswar||EE Mechanical Division Berhampur,True,False,"{'heatwave': 0, 'heat wave': 0, 'heat-wave': 0, 'heat stress': 0, 'heat stroke': 0, 'heat action plan': 0, 'heat resilience': 0, 'heat resilient': 0, 'extreme heat': 0, 'high temperature': 0, 'rising temperature': 0, 'heat resistant': 0, 'climate resilient': 0, 'cooling centre': 0, 'cooling center': 0, 'emergency response': 0, 'first aid': 0, 'ambulance': 0, 'ors': 0, 'oral rehydration solution': 0, 'heat stroke treatment': 0, 'sunstroke': 0, 'sun stroke': 0, 'heat related illness': 0, 'heat illness': 0, 'heat exhaustion': 0, 'heat cramp': 0, 'heat rash': 0, 'heat alert': 0, 'heat warning': 0, 'heat advisory': 0, 'heat hotline': 0, 'satark': 0, 'early warning system': 0, 'saline': 2, 'iv fluid': 0, 'rapid response team': 0, 'mobile health unit': 0, 'relief chamber': 0, 'heat stroke ward': 0, 'heat stroke bed': 0, 'drinking water': 0, 'water kiosk': 0, 'water atm': 0, 'hydration point': 0, 'hydration centre': 0, 'hydration center': 0, 'cold water': 0, 'tube well': 0, 'tubewell': 0, 'borewell': 0, 'bore well': 0, 'hand pump': 0, 'handpump': 0, 'overhead tank': 0, 'oh tank': 0, 'stand post': 0, 'piped water supply': 0, 'water supply scheme': 0, 'jalachhatra': 0, 'jalachatra': 0, 'jala jogana kendra': 0, 'jal jogana kendra': 0, 'jal seva shibira': 0, 'water tanker': 0, 'water sprinkling': 0, 'cool roof': 0, 'white roof': 0, 'white topping': 0, 'roof insulation': 0, 'thermal insulation': 0, 'heat reflective': 0, 'reflective coating': 0, 'shade net': 0, 'shade structure': 0, 'canopy': 0, 'awning': 0, 'albedo paint': 0, 'albedo painting': 0, 'white painting': 0, 'reflective paint': 0, 'green roof': 0, 'green roofing': 0, 'k glass': 0, 'doubly glazed glass': 0, 'passive cooling': 0, 'air cooler': 0, 'white china mosaic': 0, 'lime based whitewash': 0, 'white tarp': 0, 'acrylic resin coating': 0, 'tree plantation': 0, 'avenue plantation': 0, 'plantation': 0, 'green belt': 0, 'urban forestry': 0, 'urban forest': 0, 'park development': 0, 'shelter belt': 0, 'shade tree': 0, 'vertical garden': 0, 'green space': 0, 'afforestation': 0, 'green campus': 0, 'night shelter': 0, 'transit shelter': 0, 'rest shed': 0, 'waiting shed': 0, 'community hall': 0, 'relief centre': 0, 'relief center': 0, 'bus stand shelter': 0, 'passenger shelter': 0, 'cool shelter': 0, 'rest shade': 0, 'cool resting space': 0, 'cool resting shed': 0, 'passenger shed': 0, 'outreach clinic': 0, 'awareness campaign': 0, 'iec activity': 0, 'iec material': 0, 'capacity building': 0, 'training programme': 0, 'training program': 0, 'mock drill': 0, 'sensitization': 0, 'swasthya kantha': 0, 'do and dont': 0, 'dos and donts': 0, 'display board': 0, 'hoarding': 0, 'pamphlet': 0, 'leaflet': 0, 'banner': 0}","{'stadium': 0, 'football': 0, 'cremation ground': 0, 'crematorium': 0, 'boundary wall': 0, 'compound wall': 0, 'godown': 0}",weak,Monsoon (Jul-Sep),,Heatwave & Emergency Response,Heatwave & Emergency Response,{'Heatwave & Emergency Response': {'saline': 2}}
2025_PHEO_113036_1,ACEPHCBAM-04/2025-26 Dt.22.04.2025,Laying of Clear Water Rising Main pipe line in connection with sharing of drinking water from RWSS for water supply to Polasara NAC under AAP 2024-25 (BASUDHA),Laying of Clear Water Rising Main pipe line in connection with sharing of drinking water from RWSS for water supply to Polasara NAC under AAP 2024-25 (BASUDHA),Works,National Competitive Bid,Percentage,Civil Works - Water Works,No,No,NA ,03-May-2025 02:00 PM,07-May-2025 12:30 PM ,120.0,No ,No,Online,20-May-2025 12:30 PM,PHEO||SEPH-CIRCLE-BERHAMPUR,Polasara,761105.0,2.0,"2,64,14,391",ANUP KUMAR BEHERA,"22,454,873",Accepted-AOC,15-Oct-2025,PHEO||SEPH-CIRCLE-BERHAMPUR,True,False,"{'heatwave': 0, 'heat wave': 0, 'heat-wave': 0, 'heat stress': 0, 'heat stroke': 0, 'heat action plan': 0, 'heat resilience': 0, 'heat resilient': 0, 'extreme heat': 0, 'high temperature': 0, 'rising temperature': 0, 'heat resistant': 0, 'climate resilient': 0, 'cooling centre': 0, 'cooling center': 0, 'emergency response': 0, 'first aid': 0, 'ambulance': 0, 'ors': 0, 'oral rehydration solution': 0, 'heat stroke treatment': 0, 'sunstroke': 0, 'sun stroke': 0, 'heat related illness': 0, 'heat illness': 0, 'heat exhaustion': 0, 'heat cramp': 0, 'heat rash': 0, 'heat alert': 0, 'heat warning': 0, 'heat advisory': 0, 'heat hotline': 0, 'satark': 0, 'early warning system': 0, 'saline': 0, 'iv fluid': 0, 'rapid response team': 0, 'mobile health unit': 0, 'relief chamber': 0, 'heat stroke ward': 0, 'heat stroke bed': 0, 'drinking water': 2, 'water kiosk': 0, 'water atm': 0, 'hydration point': 0, 'hydration centre': 0, 'hydration center': 0, 'cold water': 0, 'tube well': 0, 'tubewell': 0, 'borewell': 0, 'bore well': 0, 'hand pump': 0, 'handpump': 0, 'overhead tank': 0, 'oh tank': 0, 'stand post': 0, 'piped water supply': 0, 'water supply scheme': 0, 'jalachhatra': 0, 'jalachatra': 0, 'jala jogana kendra': 0, 'jal jogana kendra': 0, 'jal seva shibira': 0, 'water tanker': 0, 'water sprinkling': 0, 'cool roof': 0, 'white roof': 0, 'white topping': 0, 'roof insulation': 0, 'thermal insulation': 0, 'heat reflective': 0, 'reflective coating': 0, 'shade net': 0, 'shade structure': 0, 'canopy': 0, 'awning': 0, 'albedo paint': 0, 'albedo painting': 0, 'white painting': 0, 'reflective paint': 0, 'green roof': 0, 'green roofing': 0, 'k glass': 0, 'doubly glazed glass': 0, 'passive cooling': 0, 'air cooler': 0, 'white china mosaic': 0, 'lime based whitewash': 0, 'white tarp': 0, 'acrylic resin coating': 0, 'tree plantation': 0, 'avenue plantation': 0, 'plantation': 0, 'green belt': 0, 'urban forestry': 0, 'urban forest': 0, 'park development': 0, 'shelter belt': 0, 'shade tree': 0, 'vertical garden': 0, 'green space': 0, 'afforestation': 0, 'green campus': 0, 'night shelter': 0, 'transit shelter': 0, 'rest shed': 0, 'waiting shed': 0, 'community hall': 0, 'relief centre': 0, 'relief center': 0, 'bus stand shelter': 0, 'passenger shelter': 0, 'cool shelter': 0, 'rest shade': 0, 'cool resting space': 0, 'cool resting shed': 0, 'passenger shed': 0, 'outreach clinic': 0, 'awareness campaign': 0, 'iec activity': 0, 'iec material': 0, 'capacity building': 0, 'training programme': 0, 'training program': 0, 'mock drill': 0, 'sensitization': 0, 'swasthya kantha': 0, 'do and dont': 0, 'dos and donts': 0, 'display board': 0, 'hoarding': 0, 'pamphlet': 0, 'leaflet': 0, 'banner': 0}","{'stadium': 0, 'football': 0, 'cremation ground': 0, 'crematorium': 0, 'boundary wall': 0, 'compound wall': 0, 'godown': 0}",weak,Summer / Heatwave (Mar-Jun),,Drinking Water & Hydration,Drinking Water & Hydration,{'Drinking Water & Hydration': {'drinking water': 2}}
2025_OHPCL_115900_1,RHEP/TCN No.-22/2025-26,"Civil works for installation of 250 LPH commercial RO with chillers and piping network for drinking water at RHEP, Rengali","Civil works for installation of 250 LPH commercial RO with chillers and piping network for drinking water at RHEP, Rengali",Works,Open Tender,Percentage,Civil Works - Others,No,No,N/A ,24-Jul-2025 10:00 AM,NA ,120.0,No ,No,Online,06-Aug-2025 11:30 AM,Odisha Hydro Power Corporation Ltd||Rengali H.E. Project Rengali,"RHEP, Rengali",759105.0,2.0,,ABINASH SWAIN,"1,891,756",Rejected-Technical,24-Oct-2025,Odisha Hydro Power Corporation Ltd||Rengali H.E. Project Rengali,True,False,"{'heatwave': 0, 'heat wave': 0, 'heat-wave': 0, 'heat stress': 0, 'heat stroke': 0, 'heat action plan': 0, 'heat resilience': 0, 'heat resilient': 0, 'extreme heat': 0, 'high temperature': 0, 'rising temperature': 0, 'heat resistant': 0, 'climate resilient': 0, 'cooling centre': 0, 'cooling center': 0, 'emergency response': 0, 'first aid': 0, 'ambulance': 0, 'ors': 0, 'oral rehydration solution': 0, 'heat stroke treatment': 0, 'sunstroke': 0, 'sun stroke': 0, 'heat related illness': 0, 'heat illness': 0, 'heat exhaustion': 0, 'heat cramp': 0, 'heat rash': 0, 'heat alert': 0, 'heat warning': 0, 'heat advisory': 0, 'heat hotline': 0, 'satark': 0, 'early warning system': 0, 'saline': 0, 'iv fluid': 0, 'rapid response team': 0, 'mobile health unit': 0, 'relief chamber': 0, 'heat stroke ward': 0, 'heat stroke bed': 0, 'drinking water': 2, 'water kiosk': 0, 'water atm': 0, 'hydration point': 0, 'hydration centre': 0, 'hydration center': 0, 'cold water': 0, 'tube well': 0, 'tubewell': 0, 'borewell': 0, 'bore well': 0, 'hand pump': 0, 'handpump': 0, 'overhead tank': 0, 'oh tank': 0, 'stand post': 0, 'piped water supply': 0, 'water supply scheme': 0, 'jalachhatra': 0, 'jalachatra': 0, 'jala jogana kendra': 0, 'jal jogana kendra': 0, 'jal seva shibira': 0, 'water tanker': 0, 'water sprinkling': 0, 'cool roof': 0, 'white roof': 0, 'white topping': 0, 'roof insulation': 0, 'thermal insulation': 0, 'heat reflective': 0, 'reflective coating': 0, 'shade net': 0, 'shade structure': 0, 'canopy': 0, 'awning': 0, 'albedo paint': 0, 'albedo painting': 0, 'white painting': 0, 'reflective paint': 0, 'green roof': 0, 'green roofing': 0, 'k glass': 0, 'doubly glazed glass': 0, 'passive cooling': 0, 'air cooler': 0, 'white china mosaic': 0, 'lime based whitewash': 0, 'white tarp': 0, 'acrylic resin coating': 0, 'tree plantation': 0, 'avenue plantation': 0, 'plantation': 0, 'green belt': 0, 'urban forestry': 0, 'urban forest': 0, 'park development': 0, 'shelter belt': 0, 'shade tree': 0, 'vertical garden': 0, 'green space': 0, 'afforestation': 0, 'green campus': 0, 'night shelter': 0, 'transit shelter': 0, 'rest shed': 0, 'waiting shed': 0, 'community hall': 0, 'relief centre': 0, 'relief center': 0, 'bus stand shelter': 0, 'passenger shelter': 0, 'cool shelter': 0, 'rest shade': 0, 'cool resting space': 0, 'cool resting shed': 0, 'passenger shed': 0, 'outreach clinic': 0, 'awareness campaign': 0, 'iec activity': 0, 'iec material': 0, 'capacity building': 0, 'training programme': 0, 'training program': 0, 'mock drill': 0, 'sensitization': 0, 'swasthya kantha': 0, 'do and dont': 0, 'dos and donts': 0, 'display board': 0, 'hoarding': 0, 'pamphlet': 0, 'leaflet': 0, 'banner': 0}","{'stadium': 0, 'football': 0, 'cremation ground': 0, 'crematorium': 0, 'boundary wall': 0, 'compound wall': 0, 'godown': 0}",weak,Monsoon (Jul-Sep),,Drinking Water & Hydration,Drinking Water & Hydration,{'Drinking Water & Hydration': {'drinking water': 2}}
2025_PHEO_114413_1,"SEPH-DIVISION, CTC-10 of 2025-26","Sinking of 200mm dia deep production well by Mud Rotary Rig with gravel packing, sanitary sealing and saline sealing and laying of distribution pipeline at newly developed area of Bauriapalanda near PPL gate, Ward No.05 of Paradeep Municipality.","Sinking of 200mm dia deep production well by Mud Rotary Rig with gravel packing, sanitary sealing and saline sealing and laying of distribution pipeline at newly developed area of Bauriapalanda near PPL gate, Ward No.05 of Paradeep Municipality.",Works,Open Tender,Percentage,Civil Works - Water Works,No,No,NA ,16-Jun-2025 11:00 AM,NA ,120.0,No ,No,Online,01-Jul-2025 11:00 AM,PHEO||SEPH-CIRCLE-CUTTACK||EEPH-DIVN-CUTTACK-II,"Mahanadivihar, Cuttack",753004.0,2.0,,BIJAY SETHI,"7,142,861",Rejected-Finance,03-Oct-2025,PHEO||SEPH-CIRCLE-CUTTACK||EEPH-DIVN-CUTTACK-II,True,False,"{'heatwave': 0, 'heat wave': 0, 'heat-wave': 0, 'heat stress': 0, 'heat stroke': 0, 'heat action plan': 0, 'heat resilience': 0, 'heat resilient': 0, 'extreme heat': 0, 'high temperature': 0, 'rising temperature': 0, 'heat resistant': 0, 'climate resilient': 0, 'cooling centre': 0, 'cooling center': 0, 'emergency response': 0, 'first aid': 0, 'ambulance': 0, 'ors': 0, 'oral rehydration solution': 0, 'heat stroke treatment': 0, 'sunstroke': 0, 'sun stroke': 0, 'heat related illness': 0, 'heat illness': 0, 'heat exhaustion': 0, 'heat cramp': 0, 'heat rash': 0, 'heat alert': 0, 'heat warning': 0, 'heat advisory': 0, 'heat hotline': 0, 'satark': 0, 'early warning system': 0, 'saline': 2, 'iv fluid': 0, 'rapid response team': 0, 'mobile health unit': 0, 'relief chamber': 0, 'heat stroke ward': 0, 'heat stroke bed': 0, 'drinking water': 0, 'water kiosk': 0, 'water atm': 0, 'hydration point': 0, 'hydration centre': 0, 'hydration center': 0, 'cold water': 0, 'tube well': 0, 'tubewell': 0, 'borewell': 0, 'bore well': 0, 'hand pump': 0, 'handpump': 0, 'overhead tank': 0, 'oh tank': 0, 'stand post': 0, 'piped water supply': 0, 'water supply scheme': 0, 'jalachhatra': 0, 'jalachatra': 0, 'jala jogana kendra': 0, 'jal jogana kendra': 0, 'jal seva shibira': 0, 'water tanker': 0, 'water sprinkling': 0, 'cool roof': 0, 'white roof': 0, 'white topping': 0, 'roof insulation': 0, 'thermal insulation': 0, 'heat reflective': 0, 'reflective coating': 0, 'shade net': 0, 'shade structure': 0, 'canopy': 0, 'awning': 0, 'albedo paint': 0, 'albedo painting': 0, 'white painting': 0, 'reflective paint': 0, 'green roof': 0, 'green roofing': 0, 'k glass': 0, 'doubly glazed glass': 0, 'passive cooling': 0, 'air cooler': 0, 'white china mosaic': 0, 'lime based whitewash': 0, 'white tarp': 0, 'acrylic resin coating': 0, 'tree plantation': 0, 'avenue plantation': 0, 'plantation': 0, 'green belt': 0, 'urban forestry': 0, 'urban forest': 0, 'park development': 0, 'shelter belt': 0, 'shade tree': 0, 'vertical garden': 0, 'green space': 0, 'afforestation': 0, 'green campus': 0, 'night shelter': 0, 'transit shelter': 0, 'rest shed': 0, 'waiting shed': 0, 'community hall': 0, 'relief centre': 0, 'relief center': 0, 'bus stand shelter': 0, 'passenger shelter': 0, 'cool shelter': 0, 'rest shade': 0, 'cool resting space': 0, 'cool resting shed': 0, 'passenger shed': 0, 'outreach clinic': 0, 'awareness campaign': 0, 'iec activity': 0, 'iec material': 0, 'capacity building': 0, 'training programme': 0, 'training program': 0, 'mock drill': 0, 'sensitization': 0, 'swasthya kantha': 0, 'do and dont': 0, 'dos and donts': 0, 'display board': 0, 'hoarding': 0, 'pamphlet': 0, 'leaflet': 0, 'banner': 0}","{'stadium': 0, 'football': 0, 'cremation ground': 0, 'crematorium': 0, 'boundary wall': 0, 'compound wall': 0, 'godown': 0}",weak,Summer / Heatwave (Mar-Jun),,Heatwave & Emergency Response,Heatwave & Emergency Response,{'Heatwave & Emergency Response': {'saline': 2}}
2025_CERWI_117623_1,Online Tender 03 RWD Kuchinda 2025 26,S/R to Revenue Rest shed Building at Turei for the year 2025-26.,S/R to Revenue Rest shed Building at Turei for the year 2025-26.,Works,Open Tender,Percentage,Civil Works - Buildings,No,No,NA ,04-Sep-2025 11:00 AM,NA ,90.0,No ,No,Online,16-Sep-2025 11:00 AM,CE RW I||RWCIRCLE-SAMBALPUR||RW Division Kuchinda,Kuchinda,768222.0,1.0,"2,53,285",BHESAJA KUMAR PATTA,"215,318",Rejected-AOC,13-Oct-2025,CE RW I||RWCIRCLE-SAMBALPUR||RW Division Kuchinda,True,False,"{'heatwave': 0, 'heat wave': 0, 'heat-wave': 0, 'heat stress': 0, 'heat stroke': 0, 'heat action plan': 0, 'heat resilience': 0, 'heat resilient': 0, 'extreme heat': 0, 'high temperature': 0, 'rising temperature': 0, 'heat resistant': 0, 'climate resilient': 0, 'cooling centre': 0, 'cooling center': 0, 'emergency response': 0, 'first aid': 0, 'ambulance': 0, 'ors': 0, 'oral rehydration solution': 0, 'heat stroke treatment': 0, 'sunstroke': 0, 'sun stroke': 0, 'heat related illness': 0, 'heat illness': 0, 'heat exhaustion': 0, 'heat cramp': 0, 'heat rash': 0, 'heat alert': 0, 'heat warning': 0, 'heat advisory': 0, 'heat hotline': 0, 'satark': 0, 'early warning system': 0, 'saline': 0, 'iv fluid': 0, 'rapid response team': 0, 'mobile health unit': 0, 'relief chamber': 0, 'heat stroke ward': 0, 'heat stroke bed': 0, 'drinking water': 0, 'water kiosk': 0, 'water atm': 0, 'hydration point': 0, 'hydration centre': 0, 'hydration center': 0, 'cold water': 0, 'tube well': 0, 'tubewell': 0, 'borewell': 0, 'bore well': 0, 'hand pump': 0, 'handpump': 0, 'overhead tank': 0, 'oh tank': 0, 'stand post': 0, 'piped water supply': 0, 'water supply scheme': 0, 'jalachhatra': 0, 'jalachatra': 0, 'jala jogana kendra': 0, 'jal jogana kendra': 0, 'jal seva shibira': 0, 'water tanker': 0, 'water sprinkling': 0, 'cool roof': 0, 'white roof': 0, 'white topping': 0, 'roof insulation': 0, 'thermal insulation': 0, 'heat reflective': 0, 'reflective coating': 0, 'shade net': 0, 'shade structure': 0, 'canopy': 0, 'awning': 0, 'albedo paint': 0, 'albedo painting': 0, 'white painting': 0, 'reflective paint': 0, 'green roof': 0, 'green roofing': 0, 'k glass': 0, 'doubly glazed glass': 0, 'passive cooling': 0, 'air cooler': 0, 'white china mosaic': 0, 'lime based whitewash': 0, 'white tarp': 0, 'acrylic resin coating': 0, 'tree plantation': 0, 'avenue plantation': 0, 'plantation': 0, 'green belt': 0, 'urban forestry': 0, 'urban forest': 0, 'park development': 0, 'shelter belt': 0, 'shade tree': 0, 'vertical garden': 0, 'green space': 0, 'afforestation': 0, 'green campus': 0, 'night shelter': 0, 'transit shelter': 0, 'rest shed': 2, 'waiting shed': 0, 'community hall': 0, 'relief centre': 0, 'relief center': 0, 'bus stand shelter': 0, 'passenger shelter': 0, 'cool shelter': 0, 'rest shade': 0, 'cool resting space': 0, 'cool resting shed': 0, 'passenger shed': 0, 'outreach clinic': 0, 'awareness campaign': 0, 'iec activity': 0, 'iec material': 0, 'capacity building': 0, 'training programme': 0, 'training program': 0, 'mock drill': 0, 'sensitization': 0, 'swasthya kantha': 0, 'do and dont': 0, 'dos and donts': 0, 'display board': 0, 'hoarding': 0, 'pamphlet': 0, 'leaflet': 0, 'banner': 0}","{'stadium': 0, 'football': 0, 'cremation ground': 0, 'crematorium': 0, 'boundary wall': 0, 'compound wall': 0, 'godown': 0}",weak,Monsoon (Jul-Sep),,Shelter & Rest Infrastructure,Shelter & Rest Infrastructure,{'Shelter & Rest Infrastructure': {'rest shed': 2}}
2025_ORULB_112815_8,DIGNAC-02/2025-26,"Construction of Smasan Platform , Rest Shed with approach Road at Rajapur Smasan Platform in ward no-1 of Digapahandi NAC","Construction of Smasan Platform , Rest Shed with approach Road at Rajapur Smasan Platform in ward no-1 of Digapahandi NAC",Works,Open Tender,Percentage,Civil Works - Others,No,No,NA ,26-Apr-2025 12:00 PM,NA ,90.0,No ,No,Online,17-May-2025 11:00 AM,Municipal Bodies||Digapahandi NAC,NAC DIGAPAHANDI,761012.0,2.0,"12,67,797",GOURI SHANKAR PANDA,"1,267,162.7",Rejected-Finance,13-Oct-2025,Municipal Bodies||Digapahandi NAC,True,False,"{'heatwave': 0, 'heat wave': 0, 'heat-wave': 0, 'heat stress': 0, 'heat stroke': 0, 'heat action plan': 0, 'heat resilience': 0, 'heat resilient': 0, 'extreme heat': 0, 'high temperature': 0, 'rising temperature': 0, 'heat resistant': 0, 'climate resilient': 0, 'cooling centre': 0, 'cooling center': 0, 'emergency response': 0, 'first aid': 0, 'ambulance': 0, 'ors': 0, 'oral rehydration solution': 0, 'heat stroke treatment': 0, 'sunstroke': 0, 'sun stroke': 0, 'heat related illness': 0, 'heat illness': 0, 'heat exhaustion': 0, 'heat cramp': 0, 'heat rash': 0, 'heat alert': 0, 'heat warning': 0, 'heat advisory': 0, 'heat hotline': 0, 'satark': 0, 'early warning system': 0, 'saline': 0, 'iv fluid': 0, 'rapid response team': 0, 'mobile health unit': 0, 'relief chamber': 0, 'heat stroke ward': 0, 'heat stroke bed': 0, 'drinking water': 0, 'water kiosk': 0, 'water atm': 0, 'hydration point': 0, 'hydration centre': 0, 'hydration center': 0, 'cold water': 0, 'tube well': 0, 'tubewell': 0, 'borewell': 0, 'bore well': 0, 'hand pump': 0, 'handpump': 0, 'overhead tank': 0, 'oh tank': 0, 'stand post': 0, 'piped water supply': 0, 'water supply scheme': 0, 'jalachhatra': 0, 'jalachatra': 0, 'jala jogana kendra': 0, 'jal jogana kendra': 0, 'jal seva shibira': 0, 'water tanker': 0, 'water sprinkling': 0, 'cool roof': 0, 'white roof': 0, 'white topping': 0, 'roof insulation': 0, 'thermal insulation': 0, 'heat reflective': 0, 'reflective coating': 0, 'shade net': 0, 'shade structure': 0, 'canopy': 0, 'awning': 0, 'albedo paint': 0, 'albedo painting': 0, 'white painting': 0, 'reflective paint': 0, 'green roof': 0, 'green roofing': 0, 'k glass': 0, 'doubly glazed glass': 0, 'passive cooling': 0, 'air cooler': 0, 'white china mosaic': 0, 'lime based whitewash': 0, 'white tarp': 0, 'acrylic resin coating': 0, 'tree plantation': 0, 'avenue plantation': 0, 'plantation': 0, 'green belt': 0, 'urban forestry': 0, 'urban forest': 0, 'park development': 0, 'shelter belt': 0, 'shade tree': 0, 'vertical garden': 0, 'green space': 0, 'afforestation': 0, 'green campus': 0, 'night shelter': 0, 'transit shelter': 0, 'rest shed': 2, 'waiting shed': 0, 'community hall': 0, 'relief centre': 0, 'relief center': 0, 'bus stand shelter': 0, 'passenger shelter': 0, 'cool shelter': 0, 'rest shade': 0, 'cool resting space': 0, 'cool resting shed': 0, 'passenger shed': 0, 'outreach clinic': 0, 'awareness campaign': 0, 'iec activity': 0, 'iec material': 0, 'capacity building': 0, 'training programme': 0, 'training program': 0, 'mock drill': 0, 'sensitization': 0, 'swasthya kantha': 0, 'do and dont': 0, 'dos and donts': 0, 'display board': 0, 'hoarding': 0, 'pamphlet': 0, 'leaflet': 0, 'banner': 0}","{'stadium': 0, 'football': 0, 'cremation ground': 0, 'crematorium': 0, 'boundary wall': 0, 'compound wall': 0, 'godown': 0}",weak,Summer / Heatwave (Mar-Jun),,Shelter & Rest Infrastructure,Shelter & Rest Infrastructure,{'Shelter & Rest Infrastructure': {'rest shed': 2}}
2025_CERWI_117701_1,Online Tender 03 RWD Kuchinda 2025 26,S/R to Revenue Rest shed Building at Fashimal for the year 2025-26.,S/R to Revenue Rest shed Building at Fashimal for the year 2025-26.,Works,Open Tender,Percentage,Civil Works - Buildings,No,No,NA ,05-Sep-2025 11:00 AM,NA ,90.0,No ,No,Online,16-Sep-2025 11:00 AM,CE RW I||RWCIRCLE-SAMBALPUR||RW Division Kuchinda,Kuchinda,768222.0,1.0,"4,23,658",AMIT PRATAP SINGH,"360,152",Rejected-AOC,13-Oct-2025,CE RW I||RWCIRCLE-SAMBALPUR||RW Division Kuchinda,True,False,"{'heatwave': 0, 'heat wave': 0, 'heat-wave': 0, 'heat stress': 0, 'heat stroke': 0, 'heat action plan': 0, 'heat resilience': 0, 'heat resilient': 0, 'extreme heat': 0, 'high temperature': 0, 'rising temperature': 0, 'heat resistant': 0, 'climate resilient': 0, 'cooling centre': 0, 'cooling center': 0, 'emergency response': 0, 'first aid': 0, 'ambulance': 0, 'ors': 0, 'oral rehydration solution': 0, 'heat stroke treatment': 0, 'sunstroke': 0, 'sun stroke': 0, 'heat related illness': 0, 'heat illness': 0, 'heat exhaustion': 0, 'heat cramp': 0, 'heat rash': 0, 'heat alert': 0, 'heat warning': 0, 'heat advisory': 0, 'heat hotline': 0, 'satark': 0, 'early warning system': 0, 'saline': 0, 'iv fluid': 0, 'rapid response team': 0, 'mobile health unit': 0, 'relief chamber': 0, 'heat stroke ward': 0, 'heat stroke bed': 0, 'drinking water': 0, 'water kiosk': 0, 'water atm': 0, 'hydration point': 0, 'hydration centre': 0, 'hydration center': 0, 'cold water': 0, 'tube well': 0, 'tubewell': 0, 'borewell': 0, 'bore well': 0, 'hand pump': 0, 'handpump': 0, 'overhead tank': 0, 'oh tank': 0, 'stand post': 0, 'piped water supply': 0, 'water supply scheme': 0, 'jalachhatra': 0, 'jalachatra': 0, 'jala jogana kendra': 0, 'jal jogana kendra': 0, 'jal seva shibira': 0, 'water tanker': 0, 'water sprinkling': 0, 'cool roof': 0, 'white roof': 0, 'white topping': 0, 'roof insulation': 0, 'thermal insulation': 0, 'heat reflective': 0, 'reflective coating': 0, 'shade net': 0, 'shade structure': 0, 'canopy': 0, 'awning': 0, 'albedo paint': 0, 'albedo painting': 0, 'white painting': 0, 'reflective paint': 0, 'green roof': 0, 'green roofing': 0, 'k glass': 0, 'doubly glazed glass': 0, 'passive cooling': 0, 'air cooler': 0, 'white china mosaic': 0, 'lime based whitewash': 0, 'white tarp': 0, 'acrylic resin coating': 0, 'tree plantation': 0, 'avenue plantation': 0, 'plantation': 0, 'green belt': 0, 'urban forestry': 0, 'urban forest': 0, 'park development': 0, 'shelter belt': 0, 'shade tree': 0, 'vertical garden': 0, 'green space': 0, 'afforestation': 0, 'green campus': 0, 'night shelter': 0, 'transit shelter': 0, 'rest shed': 2, 'waiting shed': 0, 'community hall': 0, 'relief centre': 0, 'relief center': 0, 'bus stand shelter': 0, 'passenger shelter': 0, 'cool shelter': 0, 'rest shade': 0, 'cool resting space': 0, 'cool resting shed': 0, 'passenger shed': 0, 'outreach clinic': 0, 'awareness campaign': 0, 'iec activity': 0, 'iec material': 0, 'capacity building': 0, 'training programme': 0, 'training program': 0, 'mock drill': 0, 'sensitization': 0, 'swasthya kantha': 0, 'do and dont': 0, 'dos and donts': 0, 'display board': 0, 'hoarding': 0, 'pamphlet': 0, 'leaflet': 0, 'banner': 0}","{'stadium': 0, 'football': 0, 'cremation ground': 0, 'crematorium': 0, 'boundary wall': 0, 'compound wall': 0, 'godown': 0}",weak,Monsoon (Jul-Sep),,Shelter & Rest Infrastructure,Shelter & Rest Infrastructure,{'Shelter & Rest Infrastructure': {'rest shed': 2}}
2025_RWSS_113048_1,EE RWSS(PLB)_06/2025-2026,Piped Water Supply to left out village Ratingia and Padikia (Retrofitting) of Ratingia G.P under G.Udayagiri Block.,Piped Water Supply to left out village Ratingia and Padikia (Retrofitting) of Ratingia G.P under G.Udayagiri Block.,Works,National Competitive Bid,Percentage,Civil Works - Water Works,No,No,NA ,02-May-2025 01:00 PM,02-May-2025 01:00 PM ,240.0,No ,No,Online,16-May-2025 11:00 AM,Rural Water Supply and Sanitation||RWSS Circle Berhampur||RWSS Division Phulbani,RWSS Division Phulbani,762001.0,2.0,"53,63,000",Akash Dalai,"4,559,322.866",Accepted-AOC,08-Oct-2025,Rural Water Supply and Sanitation||RWSS Circle Berhampur||RWSS Division Phulbani,True,False,"{'heatwave': 0, 'heat wave': 0, 'heat-wave': 0, 'heat stress': 0, 'heat stroke': 0, 'heat action plan': 0, 'heat resilience': 0, 'heat resilient': 0, 'extreme heat': 0, 'high temperature': 0, 'rising temperature': 0, 'heat resistant': 0, 'climate resilient': 0, 'cooling centre': 0, 'cooling center': 0, 'emergency response': 0, 'first aid': 0, 'ambulance': 0, 'ors': 0, 'oral rehydration solution': 0, 'heat stroke treatment': 0, 'sunstroke': 0, 'sun stroke': 0, 'heat related illness': 0, 'heat illness': 0, 'heat exhaustion': 0, 'heat cramp': 0, 'heat rash': 0, 'heat alert': 0, 'heat warning': 0, 'heat advisory': 0, 'heat hotline': 0, 'satark': 0, 'early warning system': 0, 'saline': 0, 'iv fluid': 0, 'rapid response team': 0, 'mobile health unit': 0, 'relief chamber': 0, 'heat stroke ward': 0, 'heat stroke bed': 0, 'drinking water': 0, 'water kiosk': 0, 'water atm': 0, 'hydration point': 0, 'hydration centre': 0, 'hydration center': 0, 'cold water': 0, 'tube well': 0, 'tubewell': 0, 'borewell': 0, 'bore well': 0, 'hand pump': 0, 'handpump': 0, 'overhead tank': 0, 'oh tank': 0, 'stand post': 0, 'piped water supply': 2, 'water supply scheme': 0, 'jalachhatra': 0, 'jalachatra': 0, 'jala jogana kendra': 0, 'jal jogana kendra': 0, 'jal seva shibira': 0, 'water tanker': 0, 'water sprinkling': 0, 'cool roof': 0, 'white roof': 0, 'white topping': 0, 'roof insulation': 0, 'thermal insulation': 0, 'heat reflective': 0, 'reflective coating': 0, 'shade net': 0, 'shade structure': 0, 'canopy': 0, 'awning': 0, 'albedo paint': 0, 'albedo painting': 0, 'white painting': 0, 'reflective paint': 0, 'green roof': 0, 'green roofing': 0, 'k glass': 0, 'doubly glazed glass': 0, 'passive cooling': 0, 'air cooler': 0, 'white china mosaic': 0, 'lime based whitewash': 0, 'white tarp': 0, 'acrylic resin coating': 0, 'tree plantation': 0, 'avenue plantation': 0, 'plantation': 0, 'green belt': 0, 'urban forestry': 0, 'urban forest': 0, 'park development': 0, 'shelter belt': 0, 'shade tree': 0, 'vertical garden': 0, 'green space': 0, 'afforestation': 0, 'green campus': 0, 'night shelter': 0, 'transit shelter': 0, 'rest shed': 0, 'waiting shed': 0, 'community hall': 0, 'relief centre': 0, 'relief center': 0, 'bus stand shelter': 0, 'passenger shelter': 0, 'cool shelter': 0, 'rest shade': 0, 'cool resting space': 0, 'cool resting shed': 0, 'passenger shed': 0, 'outreach clinic': 0, 'awareness campaign': 0, 'iec activity': 0, 'iec material': 0, 'capacity building': 0, 'training programme': 0, 'training program': 0, 'mock drill': 0, 'sensitization': 0, 'swasthya kantha': 0, 'do and dont': 0, 'dos and donts': 0, 'display board': 0, 'hoarding': 0, 'pamphlet': 0, 'leaflet': 0, 'banner': 0}","{'stadium': 0, 'football': 0, 'cremation ground': 0, 'crematorium': 0, 'boundary wall': 0, 'compound wall': 0, 'godown': 0}",weak,Summer / Heatwave (Mar-Jun),,Drinking Water & Hydration,Drinking Water & Hydration,{'Drinking Water & Hydration': {'piped water supply': 2}}
2025_OBCC_109999_2,01/OBCC/JD/2024-25,"Construction of Toilet Block (Male and Female) and Bore well for Priyadarshini UP School, Kalunga under CSR activity.",Construction of Toilet Blocks with EI and PH,Works,Open Tender,Percentage,Civil Works - Buildings,No,No,NA ,22-Feb-2025 11:00 AM,NA ,90.0,No ,No,Online,17-Mar-2025 11:00 AM,Orissa Bridge and Construction Corporation Ltd,"Priyadarshini UP School, Kalunga",770031.0,1.0,"19,27,779",B N CONSTRUCTION PROPRIETOR OF GITANJALI LENKA,"1,831,583",Rejected-Finance,16-Oct-2025,Orissa Bridge and Construction Corporation Ltd,True,False,"{'heatwave': 0, 'heat wave': 0, 'heat-wave': 0, 'heat stress': 0, 'heat stroke': 0, 'heat action plan': 0, 'heat resilience': 0, 'heat resilient': 0, 'extreme heat': 0, 'high temperature': 0, 'rising temperature': 0, 'heat resistant': 0, 'climate resilient': 0, 'cooling centre': 0, 'cooling center': 0, 'emergency response': 0, 'first aid': 0, 'ambulance': 0, 'ors': 0, 'oral rehydration solution': 0, 'heat stroke treatment': 0, 'sunstroke': 0, 'sun stroke': 0, 'heat related illness': 0, 'heat illness': 0, 'heat exhaustion': 0, 'heat cramp': 0, 'heat rash': 0, 'heat alert': 0, 'heat warning': 0, 'heat advisory': 0, 'heat hotline': 0, 'satark': 0, 'early warning system': 0, 'saline': 0, 'iv fluid': 0, 'rapid response team': 0, 'mobile health unit': 0, 'relief chamber': 0, 'heat stroke ward': 0, 'heat stroke bed': 0, 'drinking water': 0, 'water kiosk': 0, 'water atm': 0, 'hydration point': 0, 'hydration centre': 0, 'hydration center': 0, 'cold water': 0, 'tube well': 0, 'tubewell': 0, 'borewell': 0, 'bore well': 1, 'hand pump': 0, 'handpump': 0, 'overhead tank': 0, 'oh tank': 0, 'stand post': 0, 'piped water supply': 0, 'water supply scheme': 0, 'jalachhatra': 0, 'jalachatra': 0, 'jala jogana kendra': 0, 'jal jogana kendra': 0, 'jal seva shibira': 0, 'water tanker': 0, 'water sprinkling': 0, 'cool roof': 0, 'white roof': 0, 'white topping': 0, 'roof insulation': 0, 'thermal insulation': 0, 'heat reflective': 0, 'reflective coating': 0, 'shade net': 0, 'shade structure': 0, 'canopy': 0, 'awning': 0, 'albedo paint': 0, 'albedo painting': 0, 'white painting': 0, 'reflective paint': 0, 'green roof': 0, 'green roofing': 0, 'k glass': 0, 'doubly glazed glass': 0, 'passive cooling': 0, 'air cooler': 0, 'white china mosaic': 0, 'lime based whitewash': 0, 'white tarp': 0, 'acrylic resin coating': 0, 'tree plantation': 0, 'avenue plantation': 0, 'plantation': 0, 'green belt': 0, 'urban forestry': 0, 'urban forest': 0, 'park development': 0, 'shelter belt': 0, 'shade tree': 0, 'vertical garden': 0, 'green space': 0, 'afforestation': 0, 'green campus': 0, 'night shelter': 0, 'transit shelter': 0, 'rest shed': 0, 'waiting shed': 0, 'community hall': 0, 'relief centre': 0, 'relief center': 0, 'bus stand shelter': 0, 'passenger shelter': 0, 'cool shelter': 0, 'rest shade': 0, 'cool resting space': 0, 'cool resting shed': 0, 'passenger shed': 0, 'outreach clinic': 0, 'awareness campaign': 0, 'iec activity': 0, 'iec material': 0, 'capacity building': 0, 'training programme': 0, 'training program': 0, 'mock drill': 0, 'sensitization': 0, 'swasthya kantha': 0, 'do and dont': 0, 'dos and donts': 0, 'display board': 0, 'hoarding': 0, 'pamphlet': 0, 'leaflet': 0, 'banner': 0}","{'stadium': 0, 'football': 0, 'cremation ground': 0, 'crematorium': 0, 'boundary wall': 0, 'compound wall': 0, 'godown': 0}",weak,Pre-Summer (Jan-Feb),,Drinking Water & Hydration,Drinking Water & Hydration,{'Drinking Water & Hydration': {'bore well': 1}}
2025_EICCL_113481_1,SHORT TENDER CALL NOTICE NO.01 OF 2025-26,"Providing Infrastructure and facilitates for imparting Induction Training Programme to Newly recruited Junior Engineers,Civil, Works Department, Government of Odisha for the year 2025-26.","Providing Infrastructure and facilitates for imparting Induction Training Programme to Newly recruited Junior Engineers,Civil, Works Department, Government of Odisha for the year 2025-26.",Services,Open Tender,Item Rate,Consultancy Services,No,No,NA ,16-May-2025 06:55 PM,NA ,90.0,No ,No,Online,28-May-2025 05:00 PM,EIC-CIVIL,Bhubaneswar,751001.0,2.0,0.0,HOTEL UPENDRAPVT LTD,"19,809,000",Rejected-Finance,06-Oct-2025,EIC-CIVIL,True,False,"{'heatwave': 0, 'heat wave': 0, 'heat-wave': 0, 'heat stress': 0, 'heat stroke': 0, 'heat action plan': 0, 'heat resilience': 0, 'heat resilient': 0, 'extreme heat': 0, 'high temperature': 0, 'rising temperature': 0, 'heat resistant': 0, 'climate resilient': 0, 'cooling centre': 0, 'cooling center': 0, 'emergency response': 0, 'first aid': 0, 'ambulance': 0, 'ors': 0, 'oral rehydration solution': 0, 'heat stroke treatment': 0, 'sunstroke': 0, 'sun stroke': 0, 'heat related illness': 0, 'heat illness': 0, 'heat exhaustion': 0, 'heat cramp': 0, 'heat rash': 0, 'heat alert': 0, 'heat warning': 0, 'heat advisory': 0, 'heat hotline': 0, 'satark': 0, 'early warning system': 0, 'saline': 0, 'iv fluid': 0, 'rapid response team': 0, 'mobile health unit': 0, 'relief chamber': 0, 'heat stroke ward': 0, 'heat stroke bed': 0, 'drinking water': 0, 'water kiosk': 0, 'water atm': 0, 'hydration point': 0, 'hydration centre': 0, 'hydration center': 0, 'cold water': 0, 'tube well': 0, 'tubewell': 0, 'borewell': 0, 'bore well': 0, 'hand pump': 0, 'handpump': 0, 'overhead tank': 0, 'oh tank': 0, 'stand post': 0, 'piped water supply': 0, 'water supply scheme': 0, 'jalachhatra': 0, 'jalachatra': 0, 'jala jogana kendra': 0, 'jal jogana kendra': 0, 'jal seva shibira': 0, 'water tanker': 0, 'water sprinkling': 0, 'cool roof': 0, 'white roof': 0, 'white topping': 0, 'roof insulation': 0, 'thermal insulation': 0, 'heat reflective': 0, 'reflective coating': 0, 'shade net': 0, 'shade structure': 0, 'canopy': 0, 'awning': 0, 'albedo paint': 0, 'albedo painting': 0, 'white painting': 0, 'reflective paint': 0, 'green roof': 0, 'green roofing': 0, 'k glass': 0, 'doubly glazed glass': 0, 'passive cooling': 0, 'air cooler': 0, 'white china mosaic': 0, 'lime based whitewash': 0, 'white tarp': 0, 'acrylic resin coating': 0, 'tree plantation': 0, 'avenue plantation': 0, 'plantation': 0, 'green belt': 0, 'urban forestry': 0, 'urban forest': 0, 'park development': 0, 'shelter belt': 0, 'shade tree': 0, 'vertical garden': 0, 'green space': 0, 'afforestation': 0, 'green campus': 0, 'night shelter': 0, 'transit shelter': 0, 'rest shed': 0, 'waiting shed': 0, 'community hall': 0, 'relief centre': 0, 'relief center': 0, 'bus stand shelter': 0, 'passenger shelter': 0, 'cool shelter': 0, 'rest shade': 0, 'cool resting space': 0, 'cool resting shed': 0, 'passenger shed': 0, 'outreach clinic': 0, 'awareness campaign': 0, 'iec activity': 0, 'iec material': 0, 'capacity building': 0, 'training programme': 2, 'training program': 0, 'mock drill': 0, 'sensitization': 0, 'swasthya kantha': 0, 'do and dont': 0, 'dos and donts': 0, 'display board': 0, 'hoarding': 0, 'pamphlet': 0, 'leaflet': 0, 'banner': 0}","{'stadium': 0, 'football': 0, 'cremation ground': 0, 'crematorium': 0, 'boundary wall': 0, 'compound wall': 0, 'godown': 0}",weak,Summer / Heatwave (Mar-Jun),,Awareness & Capacity Building,Awareness & Capacity Building,{'Awareness & Capacity Building': {'training programme': 2}}
2025_RWSS_113048_2,EE RWSS(PLB)_06/2025-2026,Piped Water Supply to left out habitation Majumaha of village Tiangia in Katingia G.P under G.Udayagiri Block.,Piped Water Supply to left out habitation Majumaha of village Tiangia in Katingia G.P under G.Udayagiri Block.,Works,National Competitive Bid,Percentage,Civil Works - Water Works,No,No,NA ,02-May-2025 01:00 PM,02-May-2025 01:00 PM ,240.0,No ,No,Online,16-May-2025 11:00 AM,Rural Water Supply and Sanitation||RWSS Circle Berhampur||RWSS Division Phulbani,RWSS Division Phulbani,762001.0,2.0,"68,54,000",Akash Dalai,"5,826,426.168",Rejected-Finance,08-Oct-2025,Rural Water Supply and Sanitation||RWSS Circle Berhampur||RWSS Division Phulbani,True,False,"{'heatwave': 0, 'heat wave': 0, 'heat-wave': 0, 'heat stress': 0, 'heat stroke': 0, 'heat action plan': 0, 'heat resilience': 0, 'heat resilient': 0, 'extreme heat': 0, 'high temperature': 0, 'rising temperature': 0, 'heat resistant': 0, 'climate resilient': 0, 'cooling centre': 0, 'cooling center': 0, 'emergency response': 0, 'first aid': 0, 'ambulance': 0, 'ors': 0, 'oral rehydration solution': 0, 'heat stroke treatment': 0, 'sunstroke': 0, 'sun stroke': 0, 'heat related illness': 0, 'heat illness': 0, 'heat exhaustion': 0, 'heat cramp': 0, 'heat rash': 0, 'heat alert': 0, 'heat warning': 0, 'heat advisory': 0, 'heat hotline': 0, 'satark': 0, 'early warning system': 0, 'saline': 0, 'iv fluid': 0, 'rapid response team': 0, 'mobile health unit': 0, 'relief chamber': 0, 'heat stroke ward': 0, 'heat stroke bed': 0, 'drinking water': 0, 'water kiosk': 0, 'water atm': 0, 'hydration point': 0, 'hydration centre': 0, 'hydration center': 0, 'cold water': 0, 'tube well': 0, 'tubewell': 0, 'borewell': 0, 'bore well': 0, 'hand pump': 0, 'handpump': 0, 'overhead tank': 0, 'oh tank': 0, 'stand post': 0, 'piped water supply': 2, 'water supply scheme': 0, 'jalachhatra': 0, 'jalachatra': 0, 'jala jogana kendra': 0, 'jal jogana kendra': 0, 'jal seva shibira': 0, 'water tanker': 0, 'water sprinkling': 0, 'cool roof': 0, 'white roof': 0, 'white topping': 0, 'roof insulation': 0, 'thermal insulation': 0, 'heat reflective': 0, 'reflective coating': 0, 'shade net': 0, 'shade structure': 0, 'canopy': 0, 'awning': 0, 'albedo paint': 0, 'albedo painting': 0, 'white painting': 0, 'reflective paint': 0, 'green roof': 0, 'green roofing': 0, 'k glass': 0, 'doubly glazed glass': 0, 'passive cooling': 0, 'air cooler': 0, 'white china mosaic': 0, 'lime based whitewash': 0, 'white tarp': 0, 'acrylic resin coating': 0, 'tree plantation': 0, 'avenue plantation': 0, 'plantation': 0, 'green belt': 0, 'urban forestry': 0, 'urban forest': 0, 'park development': 0, 'shelter belt': 0, 'shade tree': 0, 'vertical garden': 0, 'green space': 0, 'afforestation': 0, 'green campus': 0, 'night shelter': 0, 'transit shelter': 0, 'rest shed': 0, 'waiting shed': 0, 'community hall': 0, 'relief centre': 0, 'relief center': 0, 'bus stand shelter': 0, 'passenger shelter': 0, 'cool shelter': 0, 'rest shade': 0, 'cool resting space': 0, 'cool resting shed': 0, 'passenger shed': 0, 'outreach clinic': 0, 'awareness campaign': 0, 'iec activity': 0, 'iec material': 0, 'capacity building': 0, 'training programme': 0, 'training program': 0, 'mock drill': 0, 'sensitization': 0, 'swasthya kantha': 0, 'do and dont': 0, 'dos and donts': 0, 'display board': 0, 'hoarding': 0, 'pamphlet': 0, 'leaflet': 0, 'banner': 0}","{'stadium': 0, 'football': 0, 'cremation ground': 0, 'crematorium': 0, 'boundary wall': 0, 'compound wall': 0, 'godown': 0}",weak,Summer / Heatwave (Mar-Jun),,Drinking Water & Hydration,Drinking Water & Hydration,{'Drinking Water & Hydration': {'piped water supply': 2}}
2024_OSAMB_100609_5,RMC-BHAWANIPATNA-01/2023-24,"Construction of GCI Cover Shed, Open Platfor, Tube Well at Ghodabandha","GCI Cover Shed, Open Platform and Tube Well",Works,Open Tender,Percentage,Civil Works - Others,No,No,NA ,05-Feb-2024 02:30 PM,NA ,90.0,No ,No,Online,20-Feb-2024 11:30 AM,Odisha State Agricultural Marketing Board||RMC Bhawanipatna,Ghodabandha,766100.0,1.0,"27,66,874",ASHOK KUMAR PADHAN,"2,352,119.66",Rejected-AOC,16-Jul-2025,Odisha State Agricultural Marketing Board||RMC Bhawanipatna,True,False,"{'heatwave': 0, 'heat wave': 0, 'heat-wave': 0, 'heat stress': 0, 'heat stroke': 0, 'heat action plan': 0, 'heat resilience': 0, 'heat resilient': 0, 'extreme heat': 0, 'high temperature': 0, 'rising temperature': 0, 'heat resistant': 0, 'climate resilient': 0, 'cooling centre': 0, 'cooling center': 0, 'emergency response': 0, 'first aid': 0, 'ambulance': 0, 'ors': 0, 'oral rehydration solution': 0, 'heat stroke treatment': 0, 'sunstroke': 0, 'sun stroke': 0, 'heat related illness': 0, 'heat illness': 0, 'heat exhaustion': 0, 'heat cramp': 0, 'heat rash': 0, 'heat alert': 0, 'heat warning': 0, 'heat advisory': 0, 'heat hotline': 0, 'satark': 0, 'early warning system': 0, 'saline': 0, 'iv fluid': 0, 'rapid response team': 0, 'mobile health unit': 0, 'relief chamber': 0, 'heat stroke ward': 0, 'heat stroke bed': 0, 'drinking water': 0, 'water kiosk': 0, 'water atm': 0, 'hydration point': 0, 'hydration centre': 0, 'hydration center': 0, 'cold water': 0, 'tube well': 2, 'tubewell': 0, 'borewell': 0, 'bore well': 0, 'hand pump': 0, 'handpump': 0, 'overhead tank': 0, 'oh tank': 0, 'stand post': 0, 'piped water supply': 0, 'water supply scheme': 0, 'jalachhatra': 0, 'jalachatra': 0, 'jala jogana kendra': 0, 'jal jogana kendra': 0, 'jal seva shibira': 0, 'water tanker': 0, 'water sprinkling': 0, 'cool roof': 0, 'white roof': 0, 'white topping': 0, 'roof insulation': 0, 'thermal insulation': 0, 'heat reflective': 0, 'reflective coating': 0, 'shade net': 0, 'shade structure': 0, 'canopy': 0, 'awning': 0, 'albedo paint': 0, 'albedo painting': 0, 'white painting': 0, 'reflective paint': 0, 'green roof': 0, 'green roofing': 0, 'k glass': 0, 'doubly glazed glass': 0, 'passive cooling': 0, 'air cooler': 0, 'white china mosaic': 0, 'lime based whitewash': 0, 'white tarp': 0, 'acrylic resin coating': 0, 'tree plantation': 0, 'avenue plantation': 0, 'plantation': 0, 'green belt': 0, 'urban forestry': 0, 'urban forest': 0, 'park development': 0, 'shelter belt': 0, 'shade tree': 0, 'vertical garden': 0, 'green space': 0, 'afforestation': 0, 'green campus': 0, 'night shelter': 0, 'transit shelter': 0, 'rest shed': 0, 'waiting shed': 0, 'community hall': 0, 'relief centre': 0, 'relief center': 0, 'bus stand shelter': 0, 'passenger shelter': 0, 'cool shelter': 0, 'rest shade': 0, 'cool resting space': 0, 'cool resting shed': 0, 'passenger shed': 0, 'outreach clinic': 0, 'awareness campaign': 0, 'iec activity': 0, 'iec material': 0, 'capacity building': 0, 'training programme': 0, 'training program': 0, 'mock drill': 0, 'sensitization': 0, 'swasthya kantha': 0, 'do and dont': 0, 'dos and donts': 0, 'display board': 0, 'hoarding': 0, 'pamphlet': 0, 'leaflet': 0, 'banner': 0}","{'stadium': 0, 'football': 0, 'cremation ground': 0, 'crematorium': 0, 'boundary wall': 0, 'compound wall': 0, 'godown': 0}",weak,Pre-Summer (Jan-Feb),,Drinking Water & Hydration,Drinking Water & Hydration,{'Drinking Water & Hydration': {'tube well': 2}}
2023_ORULB_92779_14,RN_02_2023_24,Construction of Paver road from Chenchada Sahi Tube well( Near Anganwadi Centre) to Mahostaba Padia in W.N. 06 under Remuna N.A.C,Construction of Paver road from Chenchada Sahi Tube well( Near Anganwadi Centre) to Mahostaba Padia in W.N. 06 under Remuna N.A.C,Works,Open Tender,Percentage,Civil Works - Roads,No,No,NA ,22-Aug-2023 11:00 AM,NA ,120.0,No ,No,Online,02-Sep-2023 11:00 AM,Municipal Bodies||Remuna NAC,Remuna,756019.0,1.0,"3,27,454",GANGADHAR PRUSTI,"325,816",Accepted-AOC,21-Sep-2025,Municipal Bodies||Remuna NAC,True,False,"{'heatwave': 0, 'heat wave': 0, 'heat-wave': 0, 'heat stress': 0, 'heat stroke': 0, 'heat action plan': 0, 'heat resilience': 0, 'heat resilient': 0, 'extreme heat': 0, 'high temperature': 0, 'rising temperature': 0, 'heat resistant': 0, 'climate resilient': 0, 'cooling centre': 0, 'cooling center': 0, 'emergency response': 0, 'first aid': 0, 'ambulance': 0, 'ors': 0, 'oral rehydration solution': 0, 'heat stroke treatment': 0, 'sunstroke': 0, 'sun stroke': 0, 'heat related illness': 0, 'heat illness': 0, 'heat exhaustion': 0, 'heat cramp': 0, 'heat rash': 0, 'heat alert': 0, 'heat warning': 0, 'heat advisory': 0, 'heat hotline': 0, 'satark': 0, 'early warning system': 0, 'saline': 0, 'iv fluid': 0, 'rapid response team': 0, 'mobile health unit': 0, 'relief chamber': 0, 'heat stroke ward': 0, 'heat stroke bed': 0, 'drinking water': 0, 'water kiosk': 0, 'water atm': 0, 'hydration point': 0, 'hydration centre': 0, 'hydration center': 0, 'cold water': 0, 'tube well': 2, 'tubewell': 0, 'borewell': 0, 'bore well': 0, 'hand pump': 0, 'handpump': 0, 'overhead tank': 0, 'oh tank': 0, 'stand post': 0, 'piped water supply': 0, 'water supply scheme': 0, 'jalachhatra': 0, 'jalachatra': 0, 'jala jogana kendra': 0, 'jal jogana kendra': 0, 'jal seva shibira': 0, 'water tanker': 0, 'water sprinkling': 0, 'cool roof': 0, 'white roof': 0, 'white topping': 0, 'roof insulation': 0, 'thermal insulation': 0, 'heat reflective': 0, 'reflective coating': 0, 'shade net': 0, 'shade structure': 0, 'canopy': 0, 'awning': 0, 'albedo paint': 0, 'albedo painting': 0, 'white painting': 0, 'reflective paint': 0, 'green roof': 0, 'green roofing': 0, 'k glass': 0, 'doubly glazed glass': 0, 'passive cooling': 0, 'air cooler': 0, 'white china mosaic': 0, 'lime based whitewash': 0, 'white tarp': 0, 'acrylic resin coating': 0, 'tree plantation': 0, 'avenue plantation': 0, 'plantation': 0, 'green belt': 0, 'urban forestry': 0, 'urban forest': 0, 'park development': 0, 'shelter belt': 0, 'shade tree': 0, 'vertical garden': 0, 'green space': 0, 'afforestation': 0, 'green campus': 0, 'night shelter': 0, 'transit shelter': 0, 'rest shed': 0, 'waiting shed': 0, 'community hall': 0, 'relief centre': 0, 'relief center': 0, 'bus stand shelter': 0, 'passenger shelter': 0, 'cool shelter': 0, 'rest shade': 0, 'cool resting space': 0, 'cool resting shed': 0, 'passenger shed': 0, 'outreach clinic': 0, 'awareness campaign': 0, 'iec activity': 0, 'iec material': 0, 'capacity building': 0, 'training programme': 0, 'training program': 0, 'mock drill': 0, 'sensitization': 0, 'swasthya kantha': 0, 'do and dont': 0, 'dos and donts': 0, 'display board': 0, 'hoarding': 0, 'pamphlet': 0, 'leaflet': 0, 'banner': 0}","{'stadium': 0, 'football': 0, 'cremation ground': 0, 'crematorium': 0, 'boundary wall': 0, 'compound wall': 0, 'godown': 0}",weak,Monsoon (Jul-Sep),,Drinking Water & Hydration,Drinking Water & Hydration,{'Drinking Water & Hydration': {'tube well': 2}}
2025_CERWI_117704_1,Online Tender 03 RWD Kuchinda 2025 26,S/R to Revenue Rest shed Building at Jamankira for the year 2025-26.,S/R to Revenue Rest shed Building at Jamankira for the year 2025-26.,Works,Open Tender,Percentage,Civil Works - Buildings,No,No,NA ,05-Sep-2025 11:00 AM,NA ,90.0,No ,No,Online,16-Sep-2025 11:00 AM,CE RW I||RWCIRCLE-SAMBALPUR||RW Division Kuchinda,Kuchinda,768222.0,1.0,"2,54,142",AMIT PRATAP SINGH,"216,046",Rejected-AOC,13-Oct-2025,CE RW I||RWCIRCLE-SAMBALPUR||RW Division Kuchinda,True,False,"{'heatwave': 0, 'heat wave': 0, 'heat-wave': 0, 'heat stress': 0, 'heat stroke': 0, 'heat action plan': 0, 'heat resilience': 0, 'heat resilient': 0, 'extreme heat': 0, 'high temperature': 0, 'rising temperature': 0, 'heat resistant': 0, 'climate resilient': 0, 'cooling centre': 0, 'cooling center': 0, 'emergency response': 0, 'first aid': 0, 'ambulance': 0, 'ors': 0, 'oral rehydration solution': 0, 'heat stroke treatment': 0, 'sunstroke': 0, 'sun stroke': 0, 'heat related illness': 0, 'heat illness': 0, 'heat exhaustion': 0, 'heat cramp': 0, 'heat rash': 0, 'heat alert': 0, 'heat warning': 0, 'heat advisory': 0, 'heat hotline': 0, 'satark': 0, 'early warning system': 0, 'saline': 0, 'iv fluid': 0, 'rapid response team': 0, 'mobile health unit': 0, 'relief chamber': 0, 'heat stroke ward': 0, 'heat stroke bed': 0, 'drinking water': 0, 'water kiosk': 0, 'water atm': 0, 'hydration point': 0, 'hydration centre': 0, 'hydration center': 0, 'cold water': 0, 'tube well': 0, 'tubewell': 0, 'borewell': 0, 'bore well': 0, 'hand pump': 0, 'handpump': 0, 'overhead tank': 0, 'oh tank': 0, 'stand post': 0, 'piped water supply': 0, 'water supply scheme': 0, 'jalachhatra': 0, 'jalachatra': 0, 'jala jogana kendra': 0, 'jal jogana kendra': 0, 'jal seva shibira': 0, 'water tanker': 0, 'water sprinkling': 0, 'cool roof': 0, 'white roof': 0, 'white topping': 0, 'roof insulation': 0, 'thermal insulation': 0, 'heat reflective': 0, 'reflective coating': 0, 'shade net': 0, 'shade structure': 0, 'canopy': 0, 'awning': 0, 'albedo paint': 0, 'albedo painting': 0, 'white painting': 0, 'reflective paint': 0, 'green roof': 0, 'green roofing': 0, 'k glass': 0, 'doubly glazed glass': 0, 'passive cooling': 0, 'air cooler': 0, 'white china mosaic': 0, 'lime based whitewash': 0, 'white tarp': 0, 'acrylic resin coating': 0, 'tree plantation': 0, 'avenue plantation': 0, 'plantation': 0, 'green belt': 0, 'urban forestry': 0, 'urban forest': 0, 'park development': 0, 'shelter belt': 0, 'shade tree': 0, 'vertical garden': 0, 'green space': 0, 'afforestation': 0, 'green campus': 0, 'night shelter': 0, 'transit shelter': 0, 'rest shed': 2, 'waiting shed': 0, 'community hall': 0, 'relief centre': 0, 'relief center': 0, 'bus stand shelter': 0, 'passenger shelter': 0, 'cool shelter': 0, 'rest shade': 0, 'cool resting space': 0, 'cool resting shed': 0, 'passenger shed': 0, 'outreach clinic': 0, 'awareness campaign': 0, 'iec activity': 0, 'iec material': 0, 'capacity building': 0, 'training programme': 0, 'training program': 0, 'mock drill': 0, 'sensitization': 0, 'swasthya kantha': 0, 'do and dont': 0, 'dos and donts': 0, 'display board': 0, 'hoarding': 0, 'pamphlet': 0, 'leaflet': 0, 'banner': 0}","{'stadium': 0, 'football': 0, 'cremation ground': 0, 'crematorium': 0, 'boundary wall': 0, 'compound wall': 0, 'godown': 0}",weak,Monsoon (Jul-Sep),,Shelter & Rest Infrastructure,Shelter & Rest Infrastructure,{'Shelter & Rest Infrastructure': {'rest shed': 2}}
2025_RWSS_113048_3,EE RWSS(PLB)_06/2025-2026,Piped Water Supply to left out village Kambrikia of Sugadabadi G.P under Raikia Block.,Piped Water Supply to left out village Kambrikia of Sugadabadi G.P under Raikia Block.,Works,National Competitive Bid,Percentage,Civil Works - Water Works,No,No,NA ,02-May-2025 01:00 PM,02-May-2025 01:00 PM ,240.0,No ,No,Online,16-May-2025 11:00 AM,Rural Water Supply and Sanitation||RWSS Circle Berhampur||RWSS Division Phulbani,RWSS Division Phulbani,762001.0,2.0,"74,90,000",Akash Dalai,"6,367,624",Rejected-Finance,08-Oct-2025,Rural Water Supply and Sanitation||RWSS Circle Berhampur||RWSS Division Phulbani,True,False,"{'heatwave': 0, 'heat wave': 0, 'heat-wave': 0, 'heat stress': 0, 'heat stroke': 0, 'heat action plan': 0, 'heat resilience': 0, 'heat resilient': 0, 'extreme heat': 0, 'high temperature': 0, 'rising temperature': 0, 'heat resistant': 0, 'climate resilient': 0, 'cooling centre': 0, 'cooling center': 0, 'emergency response': 0, 'first aid': 0, 'ambulance': 0, 'ors': 0, 'oral rehydration solution': 0, 'heat stroke treatment': 0, 'sunstroke': 0, 'sun stroke': 0, 'heat related illness': 0, 'heat illness': 0, 'heat exhaustion': 0, 'heat cramp': 0, 'heat rash': 0, 'heat alert': 0, 'heat warning': 0, 'heat advisory': 0, 'heat hotline': 0, 'satark': 0, 'early warning system': 0, 'saline': 0, 'iv fluid': 0, 'rapid response team': 0, 'mobile health unit': 0, 'relief chamber': 0, 'heat stroke ward': 0, 'heat stroke bed': 0, 'drinking water': 0, 'water kiosk': 0, 'water atm': 0, 'hydration point': 0, 'hydration centre': 0, 'hydration center': 0, 'cold water': 0, 'tube well': 0, 'tubewell': 0, 'borewell': 0, 'bore well': 0, 'hand pump': 0, 'handpump': 0, 'overhead tank': 0, 'oh tank': 0, 'stand post': 0, 'piped water supply': 2, 'water supply scheme': 0, 'jalachhatra': 0, 'jalachatra': 0, 'jala jogana kendra': 0, 'jal jogana kendra': 0, 'jal seva shibira': 0, 'water tanker': 0, 'water sprinkling': 0, 'cool roof': 0, 'white roof': 0, 'white topping': 0, 'roof insulation': 0, 'thermal insulation': 0, 'heat reflective': 0, 'reflective coating': 0, 'shade net': 0, 'shade structure': 0, 'canopy': 0, 'awning': 0, 'albedo paint': 0, 'albedo painting': 0, 'white painting': 0, 'reflective paint': 0, 'green roof': 0, 'green roofing': 0, 'k glass': 0, 'doubly glazed glass': 0, 'passive cooling': 0, 'air cooler': 0, 'white china mosaic': 0, 'lime based whitewash': 0, 'white tarp': 0, 'acrylic resin coating': 0, 'tree plantation': 0, 'avenue plantation': 0, 'plantation': 0, 'green belt': 0, 'urban forestry': 0, 'urban forest': 0, 'park development': 0, 'shelter belt': 0, 'shade tree': 0, 'vertical garden': 0, 'green space': 0, 'afforestation': 0, 'green campus': 0, 'night shelter': 0, 'transit shelter': 0, 'rest shed': 0, 'waiting shed': 0, 'community hall': 0, 'relief centre': 0, 'relief center': 0, 'bus stand shelter': 0, 'passenger shelter': 0, 'cool shelter': 0, 'rest shade': 0, 'cool resting space': 0, 'cool resting shed': 0, 'passenger shed': 0, 'outreach clinic': 0, 'awareness campaign': 0, 'iec activity': 0, 'iec material': 0, 'capacity building': 0, 'training programme': 0, 'training program': 0, 'mock drill': 0, 'sensitization': 0, 'swasthya kantha': 0, 'do and dont': 0, 'dos and donts': 0, 'display board': 0, 'hoarding': 0, 'pamphlet': 0, 'leaflet': 0, 'banner': 0}","{'stadium': 0, 'football': 0, 'cremation ground': 0, 'crematorium': 0, 'boundary wall': 0, 'compound wall': 0, 'godown': 0}",weak,Summer / Heatwave (Mar-Jun),,Drinking Water & Hydration,Drinking Water & Hydration,{'Drinking Water & Hydration': {'piped water supply': 2}}
2025_RWSS_114113_1,e-Procurement Identification No.07 of 2025-26,"Const. of Hand pump tube wells platforms 203 nos as per UNICEF design and specifications in Dunguripali Block,Sonepur Block and Tarava Block under RWSS Subdivision, Sonepur in Subarnapur district.","Const. of Hand pump tube wells platforms 203 nos as per UNICEF design and specifications in Dunguripali Block,Sonepur Block and Tarava Block under RWSS Subdivision, Sonepur in Subarnapur district.",Works,Open Tender,Percentage,Civil Works - Water Works,No,No,NA ,03-Jun-2025 11:00 AM,NA ,90.0,No ,No,Online,12-Jun-2025 11:00 AM,Rural Water Supply and Sanitation||RWSS Circle Bolangir||RWSS Division Subarnapur,Sonepur,767017.0,1.0,"19,83,919",DILLIP KUMAR BARMA,"1,686,921",Not Admitted-Fee/PreQual/Technical/Finance,24-Jul-2025,Rural Water Supply and Sanitation||RWSS Circle Bolangir||RWSS Division Subarnapur,True,False,"{'heatwave': 0, 'heat wave': 0, 'heat-wave': 0, 'heat stress': 0, 'heat stroke': 0, 'heat action plan': 0, 'heat resilience': 0, 'heat resilient': 0, 'extreme heat': 0, 'high temperature': 0, 'rising temperature': 0, 'heat resistant': 0, 'climate resilient': 0, 'cooling centre': 0, 'cooling center': 0, 'emergency response': 0, 'first aid': 0, 'ambulance': 0, 'ors': 0, 'oral rehydration solution': 0, 'heat stroke treatment': 0, 'sunstroke': 0, 'sun stroke': 0, 'heat related illness': 0, 'heat illness': 0, 'heat exhaustion': 0, 'heat cramp': 0, 'heat rash': 0, 'heat alert': 0, 'heat warning': 0, 'heat advisory': 0, 'heat hotline': 0, 'satark': 0, 'early warning system': 0, 'saline': 0, 'iv fluid': 0, 'rapid response team': 0, 'mobile health unit': 0, 'relief chamber': 0, 'heat stroke ward': 0, 'heat stroke bed': 0, 'drinking water': 0, 'water kiosk': 0, 'water atm': 0, 'hydration point': 0, 'hydration centre': 0, 'hydration center': 0, 'cold water': 0, 'tube well': 0, 'tubewell': 0, 'borewell': 0, 'bore well': 0, 'hand pump': 2, 'handpump': 0, 'overhead tank': 0, 'oh tank': 0, 'stand post': 0, 'piped water supply': 0, 'water supply scheme': 0, 'jalachhatra': 0, 'jalachatra': 0, 'jala jogana kendra': 0, 'jal jogana kendra': 0, 'jal seva shibira': 0, 'water tanker': 0, 'water sprinkling': 0, 'cool roof': 0, 'white roof': 0, 'white topping': 0, 'roof insulation': 0, 'thermal insulation': 0, 'heat reflective': 0, 'reflective coating': 0, 'shade net': 0, 'shade structure': 0, 'canopy': 0, 'awning': 0, 'albedo paint': 0, 'albedo painting': 0, 'white painting': 0, 'reflective paint': 0, 'green roof': 0, 'green roofing': 0, 'k glass': 0, 'doubly glazed glass': 0, 'passive cooling': 0, 'air cooler': 0, 'white china mosaic': 0, 'lime based whitewash': 0, 'white tarp': 0, 'acrylic resin coating': 0, 'tree plantation': 0, 'avenue plantation': 0, 'plantation': 0, 'green belt': 0, 'urban forestry': 0, 'urban forest': 0, 'park development': 0, 'shelter belt': 0, 'shade tree': 0, 'vertical garden': 0, 'green space': 0, 'afforestation': 0, 'green campus': 0, 'night shelter': 0, 'transit shelter': 0, 'rest shed': 0, 'waiting shed': 0, 'community hall': 0, 'relief centre': 0, 'relief center': 0, 'bus stand shelter': 0, 'passenger shelter': 0, 'cool shelter': 0, 'rest shade': 0, 'cool resting space': 0, 'cool resting shed': 0, 'passenger shed': 0, 'outreach clinic': 0, 'awareness campaign': 0, 'iec activity': 0, 'iec material': 0, 'capacity building': 0, 'training programme': 0, 'training program': 0, 'mock drill': 0, 'sensitization': 0, 'swasthya kantha': 0, 'do and dont': 0, 'dos and donts': 0, 'display board': 0, 'hoarding': 0, 'pamphlet': 0, 'leaflet': 0, 'banner': 0}","{'stadium': 0, 'football': 0, 'cremation ground': 0, 'crematorium': 0, 'boundary wall': 0, 'compound wall': 0, 'godown': 0}",weak,Summer / Heatwave (Mar-Jun),,Drinking Water & Hydration,Drinking Water & Hydration,{'Drinking Water & Hydration': {'hand pump': 2}}
2024_OSAMB_100609_3,RMC-BHAWANIPATNA-01/2023-24,"Construction of GCI Cover Shed, Open Platfor, Tube Well at Bhimkela","GCI Cover Shed, Open Platform and Tube Well",Works,Open Tender,Percentage,Civil Works - Others,No,No,NA ,05-Feb-2024 02:00 PM,NA ,90.0,No ,No,Online,20-Feb-2024 11:30 AM,Odisha State Agricultural Marketing Board||RMC Bhawanipatna,Bhimkela,766101.0,1.0,"27,54,783",ASHOK KUMAR PADHAN,"2,341,840.91",Rejected-AOC,16-Jul-2025,Odisha State Agricultural Marketing Board||RMC Bhawanipatna,True,False,"{'heatwave': 0, 'heat wave': 0, 'heat-wave': 0, 'heat stress': 0, 'heat stroke': 0, 'heat action plan': 0, 'heat resilience': 0, 'heat resilient': 0, 'extreme heat': 0, 'high temperature': 0, 'rising temperature': 0, 'heat resistant': 0, 'climate resilient': 0, 'cooling centre': 0, 'cooling center': 0, 'emergency response': 0, 'first aid': 0, 'ambulance': 0, 'ors': 0, 'oral rehydration solution': 0, 'heat stroke treatment': 0, 'sunstroke': 0, 'sun stroke': 0, 'heat related illness': 0, 'heat illness': 0, 'heat exhaustion': 0, 'heat cramp': 0, 'heat rash': 0, 'heat alert': 0, 'heat warning': 0, 'heat advisory': 0, 'heat hotline': 0, 'satark': 0, 'early warning system': 0, 'saline': 0, 'iv fluid': 0, 'rapid response team': 0, 'mobile health unit': 0, 'relief chamber': 0, 'heat stroke ward': 0, 'heat stroke bed': 0, 'drinking water': 0, 'water kiosk': 0, 'water atm': 0, 'hydration point': 0, 'hydration centre': 0, 'hydration center': 0, 'cold water': 0, 'tube well': 2, 'tubewell': 0, 'borewell': 0, 'bore well': 0, 'hand pump': 0, 'handpump': 0, 'overhead tank': 0, 'oh tank': 0, 'stand post': 0, 'piped water supply': 0, 'water supply scheme': 0, 'jalachhatra': 0, 'jalachatra': 0, 'jala jogana kendra': 0, 'jal jogana kendra': 0, 'jal seva shibira': 0, 'water tanker': 0, 'water sprinkling': 0, 'cool roof': 0, 'white roof': 0, 'white topping': 0, 'roof insulation': 0, 'thermal insulation': 0, 'heat reflective': 0, 'reflective coating': 0, 'shade net': 0, 'shade structure': 0, 'canopy': 0, 'awning': 0, 'albedo paint': 0, 'albedo painting': 0, 'white painting': 0, 'reflective paint': 0, 'green roof': 0, 'green roofing': 0, 'k glass': 0, 'doubly glazed glass': 0, 'passive cooling': 0, 'air cooler': 0, 'white china mosaic': 0, 'lime based whitewash': 0, 'white tarp': 0, 'acrylic resin coating': 0, 'tree plantation': 0, 'avenue plantation': 0, 'plantation': 0, 'green belt': 0, 'urban forestry': 0, 'urban forest': 0, 'park development': 0, 'shelter belt': 0, 'shade tree': 0, 'vertical garden': 0, 'green space': 0, 'afforestation': 0, 'green campus': 0, 'night shelter': 0, 'transit shelter': 0, 'rest shed': 0, 'waiting shed': 0, 'community hall': 0, 'relief centre': 0, 'relief center': 0, 'bus stand shelter': 0, 'passenger shelter': 0, 'cool shelter': 0, 'rest shade': 0, 'cool resting space': 0, 'cool resting shed': 0, 'passenger shed': 0, 'outreach clinic': 0, 'awareness campaign': 0, 'iec activity': 0, 'iec material': 0, 'capacity building': 0, 'training programme': 0, 'training program': 0, 'mock drill': 0, 'sensitization': 0, 'swasthya kantha': 0, 'do and dont': 0, 'dos and donts': 0, 'display board': 0, 'hoarding': 0, 'pamphlet': 0, 'leaflet': 0, 'banner': 0}","{'stadium': 0, 'football': 0, 'cremation ground': 0, 'crematorium': 0, 'boundary wall': 0, 'compound wall': 0, 'godown': 0}",weak,Pre-Summer (Jan-Feb),,Drinking Water & Hydration,Drinking Water & Hydration,{'Drinking Water & Hydration': {'tube well': 2}}
2025_CERWI_117622_1,Online Tender 03 RWD Kuchinda 2025 26,S/R to Revenue Rest Shed Building at Kusumi for the year 2025-26.,S/R to Revenue Rest Shed Building at Kusumi for the year 2025-26.,Works,Open Tender,Percentage,Civil Works - Buildings,No,No,NA ,04-Sep-2025 11:00 AM,NA ,90.0,No ,No,Online,16-Sep-2025 11:00 AM,CE RW I||RWCIRCLE-SAMBALPUR||RW Division Kuchinda,Kuchinda,768222.0,1.0,"4,23,495",AMIT PRATAP SINGH,"360,013",Rejected-AOC,22-Oct-2025,CE RW I||RWCIRCLE-SAMBALPUR||RW Division Kuchinda,True,False,"{'heatwave': 0, 'heat wave': 0, 'heat-wave': 0, 'heat stress': 0, 'heat stroke': 0, 'heat action plan': 0, 'heat resilience': 0, 'heat resilient': 0, 'extreme heat': 0, 'high temperature': 0, 'rising temperature': 0, 'heat resistant': 0, 'climate resilient': 0, 'cooling centre': 0, 'cooling center': 0, 'emergency response': 0, 'first aid': 0, 'ambulance': 0, 'ors': 0, 'oral rehydration solution': 0, 'heat stroke treatment': 0, 'sunstroke': 0, 'sun stroke': 0, 'heat related illness': 0, 'heat illness': 0, 'heat exhaustion': 0, 'heat cramp': 0, 'heat rash': 0, 'heat alert': 0, 'heat warning': 0, 'heat advisory': 0, 'heat hotline': 0, 'satark': 0, 'early warning system': 0, 'saline': 0, 'iv fluid': 0, 'rapid response team': 0, 'mobile health unit': 0, 'relief chamber': 0, 'heat stroke ward': 0, 'heat stroke bed': 0, 'drinking water': 0, 'water kiosk': 0, 'water atm': 0, 'hydration point': 0, 'hydration centre': 0, 'hydration center': 0, 'cold water': 0, 'tube well': 0, 'tubewell': 0, 'borewell': 0, 'bore well': 0, 'hand pump': 0, 'handpump': 0, 'overhead tank': 0, 'oh tank': 0, 'stand post': 0, 'piped water supply': 0, 'water supply scheme': 0, 'jalachhatra': 0, 'jalachatra': 0, 'jala jogana kendra': 0, 'jal jogana kendra': 0, 'jal seva shibira': 0, 'water tanker': 0, 'water sprinkling': 0, 'cool roof': 0, 'white roof': 0, 'white topping': 0, 'roof insulation': 0, 'thermal insulation': 0, 'heat reflective': 0, 'reflective coating': 0, 'shade net': 0, 'shade structure': 0, 'canopy': 0, 'awning': 0, 'albedo paint': 0, 'albedo painting': 0, 'white painting': 0, 'reflective paint': 0, 'green roof': 0, 'green roofing': 0, 'k glass': 0, 'doubly glazed glass': 0, 'passive cooling': 0, 'air cooler': 0, 'white china mosaic': 0, 'lime based whitewash': 0, 'white tarp': 0, 'acrylic resin coating': 0, 'tree plantation': 0, 'avenue plantation': 0, 'plantation': 0, 'green belt': 0, 'urban forestry': 0, 'urban forest': 0, 'park development': 0, 'shelter belt': 0, 'shade tree': 0, 'vertical garden': 0, 'green space': 0, 'afforestation': 0, 'green campus': 0, 'night shelter': 0, 'transit shelter': 0, 'rest shed': 2, 'waiting shed': 0, 'community hall': 0, 'relief centre': 0, 'relief center': 0, 'bus stand shelter': 0, 'passenger shelter': 0, 'cool shelter': 0, 'rest shade': 0, 'cool resting space': 0, 'cool resting shed': 0, 'passenger shed': 0, 'outreach clinic': 0, 'awareness campaign': 0, 'iec activity': 0, 'iec material': 0, 'capacity building': 0, 'training programme': 0, 'training program': 0, 'mock drill': 0, 'sensitization': 0, 'swasthya kantha': 0, 'do and dont': 0, 'dos and donts': 0, 'display board': 0, 'hoarding': 0, 'pamphlet': 0, 'leaflet': 0, 'banner': 0}","{'stadium': 0, 'football': 0, 'cremation ground': 0, 'crematorium': 0, 'boundary wall': 0, 'compound wall': 0, 'godown': 0}",weak,Monsoon (Jul-Sep),,Shelter & Rest Infrastructure,Shelter & Rest Infrastructure,{'Shelter & Rest Infrastructure': {'rest shed': 2}}
2025_ORULB_114987_64,BSP_2025-26_07,Imp of road from raghunath sen bila towards deep tube well in ward 14,Imp of road from raghunath sen bila towards deep tube well in ward 14,Works,Open Tender,Percentage,Civil Works - Roads,No,No,NA ,05-Jul-2025 10:00 AM,NA ,90.0,No ,No,Online,14-Jul-2025 11:00 AM,Municipal Bodies||Basudevpur Municipality,Basudevpur Municipality,756125.0,1.0,"11,18,798",Susmita Sethi,"1,122,287",Accepted-AOC,08-Oct-2025,Municipal Bodies||Basudevpur Municipality,True,False,"{'heatwave': 0, 'heat wave': 0, 'heat-wave': 0, 'heat stress': 0, 'heat stroke': 0, 'heat action plan': 0, 'heat resilience': 0, 'heat resilient': 0, 'extreme heat': 0, 'high temperature': 0, 'rising temperature': 0, 'heat resistant': 0, 'climate resilient': 0, 'cooling centre': 0, 'cooling center': 0, 'emergency response': 0, 'first aid': 0, 'ambulance': 0, 'ors': 0, 'oral rehydration solution': 0, 'heat stroke treatment': 0, 'sunstroke': 0, 'sun stroke': 0, 'heat related illness': 0, 'heat illness': 0, 'heat exhaustion': 0, 'heat cramp': 0, 'heat rash': 0, 'heat alert': 0, 'heat warning': 0, 'heat advisory': 0, 'heat hotline': 0, 'satark': 0, 'early warning system': 0, 'saline': 0, 'iv fluid': 0, 'rapid response team': 0, 'mobile health unit': 0, 'relief chamber': 0, 'heat stroke ward': 0, 'heat stroke bed': 0, 'drinking water': 0, 'water kiosk': 0, 'water atm': 0, 'hydration point': 0, 'hydration centre': 0, 'hydration center': 0, 'cold water': 0, 'tube well': 2, 'tubewell': 0, 'borewell': 0, 'bore well': 0, 'hand pump': 0, 'handpump': 0, 'overhead tank': 0, 'oh tank': 0, 'stand post': 0, 'piped water supply': 0, 'water supply scheme': 0, 'jalachhatra': 0, 'jalachatra': 0, 'jala jogana kendra': 0, 'jal jogana kendra': 0, 'jal seva shibira': 0, 'water tanker': 0, 'water sprinkling': 0, 'cool roof': 0, 'white roof': 0, 'white topping': 0, 'roof insulation': 0, 'thermal insulation': 0, 'heat reflective': 0, 'reflective coating': 0, 'shade net': 0, 'shade structure': 0, 'canopy': 0, 'awning': 0, 'albedo paint': 0, 'albedo painting': 0, 'white painting': 0, 'reflective paint': 0, 'green roof': 0, 'green roofing': 0, 'k glass': 0, 'doubly glazed glass': 0, 'passive cooling': 0, 'air cooler': 0, 'white china mosaic': 0, 'lime based whitewash': 0, 'white tarp': 0, 'acrylic resin coating': 0, 'tree plantation': 0, 'avenue plantation': 0, 'plantation': 0, 'green belt': 0, 'urban forestry': 0, 'urban forest': 0, 'park development': 0, 'shelter belt': 0, 'shade tree': 0, 'vertical garden': 0, 'green space': 0, 'afforestation': 0, 'green campus': 0, 'night shelter': 0, 'transit shelter': 0, 'rest shed': 0, 'waiting shed': 0, 'community hall': 0, 'relief centre': 0, 'relief center': 0, 'bus stand shelter': 0, 'passenger shelter': 0, 'cool shelter': 0, 'rest shade': 0, 'cool resting space': 0, 'cool resting shed': 0, 'passenger shed': 0, 'outreach clinic': 0, 'awareness campaign': 0, 'iec activity': 0, 'iec material': 0, 'capacity building': 0, 'training programme': 0, 'training program': 0, 'mock drill': 0, 'sensitization': 0, 'swasthya kantha': 0, 'do and dont': 0, 'dos and donts': 0, 'display board': 0, 'hoarding': 0, 'pamphlet': 0, 'leaflet': 0, 'banner': 0}","{'stadium': 0, 'football': 0, 'cremation ground': 0, 'crematorium': 0, 'boundary wall': 0, 'compound wall': 0, 'godown': 0}",weak,Monsoon (Jul-Sep),,Drinking Water & Hydration,Drinking Water & Hydration,{'Drinking Water & Hydration': {'tube well': 2}}
2025_CERWI_116566_1,EERWNGP Online 04 2025 26,SR to Rest shed in the RW Division office Building premises in Nandahandi Block for the year 2025 26,SR to Rest shed in the RW Division office Building premises in Nandahandi Block for the year 2025 26,Works,Open Tender,Percentage,Civil Works - Buildings,No,No,NA ,07-Aug-2025 10:00 AM,NA ,90.0,No ,No,Online,18-Aug-2025 11:00 AM,CE RW I||RWCIRCLE-SUNABEDA||RWDIVISION-NAWARANGAPUR,Nabarangapur,764059.0,1.0,"2,54,217",AKASH BISSOI,"216,110",Rejected-AOC,30-Oct-2025,CE RW I||RWCIRCLE-SUNABEDA||RWDIVISION-NAWARANGAPUR,True,False,"{'heatwave': 0, 'heat wave': 0, 'heat-wave': 0, 'heat stress': 0, 'heat stroke': 0, 'heat action plan': 0, 'heat resilience': 0, 'heat resilient': 0, 'extreme heat': 0, 'high temperature': 0, 'rising temperature': 0, 'heat resistant': 0, 'climate resilient': 0, 'cooling centre': 0, 'cooling center': 0, 'emergency response': 0, 'first aid': 0, 'ambulance': 0, 'ors': 0, 'oral rehydration solution': 0, 'heat stroke treatment': 0, 'sunstroke': 0, 'sun stroke': 0, 'heat related illness': 0, 'heat illness': 0, 'heat exhaustion': 0, 'heat cramp': 0, 'heat rash': 0, 'heat alert': 0, 'heat warning': 0, 'heat advisory': 0, 'heat hotline': 0, 'satark': 0, 'early warning system': 0, 'saline': 0, 'iv fluid': 0, 'rapid response team': 0, 'mobile health unit': 0, 'relief chamber': 0, 'heat stroke ward': 0, 'heat stroke bed': 0, 'drinking water': 0, 'water kiosk': 0, 'water atm': 0, 'hydration point': 0, 'hydration centre': 0, 'hydration center': 0, 'cold water': 0, 'tube well': 0, 'tubewell': 0, 'borewell': 0, 'bore well': 0, 'hand pump': 0, 'handpump': 0, 'overhead tank': 0, 'oh tank': 0, 'stand post': 0, 'piped water supply': 0, 'water supply scheme': 0, 'jalachhatra': 0, 'jalachatra': 0, 'jala jogana kendra': 0, 'jal jogana kendra': 0, 'jal seva shibira': 0, 'water tanker': 0, 'water sprinkling': 0, 'cool roof': 0, 'white roof': 0, 'white topping': 0, 'roof insulation': 0, 'thermal insulation': 0, 'heat reflective': 0, 'reflective coating': 0, 'shade net': 0, 'shade structure': 0, 'canopy': 0, 'awning': 0, 'albedo paint': 0, 'albedo painting': 0, 'white painting': 0, 'reflective paint': 0, 'green roof': 0, 'green roofing': 0, 'k glass': 0, 'doubly glazed glass': 0, 'passive cooling': 0, 'air cooler': 0, 'white china mosaic': 0, 'lime based whitewash': 0, 'white tarp': 0, 'acrylic resin coating': 0, 'tree plantation': 0, 'avenue plantation': 0, 'plantation': 0, 'green belt': 0, 'urban forestry': 0, 'urban forest': 0, 'park development': 0, 'shelter belt': 0, 'shade tree': 0, 'vertical garden': 0, 'green space': 0, 'afforestation': 0, 'green campus': 0, 'night shelter': 0, 'transit shelter': 0, 'rest shed': 2, 'waiting shed': 0, 'community hall': 0, 'relief centre': 0, 'relief center': 0, 'bus stand shelter': 0, 'passenger shelter': 0, 'cool shelter': 0, 'rest shade': 0, 'cool resting space': 0, 'cool resting shed': 0, 'passenger shed': 0, 'outreach clinic': 0, 'awareness campaign': 0, 'iec activity': 0, 'iec material': 0, 'capacity building': 0, 'training programme': 0, 'training program': 0, 'mock drill': 0, 'sensitization': 0, 'swasthya kantha': 0, 'do and dont': 0, 'dos and donts': 0, 'display board': 0, 'hoarding': 0, 'pamphlet': 0, 'leaflet': 0, 'banner': 0}","{'stadium': 0, 'football': 0, 'cremation ground': 0, 'crematorium': 0, 'boundary wall': 0, 'compound wall': 0, 'godown': 0}",weak,Monsoon (Jul-Sep),,Shelter & Rest Infrastructure,Shelter & Rest Infrastructure,{'Shelter & Rest Infrastructure': {'rest shed': 2}}
