Tender ID,tender_externalreference,tender_title,Work Description,Tender Category,Tender Type,Form of contract,Product Category,Is Multi Currency Allowed For BOQ,Allow Two Stage Bidding,Independent External Monitor/Remarks,Published Date,Pre Bid Meeting Date,Bid Validity(Days),Should Allow NDA Tender,Allow Preferential Bidder,Payment Mode,Bid Opening Date,Organisation Chain,location,Pincode,No of Bids Received,Tender Value in ₹,Bidder Name,Awarded Value,Status,Contract Date :,Department,is_heat_tender,is_strong_heat_tender,positive_keywords_dict,negative_keywords_dict,heat_signal,Season,Scheme,Response Type,Heat Response - Themes,Heat Response - Subhead
2025_CERWI_109541_6,EERWNGP-Online-11/2024-25,SR to Rest Shed Building in R.W. Division premises in Nandahandi Block for the year 2024-25.,SR to Rest Shed Building in R.W. Division premises in Nandahandi Block for the year 2024-25.,Works,Open Tender,Percentage,Civil Works - Buildings,No,No,NA ,18-Jan-2025 12:00 PM,NA ,90.0,No ,No,Online,24-Jan-2025 05:00 PM,CE RW I||RWCIRCLE-SUNABEDA||RWDIVISION-NAWARANGAPUR,Nandahandi,764078.0,1.0,"4,77,956",RAJKUMAR SATNAMI,"406,310",Rejected-AOC,03-Mar-2025,CE RW I||RWCIRCLE-SUNABEDA||RWDIVISION-NAWARANGAPUR,True,False,"{'heatwave': 0, 'heat wave': 0, 'heat-wave': 0, 'heat stress': 0, 'heat stroke': 0, 'heat action plan': 0, 'heat resilience': 0, 'heat resilient': 0, 'extreme heat': 0, 'high temperature': 0, 'rising temperature': 0, 'heat resistant': 0, 'climate resilient': 0, 'cooling centre': 0, 'cooling center': 0, 'emergency response': 0, 'first aid': 0, 'ambulance': 0, 'ors': 0, 'oral rehydration solution': 0, 'heat stroke treatment': 0, 'sunstroke': 0, 'sun stroke': 0, 'heat related illness': 0, 'heat illness': 0, 'heat exhaustion': 0, 'heat cramp': 0, 'heat rash': 0, 'heat alert': 0, 'heat warning': 0, 'heat advisory': 0, 'heat hotline': 0, 'satark': 0, 'early warning system': 0, 'saline': 0, 'iv fluid': 0, 'rapid response team': 0, 'mobile health unit': 0, 'relief chamber': 0, 'heat stroke ward': 0, 'heat stroke bed': 0, 'drinking water': 0, 'water kiosk': 0, 'water atm': 0, 'hydration point': 0, 'hydration centre': 0, 'hydration center': 0, 'cold water': 0, 'tube well': 0, 'tubewell': 0, 'borewell': 0, 'bore well': 0, 'hand pump': 0, 'handpump': 0, 'overhead tank': 0, 'oh tank': 0, 'stand post': 0, 'piped water supply': 0, 'water supply scheme': 0, 'jalachhatra': 0, 'jalachatra': 0, 'jala jogana kendra': 0, 'jal jogana kendra': 0, 'jal seva shibira': 0, 'water tanker': 0, 'water sprinkling': 0, 'cool roof': 0, 'white roof': 0, 'white topping': 0, 'roof insulation': 0, 'thermal insulation': 0, 'heat reflective': 0, 'reflective coating': 0, 'shade net': 0, 'shade structure': 0, 'canopy': 0, 'awning': 0, 'albedo paint': 0, 'albedo painting': 0, 'white painting': 0, 'reflective paint': 0, 'green roof': 0, 'green roofing': 0, 'k glass': 0, 'doubly glazed glass': 0, 'passive cooling': 0, 'air cooler': 0, 'white china mosaic': 0, 'lime based whitewash': 0, 'white tarp': 0, 'acrylic resin coating': 0, 'tree plantation': 0, 'avenue plantation': 0, 'plantation': 0, 'green belt': 0, 'urban forestry': 0, 'urban forest': 0, 'park development': 0, 'shelter belt': 0, 'shade tree': 0, 'vertical garden': 0, 'green space': 0, 'afforestation': 0, 'green campus': 0, 'night shelter': 0, 'transit shelter': 0, 'rest shed': 2, 'waiting shed': 0, 'community hall': 0, 'relief centre': 0, 'relief center': 0, 'bus stand shelter': 0, 'passenger shelter': 0, 'cool shelter': 0, 'rest shade': 0, 'cool resting space': 0, 'cool resting shed': 0, 'passenger shed': 0, 'outreach clinic': 0, 'awareness campaign': 0, 'iec activity': 0, 'iec material': 0, 'capacity building': 0, 'training programme': 0, 'training program': 0, 'mock drill': 0, 'sensitization': 0, 'swasthya kantha': 0, 'do and dont': 0, 'dos and donts': 0, 'display board': 0, 'hoarding': 0, 'pamphlet': 0, 'leaflet': 0, 'banner': 0}","{'floodlight': 0, 'flood light': 0, 'street light': 0, 'solar street light': 0, 'high mast light': 0, 'gas pipeline': 0, 'sports complex': 0, 'stadium': 0, 'cricket': 0, 'football': 0, 'volleyball': 0, 'examination hall': 0, 'cremation ground': 0, 'crematorium': 0, 'burial ground': 0, 'election': 0, 'covid': 0, 'vaccination': 0, 'wedding hall': 0, 'marriage hall': 0, 'kalyan mandap': 0, 'boundary wall': 0, 'compound wall': 0, 'staff quarter': 0, 'quarter building': 0, 'drug warehouse': 0, 'drug ware house': 0, 'godown': 0, 'bio medical waste': 0, 'biomedical waste': 0, 'bmw management': 0, 'waste management': 0}",weak,Pre-Summer (Jan-Feb),,Shelter & Rest Infrastructure,Shelter & Rest Infrastructure,{'Shelter & Rest Infrastructure': {'rest shed': 2}}
2025_CERWI_109054_2,SETIG-ONLINE-06-2024-25,SR to Revenue Rest Shed at Kursud under Titilagarh Block for the year 2024-25,SR to Revenue Rest Shed at Kursud under Titilagarh Block for the year 2024-25,Works,Open Tender,Percentage,Civil Works - Buildings,No,No,NA ,06-Jan-2025 11:00 AM,NA ,30.0,No ,No,Online,16-Jan-2025 11:00 AM,CE RW I||RWCIRCLE-BALANGIR||RWDIVISION-TITLAGARH,TITILAGARH,767042.0,1.0,"2,94,471",RAJESH KUMAR JAIN,"250,330",Rejected-Finance,20-Mar-2025,CE RW I||RWCIRCLE-BALANGIR||RWDIVISION-TITLAGARH,True,False,"{'heatwave': 0, 'heat wave': 0, 'heat-wave': 0, 'heat stress': 0, 'heat stroke': 0, 'heat action plan': 0, 'heat resilience': 0, 'heat resilient': 0, 'extreme heat': 0, 'high temperature': 0, 'rising temperature': 0, 'heat resistant': 0, 'climate resilient': 0, 'cooling centre': 0, 'cooling center': 0, 'emergency response': 0, 'first aid': 0, 'ambulance': 0, 'ors': 0, 'oral rehydration solution': 0, 'heat stroke treatment': 0, 'sunstroke': 0, 'sun stroke': 0, 'heat related illness': 0, 'heat illness': 0, 'heat exhaustion': 0, 'heat cramp': 0, 'heat rash': 0, 'heat alert': 0, 'heat warning': 0, 'heat advisory': 0, 'heat hotline': 0, 'satark': 0, 'early warning system': 0, 'saline': 0, 'iv fluid': 0, 'rapid response team': 0, 'mobile health unit': 0, 'relief chamber': 0, 'heat stroke ward': 0, 'heat stroke bed': 0, 'drinking water': 0, 'water kiosk': 0, 'water atm': 0, 'hydration point': 0, 'hydration centre': 0, 'hydration center': 0, 'cold water': 0, 'tube well': 0, 'tubewell': 0, 'borewell': 0, 'bore well': 0, 'hand pump': 0, 'handpump': 0, 'overhead tank': 0, 'oh tank': 0, 'stand post': 0, 'piped water supply': 0, 'water supply scheme': 0, 'jalachhatra': 0, 'jalachatra': 0, 'jala jogana kendra': 0, 'jal jogana kendra': 0, 'jal seva shibira': 0, 'water tanker': 0, 'water sprinkling': 0, 'cool roof': 0, 'white roof': 0, 'white topping': 0, 'roof insulation': 0, 'thermal insulation': 0, 'heat reflective': 0, 'reflective coating': 0, 'shade net': 0, 'shade structure': 0, 'canopy': 0, 'awning': 0, 'albedo paint': 0, 'albedo painting': 0, 'white painting': 0, 'reflective paint': 0, 'green roof': 0, 'green roofing': 0, 'k glass': 0, 'doubly glazed glass': 0, 'passive cooling': 0, 'air cooler': 0, 'white china mosaic': 0, 'lime based whitewash': 0, 'white tarp': 0, 'acrylic resin coating': 0, 'tree plantation': 0, 'avenue plantation': 0, 'plantation': 0, 'green belt': 0, 'urban forestry': 0, 'urban forest': 0, 'park development': 0, 'shelter belt': 0, 'shade tree': 0, 'vertical garden': 0, 'green space': 0, 'afforestation': 0, 'green campus': 0, 'night shelter': 0, 'transit shelter': 0, 'rest shed': 2, 'waiting shed': 0, 'community hall': 0, 'relief centre': 0, 'relief center': 0, 'bus stand shelter': 0, 'passenger shelter': 0, 'cool shelter': 0, 'rest shade': 0, 'cool resting space': 0, 'cool resting shed': 0, 'passenger shed': 0, 'outreach clinic': 0, 'awareness campaign': 0, 'iec activity': 0, 'iec material': 0, 'capacity building': 0, 'training programme': 0, 'training program': 0, 'mock drill': 0, 'sensitization': 0, 'swasthya kantha': 0, 'do and dont': 0, 'dos and donts': 0, 'display board': 0, 'hoarding': 0, 'pamphlet': 0, 'leaflet': 0, 'banner': 0}","{'floodlight': 0, 'flood light': 0, 'street light': 0, 'solar street light': 0, 'high mast light': 0, 'gas pipeline': 0, 'sports complex': 0, 'stadium': 0, 'cricket': 0, 'football': 0, 'volleyball': 0, 'examination hall': 0, 'cremation ground': 0, 'crematorium': 0, 'burial ground': 0, 'election': 0, 'covid': 0, 'vaccination': 0, 'wedding hall': 0, 'marriage hall': 0, 'kalyan mandap': 0, 'boundary wall': 0, 'compound wall': 0, 'staff quarter': 0, 'quarter building': 0, 'drug warehouse': 0, 'drug ware house': 0, 'godown': 0, 'bio medical waste': 0, 'biomedical waste': 0, 'bmw management': 0, 'waste management': 0}",weak,Pre-Summer (Jan-Feb),,Shelter & Rest Infrastructure,Shelter & Rest Infrastructure,{'Shelter & Rest Infrastructure': {'rest shed': 2}}
2024_RWSS_103895_10,Identification No.05 of 2024-25,Power Supply of 5 KW load to Rural Piped Water Supply Project to village Kerkera ( Jhatiali) under Karanjia Block (JJM-Retro),Power Supply of 5 KW load to Rural Piped Water Supply Project to village Kerkera ( Jhatiali) under Karanjia Block (JJM-Retro),Works,National Competitive Bid,Percentage,Electrical Works,No,No,NA ,26-Jul-2024 09:00 AM,NA ,90.0,No ,No,Online,07-Aug-2024 11:00 AM,Rural Water Supply and Sanitation||RWSS Circle Cuttack||RWSS Division Rairangpur,Rairangpur,757043.0,1.0,"14,28,828",TECHNO TRADING CORPORATION,"1,214,647",Rejected-AOC,05-Mar-2025,Rural Water Supply and Sanitation||RWSS Circle Cuttack||RWSS Division Rairangpur,True,False,"{'heatwave': 0, 'heat wave': 0, 'heat-wave': 0, 'heat stress': 0, 'heat stroke': 0, 'heat action plan': 0, 'heat resilience': 0, 'heat resilient': 0, 'extreme heat': 0, 'high temperature': 0, 'rising temperature': 0, 'heat resistant': 0, 'climate resilient': 0, 'cooling centre': 0, 'cooling center': 0, 'emergency response': 0, 'first aid': 0, 'ambulance': 0, 'ors': 0, 'oral rehydration solution': 0, 'heat stroke treatment': 0, 'sunstroke': 0, 'sun stroke': 0, 'heat related illness': 0, 'heat illness': 0, 'heat exhaustion': 0, 'heat cramp': 0, 'heat rash': 0, 'heat alert': 0, 'heat warning': 0, 'heat advisory': 0, 'heat hotline': 0, 'satark': 0, 'early warning system': 0, 'saline': 0, 'iv fluid': 0, 'rapid response team': 0, 'mobile health unit': 0, 'relief chamber': 0, 'heat stroke ward': 0, 'heat stroke bed': 0, 'drinking water': 0, 'water kiosk': 0, 'water atm': 0, 'hydration point': 0, 'hydration centre': 0, 'hydration center': 0, 'cold water': 0, 'tube well': 0, 'tubewell': 0, 'borewell': 0, 'bore well': 0, 'hand pump': 0, 'handpump': 0, 'overhead tank': 0, 'oh tank': 0, 'stand post': 0, 'piped water supply': 2, 'water supply scheme': 0, 'jalachhatra': 0, 'jalachatra': 0, 'jala jogana kendra': 0, 'jal jogana kendra': 0, 'jal seva shibira': 0, 'water tanker': 0, 'water sprinkling': 0, 'cool roof': 0, 'white roof': 0, 'white topping': 0, 'roof insulation': 0, 'thermal insulation': 0, 'heat reflective': 0, 'reflective coating': 0, 'shade net': 0, 'shade structure': 0, 'canopy': 0, 'awning': 0, 'albedo paint': 0, 'albedo painting': 0, 'white painting': 0, 'reflective paint': 0, 'green roof': 0, 'green roofing': 0, 'k glass': 0, 'doubly glazed glass': 0, 'passive cooling': 0, 'air cooler': 0, 'white china mosaic': 0, 'lime based whitewash': 0, 'white tarp': 0, 'acrylic resin coating': 0, 'tree plantation': 0, 'avenue plantation': 0, 'plantation': 0, 'green belt': 0, 'urban forestry': 0, 'urban forest': 0, 'park development': 0, 'shelter belt': 0, 'shade tree': 0, 'vertical garden': 0, 'green space': 0, 'afforestation': 0, 'green campus': 0, 'night shelter': 0, 'transit shelter': 0, 'rest shed': 0, 'waiting shed': 0, 'community hall': 0, 'relief centre': 0, 'relief center': 0, 'bus stand shelter': 0, 'passenger shelter': 0, 'cool shelter': 0, 'rest shade': 0, 'cool resting space': 0, 'cool resting shed': 0, 'passenger shed': 0, 'outreach clinic': 0, 'awareness campaign': 0, 'iec activity': 0, 'iec material': 0, 'capacity building': 0, 'training programme': 0, 'training program': 0, 'mock drill': 0, 'sensitization': 0, 'swasthya kantha': 0, 'do and dont': 0, 'dos and donts': 0, 'display board': 0, 'hoarding': 0, 'pamphlet': 0, 'leaflet': 0, 'banner': 0}","{'floodlight': 0, 'flood light': 0, 'street light': 0, 'solar street light': 0, 'high mast light': 0, 'gas pipeline': 0, 'sports complex': 0, 'stadium': 0, 'cricket': 0, 'football': 0, 'volleyball': 0, 'examination hall': 0, 'cremation ground': 0, 'crematorium': 0, 'burial ground': 0, 'election': 0, 'covid': 0, 'vaccination': 0, 'wedding hall': 0, 'marriage hall': 0, 'kalyan mandap': 0, 'boundary wall': 0, 'compound wall': 0, 'staff quarter': 0, 'quarter building': 0, 'drug warehouse': 0, 'drug ware house': 0, 'godown': 0, 'bio medical waste': 0, 'biomedical waste': 0, 'bmw management': 0, 'waste management': 0}",weak,Monsoon (Jul-Sep),JJM,Drinking Water & Hydration,Drinking Water & Hydration,{'Drinking Water & Hydration': {'piped water supply': 2}}
2025_CEBMB_109125_8,e-BEID-02/2024-25,Improvement to the Saline embankment near Abhiram temple to Sunapur village in between RD 00m to 3.00 Km.,Improvement to Saline embankment,Works,Open Tender,Percentage,Civil Works - Canal,No,No,NA ,07-Jan-2025 10:00 AM,NA ,90.0,No ,No,Online,17-Jan-2025 11:00 AM,"CE-BM,RVN Basin,Berhampur||S.E. Southern Irr. Circle I Berhampur||EE Berhampur Irrigation Divn Berhampur",Berhampur,760004.0,1.0,"21,09,000",SAGARIKA SAHU,"1,792,640",Rejected-AOC,20-Mar-2025,"CE-BM,RVN Basin,Berhampur||S.E. Southern Irr. Circle I Berhampur||EE Berhampur Irrigation Divn Berhampur",True,False,"{'heatwave': 0, 'heat wave': 0, 'heat-wave': 0, 'heat stress': 0, 'heat stroke': 0, 'heat action plan': 0, 'heat resilience': 0, 'heat resilient': 0, 'extreme heat': 0, 'high temperature': 0, 'rising temperature': 0, 'heat resistant': 0, 'climate resilient': 0, 'cooling centre': 0, 'cooling center': 0, 'emergency response': 0, 'first aid': 0, 'ambulance': 0, 'ors': 0, 'oral rehydration solution': 0, 'heat stroke treatment': 0, 'sunstroke': 0, 'sun stroke': 0, 'heat related illness': 0, 'heat illness': 0, 'heat exhaustion': 0, 'heat cramp': 0, 'heat rash': 0, 'heat alert': 0, 'heat warning': 0, 'heat advisory': 0, 'heat hotline': 0, 'satark': 0, 'early warning system': 0, 'saline': 2, 'iv fluid': 0, 'rapid response team': 0, 'mobile health unit': 0, 'relief chamber': 0, 'heat stroke ward': 0, 'heat stroke bed': 0, 'drinking water': 0, 'water kiosk': 0, 'water atm': 0, 'hydration point': 0, 'hydration centre': 0, 'hydration center': 0, 'cold water': 0, 'tube well': 0, 'tubewell': 0, 'borewell': 0, 'bore well': 0, 'hand pump': 0, 'handpump': 0, 'overhead tank': 0, 'oh tank': 0, 'stand post': 0, 'piped water supply': 0, 'water supply scheme': 0, 'jalachhatra': 0, 'jalachatra': 0, 'jala jogana kendra': 0, 'jal jogana kendra': 0, 'jal seva shibira': 0, 'water tanker': 0, 'water sprinkling': 0, 'cool roof': 0, 'white roof': 0, 'white topping': 0, 'roof insulation': 0, 'thermal insulation': 0, 'heat reflective': 0, 'reflective coating': 0, 'shade net': 0, 'shade structure': 0, 'canopy': 0, 'awning': 0, 'albedo paint': 0, 'albedo painting': 0, 'white painting': 0, 'reflective paint': 0, 'green roof': 0, 'green roofing': 0, 'k glass': 0, 'doubly glazed glass': 0, 'passive cooling': 0, 'air cooler': 0, 'white china mosaic': 0, 'lime based whitewash': 0, 'white tarp': 0, 'acrylic resin coating': 0, 'tree plantation': 0, 'avenue plantation': 0, 'plantation': 0, 'green belt': 0, 'urban forestry': 0, 'urban forest': 0, 'park development': 0, 'shelter belt': 0, 'shade tree': 0, 'vertical garden': 0, 'green space': 0, 'afforestation': 0, 'green campus': 0, 'night shelter': 0, 'transit shelter': 0, 'rest shed': 0, 'waiting shed': 0, 'community hall': 0, 'relief centre': 0, 'relief center': 0, 'bus stand shelter': 0, 'passenger shelter': 0, 'cool shelter': 0, 'rest shade': 0, 'cool resting space': 0, 'cool resting shed': 0, 'passenger shed': 0, 'outreach clinic': 0, 'awareness campaign': 0, 'iec activity': 0, 'iec material': 0, 'capacity building': 0, 'training programme': 0, 'training program': 0, 'mock drill': 0, 'sensitization': 0, 'swasthya kantha': 0, 'do and dont': 0, 'dos and donts': 0, 'display board': 0, 'hoarding': 0, 'pamphlet': 0, 'leaflet': 0, 'banner': 0}","{'floodlight': 0, 'flood light': 0, 'street light': 0, 'solar street light': 0, 'high mast light': 0, 'gas pipeline': 0, 'sports complex': 0, 'stadium': 0, 'cricket': 0, 'football': 0, 'volleyball': 0, 'examination hall': 0, 'cremation ground': 0, 'crematorium': 0, 'burial ground': 0, 'election': 0, 'covid': 0, 'vaccination': 0, 'wedding hall': 0, 'marriage hall': 0, 'kalyan mandap': 0, 'boundary wall': 0, 'compound wall': 0, 'staff quarter': 0, 'quarter building': 0, 'drug warehouse': 0, 'drug ware house': 0, 'godown': 0, 'bio medical waste': 0, 'biomedical waste': 0, 'bmw management': 0, 'waste management': 0}",weak,Pre-Summer (Jan-Feb),,Heatwave & Emergency Response,Heatwave & Emergency Response,{'Heatwave & Emergency Response': {'saline': 2}}
2024_RWSS_103895_11,Identification No.05 of 2024-25,Power Supply of 5 KW load to Rural Piped Water Supply Project to village Kadadiha under Karanjia Block (JJM-Retro),Power Supply of 5 KW load to Rural Piped Water Supply Project to village Kadadiha under Karanjia Block (JJM-Retro),Works,National Competitive Bid,Percentage,Electrical Works,No,No,NA ,26-Jul-2024 09:00 AM,NA ,90.0,No ,No,Online,07-Aug-2024 11:00 AM,Rural Water Supply and Sanitation||RWSS Circle Cuttack||RWSS Division Rairangpur,Rairangpur,757043.0,1.0,"7,88,523",Manoj Kumar Ram,"670,323",Rejected-AOC,05-Mar-2025,Rural Water Supply and Sanitation||RWSS Circle Cuttack||RWSS Division Rairangpur,True,False,"{'heatwave': 0, 'heat wave': 0, 'heat-wave': 0, 'heat stress': 0, 'heat stroke': 0, 'heat action plan': 0, 'heat resilience': 0, 'heat resilient': 0, 'extreme heat': 0, 'high temperature': 0, 'rising temperature': 0, 'heat resistant': 0, 'climate resilient': 0, 'cooling centre': 0, 'cooling center': 0, 'emergency response': 0, 'first aid': 0, 'ambulance': 0, 'ors': 0, 'oral rehydration solution': 0, 'heat stroke treatment': 0, 'sunstroke': 0, 'sun stroke': 0, 'heat related illness': 0, 'heat illness': 0, 'heat exhaustion': 0, 'heat cramp': 0, 'heat rash': 0, 'heat alert': 0, 'heat warning': 0, 'heat advisory': 0, 'heat hotline': 0, 'satark': 0, 'early warning system': 0, 'saline': 0, 'iv fluid': 0, 'rapid response team': 0, 'mobile health unit': 0, 'relief chamber': 0, 'heat stroke ward': 0, 'heat stroke bed': 0, 'drinking water': 0, 'water kiosk': 0, 'water atm': 0, 'hydration point': 0, 'hydration centre': 0, 'hydration center': 0, 'cold water': 0, 'tube well': 0, 'tubewell': 0, 'borewell': 0, 'bore well': 0, 'hand pump': 0, 'handpump': 0, 'overhead tank': 0, 'oh tank': 0, 'stand post': 0, 'piped water supply': 2, 'water supply scheme': 0, 'jalachhatra': 0, 'jalachatra': 0, 'jala jogana kendra': 0, 'jal jogana kendra': 0, 'jal seva shibira': 0, 'water tanker': 0, 'water sprinkling': 0, 'cool roof': 0, 'white roof': 0, 'white topping': 0, 'roof insulation': 0, 'thermal insulation': 0, 'heat reflective': 0, 'reflective coating': 0, 'shade net': 0, 'shade structure': 0, 'canopy': 0, 'awning': 0, 'albedo paint': 0, 'albedo painting': 0, 'white painting': 0, 'reflective paint': 0, 'green roof': 0, 'green roofing': 0, 'k glass': 0, 'doubly glazed glass': 0, 'passive cooling': 0, 'air cooler': 0, 'white china mosaic': 0, 'lime based whitewash': 0, 'white tarp': 0, 'acrylic resin coating': 0, 'tree plantation': 0, 'avenue plantation': 0, 'plantation': 0, 'green belt': 0, 'urban forestry': 0, 'urban forest': 0, 'park development': 0, 'shelter belt': 0, 'shade tree': 0, 'vertical garden': 0, 'green space': 0, 'afforestation': 0, 'green campus': 0, 'night shelter': 0, 'transit shelter': 0, 'rest shed': 0, 'waiting shed': 0, 'community hall': 0, 'relief centre': 0, 'relief center': 0, 'bus stand shelter': 0, 'passenger shelter': 0, 'cool shelter': 0, 'rest shade': 0, 'cool resting space': 0, 'cool resting shed': 0, 'passenger shed': 0, 'outreach clinic': 0, 'awareness campaign': 0, 'iec activity': 0, 'iec material': 0, 'capacity building': 0, 'training programme': 0, 'training program': 0, 'mock drill': 0, 'sensitization': 0, 'swasthya kantha': 0, 'do and dont': 0, 'dos and donts': 0, 'display board': 0, 'hoarding': 0, 'pamphlet': 0, 'leaflet': 0, 'banner': 0}","{'floodlight': 0, 'flood light': 0, 'street light': 0, 'solar street light': 0, 'high mast light': 0, 'gas pipeline': 0, 'sports complex': 0, 'stadium': 0, 'cricket': 0, 'football': 0, 'volleyball': 0, 'examination hall': 0, 'cremation ground': 0, 'crematorium': 0, 'burial ground': 0, 'election': 0, 'covid': 0, 'vaccination': 0, 'wedding hall': 0, 'marriage hall': 0, 'kalyan mandap': 0, 'boundary wall': 0, 'compound wall': 0, 'staff quarter': 0, 'quarter building': 0, 'drug warehouse': 0, 'drug ware house': 0, 'godown': 0, 'bio medical waste': 0, 'biomedical waste': 0, 'bmw management': 0, 'waste management': 0}",weak,Monsoon (Jul-Sep),JJM,Drinking Water & Hydration,Drinking Water & Hydration,{'Drinking Water & Hydration': {'piped water supply': 2}}
2024_ORULB_105909_9,CHM-16-2024/25,Repair of drain and covering of slab From Basanta Das house to Gundicha Mandir Community Hall in Ward no 10 of choudwar municipality,Repair of drain and covering of slab From Basanta Das house to Gundicha Mandir Community Hall in Ward no 10 of choudwar municipality,Works,Open Tender,Percentage,Civil Works - Roads,No,No,NA ,28-Oct-2024 11:00 AM,NA ,30.0,No ,No,Online,11-Nov-2024 11:30 AM,Municipal Bodies||Choudwar Municipality,CHOUDWAR,754071.0,1.0,"4,74,885",Ramesh Kumar Mahali,"403,699",Rejected-Finance,20-Mar-2025,Municipal Bodies||Choudwar Municipality,True,False,"{'heatwave': 0, 'heat wave': 0, 'heat-wave': 0, 'heat stress': 0, 'heat stroke': 0, 'heat action plan': 0, 'heat resilience': 0, 'heat resilient': 0, 'extreme heat': 0, 'high temperature': 0, 'rising temperature': 0, 'heat resistant': 0, 'climate resilient': 0, 'cooling centre': 0, 'cooling center': 0, 'emergency response': 0, 'first aid': 0, 'ambulance': 0, 'ors': 0, 'oral rehydration solution': 0, 'heat stroke treatment': 0, 'sunstroke': 0, 'sun stroke': 0, 'heat related illness': 0, 'heat illness': 0, 'heat exhaustion': 0, 'heat cramp': 0, 'heat rash': 0, 'heat alert': 0, 'heat warning': 0, 'heat advisory': 0, 'heat hotline': 0, 'satark': 0, 'early warning system': 0, 'saline': 0, 'iv fluid': 0, 'rapid response team': 0, 'mobile health unit': 0, 'relief chamber': 0, 'heat stroke ward': 0, 'heat stroke bed': 0, 'drinking water': 0, 'water kiosk': 0, 'water atm': 0, 'hydration point': 0, 'hydration centre': 0, 'hydration center': 0, 'cold water': 0, 'tube well': 0, 'tubewell': 0, 'borewell': 0, 'bore well': 0, 'hand pump': 0, 'handpump': 0, 'overhead tank': 0, 'oh tank': 0, 'stand post': 0, 'piped water supply': 0, 'water supply scheme': 0, 'jalachhatra': 0, 'jalachatra': 0, 'jala jogana kendra': 0, 'jal jogana kendra': 0, 'jal seva shibira': 0, 'water tanker': 0, 'water sprinkling': 0, 'cool roof': 0, 'white roof': 0, 'white topping': 0, 'roof insulation': 0, 'thermal insulation': 0, 'heat reflective': 0, 'reflective coating': 0, 'shade net': 0, 'shade structure': 0, 'canopy': 0, 'awning': 0, 'albedo paint': 0, 'albedo painting': 0, 'white painting': 0, 'reflective paint': 0, 'green roof': 0, 'green roofing': 0, 'k glass': 0, 'doubly glazed glass': 0, 'passive cooling': 0, 'air cooler': 0, 'white china mosaic': 0, 'lime based whitewash': 0, 'white tarp': 0, 'acrylic resin coating': 0, 'tree plantation': 0, 'avenue plantation': 0, 'plantation': 0, 'green belt': 0, 'urban forestry': 0, 'urban forest': 0, 'park development': 0, 'shelter belt': 0, 'shade tree': 0, 'vertical garden': 0, 'green space': 0, 'afforestation': 0, 'green campus': 0, 'night shelter': 0, 'transit shelter': 0, 'rest shed': 0, 'waiting shed': 0, 'community hall': 2, 'relief centre': 0, 'relief center': 0, 'bus stand shelter': 0, 'passenger shelter': 0, 'cool shelter': 0, 'rest shade': 0, 'cool resting space': 0, 'cool resting shed': 0, 'passenger shed': 0, 'outreach clinic': 0, 'awareness campaign': 0, 'iec activity': 0, 'iec material': 0, 'capacity building': 0, 'training programme': 0, 'training program': 0, 'mock drill': 0, 'sensitization': 0, 'swasthya kantha': 0, 'do and dont': 0, 'dos and donts': 0, 'display board': 0, 'hoarding': 0, 'pamphlet': 0, 'leaflet': 0, 'banner': 0}","{'floodlight': 0, 'flood light': 0, 'street light': 0, 'solar street light': 0, 'high mast light': 0, 'gas pipeline': 0, 'sports complex': 0, 'stadium': 0, 'cricket': 0, 'football': 0, 'volleyball': 0, 'examination hall': 0, 'cremation ground': 0, 'crematorium': 0, 'burial ground': 0, 'election': 0, 'covid': 0, 'vaccination': 0, 'wedding hall': 0, 'marriage hall': 0, 'kalyan mandap': 0, 'boundary wall': 0, 'compound wall': 0, 'staff quarter': 0, 'quarter building': 0, 'drug warehouse': 0, 'drug ware house': 0, 'godown': 0, 'bio medical waste': 0, 'biomedical waste': 0, 'bmw management': 0, 'waste management': 0}",weak,Post-Monsoon / Winter (Oct-Dec),,Shelter & Rest Infrastructure,Shelter & Rest Infrastructure,{'Shelter & Rest Infrastructure': {'community hall': 2}}
2024_OMC_105055_1,NIT No. 34/OMC/CIVIL/2024,Installation of automated water sprinkling system at both side of Railway Siding of Jhilling Mines in the district of Keonjhar along with 05 years operation and maintenance contract.,Installation of automated water sprinkling system at both side of Railway Siding of Jhilling Mines in the district of Keonjhar along with 05 years operation and maintenance contract.,Works,Open Tender,Item Rate,Civil Works - Others,No,No,NA ,20-Sep-2024 04:00 PM,NA ,180.0,No ,No,Online,05-Oct-2024 11:00 AM,Orissa Mining Corporation,JHILLING,758035.0,2.0,,UN ENTERPRISES,"15,650,000",Rejected-Technical,17-Mar-2025,Orissa Mining Corporation,True,False,"{'heatwave': 0, 'heat wave': 0, 'heat-wave': 0, 'heat stress': 0, 'heat stroke': 0, 'heat action plan': 0, 'heat resilience': 0, 'heat resilient': 0, 'extreme heat': 0, 'high temperature': 0, 'rising temperature': 0, 'heat resistant': 0, 'climate resilient': 0, 'cooling centre': 0, 'cooling center': 0, 'emergency response': 0, 'first aid': 0, 'ambulance': 0, 'ors': 0, 'oral rehydration solution': 0, 'heat stroke treatment': 0, 'sunstroke': 0, 'sun stroke': 0, 'heat related illness': 0, 'heat illness': 0, 'heat exhaustion': 0, 'heat cramp': 0, 'heat rash': 0, 'heat alert': 0, 'heat warning': 0, 'heat advisory': 0, 'heat hotline': 0, 'satark': 0, 'early warning system': 0, 'saline': 0, 'iv fluid': 0, 'rapid response team': 0, 'mobile health unit': 0, 'relief chamber': 0, 'heat stroke ward': 0, 'heat stroke bed': 0, 'drinking water': 0, 'water kiosk': 0, 'water atm': 0, 'hydration point': 0, 'hydration centre': 0, 'hydration center': 0, 'cold water': 0, 'tube well': 0, 'tubewell': 0, 'borewell': 0, 'bore well': 0, 'hand pump': 0, 'handpump': 0, 'overhead tank': 0, 'oh tank': 0, 'stand post': 0, 'piped water supply': 0, 'water supply scheme': 0, 'jalachhatra': 0, 'jalachatra': 0, 'jala jogana kendra': 0, 'jal jogana kendra': 0, 'jal seva shibira': 0, 'water tanker': 0, 'water sprinkling': 2, 'cool roof': 0, 'white roof': 0, 'white topping': 0, 'roof insulation': 0, 'thermal insulation': 0, 'heat reflective': 0, 'reflective coating': 0, 'shade net': 0, 'shade structure': 0, 'canopy': 0, 'awning': 0, 'albedo paint': 0, 'albedo painting': 0, 'white painting': 0, 'reflective paint': 0, 'green roof': 0, 'green roofing': 0, 'k glass': 0, 'doubly glazed glass': 0, 'passive cooling': 0, 'air cooler': 0, 'white china mosaic': 0, 'lime based whitewash': 0, 'white tarp': 0, 'acrylic resin coating': 0, 'tree plantation': 0, 'avenue plantation': 0, 'plantation': 0, 'green belt': 0, 'urban forestry': 0, 'urban forest': 0, 'park development': 0, 'shelter belt': 0, 'shade tree': 0, 'vertical garden': 0, 'green space': 0, 'afforestation': 0, 'green campus': 0, 'night shelter': 0, 'transit shelter': 0, 'rest shed': 0, 'waiting shed': 0, 'community hall': 0, 'relief centre': 0, 'relief center': 0, 'bus stand shelter': 0, 'passenger shelter': 0, 'cool shelter': 0, 'rest shade': 0, 'cool resting space': 0, 'cool resting shed': 0, 'passenger shed': 0, 'outreach clinic': 0, 'awareness campaign': 0, 'iec activity': 0, 'iec material': 0, 'capacity building': 0, 'training programme': 0, 'training program': 0, 'mock drill': 0, 'sensitization': 0, 'swasthya kantha': 0, 'do and dont': 0, 'dos and donts': 0, 'display board': 0, 'hoarding': 0, 'pamphlet': 0, 'leaflet': 0, 'banner': 0}","{'floodlight': 0, 'flood light': 0, 'street light': 0, 'solar street light': 0, 'high mast light': 0, 'gas pipeline': 0, 'sports complex': 0, 'stadium': 0, 'cricket': 0, 'football': 0, 'volleyball': 0, 'examination hall': 0, 'cremation ground': 0, 'crematorium': 0, 'burial ground': 0, 'election': 0, 'covid': 0, 'vaccination': 0, 'wedding hall': 0, 'marriage hall': 0, 'kalyan mandap': 0, 'boundary wall': 0, 'compound wall': 0, 'staff quarter': 0, 'quarter building': 0, 'drug warehouse': 0, 'drug ware house': 0, 'godown': 0, 'bio medical waste': 0, 'biomedical waste': 0, 'bmw management': 0, 'waste management': 0}",weak,Monsoon (Jul-Sep),,Drinking Water & Hydration,Drinking Water & Hydration,{'Drinking Water & Hydration': {'water sprinkling': 2}}
2024_OMC_103194_1,NIT No. 24/OMC/CIVIL/2024,Installation of water sprinkling arrangement with 5 years operation and maintenance from F-Quarry ETP near Lease Boundary of Kaliapani COBP to Koiposi Square via Sukarangi Mines in the district of Jajpur.,Installation of water sprinkling arrangement with 5 years operation and maintenance from F-Quarry ETP near Lease Boundary of Kaliapani COBP to Koiposi Square via Sukarangi Mines in the district of Jajpur.,Works,Open Tender,Item Rate,Civil Works - Others,No,No,NA ,20-Jun-2024 10:00 AM,NA ,180.0,No ,No,Online,05-Jul-2024 11:00 AM,Orissa Mining Corporation,KALIAPANI,755028.0,2.0,,UN ENTERPRISES,"12,450,000",Rejected-Finance,07-Feb-2025,Orissa Mining Corporation,True,False,"{'heatwave': 0, 'heat wave': 0, 'heat-wave': 0, 'heat stress': 0, 'heat stroke': 0, 'heat action plan': 0, 'heat resilience': 0, 'heat resilient': 0, 'extreme heat': 0, 'high temperature': 0, 'rising temperature': 0, 'heat resistant': 0, 'climate resilient': 0, 'cooling centre': 0, 'cooling center': 0, 'emergency response': 0, 'first aid': 0, 'ambulance': 0, 'ors': 0, 'oral rehydration solution': 0, 'heat stroke treatment': 0, 'sunstroke': 0, 'sun stroke': 0, 'heat related illness': 0, 'heat illness': 0, 'heat exhaustion': 0, 'heat cramp': 0, 'heat rash': 0, 'heat alert': 0, 'heat warning': 0, 'heat advisory': 0, 'heat hotline': 0, 'satark': 0, 'early warning system': 0, 'saline': 0, 'iv fluid': 0, 'rapid response team': 0, 'mobile health unit': 0, 'relief chamber': 0, 'heat stroke ward': 0, 'heat stroke bed': 0, 'drinking water': 0, 'water kiosk': 0, 'water atm': 0, 'hydration point': 0, 'hydration centre': 0, 'hydration center': 0, 'cold water': 0, 'tube well': 0, 'tubewell': 0, 'borewell': 0, 'bore well': 0, 'hand pump': 0, 'handpump': 0, 'overhead tank': 0, 'oh tank': 0, 'stand post': 0, 'piped water supply': 0, 'water supply scheme': 0, 'jalachhatra': 0, 'jalachatra': 0, 'jala jogana kendra': 0, 'jal jogana kendra': 0, 'jal seva shibira': 0, 'water tanker': 0, 'water sprinkling': 2, 'cool roof': 0, 'white roof': 0, 'white topping': 0, 'roof insulation': 0, 'thermal insulation': 0, 'heat reflective': 0, 'reflective coating': 0, 'shade net': 0, 'shade structure': 0, 'canopy': 0, 'awning': 0, 'albedo paint': 0, 'albedo painting': 0, 'white painting': 0, 'reflective paint': 0, 'green roof': 0, 'green roofing': 0, 'k glass': 0, 'doubly glazed glass': 0, 'passive cooling': 0, 'air cooler': 0, 'white china mosaic': 0, 'lime based whitewash': 0, 'white tarp': 0, 'acrylic resin coating': 0, 'tree plantation': 0, 'avenue plantation': 0, 'plantation': 0, 'green belt': 0, 'urban forestry': 0, 'urban forest': 0, 'park development': 0, 'shelter belt': 0, 'shade tree': 0, 'vertical garden': 0, 'green space': 0, 'afforestation': 0, 'green campus': 0, 'night shelter': 0, 'transit shelter': 0, 'rest shed': 0, 'waiting shed': 0, 'community hall': 0, 'relief centre': 0, 'relief center': 0, 'bus stand shelter': 0, 'passenger shelter': 0, 'cool shelter': 0, 'rest shade': 0, 'cool resting space': 0, 'cool resting shed': 0, 'passenger shed': 0, 'outreach clinic': 0, 'awareness campaign': 0, 'iec activity': 0, 'iec material': 0, 'capacity building': 0, 'training programme': 0, 'training program': 0, 'mock drill': 0, 'sensitization': 0, 'swasthya kantha': 0, 'do and dont': 0, 'dos and donts': 0, 'display board': 0, 'hoarding': 0, 'pamphlet': 0, 'leaflet': 0, 'banner': 0}","{'floodlight': 0, 'flood light': 0, 'street light': 0, 'solar street light': 0, 'high mast light': 0, 'gas pipeline': 0, 'sports complex': 0, 'stadium': 0, 'cricket': 0, 'football': 0, 'volleyball': 0, 'examination hall': 0, 'cremation ground': 0, 'crematorium': 0, 'burial ground': 0, 'election': 0, 'covid': 0, 'vaccination': 0, 'wedding hall': 0, 'marriage hall': 0, 'kalyan mandap': 0, 'boundary wall': 0, 'compound wall': 0, 'staff quarter': 0, 'quarter building': 0, 'drug warehouse': 0, 'drug ware house': 0, 'godown': 0, 'bio medical waste': 0, 'biomedical waste': 0, 'bmw management': 0, 'waste management': 0}",weak,Summer / Heatwave (Mar-Jun),,Drinking Water & Hydration,Drinking Water & Hydration,{'Drinking Water & Hydration': {'water sprinkling': 2}}
2024_STSCD_101581_2,ITDAGNP-09/2023-24,Construction of Farmers information centre cum farmers Rest Shed at Khilamunda Market Yard under RMC Gunupur,Construction of Farmers information centre cum farmers Rest Shed at Khilamunda Market Yard under RMC Gunupur,Works,Open Tender,Percentage,Civil Works - Buildings,No,No,NA ,22-Feb-2024 01:30 PM,NA ,90.0,No ,No,Online,07-Mar-2024 11:00 AM,ST and SC Development Deptt||ITDA Gunupur,GUNUPUR,765022.0,2.0,"14,63,098",ANANTA KUMAR GOUDO,"1,243,780",Rejected-Finance,17-Mar-2025,ST and SC Development Deptt||ITDA Gunupur,True,False,"{'heatwave': 0, 'heat wave': 0, 'heat-wave': 0, 'heat stress': 0, 'heat stroke': 0, 'heat action plan': 0, 'heat resilience': 0, 'heat resilient': 0, 'extreme heat': 0, 'high temperature': 0, 'rising temperature': 0, 'heat resistant': 0, 'climate resilient': 0, 'cooling centre': 0, 'cooling center': 0, 'emergency response': 0, 'first aid': 0, 'ambulance': 0, 'ors': 0, 'oral rehydration solution': 0, 'heat stroke treatment': 0, 'sunstroke': 0, 'sun stroke': 0, 'heat related illness': 0, 'heat illness': 0, 'heat exhaustion': 0, 'heat cramp': 0, 'heat rash': 0, 'heat alert': 0, 'heat warning': 0, 'heat advisory': 0, 'heat hotline': 0, 'satark': 0, 'early warning system': 0, 'saline': 0, 'iv fluid': 0, 'rapid response team': 0, 'mobile health unit': 0, 'relief chamber': 0, 'heat stroke ward': 0, 'heat stroke bed': 0, 'drinking water': 0, 'water kiosk': 0, 'water atm': 0, 'hydration point': 0, 'hydration centre': 0, 'hydration center': 0, 'cold water': 0, 'tube well': 0, 'tubewell': 0, 'borewell': 0, 'bore well': 0, 'hand pump': 0, 'handpump': 0, 'overhead tank': 0, 'oh tank': 0, 'stand post': 0, 'piped water supply': 0, 'water supply scheme': 0, 'jalachhatra': 0, 'jalachatra': 0, 'jala jogana kendra': 0, 'jal jogana kendra': 0, 'jal seva shibira': 0, 'water tanker': 0, 'water sprinkling': 0, 'cool roof': 0, 'white roof': 0, 'white topping': 0, 'roof insulation': 0, 'thermal insulation': 0, 'heat reflective': 0, 'reflective coating': 0, 'shade net': 0, 'shade structure': 0, 'canopy': 0, 'awning': 0, 'albedo paint': 0, 'albedo painting': 0, 'white painting': 0, 'reflective paint': 0, 'green roof': 0, 'green roofing': 0, 'k glass': 0, 'doubly glazed glass': 0, 'passive cooling': 0, 'air cooler': 0, 'white china mosaic': 0, 'lime based whitewash': 0, 'white tarp': 0, 'acrylic resin coating': 0, 'tree plantation': 0, 'avenue plantation': 0, 'plantation': 0, 'green belt': 0, 'urban forestry': 0, 'urban forest': 0, 'park development': 0, 'shelter belt': 0, 'shade tree': 0, 'vertical garden': 0, 'green space': 0, 'afforestation': 0, 'green campus': 0, 'night shelter': 0, 'transit shelter': 0, 'rest shed': 2, 'waiting shed': 0, 'community hall': 0, 'relief centre': 0, 'relief center': 0, 'bus stand shelter': 0, 'passenger shelter': 0, 'cool shelter': 0, 'rest shade': 0, 'cool resting space': 0, 'cool resting shed': 0, 'passenger shed': 0, 'outreach clinic': 0, 'awareness campaign': 0, 'iec activity': 0, 'iec material': 0, 'capacity building': 0, 'training programme': 0, 'training program': 0, 'mock drill': 0, 'sensitization': 0, 'swasthya kantha': 0, 'do and dont': 0, 'dos and donts': 0, 'display board': 0, 'hoarding': 0, 'pamphlet': 0, 'leaflet': 0, 'banner': 0}","{'floodlight': 0, 'flood light': 0, 'street light': 0, 'solar street light': 0, 'high mast light': 0, 'gas pipeline': 0, 'sports complex': 0, 'stadium': 0, 'cricket': 0, 'football': 0, 'volleyball': 0, 'examination hall': 0, 'cremation ground': 0, 'crematorium': 0, 'burial ground': 0, 'election': 0, 'covid': 0, 'vaccination': 0, 'wedding hall': 0, 'marriage hall': 0, 'kalyan mandap': 0, 'boundary wall': 0, 'compound wall': 0, 'staff quarter': 0, 'quarter building': 0, 'drug warehouse': 0, 'drug ware house': 0, 'godown': 0, 'bio medical waste': 0, 'biomedical waste': 0, 'bmw management': 0, 'waste management': 0}",weak,Pre-Summer (Jan-Feb),,Shelter & Rest Infrastructure,Shelter & Rest Infrastructure,{'Shelter & Rest Infrastructure': {'rest shed': 2}}
2024_RWSS_103895_8,Identification No.05 of 2024-25,Power Supply of 5 KW load to Rural Piped Water Supply Project to village Tikasil-II under Karanjia Block (OMBADC),Power Supply of 5 KW load to Rural Piped Water Supply Project to village Tikasil-II under Karanjia Block (OMBADC),Works,National Competitive Bid,Percentage,Electrical Works,No,No,NA ,26-Jul-2024 09:00 AM,NA ,90.0,No ,No,Online,07-Aug-2024 11:00 AM,Rural Water Supply and Sanitation||RWSS Circle Cuttack||RWSS Division Rairangpur,Rairangpur,757043.0,1.0,"16,99,698",Sri Bishnu Electrical Construction,"1,444,913",Rejected-AOC,05-Mar-2025,Rural Water Supply and Sanitation||RWSS Circle Cuttack||RWSS Division Rairangpur,True,False,"{'heatwave': 0, 'heat wave': 0, 'heat-wave': 0, 'heat stress': 0, 'heat stroke': 0, 'heat action plan': 0, 'heat resilience': 0, 'heat resilient': 0, 'extreme heat': 0, 'high temperature': 0, 'rising temperature': 0, 'heat resistant': 0, 'climate resilient': 0, 'cooling centre': 0, 'cooling center': 0, 'emergency response': 0, 'first aid': 0, 'ambulance': 0, 'ors': 0, 'oral rehydration solution': 0, 'heat stroke treatment': 0, 'sunstroke': 0, 'sun stroke': 0, 'heat related illness': 0, 'heat illness': 0, 'heat exhaustion': 0, 'heat cramp': 0, 'heat rash': 0, 'heat alert': 0, 'heat warning': 0, 'heat advisory': 0, 'heat hotline': 0, 'satark': 0, 'early warning system': 0, 'saline': 0, 'iv fluid': 0, 'rapid response team': 0, 'mobile health unit': 0, 'relief chamber': 0, 'heat stroke ward': 0, 'heat stroke bed': 0, 'drinking water': 0, 'water kiosk': 0, 'water atm': 0, 'hydration point': 0, 'hydration centre': 0, 'hydration center': 0, 'cold water': 0, 'tube well': 0, 'tubewell': 0, 'borewell': 0, 'bore well': 0, 'hand pump': 0, 'handpump': 0, 'overhead tank': 0, 'oh tank': 0, 'stand post': 0, 'piped water supply': 2, 'water supply scheme': 0, 'jalachhatra': 0, 'jalachatra': 0, 'jala jogana kendra': 0, 'jal jogana kendra': 0, 'jal seva shibira': 0, 'water tanker': 0, 'water sprinkling': 0, 'cool roof': 0, 'white roof': 0, 'white topping': 0, 'roof insulation': 0, 'thermal insulation': 0, 'heat reflective': 0, 'reflective coating': 0, 'shade net': 0, 'shade structure': 0, 'canopy': 0, 'awning': 0, 'albedo paint': 0, 'albedo painting': 0, 'white painting': 0, 'reflective paint': 0, 'green roof': 0, 'green roofing': 0, 'k glass': 0, 'doubly glazed glass': 0, 'passive cooling': 0, 'air cooler': 0, 'white china mosaic': 0, 'lime based whitewash': 0, 'white tarp': 0, 'acrylic resin coating': 0, 'tree plantation': 0, 'avenue plantation': 0, 'plantation': 0, 'green belt': 0, 'urban forestry': 0, 'urban forest': 0, 'park development': 0, 'shelter belt': 0, 'shade tree': 0, 'vertical garden': 0, 'green space': 0, 'afforestation': 0, 'green campus': 0, 'night shelter': 0, 'transit shelter': 0, 'rest shed': 0, 'waiting shed': 0, 'community hall': 0, 'relief centre': 0, 'relief center': 0, 'bus stand shelter': 0, 'passenger shelter': 0, 'cool shelter': 0, 'rest shade': 0, 'cool resting space': 0, 'cool resting shed': 0, 'passenger shed': 0, 'outreach clinic': 0, 'awareness campaign': 0, 'iec activity': 0, 'iec material': 0, 'capacity building': 0, 'training programme': 0, 'training program': 0, 'mock drill': 0, 'sensitization': 0, 'swasthya kantha': 0, 'do and dont': 0, 'dos and donts': 0, 'display board': 0, 'hoarding': 0, 'pamphlet': 0, 'leaflet': 0, 'banner': 0}","{'floodlight': 0, 'flood light': 0, 'street light': 0, 'solar street light': 0, 'high mast light': 0, 'gas pipeline': 0, 'sports complex': 0, 'stadium': 0, 'cricket': 0, 'football': 0, 'volleyball': 0, 'examination hall': 0, 'cremation ground': 0, 'crematorium': 0, 'burial ground': 0, 'election': 0, 'covid': 0, 'vaccination': 0, 'wedding hall': 0, 'marriage hall': 0, 'kalyan mandap': 0, 'boundary wall': 0, 'compound wall': 0, 'staff quarter': 0, 'quarter building': 0, 'drug warehouse': 0, 'drug ware house': 0, 'godown': 0, 'bio medical waste': 0, 'biomedical waste': 0, 'bmw management': 0, 'waste management': 0}",weak,Monsoon (Jul-Sep),OMBADC,Drinking Water & Hydration,Drinking Water & Hydration,{'Drinking Water & Hydration': {'piped water supply': 2}}
2024_RWSS_103895_9,Identification No.05 of 2024-25,Power Supply of 5 KW load to Rural Piped Water Supply Project to village Kendumundi under Karanjia Block (JJM-Retro),Power Supply of 5 KW load to Rural Piped Water Supply Project to village Kendumundi under Karanjia Block (JJM-Retro),Works,National Competitive Bid,Percentage,Electrical Works,No,No,NA ,26-Jul-2024 09:00 AM,NA ,90.0,No ,No,Online,07-Aug-2024 11:00 AM,Rural Water Supply and Sanitation||RWSS Circle Cuttack||RWSS Division Rairangpur,Rairangpur,757043.0,1.0,"8,48,902",Sri Bishnu Electrical Construction,"721,652",Rejected-AOC,05-Mar-2025,Rural Water Supply and Sanitation||RWSS Circle Cuttack||RWSS Division Rairangpur,True,False,"{'heatwave': 0, 'heat wave': 0, 'heat-wave': 0, 'heat stress': 0, 'heat stroke': 0, 'heat action plan': 0, 'heat resilience': 0, 'heat resilient': 0, 'extreme heat': 0, 'high temperature': 0, 'rising temperature': 0, 'heat resistant': 0, 'climate resilient': 0, 'cooling centre': 0, 'cooling center': 0, 'emergency response': 0, 'first aid': 0, 'ambulance': 0, 'ors': 0, 'oral rehydration solution': 0, 'heat stroke treatment': 0, 'sunstroke': 0, 'sun stroke': 0, 'heat related illness': 0, 'heat illness': 0, 'heat exhaustion': 0, 'heat cramp': 0, 'heat rash': 0, 'heat alert': 0, 'heat warning': 0, 'heat advisory': 0, 'heat hotline': 0, 'satark': 0, 'early warning system': 0, 'saline': 0, 'iv fluid': 0, 'rapid response team': 0, 'mobile health unit': 0, 'relief chamber': 0, 'heat stroke ward': 0, 'heat stroke bed': 0, 'drinking water': 0, 'water kiosk': 0, 'water atm': 0, 'hydration point': 0, 'hydration centre': 0, 'hydration center': 0, 'cold water': 0, 'tube well': 0, 'tubewell': 0, 'borewell': 0, 'bore well': 0, 'hand pump': 0, 'handpump': 0, 'overhead tank': 0, 'oh tank': 0, 'stand post': 0, 'piped water supply': 2, 'water supply scheme': 0, 'jalachhatra': 0, 'jalachatra': 0, 'jala jogana kendra': 0, 'jal jogana kendra': 0, 'jal seva shibira': 0, 'water tanker': 0, 'water sprinkling': 0, 'cool roof': 0, 'white roof': 0, 'white topping': 0, 'roof insulation': 0, 'thermal insulation': 0, 'heat reflective': 0, 'reflective coating': 0, 'shade net': 0, 'shade structure': 0, 'canopy': 0, 'awning': 0, 'albedo paint': 0, 'albedo painting': 0, 'white painting': 0, 'reflective paint': 0, 'green roof': 0, 'green roofing': 0, 'k glass': 0, 'doubly glazed glass': 0, 'passive cooling': 0, 'air cooler': 0, 'white china mosaic': 0, 'lime based whitewash': 0, 'white tarp': 0, 'acrylic resin coating': 0, 'tree plantation': 0, 'avenue plantation': 0, 'plantation': 0, 'green belt': 0, 'urban forestry': 0, 'urban forest': 0, 'park development': 0, 'shelter belt': 0, 'shade tree': 0, 'vertical garden': 0, 'green space': 0, 'afforestation': 0, 'green campus': 0, 'night shelter': 0, 'transit shelter': 0, 'rest shed': 0, 'waiting shed': 0, 'community hall': 0, 'relief centre': 0, 'relief center': 0, 'bus stand shelter': 0, 'passenger shelter': 0, 'cool shelter': 0, 'rest shade': 0, 'cool resting space': 0, 'cool resting shed': 0, 'passenger shed': 0, 'outreach clinic': 0, 'awareness campaign': 0, 'iec activity': 0, 'iec material': 0, 'capacity building': 0, 'training programme': 0, 'training program': 0, 'mock drill': 0, 'sensitization': 0, 'swasthya kantha': 0, 'do and dont': 0, 'dos and donts': 0, 'display board': 0, 'hoarding': 0, 'pamphlet': 0, 'leaflet': 0, 'banner': 0}","{'floodlight': 0, 'flood light': 0, 'street light': 0, 'solar street light': 0, 'high mast light': 0, 'gas pipeline': 0, 'sports complex': 0, 'stadium': 0, 'cricket': 0, 'football': 0, 'volleyball': 0, 'examination hall': 0, 'cremation ground': 0, 'crematorium': 0, 'burial ground': 0, 'election': 0, 'covid': 0, 'vaccination': 0, 'wedding hall': 0, 'marriage hall': 0, 'kalyan mandap': 0, 'boundary wall': 0, 'compound wall': 0, 'staff quarter': 0, 'quarter building': 0, 'drug warehouse': 0, 'drug ware house': 0, 'godown': 0, 'bio medical waste': 0, 'biomedical waste': 0, 'bmw management': 0, 'waste management': 0}",weak,Monsoon (Jul-Sep),JJM,Drinking Water & Hydration,Drinking Water & Hydration,{'Drinking Water & Hydration': {'piped water supply': 2}}
2025_CERWI_109489_55,Online Tender/13/SERWD-II/2024-25,S/R to RI office cum Rest shed at Budhamba for the year 2024-25,S/R to RI office cum Rest shed at Budhamba for the year 2024-25,Works,National Competitive Bid,Percentage,Civil Works - Buildings,No,No,NA ,17-Jan-2025 05:00 PM,NA ,90.0,No ,No,Online,24-Jan-2025 11:30 AM,CE RW I||RWCIRCLE-BERHAMPUR||RWDIVISION-GANJAM - II,Berhampur,760011.0,1.0,"4,20,000",MAMATA KUMARI SATAPATHY,"356,812",Rejected-AOC,11-Mar-2025,CE RW I||RWCIRCLE-BERHAMPUR||RWDIVISION-GANJAM - II,True,False,"{'heatwave': 0, 'heat wave': 0, 'heat-wave': 0, 'heat stress': 0, 'heat stroke': 0, 'heat action plan': 0, 'heat resilience': 0, 'heat resilient': 0, 'extreme heat': 0, 'high temperature': 0, 'rising temperature': 0, 'heat resistant': 0, 'climate resilient': 0, 'cooling centre': 0, 'cooling center': 0, 'emergency response': 0, 'first aid': 0, 'ambulance': 0, 'ors': 0, 'oral rehydration solution': 0, 'heat stroke treatment': 0, 'sunstroke': 0, 'sun stroke': 0, 'heat related illness': 0, 'heat illness': 0, 'heat exhaustion': 0, 'heat cramp': 0, 'heat rash': 0, 'heat alert': 0, 'heat warning': 0, 'heat advisory': 0, 'heat hotline': 0, 'satark': 0, 'early warning system': 0, 'saline': 0, 'iv fluid': 0, 'rapid response team': 0, 'mobile health unit': 0, 'relief chamber': 0, 'heat stroke ward': 0, 'heat stroke bed': 0, 'drinking water': 0, 'water kiosk': 0, 'water atm': 0, 'hydration point': 0, 'hydration centre': 0, 'hydration center': 0, 'cold water': 0, 'tube well': 0, 'tubewell': 0, 'borewell': 0, 'bore well': 0, 'hand pump': 0, 'handpump': 0, 'overhead tank': 0, 'oh tank': 0, 'stand post': 0, 'piped water supply': 0, 'water supply scheme': 0, 'jalachhatra': 0, 'jalachatra': 0, 'jala jogana kendra': 0, 'jal jogana kendra': 0, 'jal seva shibira': 0, 'water tanker': 0, 'water sprinkling': 0, 'cool roof': 0, 'white roof': 0, 'white topping': 0, 'roof insulation': 0, 'thermal insulation': 0, 'heat reflective': 0, 'reflective coating': 0, 'shade net': 0, 'shade structure': 0, 'canopy': 0, 'awning': 0, 'albedo paint': 0, 'albedo painting': 0, 'white painting': 0, 'reflective paint': 0, 'green roof': 0, 'green roofing': 0, 'k glass': 0, 'doubly glazed glass': 0, 'passive cooling': 0, 'air cooler': 0, 'white china mosaic': 0, 'lime based whitewash': 0, 'white tarp': 0, 'acrylic resin coating': 0, 'tree plantation': 0, 'avenue plantation': 0, 'plantation': 0, 'green belt': 0, 'urban forestry': 0, 'urban forest': 0, 'park development': 0, 'shelter belt': 0, 'shade tree': 0, 'vertical garden': 0, 'green space': 0, 'afforestation': 0, 'green campus': 0, 'night shelter': 0, 'transit shelter': 0, 'rest shed': 2, 'waiting shed': 0, 'community hall': 0, 'relief centre': 0, 'relief center': 0, 'bus stand shelter': 0, 'passenger shelter': 0, 'cool shelter': 0, 'rest shade': 0, 'cool resting space': 0, 'cool resting shed': 0, 'passenger shed': 0, 'outreach clinic': 0, 'awareness campaign': 0, 'iec activity': 0, 'iec material': 0, 'capacity building': 0, 'training programme': 0, 'training program': 0, 'mock drill': 0, 'sensitization': 0, 'swasthya kantha': 0, 'do and dont': 0, 'dos and donts': 0, 'display board': 0, 'hoarding': 0, 'pamphlet': 0, 'leaflet': 0, 'banner': 0}","{'floodlight': 0, 'flood light': 0, 'street light': 0, 'solar street light': 0, 'high mast light': 0, 'gas pipeline': 0, 'sports complex': 0, 'stadium': 0, 'cricket': 0, 'football': 0, 'volleyball': 0, 'examination hall': 0, 'cremation ground': 0, 'crematorium': 0, 'burial ground': 0, 'election': 0, 'covid': 0, 'vaccination': 0, 'wedding hall': 0, 'marriage hall': 0, 'kalyan mandap': 0, 'boundary wall': 0, 'compound wall': 0, 'staff quarter': 0, 'quarter building': 0, 'drug warehouse': 0, 'drug ware house': 0, 'godown': 0, 'bio medical waste': 0, 'biomedical waste': 0, 'bmw management': 0, 'waste management': 0}",weak,Pre-Summer (Jan-Feb),,Shelter & Rest Infrastructure,Shelter & Rest Infrastructure,{'Shelter & Rest Infrastructure': {'rest shed': 2}}
2024_RWSS_103895_4,Identification No.05 of 2024-25,Power Supply of 5 KW load to Rural Piped Water Supply Project to village Laxmiposi under Thakurmunda Block (OMBADC),Power Supply of 5 KW load to Rural Piped Water Supply Project to village Laxmiposi under Thakurmunda Block (OMBADC),Works,National Competitive Bid,Percentage,Electrical Works,No,No,NA ,26-Jul-2024 09:00 AM,NA ,90.0,No ,No,Online,07-Aug-2024 11:00 AM,Rural Water Supply and Sanitation||RWSS Circle Cuttack||RWSS Division Rairangpur,Rairangpur,757043.0,1.0,"6,29,682",M/S JANAKI ENGINEERING,"535,293",Rejected-AOC,05-Mar-2025,Rural Water Supply and Sanitation||RWSS Circle Cuttack||RWSS Division Rairangpur,True,False,"{'heatwave': 0, 'heat wave': 0, 'heat-wave': 0, 'heat stress': 0, 'heat stroke': 0, 'heat action plan': 0, 'heat resilience': 0, 'heat resilient': 0, 'extreme heat': 0, 'high temperature': 0, 'rising temperature': 0, 'heat resistant': 0, 'climate resilient': 0, 'cooling centre': 0, 'cooling center': 0, 'emergency response': 0, 'first aid': 0, 'ambulance': 0, 'ors': 0, 'oral rehydration solution': 0, 'heat stroke treatment': 0, 'sunstroke': 0, 'sun stroke': 0, 'heat related illness': 0, 'heat illness': 0, 'heat exhaustion': 0, 'heat cramp': 0, 'heat rash': 0, 'heat alert': 0, 'heat warning': 0, 'heat advisory': 0, 'heat hotline': 0, 'satark': 0, 'early warning system': 0, 'saline': 0, 'iv fluid': 0, 'rapid response team': 0, 'mobile health unit': 0, 'relief chamber': 0, 'heat stroke ward': 0, 'heat stroke bed': 0, 'drinking water': 0, 'water kiosk': 0, 'water atm': 0, 'hydration point': 0, 'hydration centre': 0, 'hydration center': 0, 'cold water': 0, 'tube well': 0, 'tubewell': 0, 'borewell': 0, 'bore well': 0, 'hand pump': 0, 'handpump': 0, 'overhead tank': 0, 'oh tank': 0, 'stand post': 0, 'piped water supply': 2, 'water supply scheme': 0, 'jalachhatra': 0, 'jalachatra': 0, 'jala jogana kendra': 0, 'jal jogana kendra': 0, 'jal seva shibira': 0, 'water tanker': 0, 'water sprinkling': 0, 'cool roof': 0, 'white roof': 0, 'white topping': 0, 'roof insulation': 0, 'thermal insulation': 0, 'heat reflective': 0, 'reflective coating': 0, 'shade net': 0, 'shade structure': 0, 'canopy': 0, 'awning': 0, 'albedo paint': 0, 'albedo painting': 0, 'white painting': 0, 'reflective paint': 0, 'green roof': 0, 'green roofing': 0, 'k glass': 0, 'doubly glazed glass': 0, 'passive cooling': 0, 'air cooler': 0, 'white china mosaic': 0, 'lime based whitewash': 0, 'white tarp': 0, 'acrylic resin coating': 0, 'tree plantation': 0, 'avenue plantation': 0, 'plantation': 0, 'green belt': 0, 'urban forestry': 0, 'urban forest': 0, 'park development': 0, 'shelter belt': 0, 'shade tree': 0, 'vertical garden': 0, 'green space': 0, 'afforestation': 0, 'green campus': 0, 'night shelter': 0, 'transit shelter': 0, 'rest shed': 0, 'waiting shed': 0, 'community hall': 0, 'relief centre': 0, 'relief center': 0, 'bus stand shelter': 0, 'passenger shelter': 0, 'cool shelter': 0, 'rest shade': 0, 'cool resting space': 0, 'cool resting shed': 0, 'passenger shed': 0, 'outreach clinic': 0, 'awareness campaign': 0, 'iec activity': 0, 'iec material': 0, 'capacity building': 0, 'training programme': 0, 'training program': 0, 'mock drill': 0, 'sensitization': 0, 'swasthya kantha': 0, 'do and dont': 0, 'dos and donts': 0, 'display board': 0, 'hoarding': 0, 'pamphlet': 0, 'leaflet': 0, 'banner': 0}","{'floodlight': 0, 'flood light': 0, 'street light': 0, 'solar street light': 0, 'high mast light': 0, 'gas pipeline': 0, 'sports complex': 0, 'stadium': 0, 'cricket': 0, 'football': 0, 'volleyball': 0, 'examination hall': 0, 'cremation ground': 0, 'crematorium': 0, 'burial ground': 0, 'election': 0, 'covid': 0, 'vaccination': 0, 'wedding hall': 0, 'marriage hall': 0, 'kalyan mandap': 0, 'boundary wall': 0, 'compound wall': 0, 'staff quarter': 0, 'quarter building': 0, 'drug warehouse': 0, 'drug ware house': 0, 'godown': 0, 'bio medical waste': 0, 'biomedical waste': 0, 'bmw management': 0, 'waste management': 0}",weak,Monsoon (Jul-Sep),OMBADC,Drinking Water & Hydration,Drinking Water & Hydration,{'Drinking Water & Hydration': {'piped water supply': 2}}
2025_OLIC_110525_4,e-Procurement BID ID No. 03 EELID (KJR/2024-25),Installation and energisation of Naukana-I and II TW L.I. Project under Ghasipura block in Keonjhar district,"Drilling, installation of Tubewell,construction of head works, distribution system, electrification and energisation of Naukana-I and II TW L.I. Project under Ghasipura block in Keonjhar district",Works,National Competitive Bid,Percentage,Civil Works - Lift Irrigation Schemes,No,No,NA ,13-Feb-2025 10:00 AM,NA ,180.0,No ,No,Online,24-Feb-2025 11:00 AM,Orissa Lift Irrigation Corporation||LI ANGUL||LI Division Keonjhar,Keonjhar,758001.0,2.0,,DINESH KUMAR AGARWALA,"2,811,445",Rejected-Finance,31-Mar-2025,Orissa Lift Irrigation Corporation||LI ANGUL||LI Division Keonjhar,True,False,"{'heatwave': 0, 'heat wave': 0, 'heat-wave': 0, 'heat stress': 0, 'heat stroke': 0, 'heat action plan': 0, 'heat resilience': 0, 'heat resilient': 0, 'extreme heat': 0, 'high temperature': 0, 'rising temperature': 0, 'heat resistant': 0, 'climate resilient': 0, 'cooling centre': 0, 'cooling center': 0, 'emergency response': 0, 'first aid': 0, 'ambulance': 0, 'ors': 0, 'oral rehydration solution': 0, 'heat stroke treatment': 0, 'sunstroke': 0, 'sun stroke': 0, 'heat related illness': 0, 'heat illness': 0, 'heat exhaustion': 0, 'heat cramp': 0, 'heat rash': 0, 'heat alert': 0, 'heat warning': 0, 'heat advisory': 0, 'heat hotline': 0, 'satark': 0, 'early warning system': 0, 'saline': 0, 'iv fluid': 0, 'rapid response team': 0, 'mobile health unit': 0, 'relief chamber': 0, 'heat stroke ward': 0, 'heat stroke bed': 0, 'drinking water': 0, 'water kiosk': 0, 'water atm': 0, 'hydration point': 0, 'hydration centre': 0, 'hydration center': 0, 'cold water': 0, 'tube well': 0, 'tubewell': 1, 'borewell': 0, 'bore well': 0, 'hand pump': 0, 'handpump': 0, 'overhead tank': 0, 'oh tank': 0, 'stand post': 0, 'piped water supply': 0, 'water supply scheme': 0, 'jalachhatra': 0, 'jalachatra': 0, 'jala jogana kendra': 0, 'jal jogana kendra': 0, 'jal seva shibira': 0, 'water tanker': 0, 'water sprinkling': 0, 'cool roof': 0, 'white roof': 0, 'white topping': 0, 'roof insulation': 0, 'thermal insulation': 0, 'heat reflective': 0, 'reflective coating': 0, 'shade net': 0, 'shade structure': 0, 'canopy': 0, 'awning': 0, 'albedo paint': 0, 'albedo painting': 0, 'white painting': 0, 'reflective paint': 0, 'green roof': 0, 'green roofing': 0, 'k glass': 0, 'doubly glazed glass': 0, 'passive cooling': 0, 'air cooler': 0, 'white china mosaic': 0, 'lime based whitewash': 0, 'white tarp': 0, 'acrylic resin coating': 0, 'tree plantation': 0, 'avenue plantation': 0, 'plantation': 0, 'green belt': 0, 'urban forestry': 0, 'urban forest': 0, 'park development': 0, 'shelter belt': 0, 'shade tree': 0, 'vertical garden': 0, 'green space': 0, 'afforestation': 0, 'green campus': 0, 'night shelter': 0, 'transit shelter': 0, 'rest shed': 0, 'waiting shed': 0, 'community hall': 0, 'relief centre': 0, 'relief center': 0, 'bus stand shelter': 0, 'passenger shelter': 0, 'cool shelter': 0, 'rest shade': 0, 'cool resting space': 0, 'cool resting shed': 0, 'passenger shed': 0, 'outreach clinic': 0, 'awareness campaign': 0, 'iec activity': 0, 'iec material': 0, 'capacity building': 0, 'training programme': 0, 'training program': 0, 'mock drill': 0, 'sensitization': 0, 'swasthya kantha': 0, 'do and dont': 0, 'dos and donts': 0, 'display board': 0, 'hoarding': 0, 'pamphlet': 0, 'leaflet': 0, 'banner': 0}","{'floodlight': 0, 'flood light': 0, 'street light': 0, 'solar street light': 0, 'high mast light': 0, 'gas pipeline': 0, 'sports complex': 0, 'stadium': 0, 'cricket': 0, 'football': 0, 'volleyball': 0, 'examination hall': 0, 'cremation ground': 0, 'crematorium': 0, 'burial ground': 0, 'election': 0, 'covid': 0, 'vaccination': 0, 'wedding hall': 0, 'marriage hall': 0, 'kalyan mandap': 0, 'boundary wall': 0, 'compound wall': 0, 'staff quarter': 0, 'quarter building': 0, 'drug warehouse': 0, 'drug ware house': 0, 'godown': 0, 'bio medical waste': 0, 'biomedical waste': 0, 'bmw management': 0, 'waste management': 0}",weak,Pre-Summer (Jan-Feb),,Drinking Water & Hydration,Drinking Water & Hydration,{'Drinking Water & Hydration': {'tubewell': 1}}
2024_OLIC_100236_2,713 Dt-25.01.2024,"Installation, Electrification, Energisation and Commissioning of Borewell in KALAHANDI DISTRICT PKG 01 BID ID 10","Installation, Electrification, Energisation and Commissioning of Borewell in KALAHANDI DISTRICT PKG 01 BID ID 10",Works,Open Tender,Percentage,Civil Works - Lift Irrigation Schemes,No,No,NA ,30-Jan-2024 10:00 AM,NA ,180.0,No ,No,Online,15-Feb-2024 11:00 AM,Orissa Lift Irrigation Corporation,KALAHANDI,766001.0,2.0,"5,00,73,000",JASPAL SINGH,"43,112,770.28",Rejected-Finance,18-Oct-2024,Orissa Lift Irrigation Corporation,True,False,"{'heatwave': 0, 'heat wave': 0, 'heat-wave': 0, 'heat stress': 0, 'heat stroke': 0, 'heat action plan': 0, 'heat resilience': 0, 'heat resilient': 0, 'extreme heat': 0, 'high temperature': 0, 'rising temperature': 0, 'heat resistant': 0, 'climate resilient': 0, 'cooling centre': 0, 'cooling center': 0, 'emergency response': 0, 'first aid': 0, 'ambulance': 0, 'ors': 0, 'oral rehydration solution': 0, 'heat stroke treatment': 0, 'sunstroke': 0, 'sun stroke': 0, 'heat related illness': 0, 'heat illness': 0, 'heat exhaustion': 0, 'heat cramp': 0, 'heat rash': 0, 'heat alert': 0, 'heat warning': 0, 'heat advisory': 0, 'heat hotline': 0, 'satark': 0, 'early warning system': 0, 'saline': 0, 'iv fluid': 0, 'rapid response team': 0, 'mobile health unit': 0, 'relief chamber': 0, 'heat stroke ward': 0, 'heat stroke bed': 0, 'drinking water': 0, 'water kiosk': 0, 'water atm': 0, 'hydration point': 0, 'hydration centre': 0, 'hydration center': 0, 'cold water': 0, 'tube well': 0, 'tubewell': 0, 'borewell': 2, 'bore well': 0, 'hand pump': 0, 'handpump': 0, 'overhead tank': 0, 'oh tank': 0, 'stand post': 0, 'piped water supply': 0, 'water supply scheme': 0, 'jalachhatra': 0, 'jalachatra': 0, 'jala jogana kendra': 0, 'jal jogana kendra': 0, 'jal seva shibira': 0, 'water tanker': 0, 'water sprinkling': 0, 'cool roof': 0, 'white roof': 0, 'white topping': 0, 'roof insulation': 0, 'thermal insulation': 0, 'heat reflective': 0, 'reflective coating': 0, 'shade net': 0, 'shade structure': 0, 'canopy': 0, 'awning': 0, 'albedo paint': 0, 'albedo painting': 0, 'white painting': 0, 'reflective paint': 0, 'green roof': 0, 'green roofing': 0, 'k glass': 0, 'doubly glazed glass': 0, 'passive cooling': 0, 'air cooler': 0, 'white china mosaic': 0, 'lime based whitewash': 0, 'white tarp': 0, 'acrylic resin coating': 0, 'tree plantation': 0, 'avenue plantation': 0, 'plantation': 0, 'green belt': 0, 'urban forestry': 0, 'urban forest': 0, 'park development': 0, 'shelter belt': 0, 'shade tree': 0, 'vertical garden': 0, 'green space': 0, 'afforestation': 0, 'green campus': 0, 'night shelter': 0, 'transit shelter': 0, 'rest shed': 0, 'waiting shed': 0, 'community hall': 0, 'relief centre': 0, 'relief center': 0, 'bus stand shelter': 0, 'passenger shelter': 0, 'cool shelter': 0, 'rest shade': 0, 'cool resting space': 0, 'cool resting shed': 0, 'passenger shed': 0, 'outreach clinic': 0, 'awareness campaign': 0, 'iec activity': 0, 'iec material': 0, 'capacity building': 0, 'training programme': 0, 'training program': 0, 'mock drill': 0, 'sensitization': 0, 'swasthya kantha': 0, 'do and dont': 0, 'dos and donts': 0, 'display board': 0, 'hoarding': 0, 'pamphlet': 0, 'leaflet': 0, 'banner': 0}","{'floodlight': 0, 'flood light': 0, 'street light': 0, 'solar street light': 0, 'high mast light': 0, 'gas pipeline': 0, 'sports complex': 0, 'stadium': 0, 'cricket': 0, 'football': 0, 'volleyball': 0, 'examination hall': 0, 'cremation ground': 0, 'crematorium': 0, 'burial ground': 0, 'election': 0, 'covid': 0, 'vaccination': 0, 'wedding hall': 0, 'marriage hall': 0, 'kalyan mandap': 0, 'boundary wall': 0, 'compound wall': 0, 'staff quarter': 0, 'quarter building': 0, 'drug warehouse': 0, 'drug ware house': 0, 'godown': 0, 'bio medical waste': 0, 'biomedical waste': 0, 'bmw management': 0, 'waste management': 0}",weak,Pre-Summer (Jan-Feb),,Drinking Water & Hydration,Drinking Water & Hydration,{'Drinking Water & Hydration': {'borewell': 2}}
2024_RWSS_103895_5,Identification No.05 of 2024-25,Power Supply of 5 KW load to Rural Piped Water Supply Project to village Raipada under Thakurmunda Block (OMBADC),Power Supply of 5 KW load to Rural Piped Water Supply Project to village Raipada under Thakurmunda Block (OMBADC),Works,National Competitive Bid,Percentage,Electrical Works,No,No,NA ,26-Jul-2024 09:00 AM,NA ,90.0,No ,No,Online,07-Aug-2024 11:00 AM,Rural Water Supply and Sanitation||RWSS Circle Cuttack||RWSS Division Rairangpur,Rairangpur,757043.0,1.0,"11,40,968",GOPINATH DAS,"969,937",Rejected-AOC,05-Mar-2025,Rural Water Supply and Sanitation||RWSS Circle Cuttack||RWSS Division Rairangpur,True,False,"{'heatwave': 0, 'heat wave': 0, 'heat-wave': 0, 'heat stress': 0, 'heat stroke': 0, 'heat action plan': 0, 'heat resilience': 0, 'heat resilient': 0, 'extreme heat': 0, 'high temperature': 0, 'rising temperature': 0, 'heat resistant': 0, 'climate resilient': 0, 'cooling centre': 0, 'cooling center': 0, 'emergency response': 0, 'first aid': 0, 'ambulance': 0, 'ors': 0, 'oral rehydration solution': 0, 'heat stroke treatment': 0, 'sunstroke': 0, 'sun stroke': 0, 'heat related illness': 0, 'heat illness': 0, 'heat exhaustion': 0, 'heat cramp': 0, 'heat rash': 0, 'heat alert': 0, 'heat warning': 0, 'heat advisory': 0, 'heat hotline': 0, 'satark': 0, 'early warning system': 0, 'saline': 0, 'iv fluid': 0, 'rapid response team': 0, 'mobile health unit': 0, 'relief chamber': 0, 'heat stroke ward': 0, 'heat stroke bed': 0, 'drinking water': 0, 'water kiosk': 0, 'water atm': 0, 'hydration point': 0, 'hydration centre': 0, 'hydration center': 0, 'cold water': 0, 'tube well': 0, 'tubewell': 0, 'borewell': 0, 'bore well': 0, 'hand pump': 0, 'handpump': 0, 'overhead tank': 0, 'oh tank': 0, 'stand post': 0, 'piped water supply': 2, 'water supply scheme': 0, 'jalachhatra': 0, 'jalachatra': 0, 'jala jogana kendra': 0, 'jal jogana kendra': 0, 'jal seva shibira': 0, 'water tanker': 0, 'water sprinkling': 0, 'cool roof': 0, 'white roof': 0, 'white topping': 0, 'roof insulation': 0, 'thermal insulation': 0, 'heat reflective': 0, 'reflective coating': 0, 'shade net': 0, 'shade structure': 0, 'canopy': 0, 'awning': 0, 'albedo paint': 0, 'albedo painting': 0, 'white painting': 0, 'reflective paint': 0, 'green roof': 0, 'green roofing': 0, 'k glass': 0, 'doubly glazed glass': 0, 'passive cooling': 0, 'air cooler': 0, 'white china mosaic': 0, 'lime based whitewash': 0, 'white tarp': 0, 'acrylic resin coating': 0, 'tree plantation': 0, 'avenue plantation': 0, 'plantation': 0, 'green belt': 0, 'urban forestry': 0, 'urban forest': 0, 'park development': 0, 'shelter belt': 0, 'shade tree': 0, 'vertical garden': 0, 'green space': 0, 'afforestation': 0, 'green campus': 0, 'night shelter': 0, 'transit shelter': 0, 'rest shed': 0, 'waiting shed': 0, 'community hall': 0, 'relief centre': 0, 'relief center': 0, 'bus stand shelter': 0, 'passenger shelter': 0, 'cool shelter': 0, 'rest shade': 0, 'cool resting space': 0, 'cool resting shed': 0, 'passenger shed': 0, 'outreach clinic': 0, 'awareness campaign': 0, 'iec activity': 0, 'iec material': 0, 'capacity building': 0, 'training programme': 0, 'training program': 0, 'mock drill': 0, 'sensitization': 0, 'swasthya kantha': 0, 'do and dont': 0, 'dos and donts': 0, 'display board': 0, 'hoarding': 0, 'pamphlet': 0, 'leaflet': 0, 'banner': 0}","{'floodlight': 0, 'flood light': 0, 'street light': 0, 'solar street light': 0, 'high mast light': 0, 'gas pipeline': 0, 'sports complex': 0, 'stadium': 0, 'cricket': 0, 'football': 0, 'volleyball': 0, 'examination hall': 0, 'cremation ground': 0, 'crematorium': 0, 'burial ground': 0, 'election': 0, 'covid': 0, 'vaccination': 0, 'wedding hall': 0, 'marriage hall': 0, 'kalyan mandap': 0, 'boundary wall': 0, 'compound wall': 0, 'staff quarter': 0, 'quarter building': 0, 'drug warehouse': 0, 'drug ware house': 0, 'godown': 0, 'bio medical waste': 0, 'biomedical waste': 0, 'bmw management': 0, 'waste management': 0}",weak,Monsoon (Jul-Sep),OMBADC,Drinking Water & Hydration,Drinking Water & Hydration,{'Drinking Water & Hydration': {'piped water supply': 2}}
2025_CERWI_109489_56,Online Tender/13/SERWD-II/2024-25,S/R to RI office cum Rest shed at Gudiali for the year 2024-25,S/R to RI office cum Rest shed at Gudiali for the year 2024-25,Works,National Competitive Bid,Percentage,Civil Works - Buildings,No,No,NA ,17-Jan-2025 05:00 PM,NA ,90.0,No ,No,Online,24-Jan-2025 11:30 AM,CE RW I||RWCIRCLE-BERHAMPUR||RWDIVISION-GANJAM - II,Berhampur,760011.0,1.0,"4,20,000",M/S BIKRAM SAHU,"356,952.62",Rejected-AOC,13-Mar-2025,CE RW I||RWCIRCLE-BERHAMPUR||RWDIVISION-GANJAM - II,True,False,"{'heatwave': 0, 'heat wave': 0, 'heat-wave': 0, 'heat stress': 0, 'heat stroke': 0, 'heat action plan': 0, 'heat resilience': 0, 'heat resilient': 0, 'extreme heat': 0, 'high temperature': 0, 'rising temperature': 0, 'heat resistant': 0, 'climate resilient': 0, 'cooling centre': 0, 'cooling center': 0, 'emergency response': 0, 'first aid': 0, 'ambulance': 0, 'ors': 0, 'oral rehydration solution': 0, 'heat stroke treatment': 0, 'sunstroke': 0, 'sun stroke': 0, 'heat related illness': 0, 'heat illness': 0, 'heat exhaustion': 0, 'heat cramp': 0, 'heat rash': 0, 'heat alert': 0, 'heat warning': 0, 'heat advisory': 0, 'heat hotline': 0, 'satark': 0, 'early warning system': 0, 'saline': 0, 'iv fluid': 0, 'rapid response team': 0, 'mobile health unit': 0, 'relief chamber': 0, 'heat stroke ward': 0, 'heat stroke bed': 0, 'drinking water': 0, 'water kiosk': 0, 'water atm': 0, 'hydration point': 0, 'hydration centre': 0, 'hydration center': 0, 'cold water': 0, 'tube well': 0, 'tubewell': 0, 'borewell': 0, 'bore well': 0, 'hand pump': 0, 'handpump': 0, 'overhead tank': 0, 'oh tank': 0, 'stand post': 0, 'piped water supply': 0, 'water supply scheme': 0, 'jalachhatra': 0, 'jalachatra': 0, 'jala jogana kendra': 0, 'jal jogana kendra': 0, 'jal seva shibira': 0, 'water tanker': 0, 'water sprinkling': 0, 'cool roof': 0, 'white roof': 0, 'white topping': 0, 'roof insulation': 0, 'thermal insulation': 0, 'heat reflective': 0, 'reflective coating': 0, 'shade net': 0, 'shade structure': 0, 'canopy': 0, 'awning': 0, 'albedo paint': 0, 'albedo painting': 0, 'white painting': 0, 'reflective paint': 0, 'green roof': 0, 'green roofing': 0, 'k glass': 0, 'doubly glazed glass': 0, 'passive cooling': 0, 'air cooler': 0, 'white china mosaic': 0, 'lime based whitewash': 0, 'white tarp': 0, 'acrylic resin coating': 0, 'tree plantation': 0, 'avenue plantation': 0, 'plantation': 0, 'green belt': 0, 'urban forestry': 0, 'urban forest': 0, 'park development': 0, 'shelter belt': 0, 'shade tree': 0, 'vertical garden': 0, 'green space': 0, 'afforestation': 0, 'green campus': 0, 'night shelter': 0, 'transit shelter': 0, 'rest shed': 2, 'waiting shed': 0, 'community hall': 0, 'relief centre': 0, 'relief center': 0, 'bus stand shelter': 0, 'passenger shelter': 0, 'cool shelter': 0, 'rest shade': 0, 'cool resting space': 0, 'cool resting shed': 0, 'passenger shed': 0, 'outreach clinic': 0, 'awareness campaign': 0, 'iec activity': 0, 'iec material': 0, 'capacity building': 0, 'training programme': 0, 'training program': 0, 'mock drill': 0, 'sensitization': 0, 'swasthya kantha': 0, 'do and dont': 0, 'dos and donts': 0, 'display board': 0, 'hoarding': 0, 'pamphlet': 0, 'leaflet': 0, 'banner': 0}","{'floodlight': 0, 'flood light': 0, 'street light': 0, 'solar street light': 0, 'high mast light': 0, 'gas pipeline': 0, 'sports complex': 0, 'stadium': 0, 'cricket': 0, 'football': 0, 'volleyball': 0, 'examination hall': 0, 'cremation ground': 0, 'crematorium': 0, 'burial ground': 0, 'election': 0, 'covid': 0, 'vaccination': 0, 'wedding hall': 0, 'marriage hall': 0, 'kalyan mandap': 0, 'boundary wall': 0, 'compound wall': 0, 'staff quarter': 0, 'quarter building': 0, 'drug warehouse': 0, 'drug ware house': 0, 'godown': 0, 'bio medical waste': 0, 'biomedical waste': 0, 'bmw management': 0, 'waste management': 0}",weak,Pre-Summer (Jan-Feb),,Shelter & Rest Infrastructure,Shelter & Rest Infrastructure,{'Shelter & Rest Infrastructure': {'rest shed': 2}}
2024_RWSS_103895_7,Identification No.05 of 2024-25,Power Supply of 5 KW load to Rural Piped Water Supply Project to village Mukundiapada under Thakurmunda Block (OMBADC),Power Supply of 5 KW load to Rural Piped Water Supply Project to village Mukundiapada under Thakurmunda Block (OMBADC),Works,National Competitive Bid,Percentage,Electrical Works,No,No,NA ,26-Jul-2024 09:00 AM,NA ,90.0,No ,No,Online,07-Aug-2024 11:00 AM,Rural Water Supply and Sanitation||RWSS Circle Cuttack||RWSS Division Rairangpur,Rairangpur,757043.0,1.0,"10,96,162",M/S JANAKI ENGINEERING,"931,848",Rejected-AOC,05-Mar-2025,Rural Water Supply and Sanitation||RWSS Circle Cuttack||RWSS Division Rairangpur,True,False,"{'heatwave': 0, 'heat wave': 0, 'heat-wave': 0, 'heat stress': 0, 'heat stroke': 0, 'heat action plan': 0, 'heat resilience': 0, 'heat resilient': 0, 'extreme heat': 0, 'high temperature': 0, 'rising temperature': 0, 'heat resistant': 0, 'climate resilient': 0, 'cooling centre': 0, 'cooling center': 0, 'emergency response': 0, 'first aid': 0, 'ambulance': 0, 'ors': 0, 'oral rehydration solution': 0, 'heat stroke treatment': 0, 'sunstroke': 0, 'sun stroke': 0, 'heat related illness': 0, 'heat illness': 0, 'heat exhaustion': 0, 'heat cramp': 0, 'heat rash': 0, 'heat alert': 0, 'heat warning': 0, 'heat advisory': 0, 'heat hotline': 0, 'satark': 0, 'early warning system': 0, 'saline': 0, 'iv fluid': 0, 'rapid response team': 0, 'mobile health unit': 0, 'relief chamber': 0, 'heat stroke ward': 0, 'heat stroke bed': 0, 'drinking water': 0, 'water kiosk': 0, 'water atm': 0, 'hydration point': 0, 'hydration centre': 0, 'hydration center': 0, 'cold water': 0, 'tube well': 0, 'tubewell': 0, 'borewell': 0, 'bore well': 0, 'hand pump': 0, 'handpump': 0, 'overhead tank': 0, 'oh tank': 0, 'stand post': 0, 'piped water supply': 2, 'water supply scheme': 0, 'jalachhatra': 0, 'jalachatra': 0, 'jala jogana kendra': 0, 'jal jogana kendra': 0, 'jal seva shibira': 0, 'water tanker': 0, 'water sprinkling': 0, 'cool roof': 0, 'white roof': 0, 'white topping': 0, 'roof insulation': 0, 'thermal insulation': 0, 'heat reflective': 0, 'reflective coating': 0, 'shade net': 0, 'shade structure': 0, 'canopy': 0, 'awning': 0, 'albedo paint': 0, 'albedo painting': 0, 'white painting': 0, 'reflective paint': 0, 'green roof': 0, 'green roofing': 0, 'k glass': 0, 'doubly glazed glass': 0, 'passive cooling': 0, 'air cooler': 0, 'white china mosaic': 0, 'lime based whitewash': 0, 'white tarp': 0, 'acrylic resin coating': 0, 'tree plantation': 0, 'avenue plantation': 0, 'plantation': 0, 'green belt': 0, 'urban forestry': 0, 'urban forest': 0, 'park development': 0, 'shelter belt': 0, 'shade tree': 0, 'vertical garden': 0, 'green space': 0, 'afforestation': 0, 'green campus': 0, 'night shelter': 0, 'transit shelter': 0, 'rest shed': 0, 'waiting shed': 0, 'community hall': 0, 'relief centre': 0, 'relief center': 0, 'bus stand shelter': 0, 'passenger shelter': 0, 'cool shelter': 0, 'rest shade': 0, 'cool resting space': 0, 'cool resting shed': 0, 'passenger shed': 0, 'outreach clinic': 0, 'awareness campaign': 0, 'iec activity': 0, 'iec material': 0, 'capacity building': 0, 'training programme': 0, 'training program': 0, 'mock drill': 0, 'sensitization': 0, 'swasthya kantha': 0, 'do and dont': 0, 'dos and donts': 0, 'display board': 0, 'hoarding': 0, 'pamphlet': 0, 'leaflet': 0, 'banner': 0}","{'floodlight': 0, 'flood light': 0, 'street light': 0, 'solar street light': 0, 'high mast light': 0, 'gas pipeline': 0, 'sports complex': 0, 'stadium': 0, 'cricket': 0, 'football': 0, 'volleyball': 0, 'examination hall': 0, 'cremation ground': 0, 'crematorium': 0, 'burial ground': 0, 'election': 0, 'covid': 0, 'vaccination': 0, 'wedding hall': 0, 'marriage hall': 0, 'kalyan mandap': 0, 'boundary wall': 0, 'compound wall': 0, 'staff quarter': 0, 'quarter building': 0, 'drug warehouse': 0, 'drug ware house': 0, 'godown': 0, 'bio medical waste': 0, 'biomedical waste': 0, 'bmw management': 0, 'waste management': 0}",weak,Monsoon (Jul-Sep),OMBADC,Drinking Water & Hydration,Drinking Water & Hydration,{'Drinking Water & Hydration': {'piped water supply': 2}}
2024_OLIC_100236_1,713 Dt-25.01.2024,"Installation, Electrification, Energisation and Commissioning of Borewell in NUAPADA DISTRICT PKG 02 BID ID 07","Installation, Electrification, Energisation and Commissioning of Borewell in NUAPADA DISTRICT PKG 02 BID ID 07",Works,Open Tender,Percentage,Civil Works - Lift Irrigation Schemes,No,No,NA ,30-Jan-2024 10:00 AM,NA ,180.0,No ,No,Online,15-Feb-2024 11:00 AM,Orissa Lift Irrigation Corporation,NUAPADA,766108.0,2.0,"5,77,36,000",JASPAL SINGH,"50,056,906.64",Rejected-Finance,25-Oct-2024,Orissa Lift Irrigation Corporation,True,False,"{'heatwave': 0, 'heat wave': 0, 'heat-wave': 0, 'heat stress': 0, 'heat stroke': 0, 'heat action plan': 0, 'heat resilience': 0, 'heat resilient': 0, 'extreme heat': 0, 'high temperature': 0, 'rising temperature': 0, 'heat resistant': 0, 'climate resilient': 0, 'cooling centre': 0, 'cooling center': 0, 'emergency response': 0, 'first aid': 0, 'ambulance': 0, 'ors': 0, 'oral rehydration solution': 0, 'heat stroke treatment': 0, 'sunstroke': 0, 'sun stroke': 0, 'heat related illness': 0, 'heat illness': 0, 'heat exhaustion': 0, 'heat cramp': 0, 'heat rash': 0, 'heat alert': 0, 'heat warning': 0, 'heat advisory': 0, 'heat hotline': 0, 'satark': 0, 'early warning system': 0, 'saline': 0, 'iv fluid': 0, 'rapid response team': 0, 'mobile health unit': 0, 'relief chamber': 0, 'heat stroke ward': 0, 'heat stroke bed': 0, 'drinking water': 0, 'water kiosk': 0, 'water atm': 0, 'hydration point': 0, 'hydration centre': 0, 'hydration center': 0, 'cold water': 0, 'tube well': 0, 'tubewell': 0, 'borewell': 2, 'bore well': 0, 'hand pump': 0, 'handpump': 0, 'overhead tank': 0, 'oh tank': 0, 'stand post': 0, 'piped water supply': 0, 'water supply scheme': 0, 'jalachhatra': 0, 'jalachatra': 0, 'jala jogana kendra': 0, 'jal jogana kendra': 0, 'jal seva shibira': 0, 'water tanker': 0, 'water sprinkling': 0, 'cool roof': 0, 'white roof': 0, 'white topping': 0, 'roof insulation': 0, 'thermal insulation': 0, 'heat reflective': 0, 'reflective coating': 0, 'shade net': 0, 'shade structure': 0, 'canopy': 0, 'awning': 0, 'albedo paint': 0, 'albedo painting': 0, 'white painting': 0, 'reflective paint': 0, 'green roof': 0, 'green roofing': 0, 'k glass': 0, 'doubly glazed glass': 0, 'passive cooling': 0, 'air cooler': 0, 'white china mosaic': 0, 'lime based whitewash': 0, 'white tarp': 0, 'acrylic resin coating': 0, 'tree plantation': 0, 'avenue plantation': 0, 'plantation': 0, 'green belt': 0, 'urban forestry': 0, 'urban forest': 0, 'park development': 0, 'shelter belt': 0, 'shade tree': 0, 'vertical garden': 0, 'green space': 0, 'afforestation': 0, 'green campus': 0, 'night shelter': 0, 'transit shelter': 0, 'rest shed': 0, 'waiting shed': 0, 'community hall': 0, 'relief centre': 0, 'relief center': 0, 'bus stand shelter': 0, 'passenger shelter': 0, 'cool shelter': 0, 'rest shade': 0, 'cool resting space': 0, 'cool resting shed': 0, 'passenger shed': 0, 'outreach clinic': 0, 'awareness campaign': 0, 'iec activity': 0, 'iec material': 0, 'capacity building': 0, 'training programme': 0, 'training program': 0, 'mock drill': 0, 'sensitization': 0, 'swasthya kantha': 0, 'do and dont': 0, 'dos and donts': 0, 'display board': 0, 'hoarding': 0, 'pamphlet': 0, 'leaflet': 0, 'banner': 0}","{'floodlight': 0, 'flood light': 0, 'street light': 0, 'solar street light': 0, 'high mast light': 0, 'gas pipeline': 0, 'sports complex': 0, 'stadium': 0, 'cricket': 0, 'football': 0, 'volleyball': 0, 'examination hall': 0, 'cremation ground': 0, 'crematorium': 0, 'burial ground': 0, 'election': 0, 'covid': 0, 'vaccination': 0, 'wedding hall': 0, 'marriage hall': 0, 'kalyan mandap': 0, 'boundary wall': 0, 'compound wall': 0, 'staff quarter': 0, 'quarter building': 0, 'drug warehouse': 0, 'drug ware house': 0, 'godown': 0, 'bio medical waste': 0, 'biomedical waste': 0, 'bmw management': 0, 'waste management': 0}",weak,Pre-Summer (Jan-Feb),,Drinking Water & Hydration,Drinking Water & Hydration,{'Drinking Water & Hydration': {'borewell': 2}}
2024_RWSS_103895_6,Identification No.05 of 2024-25,Power Supply of 5 KW load to Rural Piped Water Supply Project to village Goudiabahali under Thakurmunda Block (OMBADC),Power Supply of 5 KW load to Rural Piped Water Supply Project to village Goudiabahali under Thakurmunda Block (OMBADC),Works,National Competitive Bid,Percentage,Electrical Works,No,No,NA ,26-Jul-2024 09:00 AM,NA ,90.0,No ,No,Online,07-Aug-2024 11:00 AM,Rural Water Supply and Sanitation||RWSS Circle Cuttack||RWSS Division Rairangpur,Rairangpur,757043.0,1.0,"6,56,210",M/S JANAKI ENGINEERING,"557,844",Rejected-AOC,05-Mar-2025,Rural Water Supply and Sanitation||RWSS Circle Cuttack||RWSS Division Rairangpur,True,False,"{'heatwave': 0, 'heat wave': 0, 'heat-wave': 0, 'heat stress': 0, 'heat stroke': 0, 'heat action plan': 0, 'heat resilience': 0, 'heat resilient': 0, 'extreme heat': 0, 'high temperature': 0, 'rising temperature': 0, 'heat resistant': 0, 'climate resilient': 0, 'cooling centre': 0, 'cooling center': 0, 'emergency response': 0, 'first aid': 0, 'ambulance': 0, 'ors': 0, 'oral rehydration solution': 0, 'heat stroke treatment': 0, 'sunstroke': 0, 'sun stroke': 0, 'heat related illness': 0, 'heat illness': 0, 'heat exhaustion': 0, 'heat cramp': 0, 'heat rash': 0, 'heat alert': 0, 'heat warning': 0, 'heat advisory': 0, 'heat hotline': 0, 'satark': 0, 'early warning system': 0, 'saline': 0, 'iv fluid': 0, 'rapid response team': 0, 'mobile health unit': 0, 'relief chamber': 0, 'heat stroke ward': 0, 'heat stroke bed': 0, 'drinking water': 0, 'water kiosk': 0, 'water atm': 0, 'hydration point': 0, 'hydration centre': 0, 'hydration center': 0, 'cold water': 0, 'tube well': 0, 'tubewell': 0, 'borewell': 0, 'bore well': 0, 'hand pump': 0, 'handpump': 0, 'overhead tank': 0, 'oh tank': 0, 'stand post': 0, 'piped water supply': 2, 'water supply scheme': 0, 'jalachhatra': 0, 'jalachatra': 0, 'jala jogana kendra': 0, 'jal jogana kendra': 0, 'jal seva shibira': 0, 'water tanker': 0, 'water sprinkling': 0, 'cool roof': 0, 'white roof': 0, 'white topping': 0, 'roof insulation': 0, 'thermal insulation': 0, 'heat reflective': 0, 'reflective coating': 0, 'shade net': 0, 'shade structure': 0, 'canopy': 0, 'awning': 0, 'albedo paint': 0, 'albedo painting': 0, 'white painting': 0, 'reflective paint': 0, 'green roof': 0, 'green roofing': 0, 'k glass': 0, 'doubly glazed glass': 0, 'passive cooling': 0, 'air cooler': 0, 'white china mosaic': 0, 'lime based whitewash': 0, 'white tarp': 0, 'acrylic resin coating': 0, 'tree plantation': 0, 'avenue plantation': 0, 'plantation': 0, 'green belt': 0, 'urban forestry': 0, 'urban forest': 0, 'park development': 0, 'shelter belt': 0, 'shade tree': 0, 'vertical garden': 0, 'green space': 0, 'afforestation': 0, 'green campus': 0, 'night shelter': 0, 'transit shelter': 0, 'rest shed': 0, 'waiting shed': 0, 'community hall': 0, 'relief centre': 0, 'relief center': 0, 'bus stand shelter': 0, 'passenger shelter': 0, 'cool shelter': 0, 'rest shade': 0, 'cool resting space': 0, 'cool resting shed': 0, 'passenger shed': 0, 'outreach clinic': 0, 'awareness campaign': 0, 'iec activity': 0, 'iec material': 0, 'capacity building': 0, 'training programme': 0, 'training program': 0, 'mock drill': 0, 'sensitization': 0, 'swasthya kantha': 0, 'do and dont': 0, 'dos and donts': 0, 'display board': 0, 'hoarding': 0, 'pamphlet': 0, 'leaflet': 0, 'banner': 0}","{'floodlight': 0, 'flood light': 0, 'street light': 0, 'solar street light': 0, 'high mast light': 0, 'gas pipeline': 0, 'sports complex': 0, 'stadium': 0, 'cricket': 0, 'football': 0, 'volleyball': 0, 'examination hall': 0, 'cremation ground': 0, 'crematorium': 0, 'burial ground': 0, 'election': 0, 'covid': 0, 'vaccination': 0, 'wedding hall': 0, 'marriage hall': 0, 'kalyan mandap': 0, 'boundary wall': 0, 'compound wall': 0, 'staff quarter': 0, 'quarter building': 0, 'drug warehouse': 0, 'drug ware house': 0, 'godown': 0, 'bio medical waste': 0, 'biomedical waste': 0, 'bmw management': 0, 'waste management': 0}",weak,Monsoon (Jul-Sep),OMBADC,Drinking Water & Hydration,Drinking Water & Hydration,{'Drinking Water & Hydration': {'piped water supply': 2}}
2025_CERWI_109489_57,Online Tender/13/SERWD-II/2024-25,S/R to RI office cum Rest shed at Paikajamuna for the year 2024-25,S/R to RI office cum Rest shed at Paikajamuna for the year 2024-25,Works,National Competitive Bid,Percentage,Civil Works - Buildings,No,No,NA ,17-Jan-2025 05:00 PM,NA ,90.0,No ,No,Online,24-Jan-2025 11:30 AM,CE RW I||RWCIRCLE-BERHAMPUR||RWDIVISION-GANJAM - II,Berhampur,760011.0,1.0,"4,20,000",Laxmi Pradhan,"356,981",Rejected-AOC,11-Mar-2025,CE RW I||RWCIRCLE-BERHAMPUR||RWDIVISION-GANJAM - II,True,False,"{'heatwave': 0, 'heat wave': 0, 'heat-wave': 0, 'heat stress': 0, 'heat stroke': 0, 'heat action plan': 0, 'heat resilience': 0, 'heat resilient': 0, 'extreme heat': 0, 'high temperature': 0, 'rising temperature': 0, 'heat resistant': 0, 'climate resilient': 0, 'cooling centre': 0, 'cooling center': 0, 'emergency response': 0, 'first aid': 0, 'ambulance': 0, 'ors': 0, 'oral rehydration solution': 0, 'heat stroke treatment': 0, 'sunstroke': 0, 'sun stroke': 0, 'heat related illness': 0, 'heat illness': 0, 'heat exhaustion': 0, 'heat cramp': 0, 'heat rash': 0, 'heat alert': 0, 'heat warning': 0, 'heat advisory': 0, 'heat hotline': 0, 'satark': 0, 'early warning system': 0, 'saline': 0, 'iv fluid': 0, 'rapid response team': 0, 'mobile health unit': 0, 'relief chamber': 0, 'heat stroke ward': 0, 'heat stroke bed': 0, 'drinking water': 0, 'water kiosk': 0, 'water atm': 0, 'hydration point': 0, 'hydration centre': 0, 'hydration center': 0, 'cold water': 0, 'tube well': 0, 'tubewell': 0, 'borewell': 0, 'bore well': 0, 'hand pump': 0, 'handpump': 0, 'overhead tank': 0, 'oh tank': 0, 'stand post': 0, 'piped water supply': 0, 'water supply scheme': 0, 'jalachhatra': 0, 'jalachatra': 0, 'jala jogana kendra': 0, 'jal jogana kendra': 0, 'jal seva shibira': 0, 'water tanker': 0, 'water sprinkling': 0, 'cool roof': 0, 'white roof': 0, 'white topping': 0, 'roof insulation': 0, 'thermal insulation': 0, 'heat reflective': 0, 'reflective coating': 0, 'shade net': 0, 'shade structure': 0, 'canopy': 0, 'awning': 0, 'albedo paint': 0, 'albedo painting': 0, 'white painting': 0, 'reflective paint': 0, 'green roof': 0, 'green roofing': 0, 'k glass': 0, 'doubly glazed glass': 0, 'passive cooling': 0, 'air cooler': 0, 'white china mosaic': 0, 'lime based whitewash': 0, 'white tarp': 0, 'acrylic resin coating': 0, 'tree plantation': 0, 'avenue plantation': 0, 'plantation': 0, 'green belt': 0, 'urban forestry': 0, 'urban forest': 0, 'park development': 0, 'shelter belt': 0, 'shade tree': 0, 'vertical garden': 0, 'green space': 0, 'afforestation': 0, 'green campus': 0, 'night shelter': 0, 'transit shelter': 0, 'rest shed': 2, 'waiting shed': 0, 'community hall': 0, 'relief centre': 0, 'relief center': 0, 'bus stand shelter': 0, 'passenger shelter': 0, 'cool shelter': 0, 'rest shade': 0, 'cool resting space': 0, 'cool resting shed': 0, 'passenger shed': 0, 'outreach clinic': 0, 'awareness campaign': 0, 'iec activity': 0, 'iec material': 0, 'capacity building': 0, 'training programme': 0, 'training program': 0, 'mock drill': 0, 'sensitization': 0, 'swasthya kantha': 0, 'do and dont': 0, 'dos and donts': 0, 'display board': 0, 'hoarding': 0, 'pamphlet': 0, 'leaflet': 0, 'banner': 0}","{'floodlight': 0, 'flood light': 0, 'street light': 0, 'solar street light': 0, 'high mast light': 0, 'gas pipeline': 0, 'sports complex': 0, 'stadium': 0, 'cricket': 0, 'football': 0, 'volleyball': 0, 'examination hall': 0, 'cremation ground': 0, 'crematorium': 0, 'burial ground': 0, 'election': 0, 'covid': 0, 'vaccination': 0, 'wedding hall': 0, 'marriage hall': 0, 'kalyan mandap': 0, 'boundary wall': 0, 'compound wall': 0, 'staff quarter': 0, 'quarter building': 0, 'drug warehouse': 0, 'drug ware house': 0, 'godown': 0, 'bio medical waste': 0, 'biomedical waste': 0, 'bmw management': 0, 'waste management': 0}",weak,Pre-Summer (Jan-Feb),,Shelter & Rest Infrastructure,Shelter & Rest Infrastructure,{'Shelter & Rest Infrastructure': {'rest shed': 2}}
2024_RWSS_103895_2,Identification No.05 of 2024-25,Power Supply of 5 KW load to Rural Piped Water Supply Project to village Sudarsanpur under Thakurmunda Block (OMBADC),Power Supply of 5 KW load to Rural Piped Water Supply Project to village Sudarsanpur under Thakurmunda Block (OMBADC),Works,National Competitive Bid,Percentage,Electrical Works,No,No,NA ,26-Jul-2024 09:00 AM,NA ,90.0,No ,No,Online,07-Aug-2024 11:00 AM,Rural Water Supply and Sanitation||RWSS Circle Cuttack||RWSS Division Rairangpur,Rairangpur,757043.0,1.0,"7,28,504",KARTIKA CHANDRA PUSTI,"619,301",Rejected-AOC,05-Mar-2025,Rural Water Supply and Sanitation||RWSS Circle Cuttack||RWSS Division Rairangpur,True,False,"{'heatwave': 0, 'heat wave': 0, 'heat-wave': 0, 'heat stress': 0, 'heat stroke': 0, 'heat action plan': 0, 'heat resilience': 0, 'heat resilient': 0, 'extreme heat': 0, 'high temperature': 0, 'rising temperature': 0, 'heat resistant': 0, 'climate resilient': 0, 'cooling centre': 0, 'cooling center': 0, 'emergency response': 0, 'first aid': 0, 'ambulance': 0, 'ors': 0, 'oral rehydration solution': 0, 'heat stroke treatment': 0, 'sunstroke': 0, 'sun stroke': 0, 'heat related illness': 0, 'heat illness': 0, 'heat exhaustion': 0, 'heat cramp': 0, 'heat rash': 0, 'heat alert': 0, 'heat warning': 0, 'heat advisory': 0, 'heat hotline': 0, 'satark': 0, 'early warning system': 0, 'saline': 0, 'iv fluid': 0, 'rapid response team': 0, 'mobile health unit': 0, 'relief chamber': 0, 'heat stroke ward': 0, 'heat stroke bed': 0, 'drinking water': 0, 'water kiosk': 0, 'water atm': 0, 'hydration point': 0, 'hydration centre': 0, 'hydration center': 0, 'cold water': 0, 'tube well': 0, 'tubewell': 0, 'borewell': 0, 'bore well': 0, 'hand pump': 0, 'handpump': 0, 'overhead tank': 0, 'oh tank': 0, 'stand post': 0, 'piped water supply': 2, 'water supply scheme': 0, 'jalachhatra': 0, 'jalachatra': 0, 'jala jogana kendra': 0, 'jal jogana kendra': 0, 'jal seva shibira': 0, 'water tanker': 0, 'water sprinkling': 0, 'cool roof': 0, 'white roof': 0, 'white topping': 0, 'roof insulation': 0, 'thermal insulation': 0, 'heat reflective': 0, 'reflective coating': 0, 'shade net': 0, 'shade structure': 0, 'canopy': 0, 'awning': 0, 'albedo paint': 0, 'albedo painting': 0, 'white painting': 0, 'reflective paint': 0, 'green roof': 0, 'green roofing': 0, 'k glass': 0, 'doubly glazed glass': 0, 'passive cooling': 0, 'air cooler': 0, 'white china mosaic': 0, 'lime based whitewash': 0, 'white tarp': 0, 'acrylic resin coating': 0, 'tree plantation': 0, 'avenue plantation': 0, 'plantation': 0, 'green belt': 0, 'urban forestry': 0, 'urban forest': 0, 'park development': 0, 'shelter belt': 0, 'shade tree': 0, 'vertical garden': 0, 'green space': 0, 'afforestation': 0, 'green campus': 0, 'night shelter': 0, 'transit shelter': 0, 'rest shed': 0, 'waiting shed': 0, 'community hall': 0, 'relief centre': 0, 'relief center': 0, 'bus stand shelter': 0, 'passenger shelter': 0, 'cool shelter': 0, 'rest shade': 0, 'cool resting space': 0, 'cool resting shed': 0, 'passenger shed': 0, 'outreach clinic': 0, 'awareness campaign': 0, 'iec activity': 0, 'iec material': 0, 'capacity building': 0, 'training programme': 0, 'training program': 0, 'mock drill': 0, 'sensitization': 0, 'swasthya kantha': 0, 'do and dont': 0, 'dos and donts': 0, 'display board': 0, 'hoarding': 0, 'pamphlet': 0, 'leaflet': 0, 'banner': 0}","{'floodlight': 0, 'flood light': 0, 'street light': 0, 'solar street light': 0, 'high mast light': 0, 'gas pipeline': 0, 'sports complex': 0, 'stadium': 0, 'cricket': 0, 'football': 0, 'volleyball': 0, 'examination hall': 0, 'cremation ground': 0, 'crematorium': 0, 'burial ground': 0, 'election': 0, 'covid': 0, 'vaccination': 0, 'wedding hall': 0, 'marriage hall': 0, 'kalyan mandap': 0, 'boundary wall': 0, 'compound wall': 0, 'staff quarter': 0, 'quarter building': 0, 'drug warehouse': 0, 'drug ware house': 0, 'godown': 0, 'bio medical waste': 0, 'biomedical waste': 0, 'bmw management': 0, 'waste management': 0}",weak,Monsoon (Jul-Sep),OMBADC,Drinking Water & Hydration,Drinking Water & Hydration,{'Drinking Water & Hydration': {'piped water supply': 2}}
2025_CERWI_109020_22,EERWRGD-Online-05/2024-25,Repair to Rest shed at Tahasil office Muniguda block for the year 2024-25,Repair to Rest shed at Tahasil office Muniguda block for the year 2024-25,Works,Open Tender,Percentage,Civil Works - Buildings,No,No,NA ,04-Jan-2025 01:00 PM,NA ,90.0,No ,No,Online,10-Jan-2025 05:30 PM,CE RW I||RWCIRCLE-SUNABEDA||RWDIVISION-RAYAGADA,Rayagada,765001.0,1.0,"8,40,000",Bighnaraj Barik,"714,087",Rejected-AOC,05-Mar-2025,CE RW I||RWCIRCLE-SUNABEDA||RWDIVISION-RAYAGADA,True,False,"{'heatwave': 0, 'heat wave': 0, 'heat-wave': 0, 'heat stress': 0, 'heat stroke': 0, 'heat action plan': 0, 'heat resilience': 0, 'heat resilient': 0, 'extreme heat': 0, 'high temperature': 0, 'rising temperature': 0, 'heat resistant': 0, 'climate resilient': 0, 'cooling centre': 0, 'cooling center': 0, 'emergency response': 0, 'first aid': 0, 'ambulance': 0, 'ors': 0, 'oral rehydration solution': 0, 'heat stroke treatment': 0, 'sunstroke': 0, 'sun stroke': 0, 'heat related illness': 0, 'heat illness': 0, 'heat exhaustion': 0, 'heat cramp': 0, 'heat rash': 0, 'heat alert': 0, 'heat warning': 0, 'heat advisory': 0, 'heat hotline': 0, 'satark': 0, 'early warning system': 0, 'saline': 0, 'iv fluid': 0, 'rapid response team': 0, 'mobile health unit': 0, 'relief chamber': 0, 'heat stroke ward': 0, 'heat stroke bed': 0, 'drinking water': 0, 'water kiosk': 0, 'water atm': 0, 'hydration point': 0, 'hydration centre': 0, 'hydration center': 0, 'cold water': 0, 'tube well': 0, 'tubewell': 0, 'borewell': 0, 'bore well': 0, 'hand pump': 0, 'handpump': 0, 'overhead tank': 0, 'oh tank': 0, 'stand post': 0, 'piped water supply': 0, 'water supply scheme': 0, 'jalachhatra': 0, 'jalachatra': 0, 'jala jogana kendra': 0, 'jal jogana kendra': 0, 'jal seva shibira': 0, 'water tanker': 0, 'water sprinkling': 0, 'cool roof': 0, 'white roof': 0, 'white topping': 0, 'roof insulation': 0, 'thermal insulation': 0, 'heat reflective': 0, 'reflective coating': 0, 'shade net': 0, 'shade structure': 0, 'canopy': 0, 'awning': 0, 'albedo paint': 0, 'albedo painting': 0, 'white painting': 0, 'reflective paint': 0, 'green roof': 0, 'green roofing': 0, 'k glass': 0, 'doubly glazed glass': 0, 'passive cooling': 0, 'air cooler': 0, 'white china mosaic': 0, 'lime based whitewash': 0, 'white tarp': 0, 'acrylic resin coating': 0, 'tree plantation': 0, 'avenue plantation': 0, 'plantation': 0, 'green belt': 0, 'urban forestry': 0, 'urban forest': 0, 'park development': 0, 'shelter belt': 0, 'shade tree': 0, 'vertical garden': 0, 'green space': 0, 'afforestation': 0, 'green campus': 0, 'night shelter': 0, 'transit shelter': 0, 'rest shed': 2, 'waiting shed': 0, 'community hall': 0, 'relief centre': 0, 'relief center': 0, 'bus stand shelter': 0, 'passenger shelter': 0, 'cool shelter': 0, 'rest shade': 0, 'cool resting space': 0, 'cool resting shed': 0, 'passenger shed': 0, 'outreach clinic': 0, 'awareness campaign': 0, 'iec activity': 0, 'iec material': 0, 'capacity building': 0, 'training programme': 0, 'training program': 0, 'mock drill': 0, 'sensitization': 0, 'swasthya kantha': 0, 'do and dont': 0, 'dos and donts': 0, 'display board': 0, 'hoarding': 0, 'pamphlet': 0, 'leaflet': 0, 'banner': 0}","{'floodlight': 0, 'flood light': 0, 'street light': 0, 'solar street light': 0, 'high mast light': 0, 'gas pipeline': 0, 'sports complex': 0, 'stadium': 0, 'cricket': 0, 'football': 0, 'volleyball': 0, 'examination hall': 0, 'cremation ground': 0, 'crematorium': 0, 'burial ground': 0, 'election': 0, 'covid': 0, 'vaccination': 0, 'wedding hall': 0, 'marriage hall': 0, 'kalyan mandap': 0, 'boundary wall': 0, 'compound wall': 0, 'staff quarter': 0, 'quarter building': 0, 'drug warehouse': 0, 'drug ware house': 0, 'godown': 0, 'bio medical waste': 0, 'biomedical waste': 0, 'bmw management': 0, 'waste management': 0}",weak,Pre-Summer (Jan-Feb),,Shelter & Rest Infrastructure,Shelter & Rest Infrastructure,{'Shelter & Rest Infrastructure': {'rest shed': 2}}
2024_RWSS_103895_3,Identification No.05 of 2024-25,Power Supply of 5 KW load to Rural Piped Water Supply Project to village Daunikila under Thakurmunda Block (OMBADC),Power Supply of 5 KW load to Rural Piped Water Supply Project to village Daunikila under Thakurmunda Block (OMBADC),Works,National Competitive Bid,Percentage,Electrical Works,No,No,NA ,26-Jul-2024 09:00 AM,NA ,90.0,No ,No,Online,07-Aug-2024 11:00 AM,Rural Water Supply and Sanitation||RWSS Circle Cuttack||RWSS Division Rairangpur,Rairangpur,757043.0,1.0,"8,98,589",SARBESWAR MOHANTA,"763,890",Rejected-AOC,05-Mar-2025,Rural Water Supply and Sanitation||RWSS Circle Cuttack||RWSS Division Rairangpur,True,False,"{'heatwave': 0, 'heat wave': 0, 'heat-wave': 0, 'heat stress': 0, 'heat stroke': 0, 'heat action plan': 0, 'heat resilience': 0, 'heat resilient': 0, 'extreme heat': 0, 'high temperature': 0, 'rising temperature': 0, 'heat resistant': 0, 'climate resilient': 0, 'cooling centre': 0, 'cooling center': 0, 'emergency response': 0, 'first aid': 0, 'ambulance': 0, 'ors': 0, 'oral rehydration solution': 0, 'heat stroke treatment': 0, 'sunstroke': 0, 'sun stroke': 0, 'heat related illness': 0, 'heat illness': 0, 'heat exhaustion': 0, 'heat cramp': 0, 'heat rash': 0, 'heat alert': 0, 'heat warning': 0, 'heat advisory': 0, 'heat hotline': 0, 'satark': 0, 'early warning system': 0, 'saline': 0, 'iv fluid': 0, 'rapid response team': 0, 'mobile health unit': 0, 'relief chamber': 0, 'heat stroke ward': 0, 'heat stroke bed': 0, 'drinking water': 0, 'water kiosk': 0, 'water atm': 0, 'hydration point': 0, 'hydration centre': 0, 'hydration center': 0, 'cold water': 0, 'tube well': 0, 'tubewell': 0, 'borewell': 0, 'bore well': 0, 'hand pump': 0, 'handpump': 0, 'overhead tank': 0, 'oh tank': 0, 'stand post': 0, 'piped water supply': 2, 'water supply scheme': 0, 'jalachhatra': 0, 'jalachatra': 0, 'jala jogana kendra': 0, 'jal jogana kendra': 0, 'jal seva shibira': 0, 'water tanker': 0, 'water sprinkling': 0, 'cool roof': 0, 'white roof': 0, 'white topping': 0, 'roof insulation': 0, 'thermal insulation': 0, 'heat reflective': 0, 'reflective coating': 0, 'shade net': 0, 'shade structure': 0, 'canopy': 0, 'awning': 0, 'albedo paint': 0, 'albedo painting': 0, 'white painting': 0, 'reflective paint': 0, 'green roof': 0, 'green roofing': 0, 'k glass': 0, 'doubly glazed glass': 0, 'passive cooling': 0, 'air cooler': 0, 'white china mosaic': 0, 'lime based whitewash': 0, 'white tarp': 0, 'acrylic resin coating': 0, 'tree plantation': 0, 'avenue plantation': 0, 'plantation': 0, 'green belt': 0, 'urban forestry': 0, 'urban forest': 0, 'park development': 0, 'shelter belt': 0, 'shade tree': 0, 'vertical garden': 0, 'green space': 0, 'afforestation': 0, 'green campus': 0, 'night shelter': 0, 'transit shelter': 0, 'rest shed': 0, 'waiting shed': 0, 'community hall': 0, 'relief centre': 0, 'relief center': 0, 'bus stand shelter': 0, 'passenger shelter': 0, 'cool shelter': 0, 'rest shade': 0, 'cool resting space': 0, 'cool resting shed': 0, 'passenger shed': 0, 'outreach clinic': 0, 'awareness campaign': 0, 'iec activity': 0, 'iec material': 0, 'capacity building': 0, 'training programme': 0, 'training program': 0, 'mock drill': 0, 'sensitization': 0, 'swasthya kantha': 0, 'do and dont': 0, 'dos and donts': 0, 'display board': 0, 'hoarding': 0, 'pamphlet': 0, 'leaflet': 0, 'banner': 0}","{'floodlight': 0, 'flood light': 0, 'street light': 0, 'solar street light': 0, 'high mast light': 0, 'gas pipeline': 0, 'sports complex': 0, 'stadium': 0, 'cricket': 0, 'football': 0, 'volleyball': 0, 'examination hall': 0, 'cremation ground': 0, 'crematorium': 0, 'burial ground': 0, 'election': 0, 'covid': 0, 'vaccination': 0, 'wedding hall': 0, 'marriage hall': 0, 'kalyan mandap': 0, 'boundary wall': 0, 'compound wall': 0, 'staff quarter': 0, 'quarter building': 0, 'drug warehouse': 0, 'drug ware house': 0, 'godown': 0, 'bio medical waste': 0, 'biomedical waste': 0, 'bmw management': 0, 'waste management': 0}",weak,Monsoon (Jul-Sep),OMBADC,Drinking Water & Hydration,Drinking Water & Hydration,{'Drinking Water & Hydration': {'piped water supply': 2}}
2024_RWSS_103895_1,Identification No.05 of 2024-25,Power Supply of 5 KW load to Rural Piped Water Supply Project to village Ranibhol under Thakurmunda Block (OMBADC),Power Supply of 5 KW load to Rural Piped Water Supply Project to village Ranibhol under Thakurmunda Block (OMBADC),Works,National Competitive Bid,Percentage,Electrical Works,No,No,NA ,26-Jul-2024 09:00 AM,NA ,90.0,No ,No,Online,07-Aug-2024 11:00 AM,Rural Water Supply and Sanitation||RWSS Circle Cuttack||RWSS Division Rairangpur,Rairangpur,757043.0,1.0,"7,87,044",KARTIKA CHANDRA PUSTI,"669,066",Rejected-AOC,05-Mar-2025,Rural Water Supply and Sanitation||RWSS Circle Cuttack||RWSS Division Rairangpur,True,False,"{'heatwave': 0, 'heat wave': 0, 'heat-wave': 0, 'heat stress': 0, 'heat stroke': 0, 'heat action plan': 0, 'heat resilience': 0, 'heat resilient': 0, 'extreme heat': 0, 'high temperature': 0, 'rising temperature': 0, 'heat resistant': 0, 'climate resilient': 0, 'cooling centre': 0, 'cooling center': 0, 'emergency response': 0, 'first aid': 0, 'ambulance': 0, 'ors': 0, 'oral rehydration solution': 0, 'heat stroke treatment': 0, 'sunstroke': 0, 'sun stroke': 0, 'heat related illness': 0, 'heat illness': 0, 'heat exhaustion': 0, 'heat cramp': 0, 'heat rash': 0, 'heat alert': 0, 'heat warning': 0, 'heat advisory': 0, 'heat hotline': 0, 'satark': 0, 'early warning system': 0, 'saline': 0, 'iv fluid': 0, 'rapid response team': 0, 'mobile health unit': 0, 'relief chamber': 0, 'heat stroke ward': 0, 'heat stroke bed': 0, 'drinking water': 0, 'water kiosk': 0, 'water atm': 0, 'hydration point': 0, 'hydration centre': 0, 'hydration center': 0, 'cold water': 0, 'tube well': 0, 'tubewell': 0, 'borewell': 0, 'bore well': 0, 'hand pump': 0, 'handpump': 0, 'overhead tank': 0, 'oh tank': 0, 'stand post': 0, 'piped water supply': 2, 'water supply scheme': 0, 'jalachhatra': 0, 'jalachatra': 0, 'jala jogana kendra': 0, 'jal jogana kendra': 0, 'jal seva shibira': 0, 'water tanker': 0, 'water sprinkling': 0, 'cool roof': 0, 'white roof': 0, 'white topping': 0, 'roof insulation': 0, 'thermal insulation': 0, 'heat reflective': 0, 'reflective coating': 0, 'shade net': 0, 'shade structure': 0, 'canopy': 0, 'awning': 0, 'albedo paint': 0, 'albedo painting': 0, 'white painting': 0, 'reflective paint': 0, 'green roof': 0, 'green roofing': 0, 'k glass': 0, 'doubly glazed glass': 0, 'passive cooling': 0, 'air cooler': 0, 'white china mosaic': 0, 'lime based whitewash': 0, 'white tarp': 0, 'acrylic resin coating': 0, 'tree plantation': 0, 'avenue plantation': 0, 'plantation': 0, 'green belt': 0, 'urban forestry': 0, 'urban forest': 0, 'park development': 0, 'shelter belt': 0, 'shade tree': 0, 'vertical garden': 0, 'green space': 0, 'afforestation': 0, 'green campus': 0, 'night shelter': 0, 'transit shelter': 0, 'rest shed': 0, 'waiting shed': 0, 'community hall': 0, 'relief centre': 0, 'relief center': 0, 'bus stand shelter': 0, 'passenger shelter': 0, 'cool shelter': 0, 'rest shade': 0, 'cool resting space': 0, 'cool resting shed': 0, 'passenger shed': 0, 'outreach clinic': 0, 'awareness campaign': 0, 'iec activity': 0, 'iec material': 0, 'capacity building': 0, 'training programme': 0, 'training program': 0, 'mock drill': 0, 'sensitization': 0, 'swasthya kantha': 0, 'do and dont': 0, 'dos and donts': 0, 'display board': 0, 'hoarding': 0, 'pamphlet': 0, 'leaflet': 0, 'banner': 0}","{'floodlight': 0, 'flood light': 0, 'street light': 0, 'solar street light': 0, 'high mast light': 0, 'gas pipeline': 0, 'sports complex': 0, 'stadium': 0, 'cricket': 0, 'football': 0, 'volleyball': 0, 'examination hall': 0, 'cremation ground': 0, 'crematorium': 0, 'burial ground': 0, 'election': 0, 'covid': 0, 'vaccination': 0, 'wedding hall': 0, 'marriage hall': 0, 'kalyan mandap': 0, 'boundary wall': 0, 'compound wall': 0, 'staff quarter': 0, 'quarter building': 0, 'drug warehouse': 0, 'drug ware house': 0, 'godown': 0, 'bio medical waste': 0, 'biomedical waste': 0, 'bmw management': 0, 'waste management': 0}",weak,Monsoon (Jul-Sep),OMBADC,Drinking Water & Hydration,Drinking Water & Hydration,{'Drinking Water & Hydration': {'piped water supply': 2}}
2025_CEBMB_109125_25,e-BEID-02/2024-25,Protection to saline embankment from Sipakuda to Prayagi in between RD 6200m to 6400m.,Protection to Saline Embankment,Works,Open Tender,Percentage,Civil Works - Others,No,No,NA ,07-Jan-2025 10:00 AM,NA ,90.0,No ,No,Online,17-Jan-2025 11:00 AM,"CE-BM,RVN Basin,Berhampur||S.E. Southern Irr. Circle I Berhampur||EE Berhampur Irrigation Divn Berhampur",Berhampur,760004.0,1.0,"11,69,000",DEBAJANI NAYAK,"993,966",Rejected-AOC,20-Mar-2025,"CE-BM,RVN Basin,Berhampur||S.E. Southern Irr. Circle I Berhampur||EE Berhampur Irrigation Divn Berhampur",True,False,"{'heatwave': 0, 'heat wave': 0, 'heat-wave': 0, 'heat stress': 0, 'heat stroke': 0, 'heat action plan': 0, 'heat resilience': 0, 'heat resilient': 0, 'extreme heat': 0, 'high temperature': 0, 'rising temperature': 0, 'heat resistant': 0, 'climate resilient': 0, 'cooling centre': 0, 'cooling center': 0, 'emergency response': 0, 'first aid': 0, 'ambulance': 0, 'ors': 0, 'oral rehydration solution': 0, 'heat stroke treatment': 0, 'sunstroke': 0, 'sun stroke': 0, 'heat related illness': 0, 'heat illness': 0, 'heat exhaustion': 0, 'heat cramp': 0, 'heat rash': 0, 'heat alert': 0, 'heat warning': 0, 'heat advisory': 0, 'heat hotline': 0, 'satark': 0, 'early warning system': 0, 'saline': 2, 'iv fluid': 0, 'rapid response team': 0, 'mobile health unit': 0, 'relief chamber': 0, 'heat stroke ward': 0, 'heat stroke bed': 0, 'drinking water': 0, 'water kiosk': 0, 'water atm': 0, 'hydration point': 0, 'hydration centre': 0, 'hydration center': 0, 'cold water': 0, 'tube well': 0, 'tubewell': 0, 'borewell': 0, 'bore well': 0, 'hand pump': 0, 'handpump': 0, 'overhead tank': 0, 'oh tank': 0, 'stand post': 0, 'piped water supply': 0, 'water supply scheme': 0, 'jalachhatra': 0, 'jalachatra': 0, 'jala jogana kendra': 0, 'jal jogana kendra': 0, 'jal seva shibira': 0, 'water tanker': 0, 'water sprinkling': 0, 'cool roof': 0, 'white roof': 0, 'white topping': 0, 'roof insulation': 0, 'thermal insulation': 0, 'heat reflective': 0, 'reflective coating': 0, 'shade net': 0, 'shade structure': 0, 'canopy': 0, 'awning': 0, 'albedo paint': 0, 'albedo painting': 0, 'white painting': 0, 'reflective paint': 0, 'green roof': 0, 'green roofing': 0, 'k glass': 0, 'doubly glazed glass': 0, 'passive cooling': 0, 'air cooler': 0, 'white china mosaic': 0, 'lime based whitewash': 0, 'white tarp': 0, 'acrylic resin coating': 0, 'tree plantation': 0, 'avenue plantation': 0, 'plantation': 0, 'green belt': 0, 'urban forestry': 0, 'urban forest': 0, 'park development': 0, 'shelter belt': 0, 'shade tree': 0, 'vertical garden': 0, 'green space': 0, 'afforestation': 0, 'green campus': 0, 'night shelter': 0, 'transit shelter': 0, 'rest shed': 0, 'waiting shed': 0, 'community hall': 0, 'relief centre': 0, 'relief center': 0, 'bus stand shelter': 0, 'passenger shelter': 0, 'cool shelter': 0, 'rest shade': 0, 'cool resting space': 0, 'cool resting shed': 0, 'passenger shed': 0, 'outreach clinic': 0, 'awareness campaign': 0, 'iec activity': 0, 'iec material': 0, 'capacity building': 0, 'training programme': 0, 'training program': 0, 'mock drill': 0, 'sensitization': 0, 'swasthya kantha': 0, 'do and dont': 0, 'dos and donts': 0, 'display board': 0, 'hoarding': 0, 'pamphlet': 0, 'leaflet': 0, 'banner': 0}","{'floodlight': 0, 'flood light': 0, 'street light': 0, 'solar street light': 0, 'high mast light': 0, 'gas pipeline': 0, 'sports complex': 0, 'stadium': 0, 'cricket': 0, 'football': 0, 'volleyball': 0, 'examination hall': 0, 'cremation ground': 0, 'crematorium': 0, 'burial ground': 0, 'election': 0, 'covid': 0, 'vaccination': 0, 'wedding hall': 0, 'marriage hall': 0, 'kalyan mandap': 0, 'boundary wall': 0, 'compound wall': 0, 'staff quarter': 0, 'quarter building': 0, 'drug warehouse': 0, 'drug ware house': 0, 'godown': 0, 'bio medical waste': 0, 'biomedical waste': 0, 'bmw management': 0, 'waste management': 0}",weak,Pre-Summer (Jan-Feb),,Heatwave & Emergency Response,Heatwave & Emergency Response,{'Heatwave & Emergency Response': {'saline': 2}}
2025_CEBMB_109125_19,e-BEID-02/2024-25,Renovation of VRB and CD of Diandein saline embankment.,Improvement to Saline Embankment,Works,Open Tender,Percentage,Civil Works - Others,No,No,NA ,07-Jan-2025 10:00 AM,NA ,90.0,No ,No,Online,17-Jan-2025 11:00 AM,"CE-BM,RVN Basin,Berhampur||S.E. Southern Irr. Circle I Berhampur||EE Berhampur Irrigation Divn Berhampur",Berhampur,760004.0,1.0,"10,39,000",K.Narasingha Patro,"883,629",Rejected-AOC,20-Mar-2025,"CE-BM,RVN Basin,Berhampur||S.E. Southern Irr. Circle I Berhampur||EE Berhampur Irrigation Divn Berhampur",True,False,"{'heatwave': 0, 'heat wave': 0, 'heat-wave': 0, 'heat stress': 0, 'heat stroke': 0, 'heat action plan': 0, 'heat resilience': 0, 'heat resilient': 0, 'extreme heat': 0, 'high temperature': 0, 'rising temperature': 0, 'heat resistant': 0, 'climate resilient': 0, 'cooling centre': 0, 'cooling center': 0, 'emergency response': 0, 'first aid': 0, 'ambulance': 0, 'ors': 0, 'oral rehydration solution': 0, 'heat stroke treatment': 0, 'sunstroke': 0, 'sun stroke': 0, 'heat related illness': 0, 'heat illness': 0, 'heat exhaustion': 0, 'heat cramp': 0, 'heat rash': 0, 'heat alert': 0, 'heat warning': 0, 'heat advisory': 0, 'heat hotline': 0, 'satark': 0, 'early warning system': 0, 'saline': 2, 'iv fluid': 0, 'rapid response team': 0, 'mobile health unit': 0, 'relief chamber': 0, 'heat stroke ward': 0, 'heat stroke bed': 0, 'drinking water': 0, 'water kiosk': 0, 'water atm': 0, 'hydration point': 0, 'hydration centre': 0, 'hydration center': 0, 'cold water': 0, 'tube well': 0, 'tubewell': 0, 'borewell': 0, 'bore well': 0, 'hand pump': 0, 'handpump': 0, 'overhead tank': 0, 'oh tank': 0, 'stand post': 0, 'piped water supply': 0, 'water supply scheme': 0, 'jalachhatra': 0, 'jalachatra': 0, 'jala jogana kendra': 0, 'jal jogana kendra': 0, 'jal seva shibira': 0, 'water tanker': 0, 'water sprinkling': 0, 'cool roof': 0, 'white roof': 0, 'white topping': 0, 'roof insulation': 0, 'thermal insulation': 0, 'heat reflective': 0, 'reflective coating': 0, 'shade net': 0, 'shade structure': 0, 'canopy': 0, 'awning': 0, 'albedo paint': 0, 'albedo painting': 0, 'white painting': 0, 'reflective paint': 0, 'green roof': 0, 'green roofing': 0, 'k glass': 0, 'doubly glazed glass': 0, 'passive cooling': 0, 'air cooler': 0, 'white china mosaic': 0, 'lime based whitewash': 0, 'white tarp': 0, 'acrylic resin coating': 0, 'tree plantation': 0, 'avenue plantation': 0, 'plantation': 0, 'green belt': 0, 'urban forestry': 0, 'urban forest': 0, 'park development': 0, 'shelter belt': 0, 'shade tree': 0, 'vertical garden': 0, 'green space': 0, 'afforestation': 0, 'green campus': 0, 'night shelter': 0, 'transit shelter': 0, 'rest shed': 0, 'waiting shed': 0, 'community hall': 0, 'relief centre': 0, 'relief center': 0, 'bus stand shelter': 0, 'passenger shelter': 0, 'cool shelter': 0, 'rest shade': 0, 'cool resting space': 0, 'cool resting shed': 0, 'passenger shed': 0, 'outreach clinic': 0, 'awareness campaign': 0, 'iec activity': 0, 'iec material': 0, 'capacity building': 0, 'training programme': 0, 'training program': 0, 'mock drill': 0, 'sensitization': 0, 'swasthya kantha': 0, 'do and dont': 0, 'dos and donts': 0, 'display board': 0, 'hoarding': 0, 'pamphlet': 0, 'leaflet': 0, 'banner': 0}","{'floodlight': 0, 'flood light': 0, 'street light': 0, 'solar street light': 0, 'high mast light': 0, 'gas pipeline': 0, 'sports complex': 0, 'stadium': 0, 'cricket': 0, 'football': 0, 'volleyball': 0, 'examination hall': 0, 'cremation ground': 0, 'crematorium': 0, 'burial ground': 0, 'election': 0, 'covid': 0, 'vaccination': 0, 'wedding hall': 0, 'marriage hall': 0, 'kalyan mandap': 0, 'boundary wall': 0, 'compound wall': 0, 'staff quarter': 0, 'quarter building': 0, 'drug warehouse': 0, 'drug ware house': 0, 'godown': 0, 'bio medical waste': 0, 'biomedical waste': 0, 'bmw management': 0, 'waste management': 0}",weak,Pre-Summer (Jan-Feb),,Heatwave & Emergency Response,Heatwave & Emergency Response,{'Heatwave & Emergency Response': {'saline': 2}}
2024_RWSS_104195_1,Identification No.08 of 2024-25,Power Supply of 5 KW load to Rural Piped Water Supply Project to village Dubapal under Thakurmunda Block (OMBADC),Power Supply of 5 KW load to Rural Piped Water Supply Project to village Dubapal under Thakurmunda Block (OMBADC),Works,National Competitive Bid,Percentage,Electrical Works,No,No,NA ,10-Aug-2024 09:00 AM,NA ,90.0,No ,No,Online,22-Aug-2024 11:00 AM,Rural Water Supply and Sanitation||RWSS Circle Cuttack||RWSS Division Rairangpur,Rairangpur,757043.0,1.0,"5,23,507",SARBESWAR MOHANTA,"445,033",Rejected-AOC,01-Mar-2025,Rural Water Supply and Sanitation||RWSS Circle Cuttack||RWSS Division Rairangpur,True,False,"{'heatwave': 0, 'heat wave': 0, 'heat-wave': 0, 'heat stress': 0, 'heat stroke': 0, 'heat action plan': 0, 'heat resilience': 0, 'heat resilient': 0, 'extreme heat': 0, 'high temperature': 0, 'rising temperature': 0, 'heat resistant': 0, 'climate resilient': 0, 'cooling centre': 0, 'cooling center': 0, 'emergency response': 0, 'first aid': 0, 'ambulance': 0, 'ors': 0, 'oral rehydration solution': 0, 'heat stroke treatment': 0, 'sunstroke': 0, 'sun stroke': 0, 'heat related illness': 0, 'heat illness': 0, 'heat exhaustion': 0, 'heat cramp': 0, 'heat rash': 0, 'heat alert': 0, 'heat warning': 0, 'heat advisory': 0, 'heat hotline': 0, 'satark': 0, 'early warning system': 0, 'saline': 0, 'iv fluid': 0, 'rapid response team': 0, 'mobile health unit': 0, 'relief chamber': 0, 'heat stroke ward': 0, 'heat stroke bed': 0, 'drinking water': 0, 'water kiosk': 0, 'water atm': 0, 'hydration point': 0, 'hydration centre': 0, 'hydration center': 0, 'cold water': 0, 'tube well': 0, 'tubewell': 0, 'borewell': 0, 'bore well': 0, 'hand pump': 0, 'handpump': 0, 'overhead tank': 0, 'oh tank': 0, 'stand post': 0, 'piped water supply': 2, 'water supply scheme': 0, 'jalachhatra': 0, 'jalachatra': 0, 'jala jogana kendra': 0, 'jal jogana kendra': 0, 'jal seva shibira': 0, 'water tanker': 0, 'water sprinkling': 0, 'cool roof': 0, 'white roof': 0, 'white topping': 0, 'roof insulation': 0, 'thermal insulation': 0, 'heat reflective': 0, 'reflective coating': 0, 'shade net': 0, 'shade structure': 0, 'canopy': 0, 'awning': 0, 'albedo paint': 0, 'albedo painting': 0, 'white painting': 0, 'reflective paint': 0, 'green roof': 0, 'green roofing': 0, 'k glass': 0, 'doubly glazed glass': 0, 'passive cooling': 0, 'air cooler': 0, 'white china mosaic': 0, 'lime based whitewash': 0, 'white tarp': 0, 'acrylic resin coating': 0, 'tree plantation': 0, 'avenue plantation': 0, 'plantation': 0, 'green belt': 0, 'urban forestry': 0, 'urban forest': 0, 'park development': 0, 'shelter belt': 0, 'shade tree': 0, 'vertical garden': 0, 'green space': 0, 'afforestation': 0, 'green campus': 0, 'night shelter': 0, 'transit shelter': 0, 'rest shed': 0, 'waiting shed': 0, 'community hall': 0, 'relief centre': 0, 'relief center': 0, 'bus stand shelter': 0, 'passenger shelter': 0, 'cool shelter': 0, 'rest shade': 0, 'cool resting space': 0, 'cool resting shed': 0, 'passenger shed': 0, 'outreach clinic': 0, 'awareness campaign': 0, 'iec activity': 0, 'iec material': 0, 'capacity building': 0, 'training programme': 0, 'training program': 0, 'mock drill': 0, 'sensitization': 0, 'swasthya kantha': 0, 'do and dont': 0, 'dos and donts': 0, 'display board': 0, 'hoarding': 0, 'pamphlet': 0, 'leaflet': 0, 'banner': 0}","{'floodlight': 0, 'flood light': 0, 'street light': 0, 'solar street light': 0, 'high mast light': 0, 'gas pipeline': 0, 'sports complex': 0, 'stadium': 0, 'cricket': 0, 'football': 0, 'volleyball': 0, 'examination hall': 0, 'cremation ground': 0, 'crematorium': 0, 'burial ground': 0, 'election': 0, 'covid': 0, 'vaccination': 0, 'wedding hall': 0, 'marriage hall': 0, 'kalyan mandap': 0, 'boundary wall': 0, 'compound wall': 0, 'staff quarter': 0, 'quarter building': 0, 'drug warehouse': 0, 'drug ware house': 0, 'godown': 0, 'bio medical waste': 0, 'biomedical waste': 0, 'bmw management': 0, 'waste management': 0}",weak,Monsoon (Jul-Sep),OMBADC,Drinking Water & Hydration,Drinking Water & Hydration,{'Drinking Water & Hydration': {'piped water supply': 2}}
2025_CERWI_109636_2,RWKSNG-online-05/24-25,S/R to Revenue rest shed at M.Rampur for the year 24-25,S/R to Revenue rest shed at M.Rampur for the year 24-25,Works,Open Tender,Percentage,Civil Works - Buildings,No,No,NA ,20-Jan-2025 06:00 PM,NA ,90.0,No ,No,Online,31-Jan-2025 11:00 AM,CE RW I||RWCIRCLE-BHAWANIPATNA||RW Division Kesinga,KESINGA,766012.0,1.0,"4,19,300",DOLAMANI CHOUDHURY,"356,447",Rejected-Finance,16-Mar-2025,CE RW I||RWCIRCLE-BHAWANIPATNA||RW Division Kesinga,True,False,"{'heatwave': 0, 'heat wave': 0, 'heat-wave': 0, 'heat stress': 0, 'heat stroke': 0, 'heat action plan': 0, 'heat resilience': 0, 'heat resilient': 0, 'extreme heat': 0, 'high temperature': 0, 'rising temperature': 0, 'heat resistant': 0, 'climate resilient': 0, 'cooling centre': 0, 'cooling center': 0, 'emergency response': 0, 'first aid': 0, 'ambulance': 0, 'ors': 0, 'oral rehydration solution': 0, 'heat stroke treatment': 0, 'sunstroke': 0, 'sun stroke': 0, 'heat related illness': 0, 'heat illness': 0, 'heat exhaustion': 0, 'heat cramp': 0, 'heat rash': 0, 'heat alert': 0, 'heat warning': 0, 'heat advisory': 0, 'heat hotline': 0, 'satark': 0, 'early warning system': 0, 'saline': 0, 'iv fluid': 0, 'rapid response team': 0, 'mobile health unit': 0, 'relief chamber': 0, 'heat stroke ward': 0, 'heat stroke bed': 0, 'drinking water': 0, 'water kiosk': 0, 'water atm': 0, 'hydration point': 0, 'hydration centre': 0, 'hydration center': 0, 'cold water': 0, 'tube well': 0, 'tubewell': 0, 'borewell': 0, 'bore well': 0, 'hand pump': 0, 'handpump': 0, 'overhead tank': 0, 'oh tank': 0, 'stand post': 0, 'piped water supply': 0, 'water supply scheme': 0, 'jalachhatra': 0, 'jalachatra': 0, 'jala jogana kendra': 0, 'jal jogana kendra': 0, 'jal seva shibira': 0, 'water tanker': 0, 'water sprinkling': 0, 'cool roof': 0, 'white roof': 0, 'white topping': 0, 'roof insulation': 0, 'thermal insulation': 0, 'heat reflective': 0, 'reflective coating': 0, 'shade net': 0, 'shade structure': 0, 'canopy': 0, 'awning': 0, 'albedo paint': 0, 'albedo painting': 0, 'white painting': 0, 'reflective paint': 0, 'green roof': 0, 'green roofing': 0, 'k glass': 0, 'doubly glazed glass': 0, 'passive cooling': 0, 'air cooler': 0, 'white china mosaic': 0, 'lime based whitewash': 0, 'white tarp': 0, 'acrylic resin coating': 0, 'tree plantation': 0, 'avenue plantation': 0, 'plantation': 0, 'green belt': 0, 'urban forestry': 0, 'urban forest': 0, 'park development': 0, 'shelter belt': 0, 'shade tree': 0, 'vertical garden': 0, 'green space': 0, 'afforestation': 0, 'green campus': 0, 'night shelter': 0, 'transit shelter': 0, 'rest shed': 2, 'waiting shed': 0, 'community hall': 0, 'relief centre': 0, 'relief center': 0, 'bus stand shelter': 0, 'passenger shelter': 0, 'cool shelter': 0, 'rest shade': 0, 'cool resting space': 0, 'cool resting shed': 0, 'passenger shed': 0, 'outreach clinic': 0, 'awareness campaign': 0, 'iec activity': 0, 'iec material': 0, 'capacity building': 0, 'training programme': 0, 'training program': 0, 'mock drill': 0, 'sensitization': 0, 'swasthya kantha': 0, 'do and dont': 0, 'dos and donts': 0, 'display board': 0, 'hoarding': 0, 'pamphlet': 0, 'leaflet': 0, 'banner': 0}","{'floodlight': 0, 'flood light': 0, 'street light': 0, 'solar street light': 0, 'high mast light': 0, 'gas pipeline': 0, 'sports complex': 0, 'stadium': 0, 'cricket': 0, 'football': 0, 'volleyball': 0, 'examination hall': 0, 'cremation ground': 0, 'crematorium': 0, 'burial ground': 0, 'election': 0, 'covid': 0, 'vaccination': 0, 'wedding hall': 0, 'marriage hall': 0, 'kalyan mandap': 0, 'boundary wall': 0, 'compound wall': 0, 'staff quarter': 0, 'quarter building': 0, 'drug warehouse': 0, 'drug ware house': 0, 'godown': 0, 'bio medical waste': 0, 'biomedical waste': 0, 'bmw management': 0, 'waste management': 0}",weak,Pre-Summer (Jan-Feb),,Shelter & Rest Infrastructure,Shelter & Rest Infrastructure,{'Shelter & Rest Infrastructure': {'rest shed': 2}}
2025_CEBMB_109125_24,e-BEID-02/2024-25,Renovation of Inlet structure at RD 260m of Sipakuda to Prayagi Saline embankment.,Renovation of embankment,Works,Open Tender,Percentage,Civil Works - Others,No,No,NA ,07-Jan-2025 10:00 AM,NA ,90.0,No ,No,Online,17-Jan-2025 11:00 AM,"CE-BM,RVN Basin,Berhampur||S.E. Southern Irr. Circle I Berhampur||EE Berhampur Irrigation Divn Berhampur",Berhampur,760004.0,1.0,"22,35,000",M Krishna Murty Reddy,"1,899,670",Rejected-AOC,13-Mar-2025,"CE-BM,RVN Basin,Berhampur||S.E. Southern Irr. Circle I Berhampur||EE Berhampur Irrigation Divn Berhampur",True,False,"{'heatwave': 0, 'heat wave': 0, 'heat-wave': 0, 'heat stress': 0, 'heat stroke': 0, 'heat action plan': 0, 'heat resilience': 0, 'heat resilient': 0, 'extreme heat': 0, 'high temperature': 0, 'rising temperature': 0, 'heat resistant': 0, 'climate resilient': 0, 'cooling centre': 0, 'cooling center': 0, 'emergency response': 0, 'first aid': 0, 'ambulance': 0, 'ors': 0, 'oral rehydration solution': 0, 'heat stroke treatment': 0, 'sunstroke': 0, 'sun stroke': 0, 'heat related illness': 0, 'heat illness': 0, 'heat exhaustion': 0, 'heat cramp': 0, 'heat rash': 0, 'heat alert': 0, 'heat warning': 0, 'heat advisory': 0, 'heat hotline': 0, 'satark': 0, 'early warning system': 0, 'saline': 1, 'iv fluid': 0, 'rapid response team': 0, 'mobile health unit': 0, 'relief chamber': 0, 'heat stroke ward': 0, 'heat stroke bed': 0, 'drinking water': 0, 'water kiosk': 0, 'water atm': 0, 'hydration point': 0, 'hydration centre': 0, 'hydration center': 0, 'cold water': 0, 'tube well': 0, 'tubewell': 0, 'borewell': 0, 'bore well': 0, 'hand pump': 0, 'handpump': 0, 'overhead tank': 0, 'oh tank': 0, 'stand post': 0, 'piped water supply': 0, 'water supply scheme': 0, 'jalachhatra': 0, 'jalachatra': 0, 'jala jogana kendra': 0, 'jal jogana kendra': 0, 'jal seva shibira': 0, 'water tanker': 0, 'water sprinkling': 0, 'cool roof': 0, 'white roof': 0, 'white topping': 0, 'roof insulation': 0, 'thermal insulation': 0, 'heat reflective': 0, 'reflective coating': 0, 'shade net': 0, 'shade structure': 0, 'canopy': 0, 'awning': 0, 'albedo paint': 0, 'albedo painting': 0, 'white painting': 0, 'reflective paint': 0, 'green roof': 0, 'green roofing': 0, 'k glass': 0, 'doubly glazed glass': 0, 'passive cooling': 0, 'air cooler': 0, 'white china mosaic': 0, 'lime based whitewash': 0, 'white tarp': 0, 'acrylic resin coating': 0, 'tree plantation': 0, 'avenue plantation': 0, 'plantation': 0, 'green belt': 0, 'urban forestry': 0, 'urban forest': 0, 'park development': 0, 'shelter belt': 0, 'shade tree': 0, 'vertical garden': 0, 'green space': 0, 'afforestation': 0, 'green campus': 0, 'night shelter': 0, 'transit shelter': 0, 'rest shed': 0, 'waiting shed': 0, 'community hall': 0, 'relief centre': 0, 'relief center': 0, 'bus stand shelter': 0, 'passenger shelter': 0, 'cool shelter': 0, 'rest shade': 0, 'cool resting space': 0, 'cool resting shed': 0, 'passenger shed': 0, 'outreach clinic': 0, 'awareness campaign': 0, 'iec activity': 0, 'iec material': 0, 'capacity building': 0, 'training programme': 0, 'training program': 0, 'mock drill': 0, 'sensitization': 0, 'swasthya kantha': 0, 'do and dont': 0, 'dos and donts': 0, 'display board': 0, 'hoarding': 0, 'pamphlet': 0, 'leaflet': 0, 'banner': 0}","{'floodlight': 0, 'flood light': 0, 'street light': 0, 'solar street light': 0, 'high mast light': 0, 'gas pipeline': 0, 'sports complex': 0, 'stadium': 0, 'cricket': 0, 'football': 0, 'volleyball': 0, 'examination hall': 0, 'cremation ground': 0, 'crematorium': 0, 'burial ground': 0, 'election': 0, 'covid': 0, 'vaccination': 0, 'wedding hall': 0, 'marriage hall': 0, 'kalyan mandap': 0, 'boundary wall': 0, 'compound wall': 0, 'staff quarter': 0, 'quarter building': 0, 'drug warehouse': 0, 'drug ware house': 0, 'godown': 0, 'bio medical waste': 0, 'biomedical waste': 0, 'bmw management': 0, 'waste management': 0}",weak,Pre-Summer (Jan-Feb),,Heatwave & Emergency Response,Heatwave & Emergency Response,{'Heatwave & Emergency Response': {'saline': 1}}
2025_CEBMB_109125_26,e-BEID-02/2024-25,Renovation and Restoration of Sipakuda to Prayagi saline embankment in between RD 3.00 Km to 3.50 Km.,Renovation of saline embankment,Works,Open Tender,Percentage,Civil Works - Others,No,No,NA ,07-Jan-2025 10:00 AM,NA ,90.0,No ,No,Online,17-Jan-2025 11:00 AM,"CE-BM,RVN Basin,Berhampur||S.E. Southern Irr. Circle I Berhampur||EE Berhampur Irrigation Divn Berhampur",Berhampur,760004.0,1.0,"25,58,000",SUKANTA KUMAR TRIPATHY,"2,174,803",Rejected-AOC,20-Mar-2025,"CE-BM,RVN Basin,Berhampur||S.E. Southern Irr. Circle I Berhampur||EE Berhampur Irrigation Divn Berhampur",True,False,"{'heatwave': 0, 'heat wave': 0, 'heat-wave': 0, 'heat stress': 0, 'heat stroke': 0, 'heat action plan': 0, 'heat resilience': 0, 'heat resilient': 0, 'extreme heat': 0, 'high temperature': 0, 'rising temperature': 0, 'heat resistant': 0, 'climate resilient': 0, 'cooling centre': 0, 'cooling center': 0, 'emergency response': 0, 'first aid': 0, 'ambulance': 0, 'ors': 0, 'oral rehydration solution': 0, 'heat stroke treatment': 0, 'sunstroke': 0, 'sun stroke': 0, 'heat related illness': 0, 'heat illness': 0, 'heat exhaustion': 0, 'heat cramp': 0, 'heat rash': 0, 'heat alert': 0, 'heat warning': 0, 'heat advisory': 0, 'heat hotline': 0, 'satark': 0, 'early warning system': 0, 'saline': 2, 'iv fluid': 0, 'rapid response team': 0, 'mobile health unit': 0, 'relief chamber': 0, 'heat stroke ward': 0, 'heat stroke bed': 0, 'drinking water': 0, 'water kiosk': 0, 'water atm': 0, 'hydration point': 0, 'hydration centre': 0, 'hydration center': 0, 'cold water': 0, 'tube well': 0, 'tubewell': 0, 'borewell': 0, 'bore well': 0, 'hand pump': 0, 'handpump': 0, 'overhead tank': 0, 'oh tank': 0, 'stand post': 0, 'piped water supply': 0, 'water supply scheme': 0, 'jalachhatra': 0, 'jalachatra': 0, 'jala jogana kendra': 0, 'jal jogana kendra': 0, 'jal seva shibira': 0, 'water tanker': 0, 'water sprinkling': 0, 'cool roof': 0, 'white roof': 0, 'white topping': 0, 'roof insulation': 0, 'thermal insulation': 0, 'heat reflective': 0, 'reflective coating': 0, 'shade net': 0, 'shade structure': 0, 'canopy': 0, 'awning': 0, 'albedo paint': 0, 'albedo painting': 0, 'white painting': 0, 'reflective paint': 0, 'green roof': 0, 'green roofing': 0, 'k glass': 0, 'doubly glazed glass': 0, 'passive cooling': 0, 'air cooler': 0, 'white china mosaic': 0, 'lime based whitewash': 0, 'white tarp': 0, 'acrylic resin coating': 0, 'tree plantation': 0, 'avenue plantation': 0, 'plantation': 0, 'green belt': 0, 'urban forestry': 0, 'urban forest': 0, 'park development': 0, 'shelter belt': 0, 'shade tree': 0, 'vertical garden': 0, 'green space': 0, 'afforestation': 0, 'green campus': 0, 'night shelter': 0, 'transit shelter': 0, 'rest shed': 0, 'waiting shed': 0, 'community hall': 0, 'relief centre': 0, 'relief center': 0, 'bus stand shelter': 0, 'passenger shelter': 0, 'cool shelter': 0, 'rest shade': 0, 'cool resting space': 0, 'cool resting shed': 0, 'passenger shed': 0, 'outreach clinic': 0, 'awareness campaign': 0, 'iec activity': 0, 'iec material': 0, 'capacity building': 0, 'training programme': 0, 'training program': 0, 'mock drill': 0, 'sensitization': 0, 'swasthya kantha': 0, 'do and dont': 0, 'dos and donts': 0, 'display board': 0, 'hoarding': 0, 'pamphlet': 0, 'leaflet': 0, 'banner': 0}","{'floodlight': 0, 'flood light': 0, 'street light': 0, 'solar street light': 0, 'high mast light': 0, 'gas pipeline': 0, 'sports complex': 0, 'stadium': 0, 'cricket': 0, 'football': 0, 'volleyball': 0, 'examination hall': 0, 'cremation ground': 0, 'crematorium': 0, 'burial ground': 0, 'election': 0, 'covid': 0, 'vaccination': 0, 'wedding hall': 0, 'marriage hall': 0, 'kalyan mandap': 0, 'boundary wall': 0, 'compound wall': 0, 'staff quarter': 0, 'quarter building': 0, 'drug warehouse': 0, 'drug ware house': 0, 'godown': 0, 'bio medical waste': 0, 'biomedical waste': 0, 'bmw management': 0, 'waste management': 0}",weak,Pre-Summer (Jan-Feb),,Heatwave & Emergency Response,Heatwave & Emergency Response,{'Heatwave & Emergency Response': {'saline': 2}}
2024_WCUTT_108123_1,GMWATCO (W)-11(2)/2024-25 Dtd.05.12.2024,"Supplying and Installation of Hot and Cold water with water Purifier at Different Departments at SCBMCH Campus, Cuttack","Supplying and Installation of Hot and Cold water with water Purifier at Different Departments at SCBMCH Campus, Cuttack",Works,National Competitive Bid,Percentage,Civil Works - Water Works,No,No,NA ,10-Dec-2024 01:20 PM,NA ,120.0,No ,No,Online,18-Dec-2024 12:30 PM,WATCO Bhubaneswar||Director (Operation) Watco||WATCO Division Cuttack,Cuttack,753003.0,2.0,"10,39,142",M/s CEF ENGINEERING,"1,006,929",Rejected-AOC,20-Mar-2025,WATCO Bhubaneswar||Director (Operation) Watco||WATCO Division Cuttack,True,False,"{'heatwave': 0, 'heat wave': 0, 'heat-wave': 0, 'heat stress': 0, 'heat stroke': 0, 'heat action plan': 0, 'heat resilience': 0, 'heat resilient': 0, 'extreme heat': 0, 'high temperature': 0, 'rising temperature': 0, 'heat resistant': 0, 'climate resilient': 0, 'cooling centre': 0, 'cooling center': 0, 'emergency response': 0, 'first aid': 0, 'ambulance': 0, 'ors': 0, 'oral rehydration solution': 0, 'heat stroke treatment': 0, 'sunstroke': 0, 'sun stroke': 0, 'heat related illness': 0, 'heat illness': 0, 'heat exhaustion': 0, 'heat cramp': 0, 'heat rash': 0, 'heat alert': 0, 'heat warning': 0, 'heat advisory': 0, 'heat hotline': 0, 'satark': 0, 'early warning system': 0, 'saline': 0, 'iv fluid': 0, 'rapid response team': 0, 'mobile health unit': 0, 'relief chamber': 0, 'heat stroke ward': 0, 'heat stroke bed': 0, 'drinking water': 0, 'water kiosk': 0, 'water atm': 0, 'hydration point': 0, 'hydration centre': 0, 'hydration center': 0, 'cold water': 2, 'tube well': 0, 'tubewell': 0, 'borewell': 0, 'bore well': 0, 'hand pump': 0, 'handpump': 0, 'overhead tank': 0, 'oh tank': 0, 'stand post': 0, 'piped water supply': 0, 'water supply scheme': 0, 'jalachhatra': 0, 'jalachatra': 0, 'jala jogana kendra': 0, 'jal jogana kendra': 0, 'jal seva shibira': 0, 'water tanker': 0, 'water sprinkling': 0, 'cool roof': 0, 'white roof': 0, 'white topping': 0, 'roof insulation': 0, 'thermal insulation': 0, 'heat reflective': 0, 'reflective coating': 0, 'shade net': 0, 'shade structure': 0, 'canopy': 0, 'awning': 0, 'albedo paint': 0, 'albedo painting': 0, 'white painting': 0, 'reflective paint': 0, 'green roof': 0, 'green roofing': 0, 'k glass': 0, 'doubly glazed glass': 0, 'passive cooling': 0, 'air cooler': 0, 'white china mosaic': 0, 'lime based whitewash': 0, 'white tarp': 0, 'acrylic resin coating': 0, 'tree plantation': 0, 'avenue plantation': 0, 'plantation': 0, 'green belt': 0, 'urban forestry': 0, 'urban forest': 0, 'park development': 0, 'shelter belt': 0, 'shade tree': 0, 'vertical garden': 0, 'green space': 0, 'afforestation': 0, 'green campus': 0, 'night shelter': 0, 'transit shelter': 0, 'rest shed': 0, 'waiting shed': 0, 'community hall': 0, 'relief centre': 0, 'relief center': 0, 'bus stand shelter': 0, 'passenger shelter': 0, 'cool shelter': 0, 'rest shade': 0, 'cool resting space': 0, 'cool resting shed': 0, 'passenger shed': 0, 'outreach clinic': 0, 'awareness campaign': 0, 'iec activity': 0, 'iec material': 0, 'capacity building': 0, 'training programme': 0, 'training program': 0, 'mock drill': 0, 'sensitization': 0, 'swasthya kantha': 0, 'do and dont': 0, 'dos and donts': 0, 'display board': 0, 'hoarding': 0, 'pamphlet': 0, 'leaflet': 0, 'banner': 0}","{'floodlight': 0, 'flood light': 0, 'street light': 0, 'solar street light': 0, 'high mast light': 0, 'gas pipeline': 0, 'sports complex': 0, 'stadium': 0, 'cricket': 0, 'football': 0, 'volleyball': 0, 'examination hall': 0, 'cremation ground': 0, 'crematorium': 0, 'burial ground': 0, 'election': 0, 'covid': 0, 'vaccination': 0, 'wedding hall': 0, 'marriage hall': 0, 'kalyan mandap': 0, 'boundary wall': 0, 'compound wall': 0, 'staff quarter': 0, 'quarter building': 0, 'drug warehouse': 0, 'drug ware house': 0, 'godown': 0, 'bio medical waste': 0, 'biomedical waste': 0, 'bmw management': 0, 'waste management': 0}",weak,Post-Monsoon / Winter (Oct-Dec),,Drinking Water & Hydration,Drinking Water & Hydration,{'Drinking Water & Hydration': {'cold water': 2}}
2024_RWSS_104195_3,Identification No.08 of 2024-25,Power Supply of 5 KW load to Rural Piped Water Supply Project to village Khaparkhai-I under Thakurmunda Block (OMBADC),Power Supply of 5 KW load to Rural Piped Water Supply Project to village Khaparkhai-I under Thakurmunda Block (OMBADC),Works,National Competitive Bid,Percentage,Electrical Works,No,No,NA ,10-Aug-2024 09:00 AM,NA ,90.0,No ,No,Online,22-Aug-2024 11:00 AM,Rural Water Supply and Sanitation||RWSS Circle Cuttack||RWSS Division Rairangpur,Rairangpur,757043.0,1.0,"5,76,854",M/S SHREELAXMI ENTERPRISERS,"490,384",Rejected-AOC,05-Mar-2025,Rural Water Supply and Sanitation||RWSS Circle Cuttack||RWSS Division Rairangpur,True,False,"{'heatwave': 0, 'heat wave': 0, 'heat-wave': 0, 'heat stress': 0, 'heat stroke': 0, 'heat action plan': 0, 'heat resilience': 0, 'heat resilient': 0, 'extreme heat': 0, 'high temperature': 0, 'rising temperature': 0, 'heat resistant': 0, 'climate resilient': 0, 'cooling centre': 0, 'cooling center': 0, 'emergency response': 0, 'first aid': 0, 'ambulance': 0, 'ors': 0, 'oral rehydration solution': 0, 'heat stroke treatment': 0, 'sunstroke': 0, 'sun stroke': 0, 'heat related illness': 0, 'heat illness': 0, 'heat exhaustion': 0, 'heat cramp': 0, 'heat rash': 0, 'heat alert': 0, 'heat warning': 0, 'heat advisory': 0, 'heat hotline': 0, 'satark': 0, 'early warning system': 0, 'saline': 0, 'iv fluid': 0, 'rapid response team': 0, 'mobile health unit': 0, 'relief chamber': 0, 'heat stroke ward': 0, 'heat stroke bed': 0, 'drinking water': 0, 'water kiosk': 0, 'water atm': 0, 'hydration point': 0, 'hydration centre': 0, 'hydration center': 0, 'cold water': 0, 'tube well': 0, 'tubewell': 0, 'borewell': 0, 'bore well': 0, 'hand pump': 0, 'handpump': 0, 'overhead tank': 0, 'oh tank': 0, 'stand post': 0, 'piped water supply': 2, 'water supply scheme': 0, 'jalachhatra': 0, 'jalachatra': 0, 'jala jogana kendra': 0, 'jal jogana kendra': 0, 'jal seva shibira': 0, 'water tanker': 0, 'water sprinkling': 0, 'cool roof': 0, 'white roof': 0, 'white topping': 0, 'roof insulation': 0, 'thermal insulation': 0, 'heat reflective': 0, 'reflective coating': 0, 'shade net': 0, 'shade structure': 0, 'canopy': 0, 'awning': 0, 'albedo paint': 0, 'albedo painting': 0, 'white painting': 0, 'reflective paint': 0, 'green roof': 0, 'green roofing': 0, 'k glass': 0, 'doubly glazed glass': 0, 'passive cooling': 0, 'air cooler': 0, 'white china mosaic': 0, 'lime based whitewash': 0, 'white tarp': 0, 'acrylic resin coating': 0, 'tree plantation': 0, 'avenue plantation': 0, 'plantation': 0, 'green belt': 0, 'urban forestry': 0, 'urban forest': 0, 'park development': 0, 'shelter belt': 0, 'shade tree': 0, 'vertical garden': 0, 'green space': 0, 'afforestation': 0, 'green campus': 0, 'night shelter': 0, 'transit shelter': 0, 'rest shed': 0, 'waiting shed': 0, 'community hall': 0, 'relief centre': 0, 'relief center': 0, 'bus stand shelter': 0, 'passenger shelter': 0, 'cool shelter': 0, 'rest shade': 0, 'cool resting space': 0, 'cool resting shed': 0, 'passenger shed': 0, 'outreach clinic': 0, 'awareness campaign': 0, 'iec activity': 0, 'iec material': 0, 'capacity building': 0, 'training programme': 0, 'training program': 0, 'mock drill': 0, 'sensitization': 0, 'swasthya kantha': 0, 'do and dont': 0, 'dos and donts': 0, 'display board': 0, 'hoarding': 0, 'pamphlet': 0, 'leaflet': 0, 'banner': 0}","{'floodlight': 0, 'flood light': 0, 'street light': 0, 'solar street light': 0, 'high mast light': 0, 'gas pipeline': 0, 'sports complex': 0, 'stadium': 0, 'cricket': 0, 'football': 0, 'volleyball': 0, 'examination hall': 0, 'cremation ground': 0, 'crematorium': 0, 'burial ground': 0, 'election': 0, 'covid': 0, 'vaccination': 0, 'wedding hall': 0, 'marriage hall': 0, 'kalyan mandap': 0, 'boundary wall': 0, 'compound wall': 0, 'staff quarter': 0, 'quarter building': 0, 'drug warehouse': 0, 'drug ware house': 0, 'godown': 0, 'bio medical waste': 0, 'biomedical waste': 0, 'bmw management': 0, 'waste management': 0}",weak,Monsoon (Jul-Sep),OMBADC,Drinking Water & Hydration,Drinking Water & Hydration,{'Drinking Water & Hydration': {'piped water supply': 2}}
2025_CEBMB_109125_37,e-BEID-02/2024-25,Improvement to the Saline embankment near Jetty of Sunapur village.,Improvement to Saline Embankment,Works,Open Tender,Percentage,Civil Works - Others,No,No,NA ,07-Jan-2025 10:00 AM,NA ,90.0,No ,No,Online,17-Jan-2025 11:00 AM,"CE-BM,RVN Basin,Berhampur||S.E. Southern Irr. Circle I Berhampur||EE Berhampur Irrigation Divn Berhampur",Berhampur,760004.0,1.0,"14,31,000",DEBASIS KUMAR SAHU,"1,216,254",Accepted-AOC,20-Mar-2025,"CE-BM,RVN Basin,Berhampur||S.E. Southern Irr. Circle I Berhampur||EE Berhampur Irrigation Divn Berhampur",True,False,"{'heatwave': 0, 'heat wave': 0, 'heat-wave': 0, 'heat stress': 0, 'heat stroke': 0, 'heat action plan': 0, 'heat resilience': 0, 'heat resilient': 0, 'extreme heat': 0, 'high temperature': 0, 'rising temperature': 0, 'heat resistant': 0, 'climate resilient': 0, 'cooling centre': 0, 'cooling center': 0, 'emergency response': 0, 'first aid': 0, 'ambulance': 0, 'ors': 0, 'oral rehydration solution': 0, 'heat stroke treatment': 0, 'sunstroke': 0, 'sun stroke': 0, 'heat related illness': 0, 'heat illness': 0, 'heat exhaustion': 0, 'heat cramp': 0, 'heat rash': 0, 'heat alert': 0, 'heat warning': 0, 'heat advisory': 0, 'heat hotline': 0, 'satark': 0, 'early warning system': 0, 'saline': 2, 'iv fluid': 0, 'rapid response team': 0, 'mobile health unit': 0, 'relief chamber': 0, 'heat stroke ward': 0, 'heat stroke bed': 0, 'drinking water': 0, 'water kiosk': 0, 'water atm': 0, 'hydration point': 0, 'hydration centre': 0, 'hydration center': 0, 'cold water': 0, 'tube well': 0, 'tubewell': 0, 'borewell': 0, 'bore well': 0, 'hand pump': 0, 'handpump': 0, 'overhead tank': 0, 'oh tank': 0, 'stand post': 0, 'piped water supply': 0, 'water supply scheme': 0, 'jalachhatra': 0, 'jalachatra': 0, 'jala jogana kendra': 0, 'jal jogana kendra': 0, 'jal seva shibira': 0, 'water tanker': 0, 'water sprinkling': 0, 'cool roof': 0, 'white roof': 0, 'white topping': 0, 'roof insulation': 0, 'thermal insulation': 0, 'heat reflective': 0, 'reflective coating': 0, 'shade net': 0, 'shade structure': 0, 'canopy': 0, 'awning': 0, 'albedo paint': 0, 'albedo painting': 0, 'white painting': 0, 'reflective paint': 0, 'green roof': 0, 'green roofing': 0, 'k glass': 0, 'doubly glazed glass': 0, 'passive cooling': 0, 'air cooler': 0, 'white china mosaic': 0, 'lime based whitewash': 0, 'white tarp': 0, 'acrylic resin coating': 0, 'tree plantation': 0, 'avenue plantation': 0, 'plantation': 0, 'green belt': 0, 'urban forestry': 0, 'urban forest': 0, 'park development': 0, 'shelter belt': 0, 'shade tree': 0, 'vertical garden': 0, 'green space': 0, 'afforestation': 0, 'green campus': 0, 'night shelter': 0, 'transit shelter': 0, 'rest shed': 0, 'waiting shed': 0, 'community hall': 0, 'relief centre': 0, 'relief center': 0, 'bus stand shelter': 0, 'passenger shelter': 0, 'cool shelter': 0, 'rest shade': 0, 'cool resting space': 0, 'cool resting shed': 0, 'passenger shed': 0, 'outreach clinic': 0, 'awareness campaign': 0, 'iec activity': 0, 'iec material': 0, 'capacity building': 0, 'training programme': 0, 'training program': 0, 'mock drill': 0, 'sensitization': 0, 'swasthya kantha': 0, 'do and dont': 0, 'dos and donts': 0, 'display board': 0, 'hoarding': 0, 'pamphlet': 0, 'leaflet': 0, 'banner': 0}","{'floodlight': 0, 'flood light': 0, 'street light': 0, 'solar street light': 0, 'high mast light': 0, 'gas pipeline': 0, 'sports complex': 0, 'stadium': 0, 'cricket': 0, 'football': 0, 'volleyball': 0, 'examination hall': 0, 'cremation ground': 0, 'crematorium': 0, 'burial ground': 0, 'election': 0, 'covid': 0, 'vaccination': 0, 'wedding hall': 0, 'marriage hall': 0, 'kalyan mandap': 0, 'boundary wall': 0, 'compound wall': 0, 'staff quarter': 0, 'quarter building': 0, 'drug warehouse': 0, 'drug ware house': 0, 'godown': 0, 'bio medical waste': 0, 'biomedical waste': 0, 'bmw management': 0, 'waste management': 0}",weak,Pre-Summer (Jan-Feb),,Heatwave & Emergency Response,Heatwave & Emergency Response,{'Heatwave & Emergency Response': {'saline': 2}}
2024_ORULB_108487_26,DKL MPLTY/07 /2024-25,Construction of Cold Drinking Water room (4 Nos),AS PER DTCN,Works,Open Tender,Percentage,Civil Works - Others,No,No,NA ,19-Dec-2024 01:00 PM,NA ,120.0,No ,No,Online,30-Dec-2024 11:00 AM,Municipal Bodies||Dhenkanal Municipality,DHENKANAL,759001.0,1.0,,BISWAJIT MANSINGH,"373,647",Accepted-AOC,11-Mar-2025,Municipal Bodies||Dhenkanal Municipality,True,False,"{'heatwave': 0, 'heat wave': 0, 'heat-wave': 0, 'heat stress': 0, 'heat stroke': 0, 'heat action plan': 0, 'heat resilience': 0, 'heat resilient': 0, 'extreme heat': 0, 'high temperature': 0, 'rising temperature': 0, 'heat resistant': 0, 'climate resilient': 0, 'cooling centre': 0, 'cooling center': 0, 'emergency response': 0, 'first aid': 0, 'ambulance': 0, 'ors': 0, 'oral rehydration solution': 0, 'heat stroke treatment': 0, 'sunstroke': 0, 'sun stroke': 0, 'heat related illness': 0, 'heat illness': 0, 'heat exhaustion': 0, 'heat cramp': 0, 'heat rash': 0, 'heat alert': 0, 'heat warning': 0, 'heat advisory': 0, 'heat hotline': 0, 'satark': 0, 'early warning system': 0, 'saline': 0, 'iv fluid': 0, 'rapid response team': 0, 'mobile health unit': 0, 'relief chamber': 0, 'heat stroke ward': 0, 'heat stroke bed': 0, 'drinking water': 1, 'water kiosk': 0, 'water atm': 0, 'hydration point': 0, 'hydration centre': 0, 'hydration center': 0, 'cold water': 0, 'tube well': 0, 'tubewell': 0, 'borewell': 0, 'bore well': 0, 'hand pump': 0, 'handpump': 0, 'overhead tank': 0, 'oh tank': 0, 'stand post': 0, 'piped water supply': 0, 'water supply scheme': 0, 'jalachhatra': 0, 'jalachatra': 0, 'jala jogana kendra': 0, 'jal jogana kendra': 0, 'jal seva shibira': 0, 'water tanker': 0, 'water sprinkling': 0, 'cool roof': 0, 'white roof': 0, 'white topping': 0, 'roof insulation': 0, 'thermal insulation': 0, 'heat reflective': 0, 'reflective coating': 0, 'shade net': 0, 'shade structure': 0, 'canopy': 0, 'awning': 0, 'albedo paint': 0, 'albedo painting': 0, 'white painting': 0, 'reflective paint': 0, 'green roof': 0, 'green roofing': 0, 'k glass': 0, 'doubly glazed glass': 0, 'passive cooling': 0, 'air cooler': 0, 'white china mosaic': 0, 'lime based whitewash': 0, 'white tarp': 0, 'acrylic resin coating': 0, 'tree plantation': 0, 'avenue plantation': 0, 'plantation': 0, 'green belt': 0, 'urban forestry': 0, 'urban forest': 0, 'park development': 0, 'shelter belt': 0, 'shade tree': 0, 'vertical garden': 0, 'green space': 0, 'afforestation': 0, 'green campus': 0, 'night shelter': 0, 'transit shelter': 0, 'rest shed': 0, 'waiting shed': 0, 'community hall': 0, 'relief centre': 0, 'relief center': 0, 'bus stand shelter': 0, 'passenger shelter': 0, 'cool shelter': 0, 'rest shade': 0, 'cool resting space': 0, 'cool resting shed': 0, 'passenger shed': 0, 'outreach clinic': 0, 'awareness campaign': 0, 'iec activity': 0, 'iec material': 0, 'capacity building': 0, 'training programme': 0, 'training program': 0, 'mock drill': 0, 'sensitization': 0, 'swasthya kantha': 0, 'do and dont': 0, 'dos and donts': 0, 'display board': 0, 'hoarding': 0, 'pamphlet': 0, 'leaflet': 0, 'banner': 0}","{'floodlight': 0, 'flood light': 0, 'street light': 0, 'solar street light': 0, 'high mast light': 0, 'gas pipeline': 0, 'sports complex': 0, 'stadium': 0, 'cricket': 0, 'football': 0, 'volleyball': 0, 'examination hall': 0, 'cremation ground': 0, 'crematorium': 0, 'burial ground': 0, 'election': 0, 'covid': 0, 'vaccination': 0, 'wedding hall': 0, 'marriage hall': 0, 'kalyan mandap': 0, 'boundary wall': 0, 'compound wall': 0, 'staff quarter': 0, 'quarter building': 0, 'drug warehouse': 0, 'drug ware house': 0, 'godown': 0, 'bio medical waste': 0, 'biomedical waste': 0, 'bmw management': 0, 'waste management': 0}",weak,Post-Monsoon / Winter (Oct-Dec),,Drinking Water & Hydration,Drinking Water & Hydration,{'Drinking Water & Hydration': {'drinking water': 1}}
