Tender ID,tender_externalreference,tender_title,Work Description,Tender Category,Tender Type,Form of contract,Product Category,Is Multi Currency Allowed For BOQ,Allow Two Stage Bidding,Independent External Monitor/Remarks,Published Date,Pre Bid Meeting Date,Bid Validity(Days),Should Allow NDA Tender,Allow Preferential Bidder,Payment Mode,Bid Opening Date,Organisation Chain,location,Pincode,No of Bids Received,Tender Value in ₹,Bidder Name,Awarded Value,Status,Contract Date :,Department,is_heat_tender,is_strong_heat_tender,positive_keywords_dict,negative_keywords_dict,heat_signal,Season,Scheme,Response Type,Heat Response - Themes,Heat Response - Subhead
2025_AULE_120859_12,e-Procurement Notice No.AED-15 OF 2025-26,AUL 12 Protection to Scoured bank on Gobari Right from RD 5200 M to 5280 M of Mahakalapada Chhapali Saline Embankment,Protection to Scoured bank on Gobari Right from RD 5200 M to 5280 M of Mahakalapada Chhapali Saline Embankment,Works,Open Tender,Percentage,Civil Works - Others,No,No,NA ,07-Nov-2025 10:00 AM,NA ,90.0,No ,No,Online,18-Nov-2025 11:00 AM,CE AND BM MBBS CHANDIKOLE||EASTERN CIRCLE II CHANDIKOLE||AUL Embankment Div AUL,Aul,754219.0,2.0,"66,54,581",RAMESH KUMAR DALAI,"5,657,059",Rejected-Finance,22-May-2026,CE AND BM MBBS CHANDIKOLE||EASTERN CIRCLE II CHANDIKOLE||AUL Embankment Div AUL,True,False,"{'heatwave': 0, 'heat wave': 0, 'heat-wave': 0, 'heat stress': 0, 'heat stroke': 0, 'heat action plan': 0, 'heat resilience': 0, 'heat resilient': 0, 'extreme heat': 0, 'high temperature': 0, 'rising temperature': 0, 'heat resistant': 0, 'climate resilient': 0, 'cooling centre': 0, 'cooling center': 0, 'emergency response': 0, 'first aid': 0, 'ambulance': 0, 'ors': 0, 'oral rehydration solution': 0, 'heat stroke treatment': 0, 'sunstroke': 0, 'sun stroke': 0, 'heat related illness': 0, 'heat illness': 0, 'heat exhaustion': 0, 'heat cramp': 0, 'heat rash': 0, 'heat alert': 0, 'heat warning': 0, 'heat advisory': 0, 'heat hotline': 0, 'satark': 0, 'early warning system': 0, 'saline': 2, 'iv fluid': 0, 'rapid response team': 0, 'mobile health unit': 0, 'relief chamber': 0, 'heat stroke ward': 0, 'heat stroke bed': 0, 'drinking water': 0, 'water kiosk': 0, 'water atm': 0, 'hydration point': 0, 'hydration centre': 0, 'hydration center': 0, 'cold water': 0, 'tube well': 0, 'tubewell': 0, 'borewell': 0, 'bore well': 0, 'hand pump': 0, 'handpump': 0, 'overhead tank': 0, 'oh tank': 0, 'stand post': 0, 'piped water supply': 0, 'water supply scheme': 0, 'jalachhatra': 0, 'jalachatra': 0, 'jala jogana kendra': 0, 'jal jogana kendra': 0, 'jal seva shibira': 0, 'water tanker': 0, 'water sprinkling': 0, 'cool roof': 0, 'white roof': 0, 'white topping': 0, 'roof insulation': 0, 'thermal insulation': 0, 'heat reflective': 0, 'reflective coating': 0, 'shade net': 0, 'shade structure': 0, 'canopy': 0, 'awning': 0, 'albedo paint': 0, 'albedo painting': 0, 'white painting': 0, 'reflective paint': 0, 'green roof': 0, 'green roofing': 0, 'k glass': 0, 'doubly glazed glass': 0, 'passive cooling': 0, 'air cooler': 0, 'white china mosaic': 0, 'lime based whitewash': 0, 'white tarp': 0, 'acrylic resin coating': 0, 'tree plantation': 0, 'avenue plantation': 0, 'plantation': 0, 'green belt': 0, 'urban forestry': 0, 'urban forest': 0, 'park development': 0, 'shelter belt': 0, 'shade tree': 0, 'vertical garden': 0, 'green space': 0, 'afforestation': 0, 'green campus': 0, 'night shelter': 0, 'transit shelter': 0, 'rest shed': 0, 'waiting shed': 0, 'community hall': 0, 'relief centre': 0, 'relief center': 0, 'bus stand shelter': 0, 'passenger shelter': 0, 'cool shelter': 0, 'rest shade': 0, 'cool resting space': 0, 'cool resting shed': 0, 'passenger shed': 0, 'outreach clinic': 0, 'awareness campaign': 0, 'iec activity': 0, 'iec material': 0, 'capacity building': 0, 'training programme': 0, 'training program': 0, 'mock drill': 0, 'sensitization': 0, 'swasthya kantha': 0, 'do and dont': 0, 'dos and donts': 0, 'display board': 0, 'hoarding': 0, 'pamphlet': 0, 'leaflet': 0, 'banner': 0}","{'floodlight': 0, 'flood light': 0, 'street light': 0, 'solar street light': 0, 'high mast light': 0, 'gas pipeline': 0, 'sports complex': 0, 'stadium': 0, 'cricket': 0, 'football': 0, 'volleyball': 0, 'examination hall': 0, 'cremation ground': 0, 'crematorium': 0, 'burial ground': 0, 'election': 0, 'covid': 0, 'vaccination': 0, 'wedding hall': 0, 'marriage hall': 0, 'kalyan mandap': 0, 'boundary wall': 0, 'compound wall': 0, 'staff quarter': 0, 'quarter building': 0, 'drug warehouse': 0, 'drug ware house': 0, 'godown': 0, 'bio medical waste': 0, 'biomedical waste': 0, 'bmw management': 0, 'waste management': 0}",weak,Post-Monsoon / Winter (Oct-Dec),,Heatwave & Emergency Response,Heatwave & Emergency Response,{'Heatwave & Emergency Response': {'saline': 2}}
2025_WCUTT_121650_1,GMWATCO (W)-11(3)/2025-26 Dtd.17.11.2025,"Construction of DRINKING WATER KIOSK at Ward No- 59 under WATCO Section Chhatrabazar-II, Cuttack","Construction of DRINKING WATER KIOSK at Ward No- 59 under WATCO Section Chhatrabazar-II, Cuttack",Works,National Competitive Bid,Percentage,Civil Works - Water Works,No,No,NA ,20-Nov-2025 02:25 PM,NA ,120.0,No ,No,Online,29-Nov-2025 12:30 PM,WATCO Bhubaneswar||Director (Operation) Watco||WATCO Division Cuttack,Cuttack,753003.0,1.0,"7,31,518",SANTOSH KUMAR MOHAPATRA,"621,863",Rejected-AOC,29-May-2026,WATCO Bhubaneswar||Director (Operation) Watco||WATCO Division Cuttack,True,True,"{'heatwave': 0, 'heat wave': 0, 'heat-wave': 0, 'heat stress': 0, 'heat stroke': 0, 'heat action plan': 0, 'heat resilience': 0, 'heat resilient': 0, 'extreme heat': 0, 'high temperature': 0, 'rising temperature': 0, 'heat resistant': 0, 'climate resilient': 0, 'cooling centre': 0, 'cooling center': 0, 'emergency response': 0, 'first aid': 0, 'ambulance': 0, 'ors': 0, 'oral rehydration solution': 0, 'heat stroke treatment': 0, 'sunstroke': 0, 'sun stroke': 0, 'heat related illness': 0, 'heat illness': 0, 'heat exhaustion': 0, 'heat cramp': 0, 'heat rash': 0, 'heat alert': 0, 'heat warning': 0, 'heat advisory': 0, 'heat hotline': 0, 'satark': 0, 'early warning system': 0, 'saline': 0, 'iv fluid': 0, 'rapid response team': 0, 'mobile health unit': 0, 'relief chamber': 0, 'heat stroke ward': 0, 'heat stroke bed': 0, 'drinking water': 2, 'water kiosk': 2, 'water atm': 0, 'hydration point': 0, 'hydration centre': 0, 'hydration center': 0, 'cold water': 0, 'tube well': 0, 'tubewell': 0, 'borewell': 0, 'bore well': 0, 'hand pump': 0, 'handpump': 0, 'overhead tank': 0, 'oh tank': 0, 'stand post': 0, 'piped water supply': 0, 'water supply scheme': 0, 'jalachhatra': 0, 'jalachatra': 0, 'jala jogana kendra': 0, 'jal jogana kendra': 0, 'jal seva shibira': 0, 'water tanker': 0, 'water sprinkling': 0, 'cool roof': 0, 'white roof': 0, 'white topping': 0, 'roof insulation': 0, 'thermal insulation': 0, 'heat reflective': 0, 'reflective coating': 0, 'shade net': 0, 'shade structure': 0, 'canopy': 0, 'awning': 0, 'albedo paint': 0, 'albedo painting': 0, 'white painting': 0, 'reflective paint': 0, 'green roof': 0, 'green roofing': 0, 'k glass': 0, 'doubly glazed glass': 0, 'passive cooling': 0, 'air cooler': 0, 'white china mosaic': 0, 'lime based whitewash': 0, 'white tarp': 0, 'acrylic resin coating': 0, 'tree plantation': 0, 'avenue plantation': 0, 'plantation': 0, 'green belt': 0, 'urban forestry': 0, 'urban forest': 0, 'park development': 0, 'shelter belt': 0, 'shade tree': 0, 'vertical garden': 0, 'green space': 0, 'afforestation': 0, 'green campus': 0, 'night shelter': 0, 'transit shelter': 0, 'rest shed': 0, 'waiting shed': 0, 'community hall': 0, 'relief centre': 0, 'relief center': 0, 'bus stand shelter': 0, 'passenger shelter': 0, 'cool shelter': 0, 'rest shade': 0, 'cool resting space': 0, 'cool resting shed': 0, 'passenger shed': 0, 'outreach clinic': 0, 'awareness campaign': 0, 'iec activity': 0, 'iec material': 0, 'capacity building': 0, 'training programme': 0, 'training program': 0, 'mock drill': 0, 'sensitization': 0, 'swasthya kantha': 0, 'do and dont': 0, 'dos and donts': 0, 'display board': 0, 'hoarding': 0, 'pamphlet': 0, 'leaflet': 0, 'banner': 0}","{'floodlight': 0, 'flood light': 0, 'street light': 0, 'solar street light': 0, 'high mast light': 0, 'gas pipeline': 0, 'sports complex': 0, 'stadium': 0, 'cricket': 0, 'football': 0, 'volleyball': 0, 'examination hall': 0, 'cremation ground': 0, 'crematorium': 0, 'burial ground': 0, 'election': 0, 'covid': 0, 'vaccination': 0, 'wedding hall': 0, 'marriage hall': 0, 'kalyan mandap': 0, 'boundary wall': 0, 'compound wall': 0, 'staff quarter': 0, 'quarter building': 0, 'drug warehouse': 0, 'drug ware house': 0, 'godown': 0, 'bio medical waste': 0, 'biomedical waste': 0, 'bmw management': 0, 'waste management': 0}",strong,Post-Monsoon / Winter (Oct-Dec),,Drinking Water & Hydration,Drinking Water & Hydration,"{'Drinking Water & Hydration': {'drinking water': 2, 'water kiosk': 2}}"
2026_ORULB_128125_4,EO/BPHM/01/26-27,Construction of Community Hall at Hariom Nagar ward no -13,Construction of Community Hall at Hariom Nagar ward no -13,Works,Open Tender,Percentage,Civil Works - Buildings,No,No,NA ,17-Apr-2026 10:00 AM,NA ,90.0,No ,No,Online,02-May-2026 11:00 AM,Municipal Bodies||Belpahar Municipal Council,Belpahar Municipality,768218.0,1.0,"15,00,000",M/S SASWAT ENTERPRISES,"1,500,000",Rejected-AOC,30-May-2026,Municipal Bodies||Belpahar Municipal Council,True,False,"{'heatwave': 0, 'heat wave': 0, 'heat-wave': 0, 'heat stress': 0, 'heat stroke': 0, 'heat action plan': 0, 'heat resilience': 0, 'heat resilient': 0, 'extreme heat': 0, 'high temperature': 0, 'rising temperature': 0, 'heat resistant': 0, 'climate resilient': 0, 'cooling centre': 0, 'cooling center': 0, 'emergency response': 0, 'first aid': 0, 'ambulance': 0, 'ors': 0, 'oral rehydration solution': 0, 'heat stroke treatment': 0, 'sunstroke': 0, 'sun stroke': 0, 'heat related illness': 0, 'heat illness': 0, 'heat exhaustion': 0, 'heat cramp': 0, 'heat rash': 0, 'heat alert': 0, 'heat warning': 0, 'heat advisory': 0, 'heat hotline': 0, 'satark': 0, 'early warning system': 0, 'saline': 0, 'iv fluid': 0, 'rapid response team': 0, 'mobile health unit': 0, 'relief chamber': 0, 'heat stroke ward': 0, 'heat stroke bed': 0, 'drinking water': 0, 'water kiosk': 0, 'water atm': 0, 'hydration point': 0, 'hydration centre': 0, 'hydration center': 0, 'cold water': 0, 'tube well': 0, 'tubewell': 0, 'borewell': 0, 'bore well': 0, 'hand pump': 0, 'handpump': 0, 'overhead tank': 0, 'oh tank': 0, 'stand post': 0, 'piped water supply': 0, 'water supply scheme': 0, 'jalachhatra': 0, 'jalachatra': 0, 'jala jogana kendra': 0, 'jal jogana kendra': 0, 'jal seva shibira': 0, 'water tanker': 0, 'water sprinkling': 0, 'cool roof': 0, 'white roof': 0, 'white topping': 0, 'roof insulation': 0, 'thermal insulation': 0, 'heat reflective': 0, 'reflective coating': 0, 'shade net': 0, 'shade structure': 0, 'canopy': 0, 'awning': 0, 'albedo paint': 0, 'albedo painting': 0, 'white painting': 0, 'reflective paint': 0, 'green roof': 0, 'green roofing': 0, 'k glass': 0, 'doubly glazed glass': 0, 'passive cooling': 0, 'air cooler': 0, 'white china mosaic': 0, 'lime based whitewash': 0, 'white tarp': 0, 'acrylic resin coating': 0, 'tree plantation': 0, 'avenue plantation': 0, 'plantation': 0, 'green belt': 0, 'urban forestry': 0, 'urban forest': 0, 'park development': 0, 'shelter belt': 0, 'shade tree': 0, 'vertical garden': 0, 'green space': 0, 'afforestation': 0, 'green campus': 0, 'night shelter': 0, 'transit shelter': 0, 'rest shed': 0, 'waiting shed': 0, 'community hall': 2, 'relief centre': 0, 'relief center': 0, 'bus stand shelter': 0, 'passenger shelter': 0, 'cool shelter': 0, 'rest shade': 0, 'cool resting space': 0, 'cool resting shed': 0, 'passenger shed': 0, 'outreach clinic': 0, 'awareness campaign': 0, 'iec activity': 0, 'iec material': 0, 'capacity building': 0, 'training programme': 0, 'training program': 0, 'mock drill': 0, 'sensitization': 0, 'swasthya kantha': 0, 'do and dont': 0, 'dos and donts': 0, 'display board': 0, 'hoarding': 0, 'pamphlet': 0, 'leaflet': 0, 'banner': 0}","{'floodlight': 0, 'flood light': 0, 'street light': 0, 'solar street light': 0, 'high mast light': 0, 'gas pipeline': 0, 'sports complex': 0, 'stadium': 0, 'cricket': 0, 'football': 0, 'volleyball': 0, 'examination hall': 0, 'cremation ground': 0, 'crematorium': 0, 'burial ground': 0, 'election': 0, 'covid': 0, 'vaccination': 0, 'wedding hall': 0, 'marriage hall': 0, 'kalyan mandap': 0, 'boundary wall': 0, 'compound wall': 0, 'staff quarter': 0, 'quarter building': 0, 'drug warehouse': 0, 'drug ware house': 0, 'godown': 0, 'bio medical waste': 0, 'biomedical waste': 0, 'bmw management': 0, 'waste management': 0}",weak,Summer / Heatwave (Mar-Jun),,Shelter & Rest Infrastructure,Shelter & Rest Infrastructure,{'Shelter & Rest Infrastructure': {'community hall': 2}}
2026_CERWI_125450_1,RWDKNJ-11/2025-26,Construction of attendant rest shed building at Keshidiha PHC under Thakurmunda block under OMBADC for the year 2022-23.,Construction of attendant rest shed building at Keshidiha PHC under Thakurmunda block under OMBADC for the year 2022-23.,Works,Open Tender,Percentage,Civil Works - Buildings,No,No,NA ,03-Feb-2026 11:00 AM,NA ,90.0,No ,No,Online,10-Feb-2026 11:00 AM,CE RW I||RWCIRCLE-BARIPADA||RW Division Karanjia,Mayurbhanj,757037.0,1.0,"26,89,120",PADMALOCHAN PANDA,"2,688,851",Rejected-AOC,30-May-2026,CE RW I||RWCIRCLE-BARIPADA||RW Division Karanjia,True,False,"{'heatwave': 0, 'heat wave': 0, 'heat-wave': 0, 'heat stress': 0, 'heat stroke': 0, 'heat action plan': 0, 'heat resilience': 0, 'heat resilient': 0, 'extreme heat': 0, 'high temperature': 0, 'rising temperature': 0, 'heat resistant': 0, 'climate resilient': 0, 'cooling centre': 0, 'cooling center': 0, 'emergency response': 0, 'first aid': 0, 'ambulance': 0, 'ors': 0, 'oral rehydration solution': 0, 'heat stroke treatment': 0, 'sunstroke': 0, 'sun stroke': 0, 'heat related illness': 0, 'heat illness': 0, 'heat exhaustion': 0, 'heat cramp': 0, 'heat rash': 0, 'heat alert': 0, 'heat warning': 0, 'heat advisory': 0, 'heat hotline': 0, 'satark': 0, 'early warning system': 0, 'saline': 0, 'iv fluid': 0, 'rapid response team': 0, 'mobile health unit': 0, 'relief chamber': 0, 'heat stroke ward': 0, 'heat stroke bed': 0, 'drinking water': 0, 'water kiosk': 0, 'water atm': 0, 'hydration point': 0, 'hydration centre': 0, 'hydration center': 0, 'cold water': 0, 'tube well': 0, 'tubewell': 0, 'borewell': 0, 'bore well': 0, 'hand pump': 0, 'handpump': 0, 'overhead tank': 0, 'oh tank': 0, 'stand post': 0, 'piped water supply': 0, 'water supply scheme': 0, 'jalachhatra': 0, 'jalachatra': 0, 'jala jogana kendra': 0, 'jal jogana kendra': 0, 'jal seva shibira': 0, 'water tanker': 0, 'water sprinkling': 0, 'cool roof': 0, 'white roof': 0, 'white topping': 0, 'roof insulation': 0, 'thermal insulation': 0, 'heat reflective': 0, 'reflective coating': 0, 'shade net': 0, 'shade structure': 0, 'canopy': 0, 'awning': 0, 'albedo paint': 0, 'albedo painting': 0, 'white painting': 0, 'reflective paint': 0, 'green roof': 0, 'green roofing': 0, 'k glass': 0, 'doubly glazed glass': 0, 'passive cooling': 0, 'air cooler': 0, 'white china mosaic': 0, 'lime based whitewash': 0, 'white tarp': 0, 'acrylic resin coating': 0, 'tree plantation': 0, 'avenue plantation': 0, 'plantation': 0, 'green belt': 0, 'urban forestry': 0, 'urban forest': 0, 'park development': 0, 'shelter belt': 0, 'shade tree': 0, 'vertical garden': 0, 'green space': 0, 'afforestation': 0, 'green campus': 0, 'night shelter': 0, 'transit shelter': 0, 'rest shed': 2, 'waiting shed': 0, 'community hall': 0, 'relief centre': 0, 'relief center': 0, 'bus stand shelter': 0, 'passenger shelter': 0, 'cool shelter': 0, 'rest shade': 0, 'cool resting space': 0, 'cool resting shed': 0, 'passenger shed': 0, 'outreach clinic': 0, 'awareness campaign': 0, 'iec activity': 0, 'iec material': 0, 'capacity building': 0, 'training programme': 0, 'training program': 0, 'mock drill': 0, 'sensitization': 0, 'swasthya kantha': 0, 'do and dont': 0, 'dos and donts': 0, 'display board': 0, 'hoarding': 0, 'pamphlet': 0, 'leaflet': 0, 'banner': 0}","{'floodlight': 0, 'flood light': 0, 'street light': 0, 'solar street light': 0, 'high mast light': 0, 'gas pipeline': 0, 'sports complex': 0, 'stadium': 0, 'cricket': 0, 'football': 0, 'volleyball': 0, 'examination hall': 0, 'cremation ground': 0, 'crematorium': 0, 'burial ground': 0, 'election': 0, 'covid': 0, 'vaccination': 0, 'wedding hall': 0, 'marriage hall': 0, 'kalyan mandap': 0, 'boundary wall': 0, 'compound wall': 0, 'staff quarter': 0, 'quarter building': 0, 'drug warehouse': 0, 'drug ware house': 0, 'godown': 0, 'bio medical waste': 0, 'biomedical waste': 0, 'bmw management': 0, 'waste management': 0}",weak,Pre-Summer (Jan-Feb),OMBADC,Shelter & Rest Infrastructure,Shelter & Rest Infrastructure,{'Shelter & Rest Infrastructure': {'rest shed': 2}}
2026_ORULB_124113_9,EO/ PDPM/ W_05_MSBY/ 2025-26,Construction of a community hall near Drama Padia at CHA colony in Ward No. 11,Construction of a community hall near Drama Padia at CHA colony in Ward No. 11,Works,Open Tender,Percentage,Civil Works - Others,No,No,NA ,03-Jan-2026 05:30 PM,NA ,120.0,No ,No,Online,15-Jan-2026 11:30 AM,Municipal Bodies||Paradeep Municipality,Paradeep Municipality,754142.0,1.0,"11,12,616",PRASANT KUMAR BARIK,"1,273,700",Rejected-Finance,18-May-2026,Municipal Bodies||Paradeep Municipality,True,False,"{'heatwave': 0, 'heat wave': 0, 'heat-wave': 0, 'heat stress': 0, 'heat stroke': 0, 'heat action plan': 0, 'heat resilience': 0, 'heat resilient': 0, 'extreme heat': 0, 'high temperature': 0, 'rising temperature': 0, 'heat resistant': 0, 'climate resilient': 0, 'cooling centre': 0, 'cooling center': 0, 'emergency response': 0, 'first aid': 0, 'ambulance': 0, 'ors': 0, 'oral rehydration solution': 0, 'heat stroke treatment': 0, 'sunstroke': 0, 'sun stroke': 0, 'heat related illness': 0, 'heat illness': 0, 'heat exhaustion': 0, 'heat cramp': 0, 'heat rash': 0, 'heat alert': 0, 'heat warning': 0, 'heat advisory': 0, 'heat hotline': 0, 'satark': 0, 'early warning system': 0, 'saline': 0, 'iv fluid': 0, 'rapid response team': 0, 'mobile health unit': 0, 'relief chamber': 0, 'heat stroke ward': 0, 'heat stroke bed': 0, 'drinking water': 0, 'water kiosk': 0, 'water atm': 0, 'hydration point': 0, 'hydration centre': 0, 'hydration center': 0, 'cold water': 0, 'tube well': 0, 'tubewell': 0, 'borewell': 0, 'bore well': 0, 'hand pump': 0, 'handpump': 0, 'overhead tank': 0, 'oh tank': 0, 'stand post': 0, 'piped water supply': 0, 'water supply scheme': 0, 'jalachhatra': 0, 'jalachatra': 0, 'jala jogana kendra': 0, 'jal jogana kendra': 0, 'jal seva shibira': 0, 'water tanker': 0, 'water sprinkling': 0, 'cool roof': 0, 'white roof': 0, 'white topping': 0, 'roof insulation': 0, 'thermal insulation': 0, 'heat reflective': 0, 'reflective coating': 0, 'shade net': 0, 'shade structure': 0, 'canopy': 0, 'awning': 0, 'albedo paint': 0, 'albedo painting': 0, 'white painting': 0, 'reflective paint': 0, 'green roof': 0, 'green roofing': 0, 'k glass': 0, 'doubly glazed glass': 0, 'passive cooling': 0, 'air cooler': 0, 'white china mosaic': 0, 'lime based whitewash': 0, 'white tarp': 0, 'acrylic resin coating': 0, 'tree plantation': 0, 'avenue plantation': 0, 'plantation': 0, 'green belt': 0, 'urban forestry': 0, 'urban forest': 0, 'park development': 0, 'shelter belt': 0, 'shade tree': 0, 'vertical garden': 0, 'green space': 0, 'afforestation': 0, 'green campus': 0, 'night shelter': 0, 'transit shelter': 0, 'rest shed': 0, 'waiting shed': 0, 'community hall': 2, 'relief centre': 0, 'relief center': 0, 'bus stand shelter': 0, 'passenger shelter': 0, 'cool shelter': 0, 'rest shade': 0, 'cool resting space': 0, 'cool resting shed': 0, 'passenger shed': 0, 'outreach clinic': 0, 'awareness campaign': 0, 'iec activity': 0, 'iec material': 0, 'capacity building': 0, 'training programme': 0, 'training program': 0, 'mock drill': 0, 'sensitization': 0, 'swasthya kantha': 0, 'do and dont': 0, 'dos and donts': 0, 'display board': 0, 'hoarding': 0, 'pamphlet': 0, 'leaflet': 0, 'banner': 0}","{'floodlight': 0, 'flood light': 0, 'street light': 0, 'solar street light': 0, 'high mast light': 0, 'gas pipeline': 0, 'sports complex': 0, 'stadium': 0, 'cricket': 0, 'football': 0, 'volleyball': 0, 'examination hall': 0, 'cremation ground': 0, 'crematorium': 0, 'burial ground': 0, 'election': 0, 'covid': 0, 'vaccination': 0, 'wedding hall': 0, 'marriage hall': 0, 'kalyan mandap': 0, 'boundary wall': 0, 'compound wall': 0, 'staff quarter': 0, 'quarter building': 0, 'drug warehouse': 0, 'drug ware house': 0, 'godown': 0, 'bio medical waste': 0, 'biomedical waste': 0, 'bmw management': 0, 'waste management': 0}",weak,Pre-Summer (Jan-Feb),,Shelter & Rest Infrastructure,Shelter & Rest Infrastructure,{'Shelter & Rest Infrastructure': {'community hall': 2}}
2025_AULE_120859_13,e-Procurement Notice No.AED-15 OF 2025-26,AUL 14 Protection to Scoured bank on Gobari Right from RD 3300 M to 3390 M of Mahakalapada Chhapali Saline Embankment,Protection to Scoured bank on Gobari Right from RD 3300 M to 3390 M of Mahakalapada Chhapali Saline Embankment,Works,Open Tender,Percentage,Civil Works - Others,No,No,NA ,07-Nov-2025 10:00 AM,NA ,90.0,No ,No,Online,18-Nov-2025 11:00 AM,CE AND BM MBBS CHANDIKOLE||EASTERN CIRCLE II CHANDIKOLE||AUL Embankment Div AUL,Aul,754219.0,2.0,"67,72,237",Silpa Dani,"5,757,078",Rejected-Finance,22-May-2026,CE AND BM MBBS CHANDIKOLE||EASTERN CIRCLE II CHANDIKOLE||AUL Embankment Div AUL,True,False,"{'heatwave': 0, 'heat wave': 0, 'heat-wave': 0, 'heat stress': 0, 'heat stroke': 0, 'heat action plan': 0, 'heat resilience': 0, 'heat resilient': 0, 'extreme heat': 0, 'high temperature': 0, 'rising temperature': 0, 'heat resistant': 0, 'climate resilient': 0, 'cooling centre': 0, 'cooling center': 0, 'emergency response': 0, 'first aid': 0, 'ambulance': 0, 'ors': 0, 'oral rehydration solution': 0, 'heat stroke treatment': 0, 'sunstroke': 0, 'sun stroke': 0, 'heat related illness': 0, 'heat illness': 0, 'heat exhaustion': 0, 'heat cramp': 0, 'heat rash': 0, 'heat alert': 0, 'heat warning': 0, 'heat advisory': 0, 'heat hotline': 0, 'satark': 0, 'early warning system': 0, 'saline': 2, 'iv fluid': 0, 'rapid response team': 0, 'mobile health unit': 0, 'relief chamber': 0, 'heat stroke ward': 0, 'heat stroke bed': 0, 'drinking water': 0, 'water kiosk': 0, 'water atm': 0, 'hydration point': 0, 'hydration centre': 0, 'hydration center': 0, 'cold water': 0, 'tube well': 0, 'tubewell': 0, 'borewell': 0, 'bore well': 0, 'hand pump': 0, 'handpump': 0, 'overhead tank': 0, 'oh tank': 0, 'stand post': 0, 'piped water supply': 0, 'water supply scheme': 0, 'jalachhatra': 0, 'jalachatra': 0, 'jala jogana kendra': 0, 'jal jogana kendra': 0, 'jal seva shibira': 0, 'water tanker': 0, 'water sprinkling': 0, 'cool roof': 0, 'white roof': 0, 'white topping': 0, 'roof insulation': 0, 'thermal insulation': 0, 'heat reflective': 0, 'reflective coating': 0, 'shade net': 0, 'shade structure': 0, 'canopy': 0, 'awning': 0, 'albedo paint': 0, 'albedo painting': 0, 'white painting': 0, 'reflective paint': 0, 'green roof': 0, 'green roofing': 0, 'k glass': 0, 'doubly glazed glass': 0, 'passive cooling': 0, 'air cooler': 0, 'white china mosaic': 0, 'lime based whitewash': 0, 'white tarp': 0, 'acrylic resin coating': 0, 'tree plantation': 0, 'avenue plantation': 0, 'plantation': 0, 'green belt': 0, 'urban forestry': 0, 'urban forest': 0, 'park development': 0, 'shelter belt': 0, 'shade tree': 0, 'vertical garden': 0, 'green space': 0, 'afforestation': 0, 'green campus': 0, 'night shelter': 0, 'transit shelter': 0, 'rest shed': 0, 'waiting shed': 0, 'community hall': 0, 'relief centre': 0, 'relief center': 0, 'bus stand shelter': 0, 'passenger shelter': 0, 'cool shelter': 0, 'rest shade': 0, 'cool resting space': 0, 'cool resting shed': 0, 'passenger shed': 0, 'outreach clinic': 0, 'awareness campaign': 0, 'iec activity': 0, 'iec material': 0, 'capacity building': 0, 'training programme': 0, 'training program': 0, 'mock drill': 0, 'sensitization': 0, 'swasthya kantha': 0, 'do and dont': 0, 'dos and donts': 0, 'display board': 0, 'hoarding': 0, 'pamphlet': 0, 'leaflet': 0, 'banner': 0}","{'floodlight': 0, 'flood light': 0, 'street light': 0, 'solar street light': 0, 'high mast light': 0, 'gas pipeline': 0, 'sports complex': 0, 'stadium': 0, 'cricket': 0, 'football': 0, 'volleyball': 0, 'examination hall': 0, 'cremation ground': 0, 'crematorium': 0, 'burial ground': 0, 'election': 0, 'covid': 0, 'vaccination': 0, 'wedding hall': 0, 'marriage hall': 0, 'kalyan mandap': 0, 'boundary wall': 0, 'compound wall': 0, 'staff quarter': 0, 'quarter building': 0, 'drug warehouse': 0, 'drug ware house': 0, 'godown': 0, 'bio medical waste': 0, 'biomedical waste': 0, 'bmw management': 0, 'waste management': 0}",weak,Post-Monsoon / Winter (Oct-Dec),,Heatwave & Emergency Response,Heatwave & Emergency Response,{'Heatwave & Emergency Response': {'saline': 2}}
2026_CERWI_126308_15,E PROCUREMENT NOTICE NO.RWD-II/KPD-19/25-26,S/R to Revenue Rest shed at Rajnagar for the year 2025-26,S/R to Revenue Rest shed at Rajnagar for the year 2025-26,Works,Open Tender,Percentage,Civil Works - Roads,No,No,NA ,21-Feb-2026 06:20 PM,NA ,90.0,No ,No,Online,27-Feb-2026 05:30 PM,CE RW I||RWCIRCLE-KENDRAPARA||RWDIVISION II-KENDRAPARA,Kendrapda,754211.0,1.0,"3,36,000",BIJAYA KETAN JENA,"338,968",Rejected-Finance,25-May-2026,CE RW I||RWCIRCLE-KENDRAPARA||RWDIVISION II-KENDRAPARA,True,False,"{'heatwave': 0, 'heat wave': 0, 'heat-wave': 0, 'heat stress': 0, 'heat stroke': 0, 'heat action plan': 0, 'heat resilience': 0, 'heat resilient': 0, 'extreme heat': 0, 'high temperature': 0, 'rising temperature': 0, 'heat resistant': 0, 'climate resilient': 0, 'cooling centre': 0, 'cooling center': 0, 'emergency response': 0, 'first aid': 0, 'ambulance': 0, 'ors': 0, 'oral rehydration solution': 0, 'heat stroke treatment': 0, 'sunstroke': 0, 'sun stroke': 0, 'heat related illness': 0, 'heat illness': 0, 'heat exhaustion': 0, 'heat cramp': 0, 'heat rash': 0, 'heat alert': 0, 'heat warning': 0, 'heat advisory': 0, 'heat hotline': 0, 'satark': 0, 'early warning system': 0, 'saline': 0, 'iv fluid': 0, 'rapid response team': 0, 'mobile health unit': 0, 'relief chamber': 0, 'heat stroke ward': 0, 'heat stroke bed': 0, 'drinking water': 0, 'water kiosk': 0, 'water atm': 0, 'hydration point': 0, 'hydration centre': 0, 'hydration center': 0, 'cold water': 0, 'tube well': 0, 'tubewell': 0, 'borewell': 0, 'bore well': 0, 'hand pump': 0, 'handpump': 0, 'overhead tank': 0, 'oh tank': 0, 'stand post': 0, 'piped water supply': 0, 'water supply scheme': 0, 'jalachhatra': 0, 'jalachatra': 0, 'jala jogana kendra': 0, 'jal jogana kendra': 0, 'jal seva shibira': 0, 'water tanker': 0, 'water sprinkling': 0, 'cool roof': 0, 'white roof': 0, 'white topping': 0, 'roof insulation': 0, 'thermal insulation': 0, 'heat reflective': 0, 'reflective coating': 0, 'shade net': 0, 'shade structure': 0, 'canopy': 0, 'awning': 0, 'albedo paint': 0, 'albedo painting': 0, 'white painting': 0, 'reflective paint': 0, 'green roof': 0, 'green roofing': 0, 'k glass': 0, 'doubly glazed glass': 0, 'passive cooling': 0, 'air cooler': 0, 'white china mosaic': 0, 'lime based whitewash': 0, 'white tarp': 0, 'acrylic resin coating': 0, 'tree plantation': 0, 'avenue plantation': 0, 'plantation': 0, 'green belt': 0, 'urban forestry': 0, 'urban forest': 0, 'park development': 0, 'shelter belt': 0, 'shade tree': 0, 'vertical garden': 0, 'green space': 0, 'afforestation': 0, 'green campus': 0, 'night shelter': 0, 'transit shelter': 0, 'rest shed': 2, 'waiting shed': 0, 'community hall': 0, 'relief centre': 0, 'relief center': 0, 'bus stand shelter': 0, 'passenger shelter': 0, 'cool shelter': 0, 'rest shade': 0, 'cool resting space': 0, 'cool resting shed': 0, 'passenger shed': 0, 'outreach clinic': 0, 'awareness campaign': 0, 'iec activity': 0, 'iec material': 0, 'capacity building': 0, 'training programme': 0, 'training program': 0, 'mock drill': 0, 'sensitization': 0, 'swasthya kantha': 0, 'do and dont': 0, 'dos and donts': 0, 'display board': 0, 'hoarding': 0, 'pamphlet': 0, 'leaflet': 0, 'banner': 0}","{'floodlight': 0, 'flood light': 0, 'street light': 0, 'solar street light': 0, 'high mast light': 0, 'gas pipeline': 0, 'sports complex': 0, 'stadium': 0, 'cricket': 0, 'football': 0, 'volleyball': 0, 'examination hall': 0, 'cremation ground': 0, 'crematorium': 0, 'burial ground': 0, 'election': 0, 'covid': 0, 'vaccination': 0, 'wedding hall': 0, 'marriage hall': 0, 'kalyan mandap': 0, 'boundary wall': 0, 'compound wall': 0, 'staff quarter': 0, 'quarter building': 0, 'drug warehouse': 0, 'drug ware house': 0, 'godown': 0, 'bio medical waste': 0, 'biomedical waste': 0, 'bmw management': 0, 'waste management': 0}",weak,Pre-Summer (Jan-Feb),,Shelter & Rest Infrastructure,Shelter & Rest Infrastructure,{'Shelter & Rest Infrastructure': {'rest shed': 2}}
2025_CELBB_116656_10,e PROCUREMENT TENDER CALL NOTICE NO. PID02OF202526,"PID-100, Slope protection to Krushnaprasad saline gherry at RD 9.00 km near village Trichhana",Slope protection to Krushnaprasad saline gherry at RD 9.00 km near village Trichhana,Works,Open Tender,Percentage,Civil Works - Others,No,No,NA ,11-Aug-2025 10:30 AM,NA ,90.0,No ,No,Online,26-Aug-2025 11:00 AM,"CE-BM,LMB Basin,BBSR||SE, Central Irr.Circle, BBSR||EE,Puri Irr Division,Puri",PURI,752003.0,1.0,"31,88,125",BINAPANI SAHOO,"3,188,125",Rejected-Finance,22-Apr-2026,"CE-BM,LMB Basin,BBSR||SE, Central Irr.Circle, BBSR||EE,Puri Irr Division,Puri",True,False,"{'heatwave': 0, 'heat wave': 0, 'heat-wave': 0, 'heat stress': 0, 'heat stroke': 0, 'heat action plan': 0, 'heat resilience': 0, 'heat resilient': 0, 'extreme heat': 0, 'high temperature': 0, 'rising temperature': 0, 'heat resistant': 0, 'climate resilient': 0, 'cooling centre': 0, 'cooling center': 0, 'emergency response': 0, 'first aid': 0, 'ambulance': 0, 'ors': 0, 'oral rehydration solution': 0, 'heat stroke treatment': 0, 'sunstroke': 0, 'sun stroke': 0, 'heat related illness': 0, 'heat illness': 0, 'heat exhaustion': 0, 'heat cramp': 0, 'heat rash': 0, 'heat alert': 0, 'heat warning': 0, 'heat advisory': 0, 'heat hotline': 0, 'satark': 0, 'early warning system': 0, 'saline': 2, 'iv fluid': 0, 'rapid response team': 0, 'mobile health unit': 0, 'relief chamber': 0, 'heat stroke ward': 0, 'heat stroke bed': 0, 'drinking water': 0, 'water kiosk': 0, 'water atm': 0, 'hydration point': 0, 'hydration centre': 0, 'hydration center': 0, 'cold water': 0, 'tube well': 0, 'tubewell': 0, 'borewell': 0, 'bore well': 0, 'hand pump': 0, 'handpump': 0, 'overhead tank': 0, 'oh tank': 0, 'stand post': 0, 'piped water supply': 0, 'water supply scheme': 0, 'jalachhatra': 0, 'jalachatra': 0, 'jala jogana kendra': 0, 'jal jogana kendra': 0, 'jal seva shibira': 0, 'water tanker': 0, 'water sprinkling': 0, 'cool roof': 0, 'white roof': 0, 'white topping': 0, 'roof insulation': 0, 'thermal insulation': 0, 'heat reflective': 0, 'reflective coating': 0, 'shade net': 0, 'shade structure': 0, 'canopy': 0, 'awning': 0, 'albedo paint': 0, 'albedo painting': 0, 'white painting': 0, 'reflective paint': 0, 'green roof': 0, 'green roofing': 0, 'k glass': 0, 'doubly glazed glass': 0, 'passive cooling': 0, 'air cooler': 0, 'white china mosaic': 0, 'lime based whitewash': 0, 'white tarp': 0, 'acrylic resin coating': 0, 'tree plantation': 0, 'avenue plantation': 0, 'plantation': 0, 'green belt': 0, 'urban forestry': 0, 'urban forest': 0, 'park development': 0, 'shelter belt': 0, 'shade tree': 0, 'vertical garden': 0, 'green space': 0, 'afforestation': 0, 'green campus': 0, 'night shelter': 0, 'transit shelter': 0, 'rest shed': 0, 'waiting shed': 0, 'community hall': 0, 'relief centre': 0, 'relief center': 0, 'bus stand shelter': 0, 'passenger shelter': 0, 'cool shelter': 0, 'rest shade': 0, 'cool resting space': 0, 'cool resting shed': 0, 'passenger shed': 0, 'outreach clinic': 0, 'awareness campaign': 0, 'iec activity': 0, 'iec material': 0, 'capacity building': 0, 'training programme': 0, 'training program': 0, 'mock drill': 0, 'sensitization': 0, 'swasthya kantha': 0, 'do and dont': 0, 'dos and donts': 0, 'display board': 0, 'hoarding': 0, 'pamphlet': 0, 'leaflet': 0, 'banner': 0}","{'floodlight': 0, 'flood light': 0, 'street light': 0, 'solar street light': 0, 'high mast light': 0, 'gas pipeline': 0, 'sports complex': 0, 'stadium': 0, 'cricket': 0, 'football': 0, 'volleyball': 0, 'examination hall': 0, 'cremation ground': 0, 'crematorium': 0, 'burial ground': 0, 'election': 0, 'covid': 0, 'vaccination': 0, 'wedding hall': 0, 'marriage hall': 0, 'kalyan mandap': 0, 'boundary wall': 0, 'compound wall': 0, 'staff quarter': 0, 'quarter building': 0, 'drug warehouse': 0, 'drug ware house': 0, 'godown': 0, 'bio medical waste': 0, 'biomedical waste': 0, 'bmw management': 0, 'waste management': 0}",weak,Monsoon (Jul-Sep),,Heatwave & Emergency Response,Heatwave & Emergency Response,{'Heatwave & Emergency Response': {'saline': 2}}
2025_AULE_119654_39,e-Procurement Notice No.AED-14 OF 2025-26,AUL 43 Protection to Scoured bank of Bagapatia Saline Embankment from RD 2.030 KM to 2.095 KM,Protection to Scoured bank of Bagapatia Saline Embankment from RD 2.030 KM to 2.095 KM,Works,Open Tender,Percentage,Civil Works - Others,No,No,NA ,18-Oct-2025 10:00 AM,NA ,90.0,No ,No,Online,28-Oct-2025 11:00 AM,CE AND BM MBBS CHANDIKOLE||EASTERN CIRCLE II CHANDIKOLE||AUL Embankment Div AUL,AUL,754219.0,2.0,"82,79,900",ARABIND BEHERA,"7,038,743",Rejected-Finance,20-May-2026,CE AND BM MBBS CHANDIKOLE||EASTERN CIRCLE II CHANDIKOLE||AUL Embankment Div AUL,True,False,"{'heatwave': 0, 'heat wave': 0, 'heat-wave': 0, 'heat stress': 0, 'heat stroke': 0, 'heat action plan': 0, 'heat resilience': 0, 'heat resilient': 0, 'extreme heat': 0, 'high temperature': 0, 'rising temperature': 0, 'heat resistant': 0, 'climate resilient': 0, 'cooling centre': 0, 'cooling center': 0, 'emergency response': 0, 'first aid': 0, 'ambulance': 0, 'ors': 0, 'oral rehydration solution': 0, 'heat stroke treatment': 0, 'sunstroke': 0, 'sun stroke': 0, 'heat related illness': 0, 'heat illness': 0, 'heat exhaustion': 0, 'heat cramp': 0, 'heat rash': 0, 'heat alert': 0, 'heat warning': 0, 'heat advisory': 0, 'heat hotline': 0, 'satark': 0, 'early warning system': 0, 'saline': 2, 'iv fluid': 0, 'rapid response team': 0, 'mobile health unit': 0, 'relief chamber': 0, 'heat stroke ward': 0, 'heat stroke bed': 0, 'drinking water': 0, 'water kiosk': 0, 'water atm': 0, 'hydration point': 0, 'hydration centre': 0, 'hydration center': 0, 'cold water': 0, 'tube well': 0, 'tubewell': 0, 'borewell': 0, 'bore well': 0, 'hand pump': 0, 'handpump': 0, 'overhead tank': 0, 'oh tank': 0, 'stand post': 0, 'piped water supply': 0, 'water supply scheme': 0, 'jalachhatra': 0, 'jalachatra': 0, 'jala jogana kendra': 0, 'jal jogana kendra': 0, 'jal seva shibira': 0, 'water tanker': 0, 'water sprinkling': 0, 'cool roof': 0, 'white roof': 0, 'white topping': 0, 'roof insulation': 0, 'thermal insulation': 0, 'heat reflective': 0, 'reflective coating': 0, 'shade net': 0, 'shade structure': 0, 'canopy': 0, 'awning': 0, 'albedo paint': 0, 'albedo painting': 0, 'white painting': 0, 'reflective paint': 0, 'green roof': 0, 'green roofing': 0, 'k glass': 0, 'doubly glazed glass': 0, 'passive cooling': 0, 'air cooler': 0, 'white china mosaic': 0, 'lime based whitewash': 0, 'white tarp': 0, 'acrylic resin coating': 0, 'tree plantation': 0, 'avenue plantation': 0, 'plantation': 0, 'green belt': 0, 'urban forestry': 0, 'urban forest': 0, 'park development': 0, 'shelter belt': 0, 'shade tree': 0, 'vertical garden': 0, 'green space': 0, 'afforestation': 0, 'green campus': 0, 'night shelter': 0, 'transit shelter': 0, 'rest shed': 0, 'waiting shed': 0, 'community hall': 0, 'relief centre': 0, 'relief center': 0, 'bus stand shelter': 0, 'passenger shelter': 0, 'cool shelter': 0, 'rest shade': 0, 'cool resting space': 0, 'cool resting shed': 0, 'passenger shed': 0, 'outreach clinic': 0, 'awareness campaign': 0, 'iec activity': 0, 'iec material': 0, 'capacity building': 0, 'training programme': 0, 'training program': 0, 'mock drill': 0, 'sensitization': 0, 'swasthya kantha': 0, 'do and dont': 0, 'dos and donts': 0, 'display board': 0, 'hoarding': 0, 'pamphlet': 0, 'leaflet': 0, 'banner': 0}","{'floodlight': 0, 'flood light': 0, 'street light': 0, 'solar street light': 0, 'high mast light': 0, 'gas pipeline': 0, 'sports complex': 0, 'stadium': 0, 'cricket': 0, 'football': 0, 'volleyball': 0, 'examination hall': 0, 'cremation ground': 0, 'crematorium': 0, 'burial ground': 0, 'election': 0, 'covid': 0, 'vaccination': 0, 'wedding hall': 0, 'marriage hall': 0, 'kalyan mandap': 0, 'boundary wall': 0, 'compound wall': 0, 'staff quarter': 0, 'quarter building': 0, 'drug warehouse': 0, 'drug ware house': 0, 'godown': 0, 'bio medical waste': 0, 'biomedical waste': 0, 'bmw management': 0, 'waste management': 0}",weak,Post-Monsoon / Winter (Oct-Dec),,Heatwave & Emergency Response,Heatwave & Emergency Response,{'Heatwave & Emergency Response': {'saline': 2}}
2026_CEMWR_126992_1,SE/MDB-29(A)/W/2025-26,"Replacement and Renovation of Gates and hoists at Nagar Saline Embankment at RD 4.500 KM of Kakatpur Irrigation Sub-Division under Nimapara Irrigation Division, Nimapara for the year of 2025-26.","Replacement and Renovation of Gates and hoists at Nagar Saline Embankment at RD 4.500 KM of Kakatpur Irrigation Sub-Division under Nimapara Irrigation Division, Nimapara for the year of 2025-26.",Works,Open Tender,Percentage,Mechanical Works,No,No,NA ,09-Mar-2026 10:00 AM,NA ,90.0,No ,No,Online,16-Mar-2026 04:00 PM,Chief Engineer Mech - WR Bhubaneswar||SE Mechanical Circle Bhubaneswar||EE Mechanical Division Bhubaneswar,KAKATPUR,752108.0,1.0,"7,36,172",M/S. SANJEEB ENTERPRISERS,"625,819.89",Rejected-Finance,30-May-2026,Chief Engineer Mech - WR Bhubaneswar||SE Mechanical Circle Bhubaneswar||EE Mechanical Division Bhubaneswar,True,False,"{'heatwave': 0, 'heat wave': 0, 'heat-wave': 0, 'heat stress': 0, 'heat stroke': 0, 'heat action plan': 0, 'heat resilience': 0, 'heat resilient': 0, 'extreme heat': 0, 'high temperature': 0, 'rising temperature': 0, 'heat resistant': 0, 'climate resilient': 0, 'cooling centre': 0, 'cooling center': 0, 'emergency response': 0, 'first aid': 0, 'ambulance': 0, 'ors': 0, 'oral rehydration solution': 0, 'heat stroke treatment': 0, 'sunstroke': 0, 'sun stroke': 0, 'heat related illness': 0, 'heat illness': 0, 'heat exhaustion': 0, 'heat cramp': 0, 'heat rash': 0, 'heat alert': 0, 'heat warning': 0, 'heat advisory': 0, 'heat hotline': 0, 'satark': 0, 'early warning system': 0, 'saline': 2, 'iv fluid': 0, 'rapid response team': 0, 'mobile health unit': 0, 'relief chamber': 0, 'heat stroke ward': 0, 'heat stroke bed': 0, 'drinking water': 0, 'water kiosk': 0, 'water atm': 0, 'hydration point': 0, 'hydration centre': 0, 'hydration center': 0, 'cold water': 0, 'tube well': 0, 'tubewell': 0, 'borewell': 0, 'bore well': 0, 'hand pump': 0, 'handpump': 0, 'overhead tank': 0, 'oh tank': 0, 'stand post': 0, 'piped water supply': 0, 'water supply scheme': 0, 'jalachhatra': 0, 'jalachatra': 0, 'jala jogana kendra': 0, 'jal jogana kendra': 0, 'jal seva shibira': 0, 'water tanker': 0, 'water sprinkling': 0, 'cool roof': 0, 'white roof': 0, 'white topping': 0, 'roof insulation': 0, 'thermal insulation': 0, 'heat reflective': 0, 'reflective coating': 0, 'shade net': 0, 'shade structure': 0, 'canopy': 0, 'awning': 0, 'albedo paint': 0, 'albedo painting': 0, 'white painting': 0, 'reflective paint': 0, 'green roof': 0, 'green roofing': 0, 'k glass': 0, 'doubly glazed glass': 0, 'passive cooling': 0, 'air cooler': 0, 'white china mosaic': 0, 'lime based whitewash': 0, 'white tarp': 0, 'acrylic resin coating': 0, 'tree plantation': 0, 'avenue plantation': 0, 'plantation': 0, 'green belt': 0, 'urban forestry': 0, 'urban forest': 0, 'park development': 0, 'shelter belt': 0, 'shade tree': 0, 'vertical garden': 0, 'green space': 0, 'afforestation': 0, 'green campus': 0, 'night shelter': 0, 'transit shelter': 0, 'rest shed': 0, 'waiting shed': 0, 'community hall': 0, 'relief centre': 0, 'relief center': 0, 'bus stand shelter': 0, 'passenger shelter': 0, 'cool shelter': 0, 'rest shade': 0, 'cool resting space': 0, 'cool resting shed': 0, 'passenger shed': 0, 'outreach clinic': 0, 'awareness campaign': 0, 'iec activity': 0, 'iec material': 0, 'capacity building': 0, 'training programme': 0, 'training program': 0, 'mock drill': 0, 'sensitization': 0, 'swasthya kantha': 0, 'do and dont': 0, 'dos and donts': 0, 'display board': 0, 'hoarding': 0, 'pamphlet': 0, 'leaflet': 0, 'banner': 0}","{'floodlight': 0, 'flood light': 0, 'street light': 0, 'solar street light': 0, 'high mast light': 0, 'gas pipeline': 0, 'sports complex': 0, 'stadium': 0, 'cricket': 0, 'football': 0, 'volleyball': 0, 'examination hall': 0, 'cremation ground': 0, 'crematorium': 0, 'burial ground': 0, 'election': 0, 'covid': 0, 'vaccination': 0, 'wedding hall': 0, 'marriage hall': 0, 'kalyan mandap': 0, 'boundary wall': 0, 'compound wall': 0, 'staff quarter': 0, 'quarter building': 0, 'drug warehouse': 0, 'drug ware house': 0, 'godown': 0, 'bio medical waste': 0, 'biomedical waste': 0, 'bmw management': 0, 'waste management': 0}",weak,Summer / Heatwave (Mar-Jun),,Heatwave & Emergency Response,Heatwave & Emergency Response,{'Heatwave & Emergency Response': {'saline': 2}}
2026_CERWI_124417_1,EETIG-ONLINE-12-2025-26,"Construction of R.W.Rest Shed Building at R.W.Division, Titilagarh in the district of Bolangir for the year 2024-25","Construction of R.W.Rest Shed Building at R.W.Division, Titilagarh in the district of Bolangir for the year 2024-25",Works,Open Tender,Percentage,Civil Works - Buildings,No,No,NA ,12-Jan-2026 11:00 AM,NA ,90.0,No ,No,Online,20-Jan-2026 11:00 AM,CE RW I||RWCIRCLE-BALANGIR||RWDIVISION-TITLAGARH,TITILAGARH,767042.0,2.0,"50,14,041",SANTOSHI DEVELOPERS,"4,212,296",Rejected-Finance,30-May-2026,CE RW I||RWCIRCLE-BALANGIR||RWDIVISION-TITLAGARH,True,False,"{'heatwave': 0, 'heat wave': 0, 'heat-wave': 0, 'heat stress': 0, 'heat stroke': 0, 'heat action plan': 0, 'heat resilience': 0, 'heat resilient': 0, 'extreme heat': 0, 'high temperature': 0, 'rising temperature': 0, 'heat resistant': 0, 'climate resilient': 0, 'cooling centre': 0, 'cooling center': 0, 'emergency response': 0, 'first aid': 0, 'ambulance': 0, 'ors': 0, 'oral rehydration solution': 0, 'heat stroke treatment': 0, 'sunstroke': 0, 'sun stroke': 0, 'heat related illness': 0, 'heat illness': 0, 'heat exhaustion': 0, 'heat cramp': 0, 'heat rash': 0, 'heat alert': 0, 'heat warning': 0, 'heat advisory': 0, 'heat hotline': 0, 'satark': 0, 'early warning system': 0, 'saline': 0, 'iv fluid': 0, 'rapid response team': 0, 'mobile health unit': 0, 'relief chamber': 0, 'heat stroke ward': 0, 'heat stroke bed': 0, 'drinking water': 0, 'water kiosk': 0, 'water atm': 0, 'hydration point': 0, 'hydration centre': 0, 'hydration center': 0, 'cold water': 0, 'tube well': 0, 'tubewell': 0, 'borewell': 0, 'bore well': 0, 'hand pump': 0, 'handpump': 0, 'overhead tank': 0, 'oh tank': 0, 'stand post': 0, 'piped water supply': 0, 'water supply scheme': 0, 'jalachhatra': 0, 'jalachatra': 0, 'jala jogana kendra': 0, 'jal jogana kendra': 0, 'jal seva shibira': 0, 'water tanker': 0, 'water sprinkling': 0, 'cool roof': 0, 'white roof': 0, 'white topping': 0, 'roof insulation': 0, 'thermal insulation': 0, 'heat reflective': 0, 'reflective coating': 0, 'shade net': 0, 'shade structure': 0, 'canopy': 0, 'awning': 0, 'albedo paint': 0, 'albedo painting': 0, 'white painting': 0, 'reflective paint': 0, 'green roof': 0, 'green roofing': 0, 'k glass': 0, 'doubly glazed glass': 0, 'passive cooling': 0, 'air cooler': 0, 'white china mosaic': 0, 'lime based whitewash': 0, 'white tarp': 0, 'acrylic resin coating': 0, 'tree plantation': 0, 'avenue plantation': 0, 'plantation': 0, 'green belt': 0, 'urban forestry': 0, 'urban forest': 0, 'park development': 0, 'shelter belt': 0, 'shade tree': 0, 'vertical garden': 0, 'green space': 0, 'afforestation': 0, 'green campus': 0, 'night shelter': 0, 'transit shelter': 0, 'rest shed': 2, 'waiting shed': 0, 'community hall': 0, 'relief centre': 0, 'relief center': 0, 'bus stand shelter': 0, 'passenger shelter': 0, 'cool shelter': 0, 'rest shade': 0, 'cool resting space': 0, 'cool resting shed': 0, 'passenger shed': 0, 'outreach clinic': 0, 'awareness campaign': 0, 'iec activity': 0, 'iec material': 0, 'capacity building': 0, 'training programme': 0, 'training program': 0, 'mock drill': 0, 'sensitization': 0, 'swasthya kantha': 0, 'do and dont': 0, 'dos and donts': 0, 'display board': 0, 'hoarding': 0, 'pamphlet': 0, 'leaflet': 0, 'banner': 0}","{'floodlight': 0, 'flood light': 0, 'street light': 0, 'solar street light': 0, 'high mast light': 0, 'gas pipeline': 0, 'sports complex': 0, 'stadium': 0, 'cricket': 0, 'football': 0, 'volleyball': 0, 'examination hall': 0, 'cremation ground': 0, 'crematorium': 0, 'burial ground': 0, 'election': 0, 'covid': 0, 'vaccination': 0, 'wedding hall': 0, 'marriage hall': 0, 'kalyan mandap': 0, 'boundary wall': 0, 'compound wall': 0, 'staff quarter': 0, 'quarter building': 0, 'drug warehouse': 0, 'drug ware house': 0, 'godown': 0, 'bio medical waste': 0, 'biomedical waste': 0, 'bmw management': 0, 'waste management': 0}",weak,Pre-Summer (Jan-Feb),,Shelter & Rest Infrastructure,Shelter & Rest Infrastructure,{'Shelter & Rest Infrastructure': {'rest shed': 2}}
2025_AULE_119654_38,e-Procurement Notice No.AED-14 OF 2025-26,AUL 42 Protection to Scoured bank on Keredagada Alatanga Saline Embankment from RD 11350M to 11380M,Protection to Scoured bank on Keredagada Alatanga Saline Embankment from RD 11350M to 11380M,Works,Open Tender,Percentage,Civil Works - Others,No,No,NA ,18-Oct-2025 10:00 AM,NA ,90.0,No ,No,Online,28-Oct-2025 11:00 AM,CE AND BM MBBS CHANDIKOLE||EASTERN CIRCLE II CHANDIKOLE||AUL Embankment Div AUL,AUL,754219.0,2.0,"83,01,061",RAJIBA KUMAR GAHAN,"7,056,732",Rejected-Finance,20-May-2026,CE AND BM MBBS CHANDIKOLE||EASTERN CIRCLE II CHANDIKOLE||AUL Embankment Div AUL,True,False,"{'heatwave': 0, 'heat wave': 0, 'heat-wave': 0, 'heat stress': 0, 'heat stroke': 0, 'heat action plan': 0, 'heat resilience': 0, 'heat resilient': 0, 'extreme heat': 0, 'high temperature': 0, 'rising temperature': 0, 'heat resistant': 0, 'climate resilient': 0, 'cooling centre': 0, 'cooling center': 0, 'emergency response': 0, 'first aid': 0, 'ambulance': 0, 'ors': 0, 'oral rehydration solution': 0, 'heat stroke treatment': 0, 'sunstroke': 0, 'sun stroke': 0, 'heat related illness': 0, 'heat illness': 0, 'heat exhaustion': 0, 'heat cramp': 0, 'heat rash': 0, 'heat alert': 0, 'heat warning': 0, 'heat advisory': 0, 'heat hotline': 0, 'satark': 0, 'early warning system': 0, 'saline': 2, 'iv fluid': 0, 'rapid response team': 0, 'mobile health unit': 0, 'relief chamber': 0, 'heat stroke ward': 0, 'heat stroke bed': 0, 'drinking water': 0, 'water kiosk': 0, 'water atm': 0, 'hydration point': 0, 'hydration centre': 0, 'hydration center': 0, 'cold water': 0, 'tube well': 0, 'tubewell': 0, 'borewell': 0, 'bore well': 0, 'hand pump': 0, 'handpump': 0, 'overhead tank': 0, 'oh tank': 0, 'stand post': 0, 'piped water supply': 0, 'water supply scheme': 0, 'jalachhatra': 0, 'jalachatra': 0, 'jala jogana kendra': 0, 'jal jogana kendra': 0, 'jal seva shibira': 0, 'water tanker': 0, 'water sprinkling': 0, 'cool roof': 0, 'white roof': 0, 'white topping': 0, 'roof insulation': 0, 'thermal insulation': 0, 'heat reflective': 0, 'reflective coating': 0, 'shade net': 0, 'shade structure': 0, 'canopy': 0, 'awning': 0, 'albedo paint': 0, 'albedo painting': 0, 'white painting': 0, 'reflective paint': 0, 'green roof': 0, 'green roofing': 0, 'k glass': 0, 'doubly glazed glass': 0, 'passive cooling': 0, 'air cooler': 0, 'white china mosaic': 0, 'lime based whitewash': 0, 'white tarp': 0, 'acrylic resin coating': 0, 'tree plantation': 0, 'avenue plantation': 0, 'plantation': 0, 'green belt': 0, 'urban forestry': 0, 'urban forest': 0, 'park development': 0, 'shelter belt': 0, 'shade tree': 0, 'vertical garden': 0, 'green space': 0, 'afforestation': 0, 'green campus': 0, 'night shelter': 0, 'transit shelter': 0, 'rest shed': 0, 'waiting shed': 0, 'community hall': 0, 'relief centre': 0, 'relief center': 0, 'bus stand shelter': 0, 'passenger shelter': 0, 'cool shelter': 0, 'rest shade': 0, 'cool resting space': 0, 'cool resting shed': 0, 'passenger shed': 0, 'outreach clinic': 0, 'awareness campaign': 0, 'iec activity': 0, 'iec material': 0, 'capacity building': 0, 'training programme': 0, 'training program': 0, 'mock drill': 0, 'sensitization': 0, 'swasthya kantha': 0, 'do and dont': 0, 'dos and donts': 0, 'display board': 0, 'hoarding': 0, 'pamphlet': 0, 'leaflet': 0, 'banner': 0}","{'floodlight': 0, 'flood light': 0, 'street light': 0, 'solar street light': 0, 'high mast light': 0, 'gas pipeline': 0, 'sports complex': 0, 'stadium': 0, 'cricket': 0, 'football': 0, 'volleyball': 0, 'examination hall': 0, 'cremation ground': 0, 'crematorium': 0, 'burial ground': 0, 'election': 0, 'covid': 0, 'vaccination': 0, 'wedding hall': 0, 'marriage hall': 0, 'kalyan mandap': 0, 'boundary wall': 0, 'compound wall': 0, 'staff quarter': 0, 'quarter building': 0, 'drug warehouse': 0, 'drug ware house': 0, 'godown': 0, 'bio medical waste': 0, 'biomedical waste': 0, 'bmw management': 0, 'waste management': 0}",weak,Post-Monsoon / Winter (Oct-Dec),,Heatwave & Emergency Response,Heatwave & Emergency Response,{'Heatwave & Emergency Response': {'saline': 2}}
2025_AULE_119654_28,e-Procurement Notice No.AED-14 OF 2025-26,AUL 32 Protection to Scoured bank on Nalitapatia Talchua Saline Embabnkment on Brahmani Right from RD 8270M to 8360 M,Protection to Scoured bank on Nalitapatia Talchua Saline Embabnkment on Brahmani Right from RD 8270M to 8360 M,Works,Open Tender,Percentage,Civil Works - Others,No,No,NA ,18-Oct-2025 10:00 AM,NA ,90.0,No ,No,Online,28-Oct-2025 11:00 AM,CE AND BM MBBS CHANDIKOLE||EASTERN CIRCLE II CHANDIKOLE||AUL Embankment Div AUL,AUL,754219.0,2.0,"82,97,509",PRIYABRATA SAHOO,"7,053,713",Rejected-Finance,20-May-2026,CE AND BM MBBS CHANDIKOLE||EASTERN CIRCLE II CHANDIKOLE||AUL Embankment Div AUL,True,False,"{'heatwave': 0, 'heat wave': 0, 'heat-wave': 0, 'heat stress': 0, 'heat stroke': 0, 'heat action plan': 0, 'heat resilience': 0, 'heat resilient': 0, 'extreme heat': 0, 'high temperature': 0, 'rising temperature': 0, 'heat resistant': 0, 'climate resilient': 0, 'cooling centre': 0, 'cooling center': 0, 'emergency response': 0, 'first aid': 0, 'ambulance': 0, 'ors': 0, 'oral rehydration solution': 0, 'heat stroke treatment': 0, 'sunstroke': 0, 'sun stroke': 0, 'heat related illness': 0, 'heat illness': 0, 'heat exhaustion': 0, 'heat cramp': 0, 'heat rash': 0, 'heat alert': 0, 'heat warning': 0, 'heat advisory': 0, 'heat hotline': 0, 'satark': 0, 'early warning system': 0, 'saline': 2, 'iv fluid': 0, 'rapid response team': 0, 'mobile health unit': 0, 'relief chamber': 0, 'heat stroke ward': 0, 'heat stroke bed': 0, 'drinking water': 0, 'water kiosk': 0, 'water atm': 0, 'hydration point': 0, 'hydration centre': 0, 'hydration center': 0, 'cold water': 0, 'tube well': 0, 'tubewell': 0, 'borewell': 0, 'bore well': 0, 'hand pump': 0, 'handpump': 0, 'overhead tank': 0, 'oh tank': 0, 'stand post': 0, 'piped water supply': 0, 'water supply scheme': 0, 'jalachhatra': 0, 'jalachatra': 0, 'jala jogana kendra': 0, 'jal jogana kendra': 0, 'jal seva shibira': 0, 'water tanker': 0, 'water sprinkling': 0, 'cool roof': 0, 'white roof': 0, 'white topping': 0, 'roof insulation': 0, 'thermal insulation': 0, 'heat reflective': 0, 'reflective coating': 0, 'shade net': 0, 'shade structure': 0, 'canopy': 0, 'awning': 0, 'albedo paint': 0, 'albedo painting': 0, 'white painting': 0, 'reflective paint': 0, 'green roof': 0, 'green roofing': 0, 'k glass': 0, 'doubly glazed glass': 0, 'passive cooling': 0, 'air cooler': 0, 'white china mosaic': 0, 'lime based whitewash': 0, 'white tarp': 0, 'acrylic resin coating': 0, 'tree plantation': 0, 'avenue plantation': 0, 'plantation': 0, 'green belt': 0, 'urban forestry': 0, 'urban forest': 0, 'park development': 0, 'shelter belt': 0, 'shade tree': 0, 'vertical garden': 0, 'green space': 0, 'afforestation': 0, 'green campus': 0, 'night shelter': 0, 'transit shelter': 0, 'rest shed': 0, 'waiting shed': 0, 'community hall': 0, 'relief centre': 0, 'relief center': 0, 'bus stand shelter': 0, 'passenger shelter': 0, 'cool shelter': 0, 'rest shade': 0, 'cool resting space': 0, 'cool resting shed': 0, 'passenger shed': 0, 'outreach clinic': 0, 'awareness campaign': 0, 'iec activity': 0, 'iec material': 0, 'capacity building': 0, 'training programme': 0, 'training program': 0, 'mock drill': 0, 'sensitization': 0, 'swasthya kantha': 0, 'do and dont': 0, 'dos and donts': 0, 'display board': 0, 'hoarding': 0, 'pamphlet': 0, 'leaflet': 0, 'banner': 0}","{'floodlight': 0, 'flood light': 0, 'street light': 0, 'solar street light': 0, 'high mast light': 0, 'gas pipeline': 0, 'sports complex': 0, 'stadium': 0, 'cricket': 0, 'football': 0, 'volleyball': 0, 'examination hall': 0, 'cremation ground': 0, 'crematorium': 0, 'burial ground': 0, 'election': 0, 'covid': 0, 'vaccination': 0, 'wedding hall': 0, 'marriage hall': 0, 'kalyan mandap': 0, 'boundary wall': 0, 'compound wall': 0, 'staff quarter': 0, 'quarter building': 0, 'drug warehouse': 0, 'drug ware house': 0, 'godown': 0, 'bio medical waste': 0, 'biomedical waste': 0, 'bmw management': 0, 'waste management': 0}",weak,Post-Monsoon / Winter (Oct-Dec),,Heatwave & Emergency Response,Heatwave & Emergency Response,{'Heatwave & Emergency Response': {'saline': 2}}
2026_ORULB_127308_6,EO/BPHM/07/25-26,Construction of of Narisamiti Community Hall in ward -04,Construction of of Narisamiti Community Hall in ward -04,Works,Open Tender,Percentage,Civil Works - Buildings,No,No,NA ,18-Mar-2026 10:00 AM,NA ,90.0,No ,No,Online,31-Mar-2026 11:00 AM,Municipal Bodies||Belpahar Municipal Council,Belpahar Municipality,768218.0,1.0,"18,00,000",RAMESH CHHACHAN,"1,612,128",Rejected-AOC,11-May-2026,Municipal Bodies||Belpahar Municipal Council,True,False,"{'heatwave': 0, 'heat wave': 0, 'heat-wave': 0, 'heat stress': 0, 'heat stroke': 0, 'heat action plan': 0, 'heat resilience': 0, 'heat resilient': 0, 'extreme heat': 0, 'high temperature': 0, 'rising temperature': 0, 'heat resistant': 0, 'climate resilient': 0, 'cooling centre': 0, 'cooling center': 0, 'emergency response': 0, 'first aid': 0, 'ambulance': 0, 'ors': 0, 'oral rehydration solution': 0, 'heat stroke treatment': 0, 'sunstroke': 0, 'sun stroke': 0, 'heat related illness': 0, 'heat illness': 0, 'heat exhaustion': 0, 'heat cramp': 0, 'heat rash': 0, 'heat alert': 0, 'heat warning': 0, 'heat advisory': 0, 'heat hotline': 0, 'satark': 0, 'early warning system': 0, 'saline': 0, 'iv fluid': 0, 'rapid response team': 0, 'mobile health unit': 0, 'relief chamber': 0, 'heat stroke ward': 0, 'heat stroke bed': 0, 'drinking water': 0, 'water kiosk': 0, 'water atm': 0, 'hydration point': 0, 'hydration centre': 0, 'hydration center': 0, 'cold water': 0, 'tube well': 0, 'tubewell': 0, 'borewell': 0, 'bore well': 0, 'hand pump': 0, 'handpump': 0, 'overhead tank': 0, 'oh tank': 0, 'stand post': 0, 'piped water supply': 0, 'water supply scheme': 0, 'jalachhatra': 0, 'jalachatra': 0, 'jala jogana kendra': 0, 'jal jogana kendra': 0, 'jal seva shibira': 0, 'water tanker': 0, 'water sprinkling': 0, 'cool roof': 0, 'white roof': 0, 'white topping': 0, 'roof insulation': 0, 'thermal insulation': 0, 'heat reflective': 0, 'reflective coating': 0, 'shade net': 0, 'shade structure': 0, 'canopy': 0, 'awning': 0, 'albedo paint': 0, 'albedo painting': 0, 'white painting': 0, 'reflective paint': 0, 'green roof': 0, 'green roofing': 0, 'k glass': 0, 'doubly glazed glass': 0, 'passive cooling': 0, 'air cooler': 0, 'white china mosaic': 0, 'lime based whitewash': 0, 'white tarp': 0, 'acrylic resin coating': 0, 'tree plantation': 0, 'avenue plantation': 0, 'plantation': 0, 'green belt': 0, 'urban forestry': 0, 'urban forest': 0, 'park development': 0, 'shelter belt': 0, 'shade tree': 0, 'vertical garden': 0, 'green space': 0, 'afforestation': 0, 'green campus': 0, 'night shelter': 0, 'transit shelter': 0, 'rest shed': 0, 'waiting shed': 0, 'community hall': 2, 'relief centre': 0, 'relief center': 0, 'bus stand shelter': 0, 'passenger shelter': 0, 'cool shelter': 0, 'rest shade': 0, 'cool resting space': 0, 'cool resting shed': 0, 'passenger shed': 0, 'outreach clinic': 0, 'awareness campaign': 0, 'iec activity': 0, 'iec material': 0, 'capacity building': 0, 'training programme': 0, 'training program': 0, 'mock drill': 0, 'sensitization': 0, 'swasthya kantha': 0, 'do and dont': 0, 'dos and donts': 0, 'display board': 0, 'hoarding': 0, 'pamphlet': 0, 'leaflet': 0, 'banner': 0}","{'floodlight': 0, 'flood light': 0, 'street light': 0, 'solar street light': 0, 'high mast light': 0, 'gas pipeline': 0, 'sports complex': 0, 'stadium': 0, 'cricket': 0, 'football': 0, 'volleyball': 0, 'examination hall': 0, 'cremation ground': 0, 'crematorium': 0, 'burial ground': 0, 'election': 0, 'covid': 0, 'vaccination': 0, 'wedding hall': 0, 'marriage hall': 0, 'kalyan mandap': 0, 'boundary wall': 0, 'compound wall': 0, 'staff quarter': 0, 'quarter building': 0, 'drug warehouse': 0, 'drug ware house': 0, 'godown': 0, 'bio medical waste': 0, 'biomedical waste': 0, 'bmw management': 0, 'waste management': 0}",weak,Summer / Heatwave (Mar-Jun),,Shelter & Rest Infrastructure,Shelter & Rest Infrastructure,{'Shelter & Rest Infrastructure': {'community hall': 2}}
2025_ORULB_119462_1,NAC-ODG-04/2025-26,Repair and restoration of CC road from Canal to Tubewell at Mathakhajuria in ward-9 of NAC Odagaon,Repair and restoration of CC road from Canal to Tubewell at Mathakhajuria in ward-9 of NAC Odagaon,Works,Open Tender,Percentage,Civil Works - Others,No,No,NA ,16-Oct-2025 11:00 AM,NA ,60.0,No ,No,Online,30-Oct-2025 11:00 AM,Municipal Bodies||Odagaon NAC,NAC ODAGAON,752081.0,2.0,,SAROJINI BEHERA,"363,094",Rejected-Finance,04-May-2026,Municipal Bodies||Odagaon NAC,True,False,"{'heatwave': 0, 'heat wave': 0, 'heat-wave': 0, 'heat stress': 0, 'heat stroke': 0, 'heat action plan': 0, 'heat resilience': 0, 'heat resilient': 0, 'extreme heat': 0, 'high temperature': 0, 'rising temperature': 0, 'heat resistant': 0, 'climate resilient': 0, 'cooling centre': 0, 'cooling center': 0, 'emergency response': 0, 'first aid': 0, 'ambulance': 0, 'ors': 0, 'oral rehydration solution': 0, 'heat stroke treatment': 0, 'sunstroke': 0, 'sun stroke': 0, 'heat related illness': 0, 'heat illness': 0, 'heat exhaustion': 0, 'heat cramp': 0, 'heat rash': 0, 'heat alert': 0, 'heat warning': 0, 'heat advisory': 0, 'heat hotline': 0, 'satark': 0, 'early warning system': 0, 'saline': 0, 'iv fluid': 0, 'rapid response team': 0, 'mobile health unit': 0, 'relief chamber': 0, 'heat stroke ward': 0, 'heat stroke bed': 0, 'drinking water': 0, 'water kiosk': 0, 'water atm': 0, 'hydration point': 0, 'hydration centre': 0, 'hydration center': 0, 'cold water': 0, 'tube well': 0, 'tubewell': 2, 'borewell': 0, 'bore well': 0, 'hand pump': 0, 'handpump': 0, 'overhead tank': 0, 'oh tank': 0, 'stand post': 0, 'piped water supply': 0, 'water supply scheme': 0, 'jalachhatra': 0, 'jalachatra': 0, 'jala jogana kendra': 0, 'jal jogana kendra': 0, 'jal seva shibira': 0, 'water tanker': 0, 'water sprinkling': 0, 'cool roof': 0, 'white roof': 0, 'white topping': 0, 'roof insulation': 0, 'thermal insulation': 0, 'heat reflective': 0, 'reflective coating': 0, 'shade net': 0, 'shade structure': 0, 'canopy': 0, 'awning': 0, 'albedo paint': 0, 'albedo painting': 0, 'white painting': 0, 'reflective paint': 0, 'green roof': 0, 'green roofing': 0, 'k glass': 0, 'doubly glazed glass': 0, 'passive cooling': 0, 'air cooler': 0, 'white china mosaic': 0, 'lime based whitewash': 0, 'white tarp': 0, 'acrylic resin coating': 0, 'tree plantation': 0, 'avenue plantation': 0, 'plantation': 0, 'green belt': 0, 'urban forestry': 0, 'urban forest': 0, 'park development': 0, 'shelter belt': 0, 'shade tree': 0, 'vertical garden': 0, 'green space': 0, 'afforestation': 0, 'green campus': 0, 'night shelter': 0, 'transit shelter': 0, 'rest shed': 0, 'waiting shed': 0, 'community hall': 0, 'relief centre': 0, 'relief center': 0, 'bus stand shelter': 0, 'passenger shelter': 0, 'cool shelter': 0, 'rest shade': 0, 'cool resting space': 0, 'cool resting shed': 0, 'passenger shed': 0, 'outreach clinic': 0, 'awareness campaign': 0, 'iec activity': 0, 'iec material': 0, 'capacity building': 0, 'training programme': 0, 'training program': 0, 'mock drill': 0, 'sensitization': 0, 'swasthya kantha': 0, 'do and dont': 0, 'dos and donts': 0, 'display board': 0, 'hoarding': 0, 'pamphlet': 0, 'leaflet': 0, 'banner': 0}","{'floodlight': 0, 'flood light': 0, 'street light': 0, 'solar street light': 0, 'high mast light': 0, 'gas pipeline': 0, 'sports complex': 0, 'stadium': 0, 'cricket': 0, 'football': 0, 'volleyball': 0, 'examination hall': 0, 'cremation ground': 0, 'crematorium': 0, 'burial ground': 0, 'election': 0, 'covid': 0, 'vaccination': 0, 'wedding hall': 0, 'marriage hall': 0, 'kalyan mandap': 0, 'boundary wall': 0, 'compound wall': 0, 'staff quarter': 0, 'quarter building': 0, 'drug warehouse': 0, 'drug ware house': 0, 'godown': 0, 'bio medical waste': 0, 'biomedical waste': 0, 'bmw management': 0, 'waste management': 0}",weak,Post-Monsoon / Winter (Oct-Dec),,Drinking Water & Hydration,Drinking Water & Hydration,{'Drinking Water & Hydration': {'tubewell': 2}}
2025_AULE_120859_15,e-Procurement Notice No.AED-15 OF 2025-26,AUL 16 Protection to Scoured bank on Orta Sahabajpur Saline Embabnkment from RD 1600 M to 1670 M.,Protection to Scoured bank on Orta Sahabajpur Saline Embabnkment from RD 1600 M to 1670 M.,Works,Open Tender,Percentage,Civil Works - Others,No,No,NA ,07-Nov-2025 10:00 AM,NA ,90.0,No ,No,Online,18-Nov-2025 11:00 AM,CE AND BM MBBS CHANDIKOLE||EASTERN CIRCLE II CHANDIKOLE||AUL Embankment Div AUL,Aul,754219.0,2.0,"50,63,055",SOUMYA RANJAN CHOWDHURY,"4,304,103",Rejected-Finance,22-May-2026,CE AND BM MBBS CHANDIKOLE||EASTERN CIRCLE II CHANDIKOLE||AUL Embankment Div AUL,True,False,"{'heatwave': 0, 'heat wave': 0, 'heat-wave': 0, 'heat stress': 0, 'heat stroke': 0, 'heat action plan': 0, 'heat resilience': 0, 'heat resilient': 0, 'extreme heat': 0, 'high temperature': 0, 'rising temperature': 0, 'heat resistant': 0, 'climate resilient': 0, 'cooling centre': 0, 'cooling center': 0, 'emergency response': 0, 'first aid': 0, 'ambulance': 0, 'ors': 0, 'oral rehydration solution': 0, 'heat stroke treatment': 0, 'sunstroke': 0, 'sun stroke': 0, 'heat related illness': 0, 'heat illness': 0, 'heat exhaustion': 0, 'heat cramp': 0, 'heat rash': 0, 'heat alert': 0, 'heat warning': 0, 'heat advisory': 0, 'heat hotline': 0, 'satark': 0, 'early warning system': 0, 'saline': 2, 'iv fluid': 0, 'rapid response team': 0, 'mobile health unit': 0, 'relief chamber': 0, 'heat stroke ward': 0, 'heat stroke bed': 0, 'drinking water': 0, 'water kiosk': 0, 'water atm': 0, 'hydration point': 0, 'hydration centre': 0, 'hydration center': 0, 'cold water': 0, 'tube well': 0, 'tubewell': 0, 'borewell': 0, 'bore well': 0, 'hand pump': 0, 'handpump': 0, 'overhead tank': 0, 'oh tank': 0, 'stand post': 0, 'piped water supply': 0, 'water supply scheme': 0, 'jalachhatra': 0, 'jalachatra': 0, 'jala jogana kendra': 0, 'jal jogana kendra': 0, 'jal seva shibira': 0, 'water tanker': 0, 'water sprinkling': 0, 'cool roof': 0, 'white roof': 0, 'white topping': 0, 'roof insulation': 0, 'thermal insulation': 0, 'heat reflective': 0, 'reflective coating': 0, 'shade net': 0, 'shade structure': 0, 'canopy': 0, 'awning': 0, 'albedo paint': 0, 'albedo painting': 0, 'white painting': 0, 'reflective paint': 0, 'green roof': 0, 'green roofing': 0, 'k glass': 0, 'doubly glazed glass': 0, 'passive cooling': 0, 'air cooler': 0, 'white china mosaic': 0, 'lime based whitewash': 0, 'white tarp': 0, 'acrylic resin coating': 0, 'tree plantation': 0, 'avenue plantation': 0, 'plantation': 0, 'green belt': 0, 'urban forestry': 0, 'urban forest': 0, 'park development': 0, 'shelter belt': 0, 'shade tree': 0, 'vertical garden': 0, 'green space': 0, 'afforestation': 0, 'green campus': 0, 'night shelter': 0, 'transit shelter': 0, 'rest shed': 0, 'waiting shed': 0, 'community hall': 0, 'relief centre': 0, 'relief center': 0, 'bus stand shelter': 0, 'passenger shelter': 0, 'cool shelter': 0, 'rest shade': 0, 'cool resting space': 0, 'cool resting shed': 0, 'passenger shed': 0, 'outreach clinic': 0, 'awareness campaign': 0, 'iec activity': 0, 'iec material': 0, 'capacity building': 0, 'training programme': 0, 'training program': 0, 'mock drill': 0, 'sensitization': 0, 'swasthya kantha': 0, 'do and dont': 0, 'dos and donts': 0, 'display board': 0, 'hoarding': 0, 'pamphlet': 0, 'leaflet': 0, 'banner': 0}","{'floodlight': 0, 'flood light': 0, 'street light': 0, 'solar street light': 0, 'high mast light': 0, 'gas pipeline': 0, 'sports complex': 0, 'stadium': 0, 'cricket': 0, 'football': 0, 'volleyball': 0, 'examination hall': 0, 'cremation ground': 0, 'crematorium': 0, 'burial ground': 0, 'election': 0, 'covid': 0, 'vaccination': 0, 'wedding hall': 0, 'marriage hall': 0, 'kalyan mandap': 0, 'boundary wall': 0, 'compound wall': 0, 'staff quarter': 0, 'quarter building': 0, 'drug warehouse': 0, 'drug ware house': 0, 'godown': 0, 'bio medical waste': 0, 'biomedical waste': 0, 'bmw management': 0, 'waste management': 0}",weak,Post-Monsoon / Winter (Oct-Dec),,Heatwave & Emergency Response,Heatwave & Emergency Response,{'Heatwave & Emergency Response': {'saline': 2}}
2025_AULE_120859_29,e-Procurement Notice No.AED-15 OF 2025-26,AUL 33 Protection to Scoured bank on Keredagada Alatanga Saline Embabnkment from RD 11428M to 11458M.,Protection to Scoured bank on Keredagada Alatanga Saline Embabnkment from RD 11428M to 11458M.,Works,Open Tender,Percentage,Civil Works - Others,No,No,NA ,07-Nov-2025 10:00 AM,NA ,90.0,No ,No,Online,18-Nov-2025 11:00 AM,CE AND BM MBBS CHANDIKOLE||EASTERN CIRCLE II CHANDIKOLE||AUL Embankment Div AUL,Aul,754219.0,2.0,"83,44,535",DEBASHIS ROUT,"7,093,689",Rejected-Finance,22-May-2026,CE AND BM MBBS CHANDIKOLE||EASTERN CIRCLE II CHANDIKOLE||AUL Embankment Div AUL,True,False,"{'heatwave': 0, 'heat wave': 0, 'heat-wave': 0, 'heat stress': 0, 'heat stroke': 0, 'heat action plan': 0, 'heat resilience': 0, 'heat resilient': 0, 'extreme heat': 0, 'high temperature': 0, 'rising temperature': 0, 'heat resistant': 0, 'climate resilient': 0, 'cooling centre': 0, 'cooling center': 0, 'emergency response': 0, 'first aid': 0, 'ambulance': 0, 'ors': 0, 'oral rehydration solution': 0, 'heat stroke treatment': 0, 'sunstroke': 0, 'sun stroke': 0, 'heat related illness': 0, 'heat illness': 0, 'heat exhaustion': 0, 'heat cramp': 0, 'heat rash': 0, 'heat alert': 0, 'heat warning': 0, 'heat advisory': 0, 'heat hotline': 0, 'satark': 0, 'early warning system': 0, 'saline': 2, 'iv fluid': 0, 'rapid response team': 0, 'mobile health unit': 0, 'relief chamber': 0, 'heat stroke ward': 0, 'heat stroke bed': 0, 'drinking water': 0, 'water kiosk': 0, 'water atm': 0, 'hydration point': 0, 'hydration centre': 0, 'hydration center': 0, 'cold water': 0, 'tube well': 0, 'tubewell': 0, 'borewell': 0, 'bore well': 0, 'hand pump': 0, 'handpump': 0, 'overhead tank': 0, 'oh tank': 0, 'stand post': 0, 'piped water supply': 0, 'water supply scheme': 0, 'jalachhatra': 0, 'jalachatra': 0, 'jala jogana kendra': 0, 'jal jogana kendra': 0, 'jal seva shibira': 0, 'water tanker': 0, 'water sprinkling': 0, 'cool roof': 0, 'white roof': 0, 'white topping': 0, 'roof insulation': 0, 'thermal insulation': 0, 'heat reflective': 0, 'reflective coating': 0, 'shade net': 0, 'shade structure': 0, 'canopy': 0, 'awning': 0, 'albedo paint': 0, 'albedo painting': 0, 'white painting': 0, 'reflective paint': 0, 'green roof': 0, 'green roofing': 0, 'k glass': 0, 'doubly glazed glass': 0, 'passive cooling': 0, 'air cooler': 0, 'white china mosaic': 0, 'lime based whitewash': 0, 'white tarp': 0, 'acrylic resin coating': 0, 'tree plantation': 0, 'avenue plantation': 0, 'plantation': 0, 'green belt': 0, 'urban forestry': 0, 'urban forest': 0, 'park development': 0, 'shelter belt': 0, 'shade tree': 0, 'vertical garden': 0, 'green space': 0, 'afforestation': 0, 'green campus': 0, 'night shelter': 0, 'transit shelter': 0, 'rest shed': 0, 'waiting shed': 0, 'community hall': 0, 'relief centre': 0, 'relief center': 0, 'bus stand shelter': 0, 'passenger shelter': 0, 'cool shelter': 0, 'rest shade': 0, 'cool resting space': 0, 'cool resting shed': 0, 'passenger shed': 0, 'outreach clinic': 0, 'awareness campaign': 0, 'iec activity': 0, 'iec material': 0, 'capacity building': 0, 'training programme': 0, 'training program': 0, 'mock drill': 0, 'sensitization': 0, 'swasthya kantha': 0, 'do and dont': 0, 'dos and donts': 0, 'display board': 0, 'hoarding': 0, 'pamphlet': 0, 'leaflet': 0, 'banner': 0}","{'floodlight': 0, 'flood light': 0, 'street light': 0, 'solar street light': 0, 'high mast light': 0, 'gas pipeline': 0, 'sports complex': 0, 'stadium': 0, 'cricket': 0, 'football': 0, 'volleyball': 0, 'examination hall': 0, 'cremation ground': 0, 'crematorium': 0, 'burial ground': 0, 'election': 0, 'covid': 0, 'vaccination': 0, 'wedding hall': 0, 'marriage hall': 0, 'kalyan mandap': 0, 'boundary wall': 0, 'compound wall': 0, 'staff quarter': 0, 'quarter building': 0, 'drug warehouse': 0, 'drug ware house': 0, 'godown': 0, 'bio medical waste': 0, 'biomedical waste': 0, 'bmw management': 0, 'waste management': 0}",weak,Post-Monsoon / Winter (Oct-Dec),,Heatwave & Emergency Response,Heatwave & Emergency Response,{'Heatwave & Emergency Response': {'saline': 2}}
2025_AULE_119654_29,e-Procurement Notice No.AED-14 OF 2025-26,AUL 33 Protection to Scoured bank on Panchupali Pantal Saline Embabnkment from RD 3.500 KM to 3.585 KM,Protection to Scoured bank on Panchupali Pantal Saline Embabnkment from RD 3.500 KM to 3.585 KM,Works,Open Tender,Percentage,Civil Works - Others,No,No,NA ,18-Oct-2025 10:00 AM,NA ,90.0,No ,No,Online,28-Oct-2025 11:00 AM,CE AND BM MBBS CHANDIKOLE||EASTERN CIRCLE II CHANDIKOLE||AUL Embankment Div AUL,AUL,754219.0,2.0,"82,35,783",SAMIR KUMAR MALIK,"7,001,239",Rejected-Finance,20-May-2026,CE AND BM MBBS CHANDIKOLE||EASTERN CIRCLE II CHANDIKOLE||AUL Embankment Div AUL,True,False,"{'heatwave': 0, 'heat wave': 0, 'heat-wave': 0, 'heat stress': 0, 'heat stroke': 0, 'heat action plan': 0, 'heat resilience': 0, 'heat resilient': 0, 'extreme heat': 0, 'high temperature': 0, 'rising temperature': 0, 'heat resistant': 0, 'climate resilient': 0, 'cooling centre': 0, 'cooling center': 0, 'emergency response': 0, 'first aid': 0, 'ambulance': 0, 'ors': 0, 'oral rehydration solution': 0, 'heat stroke treatment': 0, 'sunstroke': 0, 'sun stroke': 0, 'heat related illness': 0, 'heat illness': 0, 'heat exhaustion': 0, 'heat cramp': 0, 'heat rash': 0, 'heat alert': 0, 'heat warning': 0, 'heat advisory': 0, 'heat hotline': 0, 'satark': 0, 'early warning system': 0, 'saline': 2, 'iv fluid': 0, 'rapid response team': 0, 'mobile health unit': 0, 'relief chamber': 0, 'heat stroke ward': 0, 'heat stroke bed': 0, 'drinking water': 0, 'water kiosk': 0, 'water atm': 0, 'hydration point': 0, 'hydration centre': 0, 'hydration center': 0, 'cold water': 0, 'tube well': 0, 'tubewell': 0, 'borewell': 0, 'bore well': 0, 'hand pump': 0, 'handpump': 0, 'overhead tank': 0, 'oh tank': 0, 'stand post': 0, 'piped water supply': 0, 'water supply scheme': 0, 'jalachhatra': 0, 'jalachatra': 0, 'jala jogana kendra': 0, 'jal jogana kendra': 0, 'jal seva shibira': 0, 'water tanker': 0, 'water sprinkling': 0, 'cool roof': 0, 'white roof': 0, 'white topping': 0, 'roof insulation': 0, 'thermal insulation': 0, 'heat reflective': 0, 'reflective coating': 0, 'shade net': 0, 'shade structure': 0, 'canopy': 0, 'awning': 0, 'albedo paint': 0, 'albedo painting': 0, 'white painting': 0, 'reflective paint': 0, 'green roof': 0, 'green roofing': 0, 'k glass': 0, 'doubly glazed glass': 0, 'passive cooling': 0, 'air cooler': 0, 'white china mosaic': 0, 'lime based whitewash': 0, 'white tarp': 0, 'acrylic resin coating': 0, 'tree plantation': 0, 'avenue plantation': 0, 'plantation': 0, 'green belt': 0, 'urban forestry': 0, 'urban forest': 0, 'park development': 0, 'shelter belt': 0, 'shade tree': 0, 'vertical garden': 0, 'green space': 0, 'afforestation': 0, 'green campus': 0, 'night shelter': 0, 'transit shelter': 0, 'rest shed': 0, 'waiting shed': 0, 'community hall': 0, 'relief centre': 0, 'relief center': 0, 'bus stand shelter': 0, 'passenger shelter': 0, 'cool shelter': 0, 'rest shade': 0, 'cool resting space': 0, 'cool resting shed': 0, 'passenger shed': 0, 'outreach clinic': 0, 'awareness campaign': 0, 'iec activity': 0, 'iec material': 0, 'capacity building': 0, 'training programme': 0, 'training program': 0, 'mock drill': 0, 'sensitization': 0, 'swasthya kantha': 0, 'do and dont': 0, 'dos and donts': 0, 'display board': 0, 'hoarding': 0, 'pamphlet': 0, 'leaflet': 0, 'banner': 0}","{'floodlight': 0, 'flood light': 0, 'street light': 0, 'solar street light': 0, 'high mast light': 0, 'gas pipeline': 0, 'sports complex': 0, 'stadium': 0, 'cricket': 0, 'football': 0, 'volleyball': 0, 'examination hall': 0, 'cremation ground': 0, 'crematorium': 0, 'burial ground': 0, 'election': 0, 'covid': 0, 'vaccination': 0, 'wedding hall': 0, 'marriage hall': 0, 'kalyan mandap': 0, 'boundary wall': 0, 'compound wall': 0, 'staff quarter': 0, 'quarter building': 0, 'drug warehouse': 0, 'drug ware house': 0, 'godown': 0, 'bio medical waste': 0, 'biomedical waste': 0, 'bmw management': 0, 'waste management': 0}",weak,Post-Monsoon / Winter (Oct-Dec),,Heatwave & Emergency Response,Heatwave & Emergency Response,{'Heatwave & Emergency Response': {'saline': 2}}
2026_EICCL_127348_9,IFB-SE PWD-26 OF 2025-26,"S/R to MPH Bijepur such as providing water proofing treatment, fixing of Glass and canopy work at Bijepur (NAC) in the district of Bargarh for the year 2025-26",BUILDING WORK (CIVIL),Works,Open Tender,Percentage,Civil Works - Buildings,No,No,NA ,17-Mar-2026 03:00 PM,NA ,90.0,No ,No,Online,26-Mar-2026 11:30 AM,EIC-CIVIL||SERNB-CIRCLE-NORTHERN||EERNB-DIVN-BARGARH,BIJEPUR,768032.0,2.0,"8,60,172",BALBIR SINGH GOG,"697,685",Accepted-AOC,21-May-2026,EIC-CIVIL||SERNB-CIRCLE-NORTHERN||EERNB-DIVN-BARGARH,True,False,"{'heatwave': 0, 'heat wave': 0, 'heat-wave': 0, 'heat stress': 0, 'heat stroke': 0, 'heat action plan': 0, 'heat resilience': 0, 'heat resilient': 0, 'extreme heat': 0, 'high temperature': 0, 'rising temperature': 0, 'heat resistant': 0, 'climate resilient': 0, 'cooling centre': 0, 'cooling center': 0, 'emergency response': 0, 'first aid': 0, 'ambulance': 0, 'ors': 0, 'oral rehydration solution': 0, 'heat stroke treatment': 0, 'sunstroke': 0, 'sun stroke': 0, 'heat related illness': 0, 'heat illness': 0, 'heat exhaustion': 0, 'heat cramp': 0, 'heat rash': 0, 'heat alert': 0, 'heat warning': 0, 'heat advisory': 0, 'heat hotline': 0, 'satark': 0, 'early warning system': 0, 'saline': 0, 'iv fluid': 0, 'rapid response team': 0, 'mobile health unit': 0, 'relief chamber': 0, 'heat stroke ward': 0, 'heat stroke bed': 0, 'drinking water': 0, 'water kiosk': 0, 'water atm': 0, 'hydration point': 0, 'hydration centre': 0, 'hydration center': 0, 'cold water': 0, 'tube well': 0, 'tubewell': 0, 'borewell': 0, 'bore well': 0, 'hand pump': 0, 'handpump': 0, 'overhead tank': 0, 'oh tank': 0, 'stand post': 0, 'piped water supply': 0, 'water supply scheme': 0, 'jalachhatra': 0, 'jalachatra': 0, 'jala jogana kendra': 0, 'jal jogana kendra': 0, 'jal seva shibira': 0, 'water tanker': 0, 'water sprinkling': 0, 'cool roof': 0, 'white roof': 0, 'white topping': 0, 'roof insulation': 0, 'thermal insulation': 0, 'heat reflective': 0, 'reflective coating': 0, 'shade net': 0, 'shade structure': 0, 'canopy': 1, 'awning': 0, 'albedo paint': 0, 'albedo painting': 0, 'white painting': 0, 'reflective paint': 0, 'green roof': 0, 'green roofing': 0, 'k glass': 0, 'doubly glazed glass': 0, 'passive cooling': 0, 'air cooler': 0, 'white china mosaic': 0, 'lime based whitewash': 0, 'white tarp': 0, 'acrylic resin coating': 0, 'tree plantation': 0, 'avenue plantation': 0, 'plantation': 0, 'green belt': 0, 'urban forestry': 0, 'urban forest': 0, 'park development': 0, 'shelter belt': 0, 'shade tree': 0, 'vertical garden': 0, 'green space': 0, 'afforestation': 0, 'green campus': 0, 'night shelter': 0, 'transit shelter': 0, 'rest shed': 0, 'waiting shed': 0, 'community hall': 0, 'relief centre': 0, 'relief center': 0, 'bus stand shelter': 0, 'passenger shelter': 0, 'cool shelter': 0, 'rest shade': 0, 'cool resting space': 0, 'cool resting shed': 0, 'passenger shed': 0, 'outreach clinic': 0, 'awareness campaign': 0, 'iec activity': 0, 'iec material': 0, 'capacity building': 0, 'training programme': 0, 'training program': 0, 'mock drill': 0, 'sensitization': 0, 'swasthya kantha': 0, 'do and dont': 0, 'dos and donts': 0, 'display board': 0, 'hoarding': 0, 'pamphlet': 0, 'leaflet': 0, 'banner': 0}","{'floodlight': 0, 'flood light': 0, 'street light': 0, 'solar street light': 0, 'high mast light': 0, 'gas pipeline': 0, 'sports complex': 0, 'stadium': 0, 'cricket': 0, 'football': 0, 'volleyball': 0, 'examination hall': 0, 'cremation ground': 0, 'crematorium': 0, 'burial ground': 0, 'election': 0, 'covid': 0, 'vaccination': 0, 'wedding hall': 0, 'marriage hall': 0, 'kalyan mandap': 0, 'boundary wall': 0, 'compound wall': 0, 'staff quarter': 0, 'quarter building': 0, 'drug warehouse': 0, 'drug ware house': 0, 'godown': 0, 'bio medical waste': 0, 'biomedical waste': 0, 'bmw management': 0, 'waste management': 0}",weak,Summer / Heatwave (Mar-Jun),,Cooling & Reflective Infrastructure,Cooling & Reflective Infrastructure,{'Cooling & Reflective Infrastructure': {'canopy': 1}}
2026_CERWI_124309_12,Online-14 Dt. 29.11.2025,Repair to Revenue Rest Shed building at Kanas in the District of Puri for the year 2025-26.,Repair to Revenue Rest Shed building at Kanas in the District of Puri for the year 2025-26.,Works,National Competitive Bid,Percentage,Civil Works - Buildings,No,No,NA ,07-Jan-2026 04:00 PM,NA ,90.0,No ,No,Online,16-Jan-2026 11:30 AM,CE RW I||RWCIRCLE-BHUBANESWAR||RWDIVISION-PURI,Puri,752001.0,1.0,"3,78,000",ASHISH RANJAN CHAMPATIRAY,"377,999",Rejected-Finance,13-May-2026,CE RW I||RWCIRCLE-BHUBANESWAR||RWDIVISION-PURI,True,False,"{'heatwave': 0, 'heat wave': 0, 'heat-wave': 0, 'heat stress': 0, 'heat stroke': 0, 'heat action plan': 0, 'heat resilience': 0, 'heat resilient': 0, 'extreme heat': 0, 'high temperature': 0, 'rising temperature': 0, 'heat resistant': 0, 'climate resilient': 0, 'cooling centre': 0, 'cooling center': 0, 'emergency response': 0, 'first aid': 0, 'ambulance': 0, 'ors': 0, 'oral rehydration solution': 0, 'heat stroke treatment': 0, 'sunstroke': 0, 'sun stroke': 0, 'heat related illness': 0, 'heat illness': 0, 'heat exhaustion': 0, 'heat cramp': 0, 'heat rash': 0, 'heat alert': 0, 'heat warning': 0, 'heat advisory': 0, 'heat hotline': 0, 'satark': 0, 'early warning system': 0, 'saline': 0, 'iv fluid': 0, 'rapid response team': 0, 'mobile health unit': 0, 'relief chamber': 0, 'heat stroke ward': 0, 'heat stroke bed': 0, 'drinking water': 0, 'water kiosk': 0, 'water atm': 0, 'hydration point': 0, 'hydration centre': 0, 'hydration center': 0, 'cold water': 0, 'tube well': 0, 'tubewell': 0, 'borewell': 0, 'bore well': 0, 'hand pump': 0, 'handpump': 0, 'overhead tank': 0, 'oh tank': 0, 'stand post': 0, 'piped water supply': 0, 'water supply scheme': 0, 'jalachhatra': 0, 'jalachatra': 0, 'jala jogana kendra': 0, 'jal jogana kendra': 0, 'jal seva shibira': 0, 'water tanker': 0, 'water sprinkling': 0, 'cool roof': 0, 'white roof': 0, 'white topping': 0, 'roof insulation': 0, 'thermal insulation': 0, 'heat reflective': 0, 'reflective coating': 0, 'shade net': 0, 'shade structure': 0, 'canopy': 0, 'awning': 0, 'albedo paint': 0, 'albedo painting': 0, 'white painting': 0, 'reflective paint': 0, 'green roof': 0, 'green roofing': 0, 'k glass': 0, 'doubly glazed glass': 0, 'passive cooling': 0, 'air cooler': 0, 'white china mosaic': 0, 'lime based whitewash': 0, 'white tarp': 0, 'acrylic resin coating': 0, 'tree plantation': 0, 'avenue plantation': 0, 'plantation': 0, 'green belt': 0, 'urban forestry': 0, 'urban forest': 0, 'park development': 0, 'shelter belt': 0, 'shade tree': 0, 'vertical garden': 0, 'green space': 0, 'afforestation': 0, 'green campus': 0, 'night shelter': 0, 'transit shelter': 0, 'rest shed': 2, 'waiting shed': 0, 'community hall': 0, 'relief centre': 0, 'relief center': 0, 'bus stand shelter': 0, 'passenger shelter': 0, 'cool shelter': 0, 'rest shade': 0, 'cool resting space': 0, 'cool resting shed': 0, 'passenger shed': 0, 'outreach clinic': 0, 'awareness campaign': 0, 'iec activity': 0, 'iec material': 0, 'capacity building': 0, 'training programme': 0, 'training program': 0, 'mock drill': 0, 'sensitization': 0, 'swasthya kantha': 0, 'do and dont': 0, 'dos and donts': 0, 'display board': 0, 'hoarding': 0, 'pamphlet': 0, 'leaflet': 0, 'banner': 0}","{'floodlight': 0, 'flood light': 0, 'street light': 0, 'solar street light': 0, 'high mast light': 0, 'gas pipeline': 0, 'sports complex': 0, 'stadium': 0, 'cricket': 0, 'football': 0, 'volleyball': 0, 'examination hall': 0, 'cremation ground': 0, 'crematorium': 0, 'burial ground': 0, 'election': 0, 'covid': 0, 'vaccination': 0, 'wedding hall': 0, 'marriage hall': 0, 'kalyan mandap': 0, 'boundary wall': 0, 'compound wall': 0, 'staff quarter': 0, 'quarter building': 0, 'drug warehouse': 0, 'drug ware house': 0, 'godown': 0, 'bio medical waste': 0, 'biomedical waste': 0, 'bmw management': 0, 'waste management': 0}",weak,Pre-Summer (Jan-Feb),,Shelter & Rest Infrastructure,Shelter & Rest Infrastructure,{'Shelter & Rest Infrastructure': {'rest shed': 2}}
2025_AULE_120859_17,e-Procurement Notice No.AED-15 OF 2025-26,AUL 20 Protection to Scoured bank on Uttikana Saline Embankment from RD 21400 M to 21480 M.,Protection to Scoured bank on Uttikana Saline Embankment from RD 21400 M to 21480 M.,Works,Open Tender,Percentage,Civil Works - Others,No,No,NA ,07-Nov-2025 10:00 AM,NA ,90.0,No ,No,Online,18-Nov-2025 11:00 AM,CE AND BM MBBS CHANDIKOLE||EASTERN CIRCLE II CHANDIKOLE||AUL Embankment Div AUL,Aul,754219.0,2.0,"61,09,266",RAJENDRA NARAYAN NAYAK,"5,193,487",Rejected-Finance,22-May-2026,CE AND BM MBBS CHANDIKOLE||EASTERN CIRCLE II CHANDIKOLE||AUL Embankment Div AUL,True,False,"{'heatwave': 0, 'heat wave': 0, 'heat-wave': 0, 'heat stress': 0, 'heat stroke': 0, 'heat action plan': 0, 'heat resilience': 0, 'heat resilient': 0, 'extreme heat': 0, 'high temperature': 0, 'rising temperature': 0, 'heat resistant': 0, 'climate resilient': 0, 'cooling centre': 0, 'cooling center': 0, 'emergency response': 0, 'first aid': 0, 'ambulance': 0, 'ors': 0, 'oral rehydration solution': 0, 'heat stroke treatment': 0, 'sunstroke': 0, 'sun stroke': 0, 'heat related illness': 0, 'heat illness': 0, 'heat exhaustion': 0, 'heat cramp': 0, 'heat rash': 0, 'heat alert': 0, 'heat warning': 0, 'heat advisory': 0, 'heat hotline': 0, 'satark': 0, 'early warning system': 0, 'saline': 2, 'iv fluid': 0, 'rapid response team': 0, 'mobile health unit': 0, 'relief chamber': 0, 'heat stroke ward': 0, 'heat stroke bed': 0, 'drinking water': 0, 'water kiosk': 0, 'water atm': 0, 'hydration point': 0, 'hydration centre': 0, 'hydration center': 0, 'cold water': 0, 'tube well': 0, 'tubewell': 0, 'borewell': 0, 'bore well': 0, 'hand pump': 0, 'handpump': 0, 'overhead tank': 0, 'oh tank': 0, 'stand post': 0, 'piped water supply': 0, 'water supply scheme': 0, 'jalachhatra': 0, 'jalachatra': 0, 'jala jogana kendra': 0, 'jal jogana kendra': 0, 'jal seva shibira': 0, 'water tanker': 0, 'water sprinkling': 0, 'cool roof': 0, 'white roof': 0, 'white topping': 0, 'roof insulation': 0, 'thermal insulation': 0, 'heat reflective': 0, 'reflective coating': 0, 'shade net': 0, 'shade structure': 0, 'canopy': 0, 'awning': 0, 'albedo paint': 0, 'albedo painting': 0, 'white painting': 0, 'reflective paint': 0, 'green roof': 0, 'green roofing': 0, 'k glass': 0, 'doubly glazed glass': 0, 'passive cooling': 0, 'air cooler': 0, 'white china mosaic': 0, 'lime based whitewash': 0, 'white tarp': 0, 'acrylic resin coating': 0, 'tree plantation': 0, 'avenue plantation': 0, 'plantation': 0, 'green belt': 0, 'urban forestry': 0, 'urban forest': 0, 'park development': 0, 'shelter belt': 0, 'shade tree': 0, 'vertical garden': 0, 'green space': 0, 'afforestation': 0, 'green campus': 0, 'night shelter': 0, 'transit shelter': 0, 'rest shed': 0, 'waiting shed': 0, 'community hall': 0, 'relief centre': 0, 'relief center': 0, 'bus stand shelter': 0, 'passenger shelter': 0, 'cool shelter': 0, 'rest shade': 0, 'cool resting space': 0, 'cool resting shed': 0, 'passenger shed': 0, 'outreach clinic': 0, 'awareness campaign': 0, 'iec activity': 0, 'iec material': 0, 'capacity building': 0, 'training programme': 0, 'training program': 0, 'mock drill': 0, 'sensitization': 0, 'swasthya kantha': 0, 'do and dont': 0, 'dos and donts': 0, 'display board': 0, 'hoarding': 0, 'pamphlet': 0, 'leaflet': 0, 'banner': 0}","{'floodlight': 0, 'flood light': 0, 'street light': 0, 'solar street light': 0, 'high mast light': 0, 'gas pipeline': 0, 'sports complex': 0, 'stadium': 0, 'cricket': 0, 'football': 0, 'volleyball': 0, 'examination hall': 0, 'cremation ground': 0, 'crematorium': 0, 'burial ground': 0, 'election': 0, 'covid': 0, 'vaccination': 0, 'wedding hall': 0, 'marriage hall': 0, 'kalyan mandap': 0, 'boundary wall': 0, 'compound wall': 0, 'staff quarter': 0, 'quarter building': 0, 'drug warehouse': 0, 'drug ware house': 0, 'godown': 0, 'bio medical waste': 0, 'biomedical waste': 0, 'bmw management': 0, 'waste management': 0}",weak,Post-Monsoon / Winter (Oct-Dec),,Heatwave & Emergency Response,Heatwave & Emergency Response,{'Heatwave & Emergency Response': {'saline': 2}}
2025_AULE_120859_16,e-Procurement Notice No.AED-15 OF 2025-26,AUL 18 Improvement to Service Road of Mahakalapada Chappali Saline Embankment from RD 1900 m to 3400 m near village Keyarbanka,Improvement to Service Road of Mahakalapada Chappali Saline Embankment from RD 1900 m to 3400 m near village Keyarbanka,Works,Open Tender,Percentage,Civil Works - Others,No,No,NA ,07-Nov-2025 10:00 AM,NA ,90.0,No ,No,Online,18-Nov-2025 11:00 AM,CE AND BM MBBS CHANDIKOLE||EASTERN CIRCLE II CHANDIKOLE||AUL Embankment Div AUL,Aul,754219.0,2.0,"59,43,488",AMIT KUMAR BEHERA,"5,052,559",Rejected-Finance,22-May-2026,CE AND BM MBBS CHANDIKOLE||EASTERN CIRCLE II CHANDIKOLE||AUL Embankment Div AUL,True,False,"{'heatwave': 0, 'heat wave': 0, 'heat-wave': 0, 'heat stress': 0, 'heat stroke': 0, 'heat action plan': 0, 'heat resilience': 0, 'heat resilient': 0, 'extreme heat': 0, 'high temperature': 0, 'rising temperature': 0, 'heat resistant': 0, 'climate resilient': 0, 'cooling centre': 0, 'cooling center': 0, 'emergency response': 0, 'first aid': 0, 'ambulance': 0, 'ors': 0, 'oral rehydration solution': 0, 'heat stroke treatment': 0, 'sunstroke': 0, 'sun stroke': 0, 'heat related illness': 0, 'heat illness': 0, 'heat exhaustion': 0, 'heat cramp': 0, 'heat rash': 0, 'heat alert': 0, 'heat warning': 0, 'heat advisory': 0, 'heat hotline': 0, 'satark': 0, 'early warning system': 0, 'saline': 2, 'iv fluid': 0, 'rapid response team': 0, 'mobile health unit': 0, 'relief chamber': 0, 'heat stroke ward': 0, 'heat stroke bed': 0, 'drinking water': 0, 'water kiosk': 0, 'water atm': 0, 'hydration point': 0, 'hydration centre': 0, 'hydration center': 0, 'cold water': 0, 'tube well': 0, 'tubewell': 0, 'borewell': 0, 'bore well': 0, 'hand pump': 0, 'handpump': 0, 'overhead tank': 0, 'oh tank': 0, 'stand post': 0, 'piped water supply': 0, 'water supply scheme': 0, 'jalachhatra': 0, 'jalachatra': 0, 'jala jogana kendra': 0, 'jal jogana kendra': 0, 'jal seva shibira': 0, 'water tanker': 0, 'water sprinkling': 0, 'cool roof': 0, 'white roof': 0, 'white topping': 0, 'roof insulation': 0, 'thermal insulation': 0, 'heat reflective': 0, 'reflective coating': 0, 'shade net': 0, 'shade structure': 0, 'canopy': 0, 'awning': 0, 'albedo paint': 0, 'albedo painting': 0, 'white painting': 0, 'reflective paint': 0, 'green roof': 0, 'green roofing': 0, 'k glass': 0, 'doubly glazed glass': 0, 'passive cooling': 0, 'air cooler': 0, 'white china mosaic': 0, 'lime based whitewash': 0, 'white tarp': 0, 'acrylic resin coating': 0, 'tree plantation': 0, 'avenue plantation': 0, 'plantation': 0, 'green belt': 0, 'urban forestry': 0, 'urban forest': 0, 'park development': 0, 'shelter belt': 0, 'shade tree': 0, 'vertical garden': 0, 'green space': 0, 'afforestation': 0, 'green campus': 0, 'night shelter': 0, 'transit shelter': 0, 'rest shed': 0, 'waiting shed': 0, 'community hall': 0, 'relief centre': 0, 'relief center': 0, 'bus stand shelter': 0, 'passenger shelter': 0, 'cool shelter': 0, 'rest shade': 0, 'cool resting space': 0, 'cool resting shed': 0, 'passenger shed': 0, 'outreach clinic': 0, 'awareness campaign': 0, 'iec activity': 0, 'iec material': 0, 'capacity building': 0, 'training programme': 0, 'training program': 0, 'mock drill': 0, 'sensitization': 0, 'swasthya kantha': 0, 'do and dont': 0, 'dos and donts': 0, 'display board': 0, 'hoarding': 0, 'pamphlet': 0, 'leaflet': 0, 'banner': 0}","{'floodlight': 0, 'flood light': 0, 'street light': 0, 'solar street light': 0, 'high mast light': 0, 'gas pipeline': 0, 'sports complex': 0, 'stadium': 0, 'cricket': 0, 'football': 0, 'volleyball': 0, 'examination hall': 0, 'cremation ground': 0, 'crematorium': 0, 'burial ground': 0, 'election': 0, 'covid': 0, 'vaccination': 0, 'wedding hall': 0, 'marriage hall': 0, 'kalyan mandap': 0, 'boundary wall': 0, 'compound wall': 0, 'staff quarter': 0, 'quarter building': 0, 'drug warehouse': 0, 'drug ware house': 0, 'godown': 0, 'bio medical waste': 0, 'biomedical waste': 0, 'bmw management': 0, 'waste management': 0}",weak,Post-Monsoon / Winter (Oct-Dec),,Heatwave & Emergency Response,Heatwave & Emergency Response,{'Heatwave & Emergency Response': {'saline': 2}}
2025_CERWI_120441_13,EEPTNG-online-07/2025-26,Special Repair of Rev. Rest shed at Harisankar for the year 2025-26,Special Repair of Rev. Rest shed at Harisankar for the year 2025-26,Works,Open Tender,Percentage,Civil Works - Buildings,No,No,NA ,31-Oct-2025 06:55 PM,NA ,90.0,No ,No,Online,15-Nov-2025 11:00 AM,CE RW I||RWCIRCLE-BALANGIR||RW Division Patnagarh,Patnagarh,767025.0,1.0,"4,24,000",ABHISHEK SARAF,"360,174",Rejected-Finance,07-May-2026,CE RW I||RWCIRCLE-BALANGIR||RW Division Patnagarh,True,False,"{'heatwave': 0, 'heat wave': 0, 'heat-wave': 0, 'heat stress': 0, 'heat stroke': 0, 'heat action plan': 0, 'heat resilience': 0, 'heat resilient': 0, 'extreme heat': 0, 'high temperature': 0, 'rising temperature': 0, 'heat resistant': 0, 'climate resilient': 0, 'cooling centre': 0, 'cooling center': 0, 'emergency response': 0, 'first aid': 0, 'ambulance': 0, 'ors': 0, 'oral rehydration solution': 0, 'heat stroke treatment': 0, 'sunstroke': 0, 'sun stroke': 0, 'heat related illness': 0, 'heat illness': 0, 'heat exhaustion': 0, 'heat cramp': 0, 'heat rash': 0, 'heat alert': 0, 'heat warning': 0, 'heat advisory': 0, 'heat hotline': 0, 'satark': 0, 'early warning system': 0, 'saline': 0, 'iv fluid': 0, 'rapid response team': 0, 'mobile health unit': 0, 'relief chamber': 0, 'heat stroke ward': 0, 'heat stroke bed': 0, 'drinking water': 0, 'water kiosk': 0, 'water atm': 0, 'hydration point': 0, 'hydration centre': 0, 'hydration center': 0, 'cold water': 0, 'tube well': 0, 'tubewell': 0, 'borewell': 0, 'bore well': 0, 'hand pump': 0, 'handpump': 0, 'overhead tank': 0, 'oh tank': 0, 'stand post': 0, 'piped water supply': 0, 'water supply scheme': 0, 'jalachhatra': 0, 'jalachatra': 0, 'jala jogana kendra': 0, 'jal jogana kendra': 0, 'jal seva shibira': 0, 'water tanker': 0, 'water sprinkling': 0, 'cool roof': 0, 'white roof': 0, 'white topping': 0, 'roof insulation': 0, 'thermal insulation': 0, 'heat reflective': 0, 'reflective coating': 0, 'shade net': 0, 'shade structure': 0, 'canopy': 0, 'awning': 0, 'albedo paint': 0, 'albedo painting': 0, 'white painting': 0, 'reflective paint': 0, 'green roof': 0, 'green roofing': 0, 'k glass': 0, 'doubly glazed glass': 0, 'passive cooling': 0, 'air cooler': 0, 'white china mosaic': 0, 'lime based whitewash': 0, 'white tarp': 0, 'acrylic resin coating': 0, 'tree plantation': 0, 'avenue plantation': 0, 'plantation': 0, 'green belt': 0, 'urban forestry': 0, 'urban forest': 0, 'park development': 0, 'shelter belt': 0, 'shade tree': 0, 'vertical garden': 0, 'green space': 0, 'afforestation': 0, 'green campus': 0, 'night shelter': 0, 'transit shelter': 0, 'rest shed': 2, 'waiting shed': 0, 'community hall': 0, 'relief centre': 0, 'relief center': 0, 'bus stand shelter': 0, 'passenger shelter': 0, 'cool shelter': 0, 'rest shade': 0, 'cool resting space': 0, 'cool resting shed': 0, 'passenger shed': 0, 'outreach clinic': 0, 'awareness campaign': 0, 'iec activity': 0, 'iec material': 0, 'capacity building': 0, 'training programme': 0, 'training program': 0, 'mock drill': 0, 'sensitization': 0, 'swasthya kantha': 0, 'do and dont': 0, 'dos and donts': 0, 'display board': 0, 'hoarding': 0, 'pamphlet': 0, 'leaflet': 0, 'banner': 0}","{'floodlight': 0, 'flood light': 0, 'street light': 0, 'solar street light': 0, 'high mast light': 0, 'gas pipeline': 0, 'sports complex': 0, 'stadium': 0, 'cricket': 0, 'football': 0, 'volleyball': 0, 'examination hall': 0, 'cremation ground': 0, 'crematorium': 0, 'burial ground': 0, 'election': 0, 'covid': 0, 'vaccination': 0, 'wedding hall': 0, 'marriage hall': 0, 'kalyan mandap': 0, 'boundary wall': 0, 'compound wall': 0, 'staff quarter': 0, 'quarter building': 0, 'drug warehouse': 0, 'drug ware house': 0, 'godown': 0, 'bio medical waste': 0, 'biomedical waste': 0, 'bmw management': 0, 'waste management': 0}",weak,Post-Monsoon / Winter (Oct-Dec),,Shelter & Rest Infrastructure,Shelter & Rest Infrastructure,{'Shelter & Rest Infrastructure': {'rest shed': 2}}
2026_KPRIP_127848_5,"SE,KRC AND BD-25(2025-26)",Construction of Graamasree Pindi and Rest shed with an approach to Sankarpur for the DPs of village Sankarpur under KIP,Construction of Graamasree Pindi and Rest shed with an approach to Sankarpur for the DPs of village Sankarpur under KIP,Works,National Competitive Bid,Percentage,Civil Works - Buildings,No,No,NA ,06-Apr-2026 10:00 AM,NA ,90.0,No ,No,Online,16-Apr-2026 11:00 AM,Kanupur Irrigation Project||CCE-Kanupur||Kanupur R C AND B,SE Kanupur Reh. C and B Division Basudevpur,758047.0,1.0,"8,23,943",PRAMOD KUMAR DAS,"682,966",Accepted-AOC,31-May-2026,Kanupur Irrigation Project||CCE-Kanupur||Kanupur R C AND B,True,False,"{'heatwave': 0, 'heat wave': 0, 'heat-wave': 0, 'heat stress': 0, 'heat stroke': 0, 'heat action plan': 0, 'heat resilience': 0, 'heat resilient': 0, 'extreme heat': 0, 'high temperature': 0, 'rising temperature': 0, 'heat resistant': 0, 'climate resilient': 0, 'cooling centre': 0, 'cooling center': 0, 'emergency response': 0, 'first aid': 0, 'ambulance': 0, 'ors': 0, 'oral rehydration solution': 0, 'heat stroke treatment': 0, 'sunstroke': 0, 'sun stroke': 0, 'heat related illness': 0, 'heat illness': 0, 'heat exhaustion': 0, 'heat cramp': 0, 'heat rash': 0, 'heat alert': 0, 'heat warning': 0, 'heat advisory': 0, 'heat hotline': 0, 'satark': 0, 'early warning system': 0, 'saline': 0, 'iv fluid': 0, 'rapid response team': 0, 'mobile health unit': 0, 'relief chamber': 0, 'heat stroke ward': 0, 'heat stroke bed': 0, 'drinking water': 0, 'water kiosk': 0, 'water atm': 0, 'hydration point': 0, 'hydration centre': 0, 'hydration center': 0, 'cold water': 0, 'tube well': 0, 'tubewell': 0, 'borewell': 0, 'bore well': 0, 'hand pump': 0, 'handpump': 0, 'overhead tank': 0, 'oh tank': 0, 'stand post': 0, 'piped water supply': 0, 'water supply scheme': 0, 'jalachhatra': 0, 'jalachatra': 0, 'jala jogana kendra': 0, 'jal jogana kendra': 0, 'jal seva shibira': 0, 'water tanker': 0, 'water sprinkling': 0, 'cool roof': 0, 'white roof': 0, 'white topping': 0, 'roof insulation': 0, 'thermal insulation': 0, 'heat reflective': 0, 'reflective coating': 0, 'shade net': 0, 'shade structure': 0, 'canopy': 0, 'awning': 0, 'albedo paint': 0, 'albedo painting': 0, 'white painting': 0, 'reflective paint': 0, 'green roof': 0, 'green roofing': 0, 'k glass': 0, 'doubly glazed glass': 0, 'passive cooling': 0, 'air cooler': 0, 'white china mosaic': 0, 'lime based whitewash': 0, 'white tarp': 0, 'acrylic resin coating': 0, 'tree plantation': 0, 'avenue plantation': 0, 'plantation': 0, 'green belt': 0, 'urban forestry': 0, 'urban forest': 0, 'park development': 0, 'shelter belt': 0, 'shade tree': 0, 'vertical garden': 0, 'green space': 0, 'afforestation': 0, 'green campus': 0, 'night shelter': 0, 'transit shelter': 0, 'rest shed': 2, 'waiting shed': 0, 'community hall': 0, 'relief centre': 0, 'relief center': 0, 'bus stand shelter': 0, 'passenger shelter': 0, 'cool shelter': 0, 'rest shade': 0, 'cool resting space': 0, 'cool resting shed': 0, 'passenger shed': 0, 'outreach clinic': 0, 'awareness campaign': 0, 'iec activity': 0, 'iec material': 0, 'capacity building': 0, 'training programme': 0, 'training program': 0, 'mock drill': 0, 'sensitization': 0, 'swasthya kantha': 0, 'do and dont': 0, 'dos and donts': 0, 'display board': 0, 'hoarding': 0, 'pamphlet': 0, 'leaflet': 0, 'banner': 0}","{'floodlight': 0, 'flood light': 0, 'street light': 0, 'solar street light': 0, 'high mast light': 0, 'gas pipeline': 0, 'sports complex': 0, 'stadium': 0, 'cricket': 0, 'football': 0, 'volleyball': 0, 'examination hall': 0, 'cremation ground': 0, 'crematorium': 0, 'burial ground': 0, 'election': 0, 'covid': 0, 'vaccination': 0, 'wedding hall': 0, 'marriage hall': 0, 'kalyan mandap': 0, 'boundary wall': 0, 'compound wall': 0, 'staff quarter': 0, 'quarter building': 0, 'drug warehouse': 0, 'drug ware house': 0, 'godown': 0, 'bio medical waste': 0, 'biomedical waste': 0, 'bmw management': 0, 'waste management': 0}",weak,Summer / Heatwave (Mar-Jun),,Shelter & Rest Infrastructure,Shelter & Rest Infrastructure,{'Shelter & Rest Infrastructure': {'rest shed': 2}}
2025_CERWI_120441_12,EEPTNG-online-07/2025-26,Special Repair of Rev. Rest Shed at Dhandamunda for the year 2025-26,Special Repair of Rev. Rest Shed at Dhandamunda for the year 2025-26,Works,Open Tender,Percentage,Civil Works - Buildings,No,No,NA ,31-Oct-2025 06:00 PM,NA ,90.0,No ,No,Online,15-Nov-2025 11:00 AM,CE RW I||RWCIRCLE-BALANGIR||RW Division Patnagarh,Patnagarh,767025.0,1.0,"4,24,000",ABHISHEK SARAF,"359,546",Accepted-AOC,12-May-2026,CE RW I||RWCIRCLE-BALANGIR||RW Division Patnagarh,True,False,"{'heatwave': 0, 'heat wave': 0, 'heat-wave': 0, 'heat stress': 0, 'heat stroke': 0, 'heat action plan': 0, 'heat resilience': 0, 'heat resilient': 0, 'extreme heat': 0, 'high temperature': 0, 'rising temperature': 0, 'heat resistant': 0, 'climate resilient': 0, 'cooling centre': 0, 'cooling center': 0, 'emergency response': 0, 'first aid': 0, 'ambulance': 0, 'ors': 0, 'oral rehydration solution': 0, 'heat stroke treatment': 0, 'sunstroke': 0, 'sun stroke': 0, 'heat related illness': 0, 'heat illness': 0, 'heat exhaustion': 0, 'heat cramp': 0, 'heat rash': 0, 'heat alert': 0, 'heat warning': 0, 'heat advisory': 0, 'heat hotline': 0, 'satark': 0, 'early warning system': 0, 'saline': 0, 'iv fluid': 0, 'rapid response team': 0, 'mobile health unit': 0, 'relief chamber': 0, 'heat stroke ward': 0, 'heat stroke bed': 0, 'drinking water': 0, 'water kiosk': 0, 'water atm': 0, 'hydration point': 0, 'hydration centre': 0, 'hydration center': 0, 'cold water': 0, 'tube well': 0, 'tubewell': 0, 'borewell': 0, 'bore well': 0, 'hand pump': 0, 'handpump': 0, 'overhead tank': 0, 'oh tank': 0, 'stand post': 0, 'piped water supply': 0, 'water supply scheme': 0, 'jalachhatra': 0, 'jalachatra': 0, 'jala jogana kendra': 0, 'jal jogana kendra': 0, 'jal seva shibira': 0, 'water tanker': 0, 'water sprinkling': 0, 'cool roof': 0, 'white roof': 0, 'white topping': 0, 'roof insulation': 0, 'thermal insulation': 0, 'heat reflective': 0, 'reflective coating': 0, 'shade net': 0, 'shade structure': 0, 'canopy': 0, 'awning': 0, 'albedo paint': 0, 'albedo painting': 0, 'white painting': 0, 'reflective paint': 0, 'green roof': 0, 'green roofing': 0, 'k glass': 0, 'doubly glazed glass': 0, 'passive cooling': 0, 'air cooler': 0, 'white china mosaic': 0, 'lime based whitewash': 0, 'white tarp': 0, 'acrylic resin coating': 0, 'tree plantation': 0, 'avenue plantation': 0, 'plantation': 0, 'green belt': 0, 'urban forestry': 0, 'urban forest': 0, 'park development': 0, 'shelter belt': 0, 'shade tree': 0, 'vertical garden': 0, 'green space': 0, 'afforestation': 0, 'green campus': 0, 'night shelter': 0, 'transit shelter': 0, 'rest shed': 2, 'waiting shed': 0, 'community hall': 0, 'relief centre': 0, 'relief center': 0, 'bus stand shelter': 0, 'passenger shelter': 0, 'cool shelter': 0, 'rest shade': 0, 'cool resting space': 0, 'cool resting shed': 0, 'passenger shed': 0, 'outreach clinic': 0, 'awareness campaign': 0, 'iec activity': 0, 'iec material': 0, 'capacity building': 0, 'training programme': 0, 'training program': 0, 'mock drill': 0, 'sensitization': 0, 'swasthya kantha': 0, 'do and dont': 0, 'dos and donts': 0, 'display board': 0, 'hoarding': 0, 'pamphlet': 0, 'leaflet': 0, 'banner': 0}","{'floodlight': 0, 'flood light': 0, 'street light': 0, 'solar street light': 0, 'high mast light': 0, 'gas pipeline': 0, 'sports complex': 0, 'stadium': 0, 'cricket': 0, 'football': 0, 'volleyball': 0, 'examination hall': 0, 'cremation ground': 0, 'crematorium': 0, 'burial ground': 0, 'election': 0, 'covid': 0, 'vaccination': 0, 'wedding hall': 0, 'marriage hall': 0, 'kalyan mandap': 0, 'boundary wall': 0, 'compound wall': 0, 'staff quarter': 0, 'quarter building': 0, 'drug warehouse': 0, 'drug ware house': 0, 'godown': 0, 'bio medical waste': 0, 'biomedical waste': 0, 'bmw management': 0, 'waste management': 0}",weak,Post-Monsoon / Winter (Oct-Dec),,Shelter & Rest Infrastructure,Shelter & Rest Infrastructure,{'Shelter & Rest Infrastructure': {'rest shed': 2}}
2026_CERWI_125451_1,RWDKNJ-11/2025-26,Construction of rest shed building at Champajhar PHC under Thakurmunda block in the Mayurbhanj district for the year 2022-23 under OMBADC.,Construction of rest shed building at Champajhar PHC under Thakurmunda block in the Mayurbhanj district for the year 2022-23 under OMBADC.,Works,Open Tender,Percentage,Civil Works - Buildings,No,No,NA ,03-Feb-2026 11:10 AM,NA ,90.0,No ,No,Online,10-Feb-2026 11:00 AM,CE RW I||RWCIRCLE-BARIPADA||RW Division Karanjia,Mayurbhanj,757037.0,1.0,"26,89,121",SRIMANTA KUMAR DAS,"2,688,852",Rejected-AOC,30-May-2026,CE RW I||RWCIRCLE-BARIPADA||RW Division Karanjia,True,False,"{'heatwave': 0, 'heat wave': 0, 'heat-wave': 0, 'heat stress': 0, 'heat stroke': 0, 'heat action plan': 0, 'heat resilience': 0, 'heat resilient': 0, 'extreme heat': 0, 'high temperature': 0, 'rising temperature': 0, 'heat resistant': 0, 'climate resilient': 0, 'cooling centre': 0, 'cooling center': 0, 'emergency response': 0, 'first aid': 0, 'ambulance': 0, 'ors': 0, 'oral rehydration solution': 0, 'heat stroke treatment': 0, 'sunstroke': 0, 'sun stroke': 0, 'heat related illness': 0, 'heat illness': 0, 'heat exhaustion': 0, 'heat cramp': 0, 'heat rash': 0, 'heat alert': 0, 'heat warning': 0, 'heat advisory': 0, 'heat hotline': 0, 'satark': 0, 'early warning system': 0, 'saline': 0, 'iv fluid': 0, 'rapid response team': 0, 'mobile health unit': 0, 'relief chamber': 0, 'heat stroke ward': 0, 'heat stroke bed': 0, 'drinking water': 0, 'water kiosk': 0, 'water atm': 0, 'hydration point': 0, 'hydration centre': 0, 'hydration center': 0, 'cold water': 0, 'tube well': 0, 'tubewell': 0, 'borewell': 0, 'bore well': 0, 'hand pump': 0, 'handpump': 0, 'overhead tank': 0, 'oh tank': 0, 'stand post': 0, 'piped water supply': 0, 'water supply scheme': 0, 'jalachhatra': 0, 'jalachatra': 0, 'jala jogana kendra': 0, 'jal jogana kendra': 0, 'jal seva shibira': 0, 'water tanker': 0, 'water sprinkling': 0, 'cool roof': 0, 'white roof': 0, 'white topping': 0, 'roof insulation': 0, 'thermal insulation': 0, 'heat reflective': 0, 'reflective coating': 0, 'shade net': 0, 'shade structure': 0, 'canopy': 0, 'awning': 0, 'albedo paint': 0, 'albedo painting': 0, 'white painting': 0, 'reflective paint': 0, 'green roof': 0, 'green roofing': 0, 'k glass': 0, 'doubly glazed glass': 0, 'passive cooling': 0, 'air cooler': 0, 'white china mosaic': 0, 'lime based whitewash': 0, 'white tarp': 0, 'acrylic resin coating': 0, 'tree plantation': 0, 'avenue plantation': 0, 'plantation': 0, 'green belt': 0, 'urban forestry': 0, 'urban forest': 0, 'park development': 0, 'shelter belt': 0, 'shade tree': 0, 'vertical garden': 0, 'green space': 0, 'afforestation': 0, 'green campus': 0, 'night shelter': 0, 'transit shelter': 0, 'rest shed': 2, 'waiting shed': 0, 'community hall': 0, 'relief centre': 0, 'relief center': 0, 'bus stand shelter': 0, 'passenger shelter': 0, 'cool shelter': 0, 'rest shade': 0, 'cool resting space': 0, 'cool resting shed': 0, 'passenger shed': 0, 'outreach clinic': 0, 'awareness campaign': 0, 'iec activity': 0, 'iec material': 0, 'capacity building': 0, 'training programme': 0, 'training program': 0, 'mock drill': 0, 'sensitization': 0, 'swasthya kantha': 0, 'do and dont': 0, 'dos and donts': 0, 'display board': 0, 'hoarding': 0, 'pamphlet': 0, 'leaflet': 0, 'banner': 0}","{'floodlight': 0, 'flood light': 0, 'street light': 0, 'solar street light': 0, 'high mast light': 0, 'gas pipeline': 0, 'sports complex': 0, 'stadium': 0, 'cricket': 0, 'football': 0, 'volleyball': 0, 'examination hall': 0, 'cremation ground': 0, 'crematorium': 0, 'burial ground': 0, 'election': 0, 'covid': 0, 'vaccination': 0, 'wedding hall': 0, 'marriage hall': 0, 'kalyan mandap': 0, 'boundary wall': 0, 'compound wall': 0, 'staff quarter': 0, 'quarter building': 0, 'drug warehouse': 0, 'drug ware house': 0, 'godown': 0, 'bio medical waste': 0, 'biomedical waste': 0, 'bmw management': 0, 'waste management': 0}",weak,Pre-Summer (Jan-Feb),OMBADC,Shelter & Rest Infrastructure,Shelter & Rest Infrastructure,{'Shelter & Rest Infrastructure': {'rest shed': 2}}
2025_WCUTT_121651_1,GMWATCO (W)-11(4)/2025-26 Dtd.17.11.2025,"Construction of DRINKING WATER KIOSK at Panagada Chhaka in Ward No- 56 under WATCO Section Chhatrabazar-II, Cuttack","Construction of DRINKING WATER KIOSK at Panagada Chhaka in Ward No- 56 under WATCO Section Chhatrabazar-II, Cuttack",Works,National Competitive Bid,Percentage,Civil Works - Water Works,No,No,NA ,20-Nov-2025 02:40 PM,NA ,120.0,No ,No,Online,29-Nov-2025 12:30 PM,WATCO Bhubaneswar||Director (Operation) Watco||WATCO Division Cuttack,Cuttack,753003.0,1.0,"7,31,518",SANTOSH KUMAR MOHAPATRA,"621,863",Rejected-AOC,29-May-2026,WATCO Bhubaneswar||Director (Operation) Watco||WATCO Division Cuttack,True,True,"{'heatwave': 0, 'heat wave': 0, 'heat-wave': 0, 'heat stress': 0, 'heat stroke': 0, 'heat action plan': 0, 'heat resilience': 0, 'heat resilient': 0, 'extreme heat': 0, 'high temperature': 0, 'rising temperature': 0, 'heat resistant': 0, 'climate resilient': 0, 'cooling centre': 0, 'cooling center': 0, 'emergency response': 0, 'first aid': 0, 'ambulance': 0, 'ors': 0, 'oral rehydration solution': 0, 'heat stroke treatment': 0, 'sunstroke': 0, 'sun stroke': 0, 'heat related illness': 0, 'heat illness': 0, 'heat exhaustion': 0, 'heat cramp': 0, 'heat rash': 0, 'heat alert': 0, 'heat warning': 0, 'heat advisory': 0, 'heat hotline': 0, 'satark': 0, 'early warning system': 0, 'saline': 0, 'iv fluid': 0, 'rapid response team': 0, 'mobile health unit': 0, 'relief chamber': 0, 'heat stroke ward': 0, 'heat stroke bed': 0, 'drinking water': 2, 'water kiosk': 2, 'water atm': 0, 'hydration point': 0, 'hydration centre': 0, 'hydration center': 0, 'cold water': 0, 'tube well': 0, 'tubewell': 0, 'borewell': 0, 'bore well': 0, 'hand pump': 0, 'handpump': 0, 'overhead tank': 0, 'oh tank': 0, 'stand post': 0, 'piped water supply': 0, 'water supply scheme': 0, 'jalachhatra': 0, 'jalachatra': 0, 'jala jogana kendra': 0, 'jal jogana kendra': 0, 'jal seva shibira': 0, 'water tanker': 0, 'water sprinkling': 0, 'cool roof': 0, 'white roof': 0, 'white topping': 0, 'roof insulation': 0, 'thermal insulation': 0, 'heat reflective': 0, 'reflective coating': 0, 'shade net': 0, 'shade structure': 0, 'canopy': 0, 'awning': 0, 'albedo paint': 0, 'albedo painting': 0, 'white painting': 0, 'reflective paint': 0, 'green roof': 0, 'green roofing': 0, 'k glass': 0, 'doubly glazed glass': 0, 'passive cooling': 0, 'air cooler': 0, 'white china mosaic': 0, 'lime based whitewash': 0, 'white tarp': 0, 'acrylic resin coating': 0, 'tree plantation': 0, 'avenue plantation': 0, 'plantation': 0, 'green belt': 0, 'urban forestry': 0, 'urban forest': 0, 'park development': 0, 'shelter belt': 0, 'shade tree': 0, 'vertical garden': 0, 'green space': 0, 'afforestation': 0, 'green campus': 0, 'night shelter': 0, 'transit shelter': 0, 'rest shed': 0, 'waiting shed': 0, 'community hall': 0, 'relief centre': 0, 'relief center': 0, 'bus stand shelter': 0, 'passenger shelter': 0, 'cool shelter': 0, 'rest shade': 0, 'cool resting space': 0, 'cool resting shed': 0, 'passenger shed': 0, 'outreach clinic': 0, 'awareness campaign': 0, 'iec activity': 0, 'iec material': 0, 'capacity building': 0, 'training programme': 0, 'training program': 0, 'mock drill': 0, 'sensitization': 0, 'swasthya kantha': 0, 'do and dont': 0, 'dos and donts': 0, 'display board': 0, 'hoarding': 0, 'pamphlet': 0, 'leaflet': 0, 'banner': 0}","{'floodlight': 0, 'flood light': 0, 'street light': 0, 'solar street light': 0, 'high mast light': 0, 'gas pipeline': 0, 'sports complex': 0, 'stadium': 0, 'cricket': 0, 'football': 0, 'volleyball': 0, 'examination hall': 0, 'cremation ground': 0, 'crematorium': 0, 'burial ground': 0, 'election': 0, 'covid': 0, 'vaccination': 0, 'wedding hall': 0, 'marriage hall': 0, 'kalyan mandap': 0, 'boundary wall': 0, 'compound wall': 0, 'staff quarter': 0, 'quarter building': 0, 'drug warehouse': 0, 'drug ware house': 0, 'godown': 0, 'bio medical waste': 0, 'biomedical waste': 0, 'bmw management': 0, 'waste management': 0}",strong,Post-Monsoon / Winter (Oct-Dec),,Drinking Water & Hydration,Drinking Water & Hydration,"{'Drinking Water & Hydration': {'drinking water': 2, 'water kiosk': 2}}"
2025_AULE_119666_3,e-Procurement Notice No.AED-14 OF 2025-26,AUL 22 Protection to Scoured bank on Uttikana Saline Embankment from RD 21540 M to 21600 M,Protection to Scoured bank on Uttikana Saline Embankment from RD 21540 M to 21600 M,Works,Open Tender,Percentage,Civil Works - Others,No,No,NA ,18-Oct-2025 10:00 AM,NA ,90.0,No ,No,Online,28-Oct-2025 11:00 AM,CE AND BM MBBS CHANDIKOLE||EASTERN CIRCLE II CHANDIKOLE||AUL Embankment Div AUL,AUL,754219.0,1.0,"49,13,850",MANORANJAN ROUT,"4,177,264",Rejected-Finance,20-May-2026,CE AND BM MBBS CHANDIKOLE||EASTERN CIRCLE II CHANDIKOLE||AUL Embankment Div AUL,True,False,"{'heatwave': 0, 'heat wave': 0, 'heat-wave': 0, 'heat stress': 0, 'heat stroke': 0, 'heat action plan': 0, 'heat resilience': 0, 'heat resilient': 0, 'extreme heat': 0, 'high temperature': 0, 'rising temperature': 0, 'heat resistant': 0, 'climate resilient': 0, 'cooling centre': 0, 'cooling center': 0, 'emergency response': 0, 'first aid': 0, 'ambulance': 0, 'ors': 0, 'oral rehydration solution': 0, 'heat stroke treatment': 0, 'sunstroke': 0, 'sun stroke': 0, 'heat related illness': 0, 'heat illness': 0, 'heat exhaustion': 0, 'heat cramp': 0, 'heat rash': 0, 'heat alert': 0, 'heat warning': 0, 'heat advisory': 0, 'heat hotline': 0, 'satark': 0, 'early warning system': 0, 'saline': 2, 'iv fluid': 0, 'rapid response team': 0, 'mobile health unit': 0, 'relief chamber': 0, 'heat stroke ward': 0, 'heat stroke bed': 0, 'drinking water': 0, 'water kiosk': 0, 'water atm': 0, 'hydration point': 0, 'hydration centre': 0, 'hydration center': 0, 'cold water': 0, 'tube well': 0, 'tubewell': 0, 'borewell': 0, 'bore well': 0, 'hand pump': 0, 'handpump': 0, 'overhead tank': 0, 'oh tank': 0, 'stand post': 0, 'piped water supply': 0, 'water supply scheme': 0, 'jalachhatra': 0, 'jalachatra': 0, 'jala jogana kendra': 0, 'jal jogana kendra': 0, 'jal seva shibira': 0, 'water tanker': 0, 'water sprinkling': 0, 'cool roof': 0, 'white roof': 0, 'white topping': 0, 'roof insulation': 0, 'thermal insulation': 0, 'heat reflective': 0, 'reflective coating': 0, 'shade net': 0, 'shade structure': 0, 'canopy': 0, 'awning': 0, 'albedo paint': 0, 'albedo painting': 0, 'white painting': 0, 'reflective paint': 0, 'green roof': 0, 'green roofing': 0, 'k glass': 0, 'doubly glazed glass': 0, 'passive cooling': 0, 'air cooler': 0, 'white china mosaic': 0, 'lime based whitewash': 0, 'white tarp': 0, 'acrylic resin coating': 0, 'tree plantation': 0, 'avenue plantation': 0, 'plantation': 0, 'green belt': 0, 'urban forestry': 0, 'urban forest': 0, 'park development': 0, 'shelter belt': 0, 'shade tree': 0, 'vertical garden': 0, 'green space': 0, 'afforestation': 0, 'green campus': 0, 'night shelter': 0, 'transit shelter': 0, 'rest shed': 0, 'waiting shed': 0, 'community hall': 0, 'relief centre': 0, 'relief center': 0, 'bus stand shelter': 0, 'passenger shelter': 0, 'cool shelter': 0, 'rest shade': 0, 'cool resting space': 0, 'cool resting shed': 0, 'passenger shed': 0, 'outreach clinic': 0, 'awareness campaign': 0, 'iec activity': 0, 'iec material': 0, 'capacity building': 0, 'training programme': 0, 'training program': 0, 'mock drill': 0, 'sensitization': 0, 'swasthya kantha': 0, 'do and dont': 0, 'dos and donts': 0, 'display board': 0, 'hoarding': 0, 'pamphlet': 0, 'leaflet': 0, 'banner': 0}","{'floodlight': 0, 'flood light': 0, 'street light': 0, 'solar street light': 0, 'high mast light': 0, 'gas pipeline': 0, 'sports complex': 0, 'stadium': 0, 'cricket': 0, 'football': 0, 'volleyball': 0, 'examination hall': 0, 'cremation ground': 0, 'crematorium': 0, 'burial ground': 0, 'election': 0, 'covid': 0, 'vaccination': 0, 'wedding hall': 0, 'marriage hall': 0, 'kalyan mandap': 0, 'boundary wall': 0, 'compound wall': 0, 'staff quarter': 0, 'quarter building': 0, 'drug warehouse': 0, 'drug ware house': 0, 'godown': 0, 'bio medical waste': 0, 'biomedical waste': 0, 'bmw management': 0, 'waste management': 0}",weak,Post-Monsoon / Winter (Oct-Dec),,Heatwave & Emergency Response,Heatwave & Emergency Response,{'Heatwave & Emergency Response': {'saline': 2}}
2025_RWSS_121615_3,13/SE/RWSS/KPT/25-26/01.11.25,PIPED WATER SUPPLY TO 3NOS OF CLUBBED UP PWS SCHEMES UNDER SEMILIGUDA BLOCK UNDER BASUDHA PROGRAMME,PIPED WATER SUPPLY TO 3NOS OF CLUBBED UP PWS SCHEMES UNDER SEMILIGUDA BLOCK UNDER BASUDHA PROGRAMME,Works,National Competitive Bid,Percentage,Civil Works - Water Works,No,No,NA ,20-Nov-2025 05:00 PM,NA ,180.0,No ,No,Online,01-Dec-2025 11:00 AM,Rural Water Supply and Sanitation||RWSS Circle Koraput||RWSS Division Koraput,SEMILIGUDA,764036.0,2.0,"43,84,964",RATNAKAR SAHOO,"3,727,658.28",Rejected-AOC,21-May-2026,Rural Water Supply and Sanitation||RWSS Circle Koraput||RWSS Division Koraput,True,False,"{'heatwave': 0, 'heat wave': 0, 'heat-wave': 0, 'heat stress': 0, 'heat stroke': 0, 'heat action plan': 0, 'heat resilience': 0, 'heat resilient': 0, 'extreme heat': 0, 'high temperature': 0, 'rising temperature': 0, 'heat resistant': 0, 'climate resilient': 0, 'cooling centre': 0, 'cooling center': 0, 'emergency response': 0, 'first aid': 0, 'ambulance': 0, 'ors': 0, 'oral rehydration solution': 0, 'heat stroke treatment': 0, 'sunstroke': 0, 'sun stroke': 0, 'heat related illness': 0, 'heat illness': 0, 'heat exhaustion': 0, 'heat cramp': 0, 'heat rash': 0, 'heat alert': 0, 'heat warning': 0, 'heat advisory': 0, 'heat hotline': 0, 'satark': 0, 'early warning system': 0, 'saline': 0, 'iv fluid': 0, 'rapid response team': 0, 'mobile health unit': 0, 'relief chamber': 0, 'heat stroke ward': 0, 'heat stroke bed': 0, 'drinking water': 0, 'water kiosk': 0, 'water atm': 0, 'hydration point': 0, 'hydration centre': 0, 'hydration center': 0, 'cold water': 0, 'tube well': 0, 'tubewell': 0, 'borewell': 0, 'bore well': 0, 'hand pump': 0, 'handpump': 0, 'overhead tank': 0, 'oh tank': 0, 'stand post': 0, 'piped water supply': 2, 'water supply scheme': 0, 'jalachhatra': 0, 'jalachatra': 0, 'jala jogana kendra': 0, 'jal jogana kendra': 0, 'jal seva shibira': 0, 'water tanker': 0, 'water sprinkling': 0, 'cool roof': 0, 'white roof': 0, 'white topping': 0, 'roof insulation': 0, 'thermal insulation': 0, 'heat reflective': 0, 'reflective coating': 0, 'shade net': 0, 'shade structure': 0, 'canopy': 0, 'awning': 0, 'albedo paint': 0, 'albedo painting': 0, 'white painting': 0, 'reflective paint': 0, 'green roof': 0, 'green roofing': 0, 'k glass': 0, 'doubly glazed glass': 0, 'passive cooling': 0, 'air cooler': 0, 'white china mosaic': 0, 'lime based whitewash': 0, 'white tarp': 0, 'acrylic resin coating': 0, 'tree plantation': 0, 'avenue plantation': 0, 'plantation': 0, 'green belt': 0, 'urban forestry': 0, 'urban forest': 0, 'park development': 0, 'shelter belt': 0, 'shade tree': 0, 'vertical garden': 0, 'green space': 0, 'afforestation': 0, 'green campus': 0, 'night shelter': 0, 'transit shelter': 0, 'rest shed': 0, 'waiting shed': 0, 'community hall': 0, 'relief centre': 0, 'relief center': 0, 'bus stand shelter': 0, 'passenger shelter': 0, 'cool shelter': 0, 'rest shade': 0, 'cool resting space': 0, 'cool resting shed': 0, 'passenger shed': 0, 'outreach clinic': 0, 'awareness campaign': 0, 'iec activity': 0, 'iec material': 0, 'capacity building': 0, 'training programme': 0, 'training program': 0, 'mock drill': 0, 'sensitization': 0, 'swasthya kantha': 0, 'do and dont': 0, 'dos and donts': 0, 'display board': 0, 'hoarding': 0, 'pamphlet': 0, 'leaflet': 0, 'banner': 0}","{'floodlight': 0, 'flood light': 0, 'street light': 0, 'solar street light': 0, 'high mast light': 0, 'gas pipeline': 0, 'sports complex': 0, 'stadium': 0, 'cricket': 0, 'football': 0, 'volleyball': 0, 'examination hall': 0, 'cremation ground': 0, 'crematorium': 0, 'burial ground': 0, 'election': 0, 'covid': 0, 'vaccination': 0, 'wedding hall': 0, 'marriage hall': 0, 'kalyan mandap': 0, 'boundary wall': 0, 'compound wall': 0, 'staff quarter': 0, 'quarter building': 0, 'drug warehouse': 0, 'drug ware house': 0, 'godown': 0, 'bio medical waste': 0, 'biomedical waste': 0, 'bmw management': 0, 'waste management': 0}",weak,Post-Monsoon / Winter (Oct-Dec),,Drinking Water & Hydration,Drinking Water & Hydration,{'Drinking Water & Hydration': {'piped water supply': 2}}
2025_WCUTT_121648_1,GMWATCO (W)-11(2)/2025-26 Dtd.17.11.2025,"Construction of DRINKING WATER KIOSK at Beleswar near Bhagabati temple in Ward No. 51 under WATCO Section Khapuria, Cuttack","Construction of DRINKING WATER KIOSK at Beleswar near Bhagabati temple in Ward No. 51 under WATCO Section Khapuria, Cuttack",Works,National Competitive Bid,Percentage,Civil Works - Water Works,No,No,NA ,20-Nov-2025 02:15 PM,NA ,120.0,No ,No,Online,29-Nov-2025 12:30 PM,WATCO Bhubaneswar||Director (Operation) Watco||WATCO Division Cuttack,Cuttack,753003.0,1.0,"7,31,228",SANTOSH KUMAR MOHAPATRA,"621,617",Rejected-AOC,29-May-2026,WATCO Bhubaneswar||Director (Operation) Watco||WATCO Division Cuttack,True,True,"{'heatwave': 0, 'heat wave': 0, 'heat-wave': 0, 'heat stress': 0, 'heat stroke': 0, 'heat action plan': 0, 'heat resilience': 0, 'heat resilient': 0, 'extreme heat': 0, 'high temperature': 0, 'rising temperature': 0, 'heat resistant': 0, 'climate resilient': 0, 'cooling centre': 0, 'cooling center': 0, 'emergency response': 0, 'first aid': 0, 'ambulance': 0, 'ors': 0, 'oral rehydration solution': 0, 'heat stroke treatment': 0, 'sunstroke': 0, 'sun stroke': 0, 'heat related illness': 0, 'heat illness': 0, 'heat exhaustion': 0, 'heat cramp': 0, 'heat rash': 0, 'heat alert': 0, 'heat warning': 0, 'heat advisory': 0, 'heat hotline': 0, 'satark': 0, 'early warning system': 0, 'saline': 0, 'iv fluid': 0, 'rapid response team': 0, 'mobile health unit': 0, 'relief chamber': 0, 'heat stroke ward': 0, 'heat stroke bed': 0, 'drinking water': 2, 'water kiosk': 2, 'water atm': 0, 'hydration point': 0, 'hydration centre': 0, 'hydration center': 0, 'cold water': 0, 'tube well': 0, 'tubewell': 0, 'borewell': 0, 'bore well': 0, 'hand pump': 0, 'handpump': 0, 'overhead tank': 0, 'oh tank': 0, 'stand post': 0, 'piped water supply': 0, 'water supply scheme': 0, 'jalachhatra': 0, 'jalachatra': 0, 'jala jogana kendra': 0, 'jal jogana kendra': 0, 'jal seva shibira': 0, 'water tanker': 0, 'water sprinkling': 0, 'cool roof': 0, 'white roof': 0, 'white topping': 0, 'roof insulation': 0, 'thermal insulation': 0, 'heat reflective': 0, 'reflective coating': 0, 'shade net': 0, 'shade structure': 0, 'canopy': 0, 'awning': 0, 'albedo paint': 0, 'albedo painting': 0, 'white painting': 0, 'reflective paint': 0, 'green roof': 0, 'green roofing': 0, 'k glass': 0, 'doubly glazed glass': 0, 'passive cooling': 0, 'air cooler': 0, 'white china mosaic': 0, 'lime based whitewash': 0, 'white tarp': 0, 'acrylic resin coating': 0, 'tree plantation': 0, 'avenue plantation': 0, 'plantation': 0, 'green belt': 0, 'urban forestry': 0, 'urban forest': 0, 'park development': 0, 'shelter belt': 0, 'shade tree': 0, 'vertical garden': 0, 'green space': 0, 'afforestation': 0, 'green campus': 0, 'night shelter': 0, 'transit shelter': 0, 'rest shed': 0, 'waiting shed': 0, 'community hall': 0, 'relief centre': 0, 'relief center': 0, 'bus stand shelter': 0, 'passenger shelter': 0, 'cool shelter': 0, 'rest shade': 0, 'cool resting space': 0, 'cool resting shed': 0, 'passenger shed': 0, 'outreach clinic': 0, 'awareness campaign': 0, 'iec activity': 0, 'iec material': 0, 'capacity building': 0, 'training programme': 0, 'training program': 0, 'mock drill': 0, 'sensitization': 0, 'swasthya kantha': 0, 'do and dont': 0, 'dos and donts': 0, 'display board': 0, 'hoarding': 0, 'pamphlet': 0, 'leaflet': 0, 'banner': 0}","{'floodlight': 0, 'flood light': 0, 'street light': 0, 'solar street light': 0, 'high mast light': 0, 'gas pipeline': 0, 'sports complex': 0, 'stadium': 0, 'cricket': 0, 'football': 0, 'volleyball': 0, 'examination hall': 0, 'cremation ground': 0, 'crematorium': 0, 'burial ground': 0, 'election': 0, 'covid': 0, 'vaccination': 0, 'wedding hall': 0, 'marriage hall': 0, 'kalyan mandap': 0, 'boundary wall': 0, 'compound wall': 0, 'staff quarter': 0, 'quarter building': 0, 'drug warehouse': 0, 'drug ware house': 0, 'godown': 0, 'bio medical waste': 0, 'biomedical waste': 0, 'bmw management': 0, 'waste management': 0}",strong,Post-Monsoon / Winter (Oct-Dec),,Drinking Water & Hydration,Drinking Water & Hydration,"{'Drinking Water & Hydration': {'drinking water': 2, 'water kiosk': 2}}"
2026_CERWI_125448_1,RWDKNJ-11/2025-26,Construction of rest shed building at Padiabeda PHC under Thakurmunda block in the Mayurbhanj district for the year 2022-23 under OMBADC.,Construction of rest shed building at Padiabeda PHC under Thakurmunda block in the Mayurbhanj district for the year 2022-23 under OMBADC.,Works,Open Tender,Percentage,Civil Works - Buildings,No,No,NA ,03-Feb-2026 11:00 AM,NA ,90.0,No ,No,Online,10-Feb-2026 11:00 AM,CE RW I||RWCIRCLE-BARIPADA||RW Division Karanjia,Mayurbhanj,757037.0,1.0,"26,89,099",Ratnakar Murmu,"2,457,837",Rejected-AOC,30-May-2026,CE RW I||RWCIRCLE-BARIPADA||RW Division Karanjia,True,False,"{'heatwave': 0, 'heat wave': 0, 'heat-wave': 0, 'heat stress': 0, 'heat stroke': 0, 'heat action plan': 0, 'heat resilience': 0, 'heat resilient': 0, 'extreme heat': 0, 'high temperature': 0, 'rising temperature': 0, 'heat resistant': 0, 'climate resilient': 0, 'cooling centre': 0, 'cooling center': 0, 'emergency response': 0, 'first aid': 0, 'ambulance': 0, 'ors': 0, 'oral rehydration solution': 0, 'heat stroke treatment': 0, 'sunstroke': 0, 'sun stroke': 0, 'heat related illness': 0, 'heat illness': 0, 'heat exhaustion': 0, 'heat cramp': 0, 'heat rash': 0, 'heat alert': 0, 'heat warning': 0, 'heat advisory': 0, 'heat hotline': 0, 'satark': 0, 'early warning system': 0, 'saline': 0, 'iv fluid': 0, 'rapid response team': 0, 'mobile health unit': 0, 'relief chamber': 0, 'heat stroke ward': 0, 'heat stroke bed': 0, 'drinking water': 0, 'water kiosk': 0, 'water atm': 0, 'hydration point': 0, 'hydration centre': 0, 'hydration center': 0, 'cold water': 0, 'tube well': 0, 'tubewell': 0, 'borewell': 0, 'bore well': 0, 'hand pump': 0, 'handpump': 0, 'overhead tank': 0, 'oh tank': 0, 'stand post': 0, 'piped water supply': 0, 'water supply scheme': 0, 'jalachhatra': 0, 'jalachatra': 0, 'jala jogana kendra': 0, 'jal jogana kendra': 0, 'jal seva shibira': 0, 'water tanker': 0, 'water sprinkling': 0, 'cool roof': 0, 'white roof': 0, 'white topping': 0, 'roof insulation': 0, 'thermal insulation': 0, 'heat reflective': 0, 'reflective coating': 0, 'shade net': 0, 'shade structure': 0, 'canopy': 0, 'awning': 0, 'albedo paint': 0, 'albedo painting': 0, 'white painting': 0, 'reflective paint': 0, 'green roof': 0, 'green roofing': 0, 'k glass': 0, 'doubly glazed glass': 0, 'passive cooling': 0, 'air cooler': 0, 'white china mosaic': 0, 'lime based whitewash': 0, 'white tarp': 0, 'acrylic resin coating': 0, 'tree plantation': 0, 'avenue plantation': 0, 'plantation': 0, 'green belt': 0, 'urban forestry': 0, 'urban forest': 0, 'park development': 0, 'shelter belt': 0, 'shade tree': 0, 'vertical garden': 0, 'green space': 0, 'afforestation': 0, 'green campus': 0, 'night shelter': 0, 'transit shelter': 0, 'rest shed': 2, 'waiting shed': 0, 'community hall': 0, 'relief centre': 0, 'relief center': 0, 'bus stand shelter': 0, 'passenger shelter': 0, 'cool shelter': 0, 'rest shade': 0, 'cool resting space': 0, 'cool resting shed': 0, 'passenger shed': 0, 'outreach clinic': 0, 'awareness campaign': 0, 'iec activity': 0, 'iec material': 0, 'capacity building': 0, 'training programme': 0, 'training program': 0, 'mock drill': 0, 'sensitization': 0, 'swasthya kantha': 0, 'do and dont': 0, 'dos and donts': 0, 'display board': 0, 'hoarding': 0, 'pamphlet': 0, 'leaflet': 0, 'banner': 0}","{'floodlight': 0, 'flood light': 0, 'street light': 0, 'solar street light': 0, 'high mast light': 0, 'gas pipeline': 0, 'sports complex': 0, 'stadium': 0, 'cricket': 0, 'football': 0, 'volleyball': 0, 'examination hall': 0, 'cremation ground': 0, 'crematorium': 0, 'burial ground': 0, 'election': 0, 'covid': 0, 'vaccination': 0, 'wedding hall': 0, 'marriage hall': 0, 'kalyan mandap': 0, 'boundary wall': 0, 'compound wall': 0, 'staff quarter': 0, 'quarter building': 0, 'drug warehouse': 0, 'drug ware house': 0, 'godown': 0, 'bio medical waste': 0, 'biomedical waste': 0, 'bmw management': 0, 'waste management': 0}",weak,Pre-Summer (Jan-Feb),OMBADC,Shelter & Rest Infrastructure,Shelter & Rest Infrastructure,{'Shelter & Rest Infrastructure': {'rest shed': 2}}
2025_RWSS_121615_2,13/SE/RWSS/KPT/25-26/01.11.25,PIPED WATER SUPPLY TO BILAPUT GP BILAPUT UNDER NANDAPUR BLOCK UNDER BASUDHA PROGRAMME,PIPED WATER SUPPLY TO BILAPUT GP BILAPUT UNDER NANDAPUR BLOCK UNDER BASUDHA PROGRAMME,Works,National Competitive Bid,Percentage,Civil Works - Water Works,No,No,NA ,20-Nov-2025 05:00 PM,NA ,180.0,No ,No,Online,01-Dec-2025 11:00 AM,Rural Water Supply and Sanitation||RWSS Circle Koraput||RWSS Division Koraput,NANDAPUR,764037.0,2.0,"15,18,724",SANTOSH KUMAR PRADHAN,"1,291,066.87",Rejected-AOC,19-May-2026,Rural Water Supply and Sanitation||RWSS Circle Koraput||RWSS Division Koraput,True,False,"{'heatwave': 0, 'heat wave': 0, 'heat-wave': 0, 'heat stress': 0, 'heat stroke': 0, 'heat action plan': 0, 'heat resilience': 0, 'heat resilient': 0, 'extreme heat': 0, 'high temperature': 0, 'rising temperature': 0, 'heat resistant': 0, 'climate resilient': 0, 'cooling centre': 0, 'cooling center': 0, 'emergency response': 0, 'first aid': 0, 'ambulance': 0, 'ors': 0, 'oral rehydration solution': 0, 'heat stroke treatment': 0, 'sunstroke': 0, 'sun stroke': 0, 'heat related illness': 0, 'heat illness': 0, 'heat exhaustion': 0, 'heat cramp': 0, 'heat rash': 0, 'heat alert': 0, 'heat warning': 0, 'heat advisory': 0, 'heat hotline': 0, 'satark': 0, 'early warning system': 0, 'saline': 0, 'iv fluid': 0, 'rapid response team': 0, 'mobile health unit': 0, 'relief chamber': 0, 'heat stroke ward': 0, 'heat stroke bed': 0, 'drinking water': 0, 'water kiosk': 0, 'water atm': 0, 'hydration point': 0, 'hydration centre': 0, 'hydration center': 0, 'cold water': 0, 'tube well': 0, 'tubewell': 0, 'borewell': 0, 'bore well': 0, 'hand pump': 0, 'handpump': 0, 'overhead tank': 0, 'oh tank': 0, 'stand post': 0, 'piped water supply': 2, 'water supply scheme': 0, 'jalachhatra': 0, 'jalachatra': 0, 'jala jogana kendra': 0, 'jal jogana kendra': 0, 'jal seva shibira': 0, 'water tanker': 0, 'water sprinkling': 0, 'cool roof': 0, 'white roof': 0, 'white topping': 0, 'roof insulation': 0, 'thermal insulation': 0, 'heat reflective': 0, 'reflective coating': 0, 'shade net': 0, 'shade structure': 0, 'canopy': 0, 'awning': 0, 'albedo paint': 0, 'albedo painting': 0, 'white painting': 0, 'reflective paint': 0, 'green roof': 0, 'green roofing': 0, 'k glass': 0, 'doubly glazed glass': 0, 'passive cooling': 0, 'air cooler': 0, 'white china mosaic': 0, 'lime based whitewash': 0, 'white tarp': 0, 'acrylic resin coating': 0, 'tree plantation': 0, 'avenue plantation': 0, 'plantation': 0, 'green belt': 0, 'urban forestry': 0, 'urban forest': 0, 'park development': 0, 'shelter belt': 0, 'shade tree': 0, 'vertical garden': 0, 'green space': 0, 'afforestation': 0, 'green campus': 0, 'night shelter': 0, 'transit shelter': 0, 'rest shed': 0, 'waiting shed': 0, 'community hall': 0, 'relief centre': 0, 'relief center': 0, 'bus stand shelter': 0, 'passenger shelter': 0, 'cool shelter': 0, 'rest shade': 0, 'cool resting space': 0, 'cool resting shed': 0, 'passenger shed': 0, 'outreach clinic': 0, 'awareness campaign': 0, 'iec activity': 0, 'iec material': 0, 'capacity building': 0, 'training programme': 0, 'training program': 0, 'mock drill': 0, 'sensitization': 0, 'swasthya kantha': 0, 'do and dont': 0, 'dos and donts': 0, 'display board': 0, 'hoarding': 0, 'pamphlet': 0, 'leaflet': 0, 'banner': 0}","{'floodlight': 0, 'flood light': 0, 'street light': 0, 'solar street light': 0, 'high mast light': 0, 'gas pipeline': 0, 'sports complex': 0, 'stadium': 0, 'cricket': 0, 'football': 0, 'volleyball': 0, 'examination hall': 0, 'cremation ground': 0, 'crematorium': 0, 'burial ground': 0, 'election': 0, 'covid': 0, 'vaccination': 0, 'wedding hall': 0, 'marriage hall': 0, 'kalyan mandap': 0, 'boundary wall': 0, 'compound wall': 0, 'staff quarter': 0, 'quarter building': 0, 'drug warehouse': 0, 'drug ware house': 0, 'godown': 0, 'bio medical waste': 0, 'biomedical waste': 0, 'bmw management': 0, 'waste management': 0}",weak,Post-Monsoon / Winter (Oct-Dec),,Drinking Water & Hydration,Drinking Water & Hydration,{'Drinking Water & Hydration': {'piped water supply': 2}}
2026_CERWI_125323_15,Tender Online - 11 of 2025-26,S/R to Bhitara Andhari Saline embankment to Guamunda Road for the year 2025-26.,S/R to Bhitara Andhari Saline embankment to Guamunda Road for the year 2025-26.,Works,Open Tender,Percentage,Civil Works - Roads,No,No,NA ,02-Feb-2026 09:00 AM,NA ,60.0,No ,No,Online,11-Feb-2026 11:00 AM,CE RW I||RWCIRCLE-CUTTACK||RWDIVISION-JAGATSINGHPUR,Jagatsinghpur,754103.0,1.0,"11,65,000",ANASUYA MUDULI,"1,006,880",Rejected-Technical,20-May-2026,CE RW I||RWCIRCLE-CUTTACK||RWDIVISION-JAGATSINGHPUR,True,False,"{'heatwave': 0, 'heat wave': 0, 'heat-wave': 0, 'heat stress': 0, 'heat stroke': 0, 'heat action plan': 0, 'heat resilience': 0, 'heat resilient': 0, 'extreme heat': 0, 'high temperature': 0, 'rising temperature': 0, 'heat resistant': 0, 'climate resilient': 0, 'cooling centre': 0, 'cooling center': 0, 'emergency response': 0, 'first aid': 0, 'ambulance': 0, 'ors': 0, 'oral rehydration solution': 0, 'heat stroke treatment': 0, 'sunstroke': 0, 'sun stroke': 0, 'heat related illness': 0, 'heat illness': 0, 'heat exhaustion': 0, 'heat cramp': 0, 'heat rash': 0, 'heat alert': 0, 'heat warning': 0, 'heat advisory': 0, 'heat hotline': 0, 'satark': 0, 'early warning system': 0, 'saline': 2, 'iv fluid': 0, 'rapid response team': 0, 'mobile health unit': 0, 'relief chamber': 0, 'heat stroke ward': 0, 'heat stroke bed': 0, 'drinking water': 0, 'water kiosk': 0, 'water atm': 0, 'hydration point': 0, 'hydration centre': 0, 'hydration center': 0, 'cold water': 0, 'tube well': 0, 'tubewell': 0, 'borewell': 0, 'bore well': 0, 'hand pump': 0, 'handpump': 0, 'overhead tank': 0, 'oh tank': 0, 'stand post': 0, 'piped water supply': 0, 'water supply scheme': 0, 'jalachhatra': 0, 'jalachatra': 0, 'jala jogana kendra': 0, 'jal jogana kendra': 0, 'jal seva shibira': 0, 'water tanker': 0, 'water sprinkling': 0, 'cool roof': 0, 'white roof': 0, 'white topping': 0, 'roof insulation': 0, 'thermal insulation': 0, 'heat reflective': 0, 'reflective coating': 0, 'shade net': 0, 'shade structure': 0, 'canopy': 0, 'awning': 0, 'albedo paint': 0, 'albedo painting': 0, 'white painting': 0, 'reflective paint': 0, 'green roof': 0, 'green roofing': 0, 'k glass': 0, 'doubly glazed glass': 0, 'passive cooling': 0, 'air cooler': 0, 'white china mosaic': 0, 'lime based whitewash': 0, 'white tarp': 0, 'acrylic resin coating': 0, 'tree plantation': 0, 'avenue plantation': 0, 'plantation': 0, 'green belt': 0, 'urban forestry': 0, 'urban forest': 0, 'park development': 0, 'shelter belt': 0, 'shade tree': 0, 'vertical garden': 0, 'green space': 0, 'afforestation': 0, 'green campus': 0, 'night shelter': 0, 'transit shelter': 0, 'rest shed': 0, 'waiting shed': 0, 'community hall': 0, 'relief centre': 0, 'relief center': 0, 'bus stand shelter': 0, 'passenger shelter': 0, 'cool shelter': 0, 'rest shade': 0, 'cool resting space': 0, 'cool resting shed': 0, 'passenger shed': 0, 'outreach clinic': 0, 'awareness campaign': 0, 'iec activity': 0, 'iec material': 0, 'capacity building': 0, 'training programme': 0, 'training program': 0, 'mock drill': 0, 'sensitization': 0, 'swasthya kantha': 0, 'do and dont': 0, 'dos and donts': 0, 'display board': 0, 'hoarding': 0, 'pamphlet': 0, 'leaflet': 0, 'banner': 0}","{'floodlight': 0, 'flood light': 0, 'street light': 0, 'solar street light': 0, 'high mast light': 0, 'gas pipeline': 0, 'sports complex': 0, 'stadium': 0, 'cricket': 0, 'football': 0, 'volleyball': 0, 'examination hall': 0, 'cremation ground': 0, 'crematorium': 0, 'burial ground': 0, 'election': 0, 'covid': 0, 'vaccination': 0, 'wedding hall': 0, 'marriage hall': 0, 'kalyan mandap': 0, 'boundary wall': 0, 'compound wall': 0, 'staff quarter': 0, 'quarter building': 0, 'drug warehouse': 0, 'drug ware house': 0, 'godown': 0, 'bio medical waste': 0, 'biomedical waste': 0, 'bmw management': 0, 'waste management': 0}",weak,Pre-Summer (Jan-Feb),,Heatwave & Emergency Response,Heatwave & Emergency Response,{'Heatwave & Emergency Response': {'saline': 2}}
2025_PHEO_121154_1,SEPHBBSR-45(01)/2025-26 DTD.10.11.2025,Drinking water supply 24x7 to Internal Zone of Odagaon NAC,Drinking water supply 24x7 to Internal Zone of Odagaon NAC,Works,National Competitive Bid,Percentage,Civil Works - Water Works,No,No,NA ,14-Nov-2025 06:00 PM,NA ,120.0,No ,No,Online,25-Nov-2025 12:30 PM,PHEO||SEPH-CIRCLE-BBSR||EE P.H. Division Bhubaneswar,Odagaon NAC,752081.0,1.0,"26,68,000",TRUPTIMAYEE PARIDA,"2,267,977",Rejected-AOC,29-May-2026,PHEO||SEPH-CIRCLE-BBSR||EE P.H. Division Bhubaneswar,True,False,"{'heatwave': 0, 'heat wave': 0, 'heat-wave': 0, 'heat stress': 0, 'heat stroke': 0, 'heat action plan': 0, 'heat resilience': 0, 'heat resilient': 0, 'extreme heat': 0, 'high temperature': 0, 'rising temperature': 0, 'heat resistant': 0, 'climate resilient': 0, 'cooling centre': 0, 'cooling center': 0, 'emergency response': 0, 'first aid': 0, 'ambulance': 0, 'ors': 0, 'oral rehydration solution': 0, 'heat stroke treatment': 0, 'sunstroke': 0, 'sun stroke': 0, 'heat related illness': 0, 'heat illness': 0, 'heat exhaustion': 0, 'heat cramp': 0, 'heat rash': 0, 'heat alert': 0, 'heat warning': 0, 'heat advisory': 0, 'heat hotline': 0, 'satark': 0, 'early warning system': 0, 'saline': 0, 'iv fluid': 0, 'rapid response team': 0, 'mobile health unit': 0, 'relief chamber': 0, 'heat stroke ward': 0, 'heat stroke bed': 0, 'drinking water': 2, 'water kiosk': 0, 'water atm': 0, 'hydration point': 0, 'hydration centre': 0, 'hydration center': 0, 'cold water': 0, 'tube well': 0, 'tubewell': 0, 'borewell': 0, 'bore well': 0, 'hand pump': 0, 'handpump': 0, 'overhead tank': 0, 'oh tank': 0, 'stand post': 0, 'piped water supply': 0, 'water supply scheme': 0, 'jalachhatra': 0, 'jalachatra': 0, 'jala jogana kendra': 0, 'jal jogana kendra': 0, 'jal seva shibira': 0, 'water tanker': 0, 'water sprinkling': 0, 'cool roof': 0, 'white roof': 0, 'white topping': 0, 'roof insulation': 0, 'thermal insulation': 0, 'heat reflective': 0, 'reflective coating': 0, 'shade net': 0, 'shade structure': 0, 'canopy': 0, 'awning': 0, 'albedo paint': 0, 'albedo painting': 0, 'white painting': 0, 'reflective paint': 0, 'green roof': 0, 'green roofing': 0, 'k glass': 0, 'doubly glazed glass': 0, 'passive cooling': 0, 'air cooler': 0, 'white china mosaic': 0, 'lime based whitewash': 0, 'white tarp': 0, 'acrylic resin coating': 0, 'tree plantation': 0, 'avenue plantation': 0, 'plantation': 0, 'green belt': 0, 'urban forestry': 0, 'urban forest': 0, 'park development': 0, 'shelter belt': 0, 'shade tree': 0, 'vertical garden': 0, 'green space': 0, 'afforestation': 0, 'green campus': 0, 'night shelter': 0, 'transit shelter': 0, 'rest shed': 0, 'waiting shed': 0, 'community hall': 0, 'relief centre': 0, 'relief center': 0, 'bus stand shelter': 0, 'passenger shelter': 0, 'cool shelter': 0, 'rest shade': 0, 'cool resting space': 0, 'cool resting shed': 0, 'passenger shed': 0, 'outreach clinic': 0, 'awareness campaign': 0, 'iec activity': 0, 'iec material': 0, 'capacity building': 0, 'training programme': 0, 'training program': 0, 'mock drill': 0, 'sensitization': 0, 'swasthya kantha': 0, 'do and dont': 0, 'dos and donts': 0, 'display board': 0, 'hoarding': 0, 'pamphlet': 0, 'leaflet': 0, 'banner': 0}","{'floodlight': 0, 'flood light': 0, 'street light': 0, 'solar street light': 0, 'high mast light': 0, 'gas pipeline': 0, 'sports complex': 0, 'stadium': 0, 'cricket': 0, 'football': 0, 'volleyball': 0, 'examination hall': 0, 'cremation ground': 0, 'crematorium': 0, 'burial ground': 0, 'election': 0, 'covid': 0, 'vaccination': 0, 'wedding hall': 0, 'marriage hall': 0, 'kalyan mandap': 0, 'boundary wall': 0, 'compound wall': 0, 'staff quarter': 0, 'quarter building': 0, 'drug warehouse': 0, 'drug ware house': 0, 'godown': 0, 'bio medical waste': 0, 'biomedical waste': 0, 'bmw management': 0, 'waste management': 0}",weak,Post-Monsoon / Winter (Oct-Dec),,Drinking Water & Hydration,Drinking Water & Hydration,{'Drinking Water & Hydration': {'drinking water': 2}}
2026_CEMWR_126995_1,SE/MDB-29(B)/W/2025-26,"Replacement , Renovation of Gates and hoists at Nagar Saline Embankment at RD 5.200 KM of Kakatpur Irrigation Sub-Division under Nimapara Irrigation Division, Nimapara for the year of 2025-26.","Replacement , Renovation of Gates and hoists at Nagar Saline Embankment at RD 5.200 KM of Kakatpur Irrigation Sub-Division under Nimapara Irrigation Division, Nimapara for the year of 2025-26.",Works,Open Tender,Percentage,Mechanical Works,No,No,NA ,09-Mar-2026 10:00 AM,NA ,90.0,No ,No,Online,16-Mar-2026 04:00 PM,Chief Engineer Mech - WR Bhubaneswar||SE Mechanical Circle Bhubaneswar||EE Mechanical Division Bhubaneswar,KAKATPUR,752108.0,1.0,"7,38,833",ORIFEB INDUSTRIES,"738,832.93",Rejected-Finance,30-May-2026,Chief Engineer Mech - WR Bhubaneswar||SE Mechanical Circle Bhubaneswar||EE Mechanical Division Bhubaneswar,True,False,"{'heatwave': 0, 'heat wave': 0, 'heat-wave': 0, 'heat stress': 0, 'heat stroke': 0, 'heat action plan': 0, 'heat resilience': 0, 'heat resilient': 0, 'extreme heat': 0, 'high temperature': 0, 'rising temperature': 0, 'heat resistant': 0, 'climate resilient': 0, 'cooling centre': 0, 'cooling center': 0, 'emergency response': 0, 'first aid': 0, 'ambulance': 0, 'ors': 0, 'oral rehydration solution': 0, 'heat stroke treatment': 0, 'sunstroke': 0, 'sun stroke': 0, 'heat related illness': 0, 'heat illness': 0, 'heat exhaustion': 0, 'heat cramp': 0, 'heat rash': 0, 'heat alert': 0, 'heat warning': 0, 'heat advisory': 0, 'heat hotline': 0, 'satark': 0, 'early warning system': 0, 'saline': 2, 'iv fluid': 0, 'rapid response team': 0, 'mobile health unit': 0, 'relief chamber': 0, 'heat stroke ward': 0, 'heat stroke bed': 0, 'drinking water': 0, 'water kiosk': 0, 'water atm': 0, 'hydration point': 0, 'hydration centre': 0, 'hydration center': 0, 'cold water': 0, 'tube well': 0, 'tubewell': 0, 'borewell': 0, 'bore well': 0, 'hand pump': 0, 'handpump': 0, 'overhead tank': 0, 'oh tank': 0, 'stand post': 0, 'piped water supply': 0, 'water supply scheme': 0, 'jalachhatra': 0, 'jalachatra': 0, 'jala jogana kendra': 0, 'jal jogana kendra': 0, 'jal seva shibira': 0, 'water tanker': 0, 'water sprinkling': 0, 'cool roof': 0, 'white roof': 0, 'white topping': 0, 'roof insulation': 0, 'thermal insulation': 0, 'heat reflective': 0, 'reflective coating': 0, 'shade net': 0, 'shade structure': 0, 'canopy': 0, 'awning': 0, 'albedo paint': 0, 'albedo painting': 0, 'white painting': 0, 'reflective paint': 0, 'green roof': 0, 'green roofing': 0, 'k glass': 0, 'doubly glazed glass': 0, 'passive cooling': 0, 'air cooler': 0, 'white china mosaic': 0, 'lime based whitewash': 0, 'white tarp': 0, 'acrylic resin coating': 0, 'tree plantation': 0, 'avenue plantation': 0, 'plantation': 0, 'green belt': 0, 'urban forestry': 0, 'urban forest': 0, 'park development': 0, 'shelter belt': 0, 'shade tree': 0, 'vertical garden': 0, 'green space': 0, 'afforestation': 0, 'green campus': 0, 'night shelter': 0, 'transit shelter': 0, 'rest shed': 0, 'waiting shed': 0, 'community hall': 0, 'relief centre': 0, 'relief center': 0, 'bus stand shelter': 0, 'passenger shelter': 0, 'cool shelter': 0, 'rest shade': 0, 'cool resting space': 0, 'cool resting shed': 0, 'passenger shed': 0, 'outreach clinic': 0, 'awareness campaign': 0, 'iec activity': 0, 'iec material': 0, 'capacity building': 0, 'training programme': 0, 'training program': 0, 'mock drill': 0, 'sensitization': 0, 'swasthya kantha': 0, 'do and dont': 0, 'dos and donts': 0, 'display board': 0, 'hoarding': 0, 'pamphlet': 0, 'leaflet': 0, 'banner': 0}","{'floodlight': 0, 'flood light': 0, 'street light': 0, 'solar street light': 0, 'high mast light': 0, 'gas pipeline': 0, 'sports complex': 0, 'stadium': 0, 'cricket': 0, 'football': 0, 'volleyball': 0, 'examination hall': 0, 'cremation ground': 0, 'crematorium': 0, 'burial ground': 0, 'election': 0, 'covid': 0, 'vaccination': 0, 'wedding hall': 0, 'marriage hall': 0, 'kalyan mandap': 0, 'boundary wall': 0, 'compound wall': 0, 'staff quarter': 0, 'quarter building': 0, 'drug warehouse': 0, 'drug ware house': 0, 'godown': 0, 'bio medical waste': 0, 'biomedical waste': 0, 'bmw management': 0, 'waste management': 0}",weak,Summer / Heatwave (Mar-Jun),,Heatwave & Emergency Response,Heatwave & Emergency Response,{'Heatwave & Emergency Response': {'saline': 2}}
2025_RWSS_121615_7,13/SE/RWSS/KPT/25-26/01.11.25,PIPED WATER SUPPLY TO 3NOS OF CLUBBED UP PWS SCHEMES UNDER POTTANGI BLOCK UNDER BASUDHA PROGRAMME,PIPED WATER SUPPLY TO 3NOS OF CLUBBED UP PWS SCHEMES UNDER POTTANGI BLOCK UNDER BASUDHA PROGRAMME,Works,National Competitive Bid,Percentage,Civil Works - Water Works,No,No,NA ,20-Nov-2025 05:00 PM,NA ,180.0,No ,No,Online,01-Dec-2025 11:00 AM,Rural Water Supply and Sanitation||RWSS Circle Koraput||RWSS Division Koraput,POTTANGI,764039.0,2.0,"44,50,824",SUNADHAR KHILLO,"3,783,645.13",Rejected-AOC,19-May-2026,Rural Water Supply and Sanitation||RWSS Circle Koraput||RWSS Division Koraput,True,False,"{'heatwave': 0, 'heat wave': 0, 'heat-wave': 0, 'heat stress': 0, 'heat stroke': 0, 'heat action plan': 0, 'heat resilience': 0, 'heat resilient': 0, 'extreme heat': 0, 'high temperature': 0, 'rising temperature': 0, 'heat resistant': 0, 'climate resilient': 0, 'cooling centre': 0, 'cooling center': 0, 'emergency response': 0, 'first aid': 0, 'ambulance': 0, 'ors': 0, 'oral rehydration solution': 0, 'heat stroke treatment': 0, 'sunstroke': 0, 'sun stroke': 0, 'heat related illness': 0, 'heat illness': 0, 'heat exhaustion': 0, 'heat cramp': 0, 'heat rash': 0, 'heat alert': 0, 'heat warning': 0, 'heat advisory': 0, 'heat hotline': 0, 'satark': 0, 'early warning system': 0, 'saline': 0, 'iv fluid': 0, 'rapid response team': 0, 'mobile health unit': 0, 'relief chamber': 0, 'heat stroke ward': 0, 'heat stroke bed': 0, 'drinking water': 0, 'water kiosk': 0, 'water atm': 0, 'hydration point': 0, 'hydration centre': 0, 'hydration center': 0, 'cold water': 0, 'tube well': 0, 'tubewell': 0, 'borewell': 0, 'bore well': 0, 'hand pump': 0, 'handpump': 0, 'overhead tank': 0, 'oh tank': 0, 'stand post': 0, 'piped water supply': 2, 'water supply scheme': 0, 'jalachhatra': 0, 'jalachatra': 0, 'jala jogana kendra': 0, 'jal jogana kendra': 0, 'jal seva shibira': 0, 'water tanker': 0, 'water sprinkling': 0, 'cool roof': 0, 'white roof': 0, 'white topping': 0, 'roof insulation': 0, 'thermal insulation': 0, 'heat reflective': 0, 'reflective coating': 0, 'shade net': 0, 'shade structure': 0, 'canopy': 0, 'awning': 0, 'albedo paint': 0, 'albedo painting': 0, 'white painting': 0, 'reflective paint': 0, 'green roof': 0, 'green roofing': 0, 'k glass': 0, 'doubly glazed glass': 0, 'passive cooling': 0, 'air cooler': 0, 'white china mosaic': 0, 'lime based whitewash': 0, 'white tarp': 0, 'acrylic resin coating': 0, 'tree plantation': 0, 'avenue plantation': 0, 'plantation': 0, 'green belt': 0, 'urban forestry': 0, 'urban forest': 0, 'park development': 0, 'shelter belt': 0, 'shade tree': 0, 'vertical garden': 0, 'green space': 0, 'afforestation': 0, 'green campus': 0, 'night shelter': 0, 'transit shelter': 0, 'rest shed': 0, 'waiting shed': 0, 'community hall': 0, 'relief centre': 0, 'relief center': 0, 'bus stand shelter': 0, 'passenger shelter': 0, 'cool shelter': 0, 'rest shade': 0, 'cool resting space': 0, 'cool resting shed': 0, 'passenger shed': 0, 'outreach clinic': 0, 'awareness campaign': 0, 'iec activity': 0, 'iec material': 0, 'capacity building': 0, 'training programme': 0, 'training program': 0, 'mock drill': 0, 'sensitization': 0, 'swasthya kantha': 0, 'do and dont': 0, 'dos and donts': 0, 'display board': 0, 'hoarding': 0, 'pamphlet': 0, 'leaflet': 0, 'banner': 0}","{'floodlight': 0, 'flood light': 0, 'street light': 0, 'solar street light': 0, 'high mast light': 0, 'gas pipeline': 0, 'sports complex': 0, 'stadium': 0, 'cricket': 0, 'football': 0, 'volleyball': 0, 'examination hall': 0, 'cremation ground': 0, 'crematorium': 0, 'burial ground': 0, 'election': 0, 'covid': 0, 'vaccination': 0, 'wedding hall': 0, 'marriage hall': 0, 'kalyan mandap': 0, 'boundary wall': 0, 'compound wall': 0, 'staff quarter': 0, 'quarter building': 0, 'drug warehouse': 0, 'drug ware house': 0, 'godown': 0, 'bio medical waste': 0, 'biomedical waste': 0, 'bmw management': 0, 'waste management': 0}",weak,Post-Monsoon / Winter (Oct-Dec),,Drinking Water & Hydration,Drinking Water & Hydration,{'Drinking Water & Hydration': {'piped water supply': 2}}
2025_RWSS_121615_5,13/SE/RWSS/KPT/25-26/01.11.25,PIPED WATER SUPPLY TO 4NOS OF CLUBBED UP PWS SCHEMES UNDER SEMILIGUDA BLOCK UNDER BASUDHA PROGRAMME,PIPED WATER SUPPLY TO 4NOS OF CLUBBED UP PWS SCHEMES UNDER SEMILIGUDA BLOCK UNDER BASUDHA PROGRAMME,Works,National Competitive Bid,Percentage,Civil Works - Water Works,No,No,NA ,20-Nov-2025 05:00 PM,NA ,180.0,No ,No,Online,01-Dec-2025 11:00 AM,Rural Water Supply and Sanitation||RWSS Circle Koraput||RWSS Division Koraput,SEMILIGUDA,764036.0,2.0,"58,70,338",KARNA NAYAK,"4,990,374.73",Accepted-AOC,19-May-2026,Rural Water Supply and Sanitation||RWSS Circle Koraput||RWSS Division Koraput,True,False,"{'heatwave': 0, 'heat wave': 0, 'heat-wave': 0, 'heat stress': 0, 'heat stroke': 0, 'heat action plan': 0, 'heat resilience': 0, 'heat resilient': 0, 'extreme heat': 0, 'high temperature': 0, 'rising temperature': 0, 'heat resistant': 0, 'climate resilient': 0, 'cooling centre': 0, 'cooling center': 0, 'emergency response': 0, 'first aid': 0, 'ambulance': 0, 'ors': 0, 'oral rehydration solution': 0, 'heat stroke treatment': 0, 'sunstroke': 0, 'sun stroke': 0, 'heat related illness': 0, 'heat illness': 0, 'heat exhaustion': 0, 'heat cramp': 0, 'heat rash': 0, 'heat alert': 0, 'heat warning': 0, 'heat advisory': 0, 'heat hotline': 0, 'satark': 0, 'early warning system': 0, 'saline': 0, 'iv fluid': 0, 'rapid response team': 0, 'mobile health unit': 0, 'relief chamber': 0, 'heat stroke ward': 0, 'heat stroke bed': 0, 'drinking water': 0, 'water kiosk': 0, 'water atm': 0, 'hydration point': 0, 'hydration centre': 0, 'hydration center': 0, 'cold water': 0, 'tube well': 0, 'tubewell': 0, 'borewell': 0, 'bore well': 0, 'hand pump': 0, 'handpump': 0, 'overhead tank': 0, 'oh tank': 0, 'stand post': 0, 'piped water supply': 2, 'water supply scheme': 0, 'jalachhatra': 0, 'jalachatra': 0, 'jala jogana kendra': 0, 'jal jogana kendra': 0, 'jal seva shibira': 0, 'water tanker': 0, 'water sprinkling': 0, 'cool roof': 0, 'white roof': 0, 'white topping': 0, 'roof insulation': 0, 'thermal insulation': 0, 'heat reflective': 0, 'reflective coating': 0, 'shade net': 0, 'shade structure': 0, 'canopy': 0, 'awning': 0, 'albedo paint': 0, 'albedo painting': 0, 'white painting': 0, 'reflective paint': 0, 'green roof': 0, 'green roofing': 0, 'k glass': 0, 'doubly glazed glass': 0, 'passive cooling': 0, 'air cooler': 0, 'white china mosaic': 0, 'lime based whitewash': 0, 'white tarp': 0, 'acrylic resin coating': 0, 'tree plantation': 0, 'avenue plantation': 0, 'plantation': 0, 'green belt': 0, 'urban forestry': 0, 'urban forest': 0, 'park development': 0, 'shelter belt': 0, 'shade tree': 0, 'vertical garden': 0, 'green space': 0, 'afforestation': 0, 'green campus': 0, 'night shelter': 0, 'transit shelter': 0, 'rest shed': 0, 'waiting shed': 0, 'community hall': 0, 'relief centre': 0, 'relief center': 0, 'bus stand shelter': 0, 'passenger shelter': 0, 'cool shelter': 0, 'rest shade': 0, 'cool resting space': 0, 'cool resting shed': 0, 'passenger shed': 0, 'outreach clinic': 0, 'awareness campaign': 0, 'iec activity': 0, 'iec material': 0, 'capacity building': 0, 'training programme': 0, 'training program': 0, 'mock drill': 0, 'sensitization': 0, 'swasthya kantha': 0, 'do and dont': 0, 'dos and donts': 0, 'display board': 0, 'hoarding': 0, 'pamphlet': 0, 'leaflet': 0, 'banner': 0}","{'floodlight': 0, 'flood light': 0, 'street light': 0, 'solar street light': 0, 'high mast light': 0, 'gas pipeline': 0, 'sports complex': 0, 'stadium': 0, 'cricket': 0, 'football': 0, 'volleyball': 0, 'examination hall': 0, 'cremation ground': 0, 'crematorium': 0, 'burial ground': 0, 'election': 0, 'covid': 0, 'vaccination': 0, 'wedding hall': 0, 'marriage hall': 0, 'kalyan mandap': 0, 'boundary wall': 0, 'compound wall': 0, 'staff quarter': 0, 'quarter building': 0, 'drug warehouse': 0, 'drug ware house': 0, 'godown': 0, 'bio medical waste': 0, 'biomedical waste': 0, 'bmw management': 0, 'waste management': 0}",weak,Post-Monsoon / Winter (Oct-Dec),,Drinking Water & Hydration,Drinking Water & Hydration,{'Drinking Water & Hydration': {'piped water supply': 2}}
2026_CEBMT_127673_1,EEULID-05(01-02)/2025-26,"Construction of Inspection Bungalow (IB) above the Rest Shed of Upper Lanth Irrigation Division ,Belpada.","Construction of Inspection Bungalow (IB) above the Rest Shed of Upper Lanth Irrigation Division ,Belpada.",Works,Open Tender,Percentage,Civil Works - Buildings,No,No,NA ,28-Mar-2026 02:15 PM,NA ,90.0,No ,No,Online,15-Apr-2026 11:30 AM,"CE-BM, Tel Basin,Bhawanipatna||SE Western Irr Circle Bhawanipatna||Upper Lanth Irrigation Division Belpada","Block-Belpada, Dist-Balangir",767026.0,1.0,"36,40,341",Om Agrawal,"3,636,701",Rejected-AOC,07-May-2026,"CE-BM, Tel Basin,Bhawanipatna||SE Western Irr Circle Bhawanipatna||Upper Lanth Irrigation Division Belpada",True,False,"{'heatwave': 0, 'heat wave': 0, 'heat-wave': 0, 'heat stress': 0, 'heat stroke': 0, 'heat action plan': 0, 'heat resilience': 0, 'heat resilient': 0, 'extreme heat': 0, 'high temperature': 0, 'rising temperature': 0, 'heat resistant': 0, 'climate resilient': 0, 'cooling centre': 0, 'cooling center': 0, 'emergency response': 0, 'first aid': 0, 'ambulance': 0, 'ors': 0, 'oral rehydration solution': 0, 'heat stroke treatment': 0, 'sunstroke': 0, 'sun stroke': 0, 'heat related illness': 0, 'heat illness': 0, 'heat exhaustion': 0, 'heat cramp': 0, 'heat rash': 0, 'heat alert': 0, 'heat warning': 0, 'heat advisory': 0, 'heat hotline': 0, 'satark': 0, 'early warning system': 0, 'saline': 0, 'iv fluid': 0, 'rapid response team': 0, 'mobile health unit': 0, 'relief chamber': 0, 'heat stroke ward': 0, 'heat stroke bed': 0, 'drinking water': 0, 'water kiosk': 0, 'water atm': 0, 'hydration point': 0, 'hydration centre': 0, 'hydration center': 0, 'cold water': 0, 'tube well': 0, 'tubewell': 0, 'borewell': 0, 'bore well': 0, 'hand pump': 0, 'handpump': 0, 'overhead tank': 0, 'oh tank': 0, 'stand post': 0, 'piped water supply': 0, 'water supply scheme': 0, 'jalachhatra': 0, 'jalachatra': 0, 'jala jogana kendra': 0, 'jal jogana kendra': 0, 'jal seva shibira': 0, 'water tanker': 0, 'water sprinkling': 0, 'cool roof': 0, 'white roof': 0, 'white topping': 0, 'roof insulation': 0, 'thermal insulation': 0, 'heat reflective': 0, 'reflective coating': 0, 'shade net': 0, 'shade structure': 0, 'canopy': 0, 'awning': 0, 'albedo paint': 0, 'albedo painting': 0, 'white painting': 0, 'reflective paint': 0, 'green roof': 0, 'green roofing': 0, 'k glass': 0, 'doubly glazed glass': 0, 'passive cooling': 0, 'air cooler': 0, 'white china mosaic': 0, 'lime based whitewash': 0, 'white tarp': 0, 'acrylic resin coating': 0, 'tree plantation': 0, 'avenue plantation': 0, 'plantation': 0, 'green belt': 0, 'urban forestry': 0, 'urban forest': 0, 'park development': 0, 'shelter belt': 0, 'shade tree': 0, 'vertical garden': 0, 'green space': 0, 'afforestation': 0, 'green campus': 0, 'night shelter': 0, 'transit shelter': 0, 'rest shed': 2, 'waiting shed': 0, 'community hall': 0, 'relief centre': 0, 'relief center': 0, 'bus stand shelter': 0, 'passenger shelter': 0, 'cool shelter': 0, 'rest shade': 0, 'cool resting space': 0, 'cool resting shed': 0, 'passenger shed': 0, 'outreach clinic': 0, 'awareness campaign': 0, 'iec activity': 0, 'iec material': 0, 'capacity building': 0, 'training programme': 0, 'training program': 0, 'mock drill': 0, 'sensitization': 0, 'swasthya kantha': 0, 'do and dont': 0, 'dos and donts': 0, 'display board': 0, 'hoarding': 0, 'pamphlet': 0, 'leaflet': 0, 'banner': 0}","{'floodlight': 0, 'flood light': 0, 'street light': 0, 'solar street light': 0, 'high mast light': 0, 'gas pipeline': 0, 'sports complex': 0, 'stadium': 0, 'cricket': 0, 'football': 0, 'volleyball': 0, 'examination hall': 0, 'cremation ground': 0, 'crematorium': 0, 'burial ground': 0, 'election': 0, 'covid': 0, 'vaccination': 0, 'wedding hall': 0, 'marriage hall': 0, 'kalyan mandap': 0, 'boundary wall': 0, 'compound wall': 0, 'staff quarter': 0, 'quarter building': 0, 'drug warehouse': 0, 'drug ware house': 0, 'godown': 0, 'bio medical waste': 0, 'biomedical waste': 0, 'bmw management': 0, 'waste management': 0}",weak,Summer / Heatwave (Mar-Jun),,Shelter & Rest Infrastructure,Shelter & Rest Infrastructure,{'Shelter & Rest Infrastructure': {'rest shed': 2}}
2025_RWSS_121615_4,13/SE/RWSS/KPT/25-26/01.11.25,PIPED WATER SUPPLY TO 4NOS OF CLUBBED UP PWS SCHEMES UNDER POTTANGI BLOCK UNDER BASUDHA PROGRAMME,PIPED WATER SUPPLY TO 4NOS OF CLUBBED UP PWS SCHEMES UNDER POTTANGI BLOCK UNDER BASUDHA PROGRAMME,Works,National Competitive Bid,Percentage,Civil Works - Water Works,No,No,NA ,20-Nov-2025 05:00 PM,NA ,180.0,No ,No,Online,01-Dec-2025 11:00 AM,Rural Water Supply and Sanitation||RWSS Circle Koraput||RWSS Division Koraput,POTTANGI,764039.0,2.0,"59,34,431",SUNIL KUMAR SAHOO,"5,044,860.18",Rejected-AOC,21-May-2026,Rural Water Supply and Sanitation||RWSS Circle Koraput||RWSS Division Koraput,True,False,"{'heatwave': 0, 'heat wave': 0, 'heat-wave': 0, 'heat stress': 0, 'heat stroke': 0, 'heat action plan': 0, 'heat resilience': 0, 'heat resilient': 0, 'extreme heat': 0, 'high temperature': 0, 'rising temperature': 0, 'heat resistant': 0, 'climate resilient': 0, 'cooling centre': 0, 'cooling center': 0, 'emergency response': 0, 'first aid': 0, 'ambulance': 0, 'ors': 0, 'oral rehydration solution': 0, 'heat stroke treatment': 0, 'sunstroke': 0, 'sun stroke': 0, 'heat related illness': 0, 'heat illness': 0, 'heat exhaustion': 0, 'heat cramp': 0, 'heat rash': 0, 'heat alert': 0, 'heat warning': 0, 'heat advisory': 0, 'heat hotline': 0, 'satark': 0, 'early warning system': 0, 'saline': 0, 'iv fluid': 0, 'rapid response team': 0, 'mobile health unit': 0, 'relief chamber': 0, 'heat stroke ward': 0, 'heat stroke bed': 0, 'drinking water': 0, 'water kiosk': 0, 'water atm': 0, 'hydration point': 0, 'hydration centre': 0, 'hydration center': 0, 'cold water': 0, 'tube well': 0, 'tubewell': 0, 'borewell': 0, 'bore well': 0, 'hand pump': 0, 'handpump': 0, 'overhead tank': 0, 'oh tank': 0, 'stand post': 0, 'piped water supply': 2, 'water supply scheme': 0, 'jalachhatra': 0, 'jalachatra': 0, 'jala jogana kendra': 0, 'jal jogana kendra': 0, 'jal seva shibira': 0, 'water tanker': 0, 'water sprinkling': 0, 'cool roof': 0, 'white roof': 0, 'white topping': 0, 'roof insulation': 0, 'thermal insulation': 0, 'heat reflective': 0, 'reflective coating': 0, 'shade net': 0, 'shade structure': 0, 'canopy': 0, 'awning': 0, 'albedo paint': 0, 'albedo painting': 0, 'white painting': 0, 'reflective paint': 0, 'green roof': 0, 'green roofing': 0, 'k glass': 0, 'doubly glazed glass': 0, 'passive cooling': 0, 'air cooler': 0, 'white china mosaic': 0, 'lime based whitewash': 0, 'white tarp': 0, 'acrylic resin coating': 0, 'tree plantation': 0, 'avenue plantation': 0, 'plantation': 0, 'green belt': 0, 'urban forestry': 0, 'urban forest': 0, 'park development': 0, 'shelter belt': 0, 'shade tree': 0, 'vertical garden': 0, 'green space': 0, 'afforestation': 0, 'green campus': 0, 'night shelter': 0, 'transit shelter': 0, 'rest shed': 0, 'waiting shed': 0, 'community hall': 0, 'relief centre': 0, 'relief center': 0, 'bus stand shelter': 0, 'passenger shelter': 0, 'cool shelter': 0, 'rest shade': 0, 'cool resting space': 0, 'cool resting shed': 0, 'passenger shed': 0, 'outreach clinic': 0, 'awareness campaign': 0, 'iec activity': 0, 'iec material': 0, 'capacity building': 0, 'training programme': 0, 'training program': 0, 'mock drill': 0, 'sensitization': 0, 'swasthya kantha': 0, 'do and dont': 0, 'dos and donts': 0, 'display board': 0, 'hoarding': 0, 'pamphlet': 0, 'leaflet': 0, 'banner': 0}","{'floodlight': 0, 'flood light': 0, 'street light': 0, 'solar street light': 0, 'high mast light': 0, 'gas pipeline': 0, 'sports complex': 0, 'stadium': 0, 'cricket': 0, 'football': 0, 'volleyball': 0, 'examination hall': 0, 'cremation ground': 0, 'crematorium': 0, 'burial ground': 0, 'election': 0, 'covid': 0, 'vaccination': 0, 'wedding hall': 0, 'marriage hall': 0, 'kalyan mandap': 0, 'boundary wall': 0, 'compound wall': 0, 'staff quarter': 0, 'quarter building': 0, 'drug warehouse': 0, 'drug ware house': 0, 'godown': 0, 'bio medical waste': 0, 'biomedical waste': 0, 'bmw management': 0, 'waste management': 0}",weak,Post-Monsoon / Winter (Oct-Dec),,Drinking Water & Hydration,Drinking Water & Hydration,{'Drinking Water & Hydration': {'piped water supply': 2}}
2025_AULE_119666_4,e-Procurement Notice No.AED-14 OF 2025-26,AUL 25 Construction of Sluice at RD 11.70 km on Radhia Kansar Saline Embankment near Kunjia Matha,Construction of Sluice at RD 11.70 km on Radhia Kansar Saline Embankment near Kunjia Matha,Works,Open Tender,Percentage,Civil Works - Others,No,No,NA ,18-Oct-2025 10:00 AM,NA ,90.0,No ,No,Online,28-Oct-2025 11:00 AM,CE AND BM MBBS CHANDIKOLE||EASTERN CIRCLE II CHANDIKOLE||AUL Embankment Div AUL,AUL,754219.0,1.0,"39,67,360",PRATIVA SWAIN,"3,372,653",Rejected-Finance,20-May-2026,CE AND BM MBBS CHANDIKOLE||EASTERN CIRCLE II CHANDIKOLE||AUL Embankment Div AUL,True,False,"{'heatwave': 0, 'heat wave': 0, 'heat-wave': 0, 'heat stress': 0, 'heat stroke': 0, 'heat action plan': 0, 'heat resilience': 0, 'heat resilient': 0, 'extreme heat': 0, 'high temperature': 0, 'rising temperature': 0, 'heat resistant': 0, 'climate resilient': 0, 'cooling centre': 0, 'cooling center': 0, 'emergency response': 0, 'first aid': 0, 'ambulance': 0, 'ors': 0, 'oral rehydration solution': 0, 'heat stroke treatment': 0, 'sunstroke': 0, 'sun stroke': 0, 'heat related illness': 0, 'heat illness': 0, 'heat exhaustion': 0, 'heat cramp': 0, 'heat rash': 0, 'heat alert': 0, 'heat warning': 0, 'heat advisory': 0, 'heat hotline': 0, 'satark': 0, 'early warning system': 0, 'saline': 2, 'iv fluid': 0, 'rapid response team': 0, 'mobile health unit': 0, 'relief chamber': 0, 'heat stroke ward': 0, 'heat stroke bed': 0, 'drinking water': 0, 'water kiosk': 0, 'water atm': 0, 'hydration point': 0, 'hydration centre': 0, 'hydration center': 0, 'cold water': 0, 'tube well': 0, 'tubewell': 0, 'borewell': 0, 'bore well': 0, 'hand pump': 0, 'handpump': 0, 'overhead tank': 0, 'oh tank': 0, 'stand post': 0, 'piped water supply': 0, 'water supply scheme': 0, 'jalachhatra': 0, 'jalachatra': 0, 'jala jogana kendra': 0, 'jal jogana kendra': 0, 'jal seva shibira': 0, 'water tanker': 0, 'water sprinkling': 0, 'cool roof': 0, 'white roof': 0, 'white topping': 0, 'roof insulation': 0, 'thermal insulation': 0, 'heat reflective': 0, 'reflective coating': 0, 'shade net': 0, 'shade structure': 0, 'canopy': 0, 'awning': 0, 'albedo paint': 0, 'albedo painting': 0, 'white painting': 0, 'reflective paint': 0, 'green roof': 0, 'green roofing': 0, 'k glass': 0, 'doubly glazed glass': 0, 'passive cooling': 0, 'air cooler': 0, 'white china mosaic': 0, 'lime based whitewash': 0, 'white tarp': 0, 'acrylic resin coating': 0, 'tree plantation': 0, 'avenue plantation': 0, 'plantation': 0, 'green belt': 0, 'urban forestry': 0, 'urban forest': 0, 'park development': 0, 'shelter belt': 0, 'shade tree': 0, 'vertical garden': 0, 'green space': 0, 'afforestation': 0, 'green campus': 0, 'night shelter': 0, 'transit shelter': 0, 'rest shed': 0, 'waiting shed': 0, 'community hall': 0, 'relief centre': 0, 'relief center': 0, 'bus stand shelter': 0, 'passenger shelter': 0, 'cool shelter': 0, 'rest shade': 0, 'cool resting space': 0, 'cool resting shed': 0, 'passenger shed': 0, 'outreach clinic': 0, 'awareness campaign': 0, 'iec activity': 0, 'iec material': 0, 'capacity building': 0, 'training programme': 0, 'training program': 0, 'mock drill': 0, 'sensitization': 0, 'swasthya kantha': 0, 'do and dont': 0, 'dos and donts': 0, 'display board': 0, 'hoarding': 0, 'pamphlet': 0, 'leaflet': 0, 'banner': 0}","{'floodlight': 0, 'flood light': 0, 'street light': 0, 'solar street light': 0, 'high mast light': 0, 'gas pipeline': 0, 'sports complex': 0, 'stadium': 0, 'cricket': 0, 'football': 0, 'volleyball': 0, 'examination hall': 0, 'cremation ground': 0, 'crematorium': 0, 'burial ground': 0, 'election': 0, 'covid': 0, 'vaccination': 0, 'wedding hall': 0, 'marriage hall': 0, 'kalyan mandap': 0, 'boundary wall': 0, 'compound wall': 0, 'staff quarter': 0, 'quarter building': 0, 'drug warehouse': 0, 'drug ware house': 0, 'godown': 0, 'bio medical waste': 0, 'biomedical waste': 0, 'bmw management': 0, 'waste management': 0}",weak,Post-Monsoon / Winter (Oct-Dec),,Heatwave & Emergency Response,Heatwave & Emergency Response,{'Heatwave & Emergency Response': {'saline': 2}}
2025_AULE_120859_9,e-Procurement Notice No.AED-15 OF 2025-26,AUL 09 Improvement to road of Kharasrota Left on Bagi Saline Embankment from RD 4350 m to 7050 m.,Improvement to road of Kharasrota Left on Bagi Saline Embankment from RD 4350 m to 7050 m.,Works,Open Tender,Percentage,Civil Works - Others,No,No,NA ,07-Nov-2025 10:00 AM,NA ,90.0,No ,No,Online,18-Nov-2025 11:00 AM,CE AND BM MBBS CHANDIKOLE||EASTERN CIRCLE II CHANDIKOLE||AUL Embankment Div AUL,Aul,754219.0,2.0,"63,90,476",PRASANNAJIT CHOUDHURY,"5,432,544",Rejected-Finance,22-May-2026,CE AND BM MBBS CHANDIKOLE||EASTERN CIRCLE II CHANDIKOLE||AUL Embankment Div AUL,True,False,"{'heatwave': 0, 'heat wave': 0, 'heat-wave': 0, 'heat stress': 0, 'heat stroke': 0, 'heat action plan': 0, 'heat resilience': 0, 'heat resilient': 0, 'extreme heat': 0, 'high temperature': 0, 'rising temperature': 0, 'heat resistant': 0, 'climate resilient': 0, 'cooling centre': 0, 'cooling center': 0, 'emergency response': 0, 'first aid': 0, 'ambulance': 0, 'ors': 0, 'oral rehydration solution': 0, 'heat stroke treatment': 0, 'sunstroke': 0, 'sun stroke': 0, 'heat related illness': 0, 'heat illness': 0, 'heat exhaustion': 0, 'heat cramp': 0, 'heat rash': 0, 'heat alert': 0, 'heat warning': 0, 'heat advisory': 0, 'heat hotline': 0, 'satark': 0, 'early warning system': 0, 'saline': 2, 'iv fluid': 0, 'rapid response team': 0, 'mobile health unit': 0, 'relief chamber': 0, 'heat stroke ward': 0, 'heat stroke bed': 0, 'drinking water': 0, 'water kiosk': 0, 'water atm': 0, 'hydration point': 0, 'hydration centre': 0, 'hydration center': 0, 'cold water': 0, 'tube well': 0, 'tubewell': 0, 'borewell': 0, 'bore well': 0, 'hand pump': 0, 'handpump': 0, 'overhead tank': 0, 'oh tank': 0, 'stand post': 0, 'piped water supply': 0, 'water supply scheme': 0, 'jalachhatra': 0, 'jalachatra': 0, 'jala jogana kendra': 0, 'jal jogana kendra': 0, 'jal seva shibira': 0, 'water tanker': 0, 'water sprinkling': 0, 'cool roof': 0, 'white roof': 0, 'white topping': 0, 'roof insulation': 0, 'thermal insulation': 0, 'heat reflective': 0, 'reflective coating': 0, 'shade net': 0, 'shade structure': 0, 'canopy': 0, 'awning': 0, 'albedo paint': 0, 'albedo painting': 0, 'white painting': 0, 'reflective paint': 0, 'green roof': 0, 'green roofing': 0, 'k glass': 0, 'doubly glazed glass': 0, 'passive cooling': 0, 'air cooler': 0, 'white china mosaic': 0, 'lime based whitewash': 0, 'white tarp': 0, 'acrylic resin coating': 0, 'tree plantation': 0, 'avenue plantation': 0, 'plantation': 0, 'green belt': 0, 'urban forestry': 0, 'urban forest': 0, 'park development': 0, 'shelter belt': 0, 'shade tree': 0, 'vertical garden': 0, 'green space': 0, 'afforestation': 0, 'green campus': 0, 'night shelter': 0, 'transit shelter': 0, 'rest shed': 0, 'waiting shed': 0, 'community hall': 0, 'relief centre': 0, 'relief center': 0, 'bus stand shelter': 0, 'passenger shelter': 0, 'cool shelter': 0, 'rest shade': 0, 'cool resting space': 0, 'cool resting shed': 0, 'passenger shed': 0, 'outreach clinic': 0, 'awareness campaign': 0, 'iec activity': 0, 'iec material': 0, 'capacity building': 0, 'training programme': 0, 'training program': 0, 'mock drill': 0, 'sensitization': 0, 'swasthya kantha': 0, 'do and dont': 0, 'dos and donts': 0, 'display board': 0, 'hoarding': 0, 'pamphlet': 0, 'leaflet': 0, 'banner': 0}","{'floodlight': 0, 'flood light': 0, 'street light': 0, 'solar street light': 0, 'high mast light': 0, 'gas pipeline': 0, 'sports complex': 0, 'stadium': 0, 'cricket': 0, 'football': 0, 'volleyball': 0, 'examination hall': 0, 'cremation ground': 0, 'crematorium': 0, 'burial ground': 0, 'election': 0, 'covid': 0, 'vaccination': 0, 'wedding hall': 0, 'marriage hall': 0, 'kalyan mandap': 0, 'boundary wall': 0, 'compound wall': 0, 'staff quarter': 0, 'quarter building': 0, 'drug warehouse': 0, 'drug ware house': 0, 'godown': 0, 'bio medical waste': 0, 'biomedical waste': 0, 'bmw management': 0, 'waste management': 0}",weak,Post-Monsoon / Winter (Oct-Dec),,Heatwave & Emergency Response,Heatwave & Emergency Response,{'Heatwave & Emergency Response': {'saline': 2}}
2025_AULE_120859_44,e-Procurement Notice No.AED-15 OF 2025-26,AUL 51 Protection to Scoured Bank on Radhia Kansar Saline Embankment from RD 16095 M to 16190 M.,Protection to Scoured Bank on Radhia Kansar Saline Embankment from RD 16095 M to 16190 M.,Works,Open Tender,Percentage,Civil Works - Others,No,No,NA ,07-Nov-2025 10:00 AM,NA ,90.0,No ,No,Online,18-Nov-2025 11:00 AM,CE AND BM MBBS CHANDIKOLE||EASTERN CIRCLE II CHANDIKOLE||AUL Embankment Div AUL,Aul,754219.0,2.0,"75,71,463",ACHARYA CONSTRUCTIONS,"6,436,501",Rejected-Finance,22-May-2026,CE AND BM MBBS CHANDIKOLE||EASTERN CIRCLE II CHANDIKOLE||AUL Embankment Div AUL,True,False,"{'heatwave': 0, 'heat wave': 0, 'heat-wave': 0, 'heat stress': 0, 'heat stroke': 0, 'heat action plan': 0, 'heat resilience': 0, 'heat resilient': 0, 'extreme heat': 0, 'high temperature': 0, 'rising temperature': 0, 'heat resistant': 0, 'climate resilient': 0, 'cooling centre': 0, 'cooling center': 0, 'emergency response': 0, 'first aid': 0, 'ambulance': 0, 'ors': 0, 'oral rehydration solution': 0, 'heat stroke treatment': 0, 'sunstroke': 0, 'sun stroke': 0, 'heat related illness': 0, 'heat illness': 0, 'heat exhaustion': 0, 'heat cramp': 0, 'heat rash': 0, 'heat alert': 0, 'heat warning': 0, 'heat advisory': 0, 'heat hotline': 0, 'satark': 0, 'early warning system': 0, 'saline': 2, 'iv fluid': 0, 'rapid response team': 0, 'mobile health unit': 0, 'relief chamber': 0, 'heat stroke ward': 0, 'heat stroke bed': 0, 'drinking water': 0, 'water kiosk': 0, 'water atm': 0, 'hydration point': 0, 'hydration centre': 0, 'hydration center': 0, 'cold water': 0, 'tube well': 0, 'tubewell': 0, 'borewell': 0, 'bore well': 0, 'hand pump': 0, 'handpump': 0, 'overhead tank': 0, 'oh tank': 0, 'stand post': 0, 'piped water supply': 0, 'water supply scheme': 0, 'jalachhatra': 0, 'jalachatra': 0, 'jala jogana kendra': 0, 'jal jogana kendra': 0, 'jal seva shibira': 0, 'water tanker': 0, 'water sprinkling': 0, 'cool roof': 0, 'white roof': 0, 'white topping': 0, 'roof insulation': 0, 'thermal insulation': 0, 'heat reflective': 0, 'reflective coating': 0, 'shade net': 0, 'shade structure': 0, 'canopy': 0, 'awning': 0, 'albedo paint': 0, 'albedo painting': 0, 'white painting': 0, 'reflective paint': 0, 'green roof': 0, 'green roofing': 0, 'k glass': 0, 'doubly glazed glass': 0, 'passive cooling': 0, 'air cooler': 0, 'white china mosaic': 0, 'lime based whitewash': 0, 'white tarp': 0, 'acrylic resin coating': 0, 'tree plantation': 0, 'avenue plantation': 0, 'plantation': 0, 'green belt': 0, 'urban forestry': 0, 'urban forest': 0, 'park development': 0, 'shelter belt': 0, 'shade tree': 0, 'vertical garden': 0, 'green space': 0, 'afforestation': 0, 'green campus': 0, 'night shelter': 0, 'transit shelter': 0, 'rest shed': 0, 'waiting shed': 0, 'community hall': 0, 'relief centre': 0, 'relief center': 0, 'bus stand shelter': 0, 'passenger shelter': 0, 'cool shelter': 0, 'rest shade': 0, 'cool resting space': 0, 'cool resting shed': 0, 'passenger shed': 0, 'outreach clinic': 0, 'awareness campaign': 0, 'iec activity': 0, 'iec material': 0, 'capacity building': 0, 'training programme': 0, 'training program': 0, 'mock drill': 0, 'sensitization': 0, 'swasthya kantha': 0, 'do and dont': 0, 'dos and donts': 0, 'display board': 0, 'hoarding': 0, 'pamphlet': 0, 'leaflet': 0, 'banner': 0}","{'floodlight': 0, 'flood light': 0, 'street light': 0, 'solar street light': 0, 'high mast light': 0, 'gas pipeline': 0, 'sports complex': 0, 'stadium': 0, 'cricket': 0, 'football': 0, 'volleyball': 0, 'examination hall': 0, 'cremation ground': 0, 'crematorium': 0, 'burial ground': 0, 'election': 0, 'covid': 0, 'vaccination': 0, 'wedding hall': 0, 'marriage hall': 0, 'kalyan mandap': 0, 'boundary wall': 0, 'compound wall': 0, 'staff quarter': 0, 'quarter building': 0, 'drug warehouse': 0, 'drug ware house': 0, 'godown': 0, 'bio medical waste': 0, 'biomedical waste': 0, 'bmw management': 0, 'waste management': 0}",weak,Post-Monsoon / Winter (Oct-Dec),,Heatwave & Emergency Response,Heatwave & Emergency Response,{'Heatwave & Emergency Response': {'saline': 2}}
2025_RWSS_121615_8,13/SE/RWSS/KPT/25-26/01.11.25,PIPED WATER SUPPLY TO SIKREL GP CHIKENPUT UNDER LAMTAPUT BLOCK UNDER BASUDHA PROGRAMME,PIPED WATER SUPPLY TO SIKREL GP CHIKENPUT UNDER LAMTAPUT BLOCK UNDER BASUDHA PROGRAMME,Works,National Competitive Bid,Percentage,Civil Works - Water Works,No,No,NA ,20-Nov-2025 05:00 PM,NA ,180.0,No ,No,Online,01-Dec-2025 11:00 AM,Rural Water Supply and Sanitation||RWSS Circle Koraput||RWSS Division Koraput,LAMTAPUT,764081.0,2.0,"15,03,255",ABINASH CHANDRA VERMA,"1,277,916.97",Rejected-AOC,19-May-2026,Rural Water Supply and Sanitation||RWSS Circle Koraput||RWSS Division Koraput,True,False,"{'heatwave': 0, 'heat wave': 0, 'heat-wave': 0, 'heat stress': 0, 'heat stroke': 0, 'heat action plan': 0, 'heat resilience': 0, 'heat resilient': 0, 'extreme heat': 0, 'high temperature': 0, 'rising temperature': 0, 'heat resistant': 0, 'climate resilient': 0, 'cooling centre': 0, 'cooling center': 0, 'emergency response': 0, 'first aid': 0, 'ambulance': 0, 'ors': 0, 'oral rehydration solution': 0, 'heat stroke treatment': 0, 'sunstroke': 0, 'sun stroke': 0, 'heat related illness': 0, 'heat illness': 0, 'heat exhaustion': 0, 'heat cramp': 0, 'heat rash': 0, 'heat alert': 0, 'heat warning': 0, 'heat advisory': 0, 'heat hotline': 0, 'satark': 0, 'early warning system': 0, 'saline': 0, 'iv fluid': 0, 'rapid response team': 0, 'mobile health unit': 0, 'relief chamber': 0, 'heat stroke ward': 0, 'heat stroke bed': 0, 'drinking water': 0, 'water kiosk': 0, 'water atm': 0, 'hydration point': 0, 'hydration centre': 0, 'hydration center': 0, 'cold water': 0, 'tube well': 0, 'tubewell': 0, 'borewell': 0, 'bore well': 0, 'hand pump': 0, 'handpump': 0, 'overhead tank': 0, 'oh tank': 0, 'stand post': 0, 'piped water supply': 2, 'water supply scheme': 0, 'jalachhatra': 0, 'jalachatra': 0, 'jala jogana kendra': 0, 'jal jogana kendra': 0, 'jal seva shibira': 0, 'water tanker': 0, 'water sprinkling': 0, 'cool roof': 0, 'white roof': 0, 'white topping': 0, 'roof insulation': 0, 'thermal insulation': 0, 'heat reflective': 0, 'reflective coating': 0, 'shade net': 0, 'shade structure': 0, 'canopy': 0, 'awning': 0, 'albedo paint': 0, 'albedo painting': 0, 'white painting': 0, 'reflective paint': 0, 'green roof': 0, 'green roofing': 0, 'k glass': 0, 'doubly glazed glass': 0, 'passive cooling': 0, 'air cooler': 0, 'white china mosaic': 0, 'lime based whitewash': 0, 'white tarp': 0, 'acrylic resin coating': 0, 'tree plantation': 0, 'avenue plantation': 0, 'plantation': 0, 'green belt': 0, 'urban forestry': 0, 'urban forest': 0, 'park development': 0, 'shelter belt': 0, 'shade tree': 0, 'vertical garden': 0, 'green space': 0, 'afforestation': 0, 'green campus': 0, 'night shelter': 0, 'transit shelter': 0, 'rest shed': 0, 'waiting shed': 0, 'community hall': 0, 'relief centre': 0, 'relief center': 0, 'bus stand shelter': 0, 'passenger shelter': 0, 'cool shelter': 0, 'rest shade': 0, 'cool resting space': 0, 'cool resting shed': 0, 'passenger shed': 0, 'outreach clinic': 0, 'awareness campaign': 0, 'iec activity': 0, 'iec material': 0, 'capacity building': 0, 'training programme': 0, 'training program': 0, 'mock drill': 0, 'sensitization': 0, 'swasthya kantha': 0, 'do and dont': 0, 'dos and donts': 0, 'display board': 0, 'hoarding': 0, 'pamphlet': 0, 'leaflet': 0, 'banner': 0}","{'floodlight': 0, 'flood light': 0, 'street light': 0, 'solar street light': 0, 'high mast light': 0, 'gas pipeline': 0, 'sports complex': 0, 'stadium': 0, 'cricket': 0, 'football': 0, 'volleyball': 0, 'examination hall': 0, 'cremation ground': 0, 'crematorium': 0, 'burial ground': 0, 'election': 0, 'covid': 0, 'vaccination': 0, 'wedding hall': 0, 'marriage hall': 0, 'kalyan mandap': 0, 'boundary wall': 0, 'compound wall': 0, 'staff quarter': 0, 'quarter building': 0, 'drug warehouse': 0, 'drug ware house': 0, 'godown': 0, 'bio medical waste': 0, 'biomedical waste': 0, 'bmw management': 0, 'waste management': 0}",weak,Post-Monsoon / Winter (Oct-Dec),,Drinking Water & Hydration,Drinking Water & Hydration,{'Drinking Water & Hydration': {'piped water supply': 2}}
2025_AULE_120859_5,e-Procurement Notice No.AED-15 OF 2025-26,AUL 05 Protection to Scoured bank from RD 15420 M to 15520 M on River Kharasrota left of Bagi Saline Embankment,Protection to Scoured bank from RD 15420 M to 15520 M on River Kharasrota left of Bagi Saline Embankment,Works,Open Tender,Percentage,Civil Works - Others,No,No,NA ,07-Nov-2025 10:00 AM,NA ,90.0,No ,No,Online,18-Nov-2025 11:00 AM,CE AND BM MBBS CHANDIKOLE||EASTERN CIRCLE II CHANDIKOLE||AUL Embankment Div AUL,Aul,754219.0,2.0,"82,20,256",ACHARYA CONSTRUCTIONS,"6,988,040",Rejected-Finance,22-May-2026,CE AND BM MBBS CHANDIKOLE||EASTERN CIRCLE II CHANDIKOLE||AUL Embankment Div AUL,True,False,"{'heatwave': 0, 'heat wave': 0, 'heat-wave': 0, 'heat stress': 0, 'heat stroke': 0, 'heat action plan': 0, 'heat resilience': 0, 'heat resilient': 0, 'extreme heat': 0, 'high temperature': 0, 'rising temperature': 0, 'heat resistant': 0, 'climate resilient': 0, 'cooling centre': 0, 'cooling center': 0, 'emergency response': 0, 'first aid': 0, 'ambulance': 0, 'ors': 0, 'oral rehydration solution': 0, 'heat stroke treatment': 0, 'sunstroke': 0, 'sun stroke': 0, 'heat related illness': 0, 'heat illness': 0, 'heat exhaustion': 0, 'heat cramp': 0, 'heat rash': 0, 'heat alert': 0, 'heat warning': 0, 'heat advisory': 0, 'heat hotline': 0, 'satark': 0, 'early warning system': 0, 'saline': 2, 'iv fluid': 0, 'rapid response team': 0, 'mobile health unit': 0, 'relief chamber': 0, 'heat stroke ward': 0, 'heat stroke bed': 0, 'drinking water': 0, 'water kiosk': 0, 'water atm': 0, 'hydration point': 0, 'hydration centre': 0, 'hydration center': 0, 'cold water': 0, 'tube well': 0, 'tubewell': 0, 'borewell': 0, 'bore well': 0, 'hand pump': 0, 'handpump': 0, 'overhead tank': 0, 'oh tank': 0, 'stand post': 0, 'piped water supply': 0, 'water supply scheme': 0, 'jalachhatra': 0, 'jalachatra': 0, 'jala jogana kendra': 0, 'jal jogana kendra': 0, 'jal seva shibira': 0, 'water tanker': 0, 'water sprinkling': 0, 'cool roof': 0, 'white roof': 0, 'white topping': 0, 'roof insulation': 0, 'thermal insulation': 0, 'heat reflective': 0, 'reflective coating': 0, 'shade net': 0, 'shade structure': 0, 'canopy': 0, 'awning': 0, 'albedo paint': 0, 'albedo painting': 0, 'white painting': 0, 'reflective paint': 0, 'green roof': 0, 'green roofing': 0, 'k glass': 0, 'doubly glazed glass': 0, 'passive cooling': 0, 'air cooler': 0, 'white china mosaic': 0, 'lime based whitewash': 0, 'white tarp': 0, 'acrylic resin coating': 0, 'tree plantation': 0, 'avenue plantation': 0, 'plantation': 0, 'green belt': 0, 'urban forestry': 0, 'urban forest': 0, 'park development': 0, 'shelter belt': 0, 'shade tree': 0, 'vertical garden': 0, 'green space': 0, 'afforestation': 0, 'green campus': 0, 'night shelter': 0, 'transit shelter': 0, 'rest shed': 0, 'waiting shed': 0, 'community hall': 0, 'relief centre': 0, 'relief center': 0, 'bus stand shelter': 0, 'passenger shelter': 0, 'cool shelter': 0, 'rest shade': 0, 'cool resting space': 0, 'cool resting shed': 0, 'passenger shed': 0, 'outreach clinic': 0, 'awareness campaign': 0, 'iec activity': 0, 'iec material': 0, 'capacity building': 0, 'training programme': 0, 'training program': 0, 'mock drill': 0, 'sensitization': 0, 'swasthya kantha': 0, 'do and dont': 0, 'dos and donts': 0, 'display board': 0, 'hoarding': 0, 'pamphlet': 0, 'leaflet': 0, 'banner': 0}","{'floodlight': 0, 'flood light': 0, 'street light': 0, 'solar street light': 0, 'high mast light': 0, 'gas pipeline': 0, 'sports complex': 0, 'stadium': 0, 'cricket': 0, 'football': 0, 'volleyball': 0, 'examination hall': 0, 'cremation ground': 0, 'crematorium': 0, 'burial ground': 0, 'election': 0, 'covid': 0, 'vaccination': 0, 'wedding hall': 0, 'marriage hall': 0, 'kalyan mandap': 0, 'boundary wall': 0, 'compound wall': 0, 'staff quarter': 0, 'quarter building': 0, 'drug warehouse': 0, 'drug ware house': 0, 'godown': 0, 'bio medical waste': 0, 'biomedical waste': 0, 'bmw management': 0, 'waste management': 0}",weak,Post-Monsoon / Winter (Oct-Dec),,Heatwave & Emergency Response,Heatwave & Emergency Response,{'Heatwave & Emergency Response': {'saline': 2}}
2025_AULE_120859_7,e-Procurement Notice No.AED-15 OF 2025-26,AUL 07 Protection to Scoured Bank on river Baitarani right near village Nuagaon and Mantapada on CDB Saline Embankment from RD 8370 M. to RD 8473 M,Protection to Scoured Bank on river Baitarani right near village Nuagaon and Mantapada on CDB Saline Embankment from RD 8370 M. to RD 8473 M,Works,Open Tender,Percentage,Civil Works - Others,No,No,NA ,07-Nov-2025 10:00 AM,NA ,90.0,No ,No,Online,18-Nov-2025 11:00 AM,CE AND BM MBBS CHANDIKOLE||EASTERN CIRCLE II CHANDIKOLE||AUL Embankment Div AUL,Aul,754219.0,2.0,"83,24,681",ABINASH PRADHAN,"7,076,811",Rejected-Finance,22-May-2026,CE AND BM MBBS CHANDIKOLE||EASTERN CIRCLE II CHANDIKOLE||AUL Embankment Div AUL,True,False,"{'heatwave': 0, 'heat wave': 0, 'heat-wave': 0, 'heat stress': 0, 'heat stroke': 0, 'heat action plan': 0, 'heat resilience': 0, 'heat resilient': 0, 'extreme heat': 0, 'high temperature': 0, 'rising temperature': 0, 'heat resistant': 0, 'climate resilient': 0, 'cooling centre': 0, 'cooling center': 0, 'emergency response': 0, 'first aid': 0, 'ambulance': 0, 'ors': 0, 'oral rehydration solution': 0, 'heat stroke treatment': 0, 'sunstroke': 0, 'sun stroke': 0, 'heat related illness': 0, 'heat illness': 0, 'heat exhaustion': 0, 'heat cramp': 0, 'heat rash': 0, 'heat alert': 0, 'heat warning': 0, 'heat advisory': 0, 'heat hotline': 0, 'satark': 0, 'early warning system': 0, 'saline': 2, 'iv fluid': 0, 'rapid response team': 0, 'mobile health unit': 0, 'relief chamber': 0, 'heat stroke ward': 0, 'heat stroke bed': 0, 'drinking water': 0, 'water kiosk': 0, 'water atm': 0, 'hydration point': 0, 'hydration centre': 0, 'hydration center': 0, 'cold water': 0, 'tube well': 0, 'tubewell': 0, 'borewell': 0, 'bore well': 0, 'hand pump': 0, 'handpump': 0, 'overhead tank': 0, 'oh tank': 0, 'stand post': 0, 'piped water supply': 0, 'water supply scheme': 0, 'jalachhatra': 0, 'jalachatra': 0, 'jala jogana kendra': 0, 'jal jogana kendra': 0, 'jal seva shibira': 0, 'water tanker': 0, 'water sprinkling': 0, 'cool roof': 0, 'white roof': 0, 'white topping': 0, 'roof insulation': 0, 'thermal insulation': 0, 'heat reflective': 0, 'reflective coating': 0, 'shade net': 0, 'shade structure': 0, 'canopy': 0, 'awning': 0, 'albedo paint': 0, 'albedo painting': 0, 'white painting': 0, 'reflective paint': 0, 'green roof': 0, 'green roofing': 0, 'k glass': 0, 'doubly glazed glass': 0, 'passive cooling': 0, 'air cooler': 0, 'white china mosaic': 0, 'lime based whitewash': 0, 'white tarp': 0, 'acrylic resin coating': 0, 'tree plantation': 0, 'avenue plantation': 0, 'plantation': 0, 'green belt': 0, 'urban forestry': 0, 'urban forest': 0, 'park development': 0, 'shelter belt': 0, 'shade tree': 0, 'vertical garden': 0, 'green space': 0, 'afforestation': 0, 'green campus': 0, 'night shelter': 0, 'transit shelter': 0, 'rest shed': 0, 'waiting shed': 0, 'community hall': 0, 'relief centre': 0, 'relief center': 0, 'bus stand shelter': 0, 'passenger shelter': 0, 'cool shelter': 0, 'rest shade': 0, 'cool resting space': 0, 'cool resting shed': 0, 'passenger shed': 0, 'outreach clinic': 0, 'awareness campaign': 0, 'iec activity': 0, 'iec material': 0, 'capacity building': 0, 'training programme': 0, 'training program': 0, 'mock drill': 0, 'sensitization': 0, 'swasthya kantha': 0, 'do and dont': 0, 'dos and donts': 0, 'display board': 0, 'hoarding': 0, 'pamphlet': 0, 'leaflet': 0, 'banner': 0}","{'floodlight': 0, 'flood light': 0, 'street light': 0, 'solar street light': 0, 'high mast light': 0, 'gas pipeline': 0, 'sports complex': 0, 'stadium': 0, 'cricket': 0, 'football': 0, 'volleyball': 0, 'examination hall': 0, 'cremation ground': 0, 'crematorium': 0, 'burial ground': 0, 'election': 0, 'covid': 0, 'vaccination': 0, 'wedding hall': 0, 'marriage hall': 0, 'kalyan mandap': 0, 'boundary wall': 0, 'compound wall': 0, 'staff quarter': 0, 'quarter building': 0, 'drug warehouse': 0, 'drug ware house': 0, 'godown': 0, 'bio medical waste': 0, 'biomedical waste': 0, 'bmw management': 0, 'waste management': 0}",weak,Post-Monsoon / Winter (Oct-Dec),,Heatwave & Emergency Response,Heatwave & Emergency Response,{'Heatwave & Emergency Response': {'saline': 2}}
2026_CERWI_125440_1,RWDKNJ-11/2025-26,Construction of attendant rest shed building at Tangabilla PHC under Jashipur block under OMBADC for the year 2022-23.,Construction of attendant rest shed building at Tangabilla PHC under Jashipur block under OMBADC for the year 2022-23.,Works,Open Tender,Percentage,Civil Works - Buildings,No,No,NA ,03-Feb-2026 11:00 AM,NA ,90.0,No ,No,Online,10-Feb-2026 11:00 AM,CE RW I||RWCIRCLE-BARIPADA||RW Division Karanjia,Mayurbhanj,757037.0,1.0,"20,16,857",ALOK KUMAR BEHURA,"2,016,655",Rejected-AOC,30-May-2026,CE RW I||RWCIRCLE-BARIPADA||RW Division Karanjia,True,False,"{'heatwave': 0, 'heat wave': 0, 'heat-wave': 0, 'heat stress': 0, 'heat stroke': 0, 'heat action plan': 0, 'heat resilience': 0, 'heat resilient': 0, 'extreme heat': 0, 'high temperature': 0, 'rising temperature': 0, 'heat resistant': 0, 'climate resilient': 0, 'cooling centre': 0, 'cooling center': 0, 'emergency response': 0, 'first aid': 0, 'ambulance': 0, 'ors': 0, 'oral rehydration solution': 0, 'heat stroke treatment': 0, 'sunstroke': 0, 'sun stroke': 0, 'heat related illness': 0, 'heat illness': 0, 'heat exhaustion': 0, 'heat cramp': 0, 'heat rash': 0, 'heat alert': 0, 'heat warning': 0, 'heat advisory': 0, 'heat hotline': 0, 'satark': 0, 'early warning system': 0, 'saline': 0, 'iv fluid': 0, 'rapid response team': 0, 'mobile health unit': 0, 'relief chamber': 0, 'heat stroke ward': 0, 'heat stroke bed': 0, 'drinking water': 0, 'water kiosk': 0, 'water atm': 0, 'hydration point': 0, 'hydration centre': 0, 'hydration center': 0, 'cold water': 0, 'tube well': 0, 'tubewell': 0, 'borewell': 0, 'bore well': 0, 'hand pump': 0, 'handpump': 0, 'overhead tank': 0, 'oh tank': 0, 'stand post': 0, 'piped water supply': 0, 'water supply scheme': 0, 'jalachhatra': 0, 'jalachatra': 0, 'jala jogana kendra': 0, 'jal jogana kendra': 0, 'jal seva shibira': 0, 'water tanker': 0, 'water sprinkling': 0, 'cool roof': 0, 'white roof': 0, 'white topping': 0, 'roof insulation': 0, 'thermal insulation': 0, 'heat reflective': 0, 'reflective coating': 0, 'shade net': 0, 'shade structure': 0, 'canopy': 0, 'awning': 0, 'albedo paint': 0, 'albedo painting': 0, 'white painting': 0, 'reflective paint': 0, 'green roof': 0, 'green roofing': 0, 'k glass': 0, 'doubly glazed glass': 0, 'passive cooling': 0, 'air cooler': 0, 'white china mosaic': 0, 'lime based whitewash': 0, 'white tarp': 0, 'acrylic resin coating': 0, 'tree plantation': 0, 'avenue plantation': 0, 'plantation': 0, 'green belt': 0, 'urban forestry': 0, 'urban forest': 0, 'park development': 0, 'shelter belt': 0, 'shade tree': 0, 'vertical garden': 0, 'green space': 0, 'afforestation': 0, 'green campus': 0, 'night shelter': 0, 'transit shelter': 0, 'rest shed': 2, 'waiting shed': 0, 'community hall': 0, 'relief centre': 0, 'relief center': 0, 'bus stand shelter': 0, 'passenger shelter': 0, 'cool shelter': 0, 'rest shade': 0, 'cool resting space': 0, 'cool resting shed': 0, 'passenger shed': 0, 'outreach clinic': 0, 'awareness campaign': 0, 'iec activity': 0, 'iec material': 0, 'capacity building': 0, 'training programme': 0, 'training program': 0, 'mock drill': 0, 'sensitization': 0, 'swasthya kantha': 0, 'do and dont': 0, 'dos and donts': 0, 'display board': 0, 'hoarding': 0, 'pamphlet': 0, 'leaflet': 0, 'banner': 0}","{'floodlight': 0, 'flood light': 0, 'street light': 0, 'solar street light': 0, 'high mast light': 0, 'gas pipeline': 0, 'sports complex': 0, 'stadium': 0, 'cricket': 0, 'football': 0, 'volleyball': 0, 'examination hall': 0, 'cremation ground': 0, 'crematorium': 0, 'burial ground': 0, 'election': 0, 'covid': 0, 'vaccination': 0, 'wedding hall': 0, 'marriage hall': 0, 'kalyan mandap': 0, 'boundary wall': 0, 'compound wall': 0, 'staff quarter': 0, 'quarter building': 0, 'drug warehouse': 0, 'drug ware house': 0, 'godown': 0, 'bio medical waste': 0, 'biomedical waste': 0, 'bmw management': 0, 'waste management': 0}",weak,Pre-Summer (Jan-Feb),OMBADC,Shelter & Rest Infrastructure,Shelter & Rest Infrastructure,{'Shelter & Rest Infrastructure': {'rest shed': 2}}
2026_ORULB_126299_1,NAC-ODG-07/2025-26,Construction of CC Drain with Cover Plate and Culvert from Narayan Bisoi House to Tubewell at Bilamanpur in Ward No. 1 Of NAC Odagaon.,Construction of CC Drain with Cover Plate and Culvert from Narayan Bisoi House to Tubewell at Bilamanpur in Ward No. 1 Of NAC Odagaon.,Works,Open Tender,Percentage,Civil Works - Others,No,No,NA ,21-Feb-2026 11:00 AM,NA ,60.0,No ,No,Online,06-Mar-2026 11:00 AM,Municipal Bodies||Odagaon NAC,NAC ODAGAON,752081.0,2.0,,ANJALI SAHOO,"239,830.72",Rejected-Finance,25-May-2026,Municipal Bodies||Odagaon NAC,True,False,"{'heatwave': 0, 'heat wave': 0, 'heat-wave': 0, 'heat stress': 0, 'heat stroke': 0, 'heat action plan': 0, 'heat resilience': 0, 'heat resilient': 0, 'extreme heat': 0, 'high temperature': 0, 'rising temperature': 0, 'heat resistant': 0, 'climate resilient': 0, 'cooling centre': 0, 'cooling center': 0, 'emergency response': 0, 'first aid': 0, 'ambulance': 0, 'ors': 0, 'oral rehydration solution': 0, 'heat stroke treatment': 0, 'sunstroke': 0, 'sun stroke': 0, 'heat related illness': 0, 'heat illness': 0, 'heat exhaustion': 0, 'heat cramp': 0, 'heat rash': 0, 'heat alert': 0, 'heat warning': 0, 'heat advisory': 0, 'heat hotline': 0, 'satark': 0, 'early warning system': 0, 'saline': 0, 'iv fluid': 0, 'rapid response team': 0, 'mobile health unit': 0, 'relief chamber': 0, 'heat stroke ward': 0, 'heat stroke bed': 0, 'drinking water': 0, 'water kiosk': 0, 'water atm': 0, 'hydration point': 0, 'hydration centre': 0, 'hydration center': 0, 'cold water': 0, 'tube well': 0, 'tubewell': 2, 'borewell': 0, 'bore well': 0, 'hand pump': 0, 'handpump': 0, 'overhead tank': 0, 'oh tank': 0, 'stand post': 0, 'piped water supply': 0, 'water supply scheme': 0, 'jalachhatra': 0, 'jalachatra': 0, 'jala jogana kendra': 0, 'jal jogana kendra': 0, 'jal seva shibira': 0, 'water tanker': 0, 'water sprinkling': 0, 'cool roof': 0, 'white roof': 0, 'white topping': 0, 'roof insulation': 0, 'thermal insulation': 0, 'heat reflective': 0, 'reflective coating': 0, 'shade net': 0, 'shade structure': 0, 'canopy': 0, 'awning': 0, 'albedo paint': 0, 'albedo painting': 0, 'white painting': 0, 'reflective paint': 0, 'green roof': 0, 'green roofing': 0, 'k glass': 0, 'doubly glazed glass': 0, 'passive cooling': 0, 'air cooler': 0, 'white china mosaic': 0, 'lime based whitewash': 0, 'white tarp': 0, 'acrylic resin coating': 0, 'tree plantation': 0, 'avenue plantation': 0, 'plantation': 0, 'green belt': 0, 'urban forestry': 0, 'urban forest': 0, 'park development': 0, 'shelter belt': 0, 'shade tree': 0, 'vertical garden': 0, 'green space': 0, 'afforestation': 0, 'green campus': 0, 'night shelter': 0, 'transit shelter': 0, 'rest shed': 0, 'waiting shed': 0, 'community hall': 0, 'relief centre': 0, 'relief center': 0, 'bus stand shelter': 0, 'passenger shelter': 0, 'cool shelter': 0, 'rest shade': 0, 'cool resting space': 0, 'cool resting shed': 0, 'passenger shed': 0, 'outreach clinic': 0, 'awareness campaign': 0, 'iec activity': 0, 'iec material': 0, 'capacity building': 0, 'training programme': 0, 'training program': 0, 'mock drill': 0, 'sensitization': 0, 'swasthya kantha': 0, 'do and dont': 0, 'dos and donts': 0, 'display board': 0, 'hoarding': 0, 'pamphlet': 0, 'leaflet': 0, 'banner': 0}","{'floodlight': 0, 'flood light': 0, 'street light': 0, 'solar street light': 0, 'high mast light': 0, 'gas pipeline': 0, 'sports complex': 0, 'stadium': 0, 'cricket': 0, 'football': 0, 'volleyball': 0, 'examination hall': 0, 'cremation ground': 0, 'crematorium': 0, 'burial ground': 0, 'election': 0, 'covid': 0, 'vaccination': 0, 'wedding hall': 0, 'marriage hall': 0, 'kalyan mandap': 0, 'boundary wall': 0, 'compound wall': 0, 'staff quarter': 0, 'quarter building': 0, 'drug warehouse': 0, 'drug ware house': 0, 'godown': 0, 'bio medical waste': 0, 'biomedical waste': 0, 'bmw management': 0, 'waste management': 0}",weak,Pre-Summer (Jan-Feb),,Drinking Water & Hydration,Drinking Water & Hydration,{'Drinking Water & Hydration': {'tubewell': 2}}
2025_AULE_119654_42,e-Procurement Notice No.AED-14 OF 2025-26,AUL 46 Protection to Scoured bank of Satagaon Saline Embankment from RD 8.080 KM to 8.145 KM,Protection to Scoured bank of Satagaon Saline Embankment from RD 8.080 KM to 8.145 KM,Works,Open Tender,Percentage,Civil Works - Others,No,No,NA ,18-Oct-2025 10:00 AM,NA ,90.0,No ,No,Online,28-Oct-2025 11:00 AM,CE AND BM MBBS CHANDIKOLE||EASTERN CIRCLE II CHANDIKOLE||AUL Embankment Div AUL,AUL,754219.0,2.0,"83,59,181",AHALYA SETHI,"7,106,140",Rejected-Finance,20-May-2026,CE AND BM MBBS CHANDIKOLE||EASTERN CIRCLE II CHANDIKOLE||AUL Embankment Div AUL,True,False,"{'heatwave': 0, 'heat wave': 0, 'heat-wave': 0, 'heat stress': 0, 'heat stroke': 0, 'heat action plan': 0, 'heat resilience': 0, 'heat resilient': 0, 'extreme heat': 0, 'high temperature': 0, 'rising temperature': 0, 'heat resistant': 0, 'climate resilient': 0, 'cooling centre': 0, 'cooling center': 0, 'emergency response': 0, 'first aid': 0, 'ambulance': 0, 'ors': 0, 'oral rehydration solution': 0, 'heat stroke treatment': 0, 'sunstroke': 0, 'sun stroke': 0, 'heat related illness': 0, 'heat illness': 0, 'heat exhaustion': 0, 'heat cramp': 0, 'heat rash': 0, 'heat alert': 0, 'heat warning': 0, 'heat advisory': 0, 'heat hotline': 0, 'satark': 0, 'early warning system': 0, 'saline': 2, 'iv fluid': 0, 'rapid response team': 0, 'mobile health unit': 0, 'relief chamber': 0, 'heat stroke ward': 0, 'heat stroke bed': 0, 'drinking water': 0, 'water kiosk': 0, 'water atm': 0, 'hydration point': 0, 'hydration centre': 0, 'hydration center': 0, 'cold water': 0, 'tube well': 0, 'tubewell': 0, 'borewell': 0, 'bore well': 0, 'hand pump': 0, 'handpump': 0, 'overhead tank': 0, 'oh tank': 0, 'stand post': 0, 'piped water supply': 0, 'water supply scheme': 0, 'jalachhatra': 0, 'jalachatra': 0, 'jala jogana kendra': 0, 'jal jogana kendra': 0, 'jal seva shibira': 0, 'water tanker': 0, 'water sprinkling': 0, 'cool roof': 0, 'white roof': 0, 'white topping': 0, 'roof insulation': 0, 'thermal insulation': 0, 'heat reflective': 0, 'reflective coating': 0, 'shade net': 0, 'shade structure': 0, 'canopy': 0, 'awning': 0, 'albedo paint': 0, 'albedo painting': 0, 'white painting': 0, 'reflective paint': 0, 'green roof': 0, 'green roofing': 0, 'k glass': 0, 'doubly glazed glass': 0, 'passive cooling': 0, 'air cooler': 0, 'white china mosaic': 0, 'lime based whitewash': 0, 'white tarp': 0, 'acrylic resin coating': 0, 'tree plantation': 0, 'avenue plantation': 0, 'plantation': 0, 'green belt': 0, 'urban forestry': 0, 'urban forest': 0, 'park development': 0, 'shelter belt': 0, 'shade tree': 0, 'vertical garden': 0, 'green space': 0, 'afforestation': 0, 'green campus': 0, 'night shelter': 0, 'transit shelter': 0, 'rest shed': 0, 'waiting shed': 0, 'community hall': 0, 'relief centre': 0, 'relief center': 0, 'bus stand shelter': 0, 'passenger shelter': 0, 'cool shelter': 0, 'rest shade': 0, 'cool resting space': 0, 'cool resting shed': 0, 'passenger shed': 0, 'outreach clinic': 0, 'awareness campaign': 0, 'iec activity': 0, 'iec material': 0, 'capacity building': 0, 'training programme': 0, 'training program': 0, 'mock drill': 0, 'sensitization': 0, 'swasthya kantha': 0, 'do and dont': 0, 'dos and donts': 0, 'display board': 0, 'hoarding': 0, 'pamphlet': 0, 'leaflet': 0, 'banner': 0}","{'floodlight': 0, 'flood light': 0, 'street light': 0, 'solar street light': 0, 'high mast light': 0, 'gas pipeline': 0, 'sports complex': 0, 'stadium': 0, 'cricket': 0, 'football': 0, 'volleyball': 0, 'examination hall': 0, 'cremation ground': 0, 'crematorium': 0, 'burial ground': 0, 'election': 0, 'covid': 0, 'vaccination': 0, 'wedding hall': 0, 'marriage hall': 0, 'kalyan mandap': 0, 'boundary wall': 0, 'compound wall': 0, 'staff quarter': 0, 'quarter building': 0, 'drug warehouse': 0, 'drug ware house': 0, 'godown': 0, 'bio medical waste': 0, 'biomedical waste': 0, 'bmw management': 0, 'waste management': 0}",weak,Post-Monsoon / Winter (Oct-Dec),,Heatwave & Emergency Response,Heatwave & Emergency Response,{'Heatwave & Emergency Response': {'saline': 2}}
2025_AULE_120859_43,e-Procurement Notice No.AED-15 OF 2025-26,AUL 50 Protection to Scoured Bank on Orta Perijpur Saline Embankment from RD 2130 M to 2220 M.,Protection to Scoured Bank on Orta Perijpur Saline Embankment from RD 2130 M to 2220 M.,Works,Open Tender,Percentage,Civil Works - Others,No,No,NA ,07-Nov-2025 10:00 AM,NA ,90.0,No ,No,Online,18-Nov-2025 11:00 AM,CE AND BM MBBS CHANDIKOLE||EASTERN CIRCLE II CHANDIKOLE||AUL Embankment Div AUL,Aul,754219.0,2.0,"50,59,443",ALOK KUMAR ROUT,"4,301,033",Rejected-Finance,22-May-2026,CE AND BM MBBS CHANDIKOLE||EASTERN CIRCLE II CHANDIKOLE||AUL Embankment Div AUL,True,False,"{'heatwave': 0, 'heat wave': 0, 'heat-wave': 0, 'heat stress': 0, 'heat stroke': 0, 'heat action plan': 0, 'heat resilience': 0, 'heat resilient': 0, 'extreme heat': 0, 'high temperature': 0, 'rising temperature': 0, 'heat resistant': 0, 'climate resilient': 0, 'cooling centre': 0, 'cooling center': 0, 'emergency response': 0, 'first aid': 0, 'ambulance': 0, 'ors': 0, 'oral rehydration solution': 0, 'heat stroke treatment': 0, 'sunstroke': 0, 'sun stroke': 0, 'heat related illness': 0, 'heat illness': 0, 'heat exhaustion': 0, 'heat cramp': 0, 'heat rash': 0, 'heat alert': 0, 'heat warning': 0, 'heat advisory': 0, 'heat hotline': 0, 'satark': 0, 'early warning system': 0, 'saline': 2, 'iv fluid': 0, 'rapid response team': 0, 'mobile health unit': 0, 'relief chamber': 0, 'heat stroke ward': 0, 'heat stroke bed': 0, 'drinking water': 0, 'water kiosk': 0, 'water atm': 0, 'hydration point': 0, 'hydration centre': 0, 'hydration center': 0, 'cold water': 0, 'tube well': 0, 'tubewell': 0, 'borewell': 0, 'bore well': 0, 'hand pump': 0, 'handpump': 0, 'overhead tank': 0, 'oh tank': 0, 'stand post': 0, 'piped water supply': 0, 'water supply scheme': 0, 'jalachhatra': 0, 'jalachatra': 0, 'jala jogana kendra': 0, 'jal jogana kendra': 0, 'jal seva shibira': 0, 'water tanker': 0, 'water sprinkling': 0, 'cool roof': 0, 'white roof': 0, 'white topping': 0, 'roof insulation': 0, 'thermal insulation': 0, 'heat reflective': 0, 'reflective coating': 0, 'shade net': 0, 'shade structure': 0, 'canopy': 0, 'awning': 0, 'albedo paint': 0, 'albedo painting': 0, 'white painting': 0, 'reflective paint': 0, 'green roof': 0, 'green roofing': 0, 'k glass': 0, 'doubly glazed glass': 0, 'passive cooling': 0, 'air cooler': 0, 'white china mosaic': 0, 'lime based whitewash': 0, 'white tarp': 0, 'acrylic resin coating': 0, 'tree plantation': 0, 'avenue plantation': 0, 'plantation': 0, 'green belt': 0, 'urban forestry': 0, 'urban forest': 0, 'park development': 0, 'shelter belt': 0, 'shade tree': 0, 'vertical garden': 0, 'green space': 0, 'afforestation': 0, 'green campus': 0, 'night shelter': 0, 'transit shelter': 0, 'rest shed': 0, 'waiting shed': 0, 'community hall': 0, 'relief centre': 0, 'relief center': 0, 'bus stand shelter': 0, 'passenger shelter': 0, 'cool shelter': 0, 'rest shade': 0, 'cool resting space': 0, 'cool resting shed': 0, 'passenger shed': 0, 'outreach clinic': 0, 'awareness campaign': 0, 'iec activity': 0, 'iec material': 0, 'capacity building': 0, 'training programme': 0, 'training program': 0, 'mock drill': 0, 'sensitization': 0, 'swasthya kantha': 0, 'do and dont': 0, 'dos and donts': 0, 'display board': 0, 'hoarding': 0, 'pamphlet': 0, 'leaflet': 0, 'banner': 0}","{'floodlight': 0, 'flood light': 0, 'street light': 0, 'solar street light': 0, 'high mast light': 0, 'gas pipeline': 0, 'sports complex': 0, 'stadium': 0, 'cricket': 0, 'football': 0, 'volleyball': 0, 'examination hall': 0, 'cremation ground': 0, 'crematorium': 0, 'burial ground': 0, 'election': 0, 'covid': 0, 'vaccination': 0, 'wedding hall': 0, 'marriage hall': 0, 'kalyan mandap': 0, 'boundary wall': 0, 'compound wall': 0, 'staff quarter': 0, 'quarter building': 0, 'drug warehouse': 0, 'drug ware house': 0, 'godown': 0, 'bio medical waste': 0, 'biomedical waste': 0, 'bmw management': 0, 'waste management': 0}",weak,Post-Monsoon / Winter (Oct-Dec),,Heatwave & Emergency Response,Heatwave & Emergency Response,{'Heatwave & Emergency Response': {'saline': 2}}
2025_AULE_119654_43,e-Procurement Notice No.AED-14 OF 2025-26,AUL 47 Protection to Scoured bank of Bagapatia Saline Embankment from RD 2.170 KM to 2.238 KM.,Protection to Scoured bank of Bagapatia Saline Embankment from RD 2.170 KM to 2.238 KM.,Works,Open Tender,Percentage,Civil Works - Others,No,No,NA ,18-Oct-2025 10:00 AM,NA ,90.0,No ,No,Online,28-Oct-2025 11:00 AM,CE AND BM MBBS CHANDIKOLE||EASTERN CIRCLE II CHANDIKOLE||AUL Embankment Div AUL,AUL,754219.0,2.0,"83,77,081",ABINASH MALLIK,"7,121,357",Rejected-Finance,20-May-2026,CE AND BM MBBS CHANDIKOLE||EASTERN CIRCLE II CHANDIKOLE||AUL Embankment Div AUL,True,False,"{'heatwave': 0, 'heat wave': 0, 'heat-wave': 0, 'heat stress': 0, 'heat stroke': 0, 'heat action plan': 0, 'heat resilience': 0, 'heat resilient': 0, 'extreme heat': 0, 'high temperature': 0, 'rising temperature': 0, 'heat resistant': 0, 'climate resilient': 0, 'cooling centre': 0, 'cooling center': 0, 'emergency response': 0, 'first aid': 0, 'ambulance': 0, 'ors': 0, 'oral rehydration solution': 0, 'heat stroke treatment': 0, 'sunstroke': 0, 'sun stroke': 0, 'heat related illness': 0, 'heat illness': 0, 'heat exhaustion': 0, 'heat cramp': 0, 'heat rash': 0, 'heat alert': 0, 'heat warning': 0, 'heat advisory': 0, 'heat hotline': 0, 'satark': 0, 'early warning system': 0, 'saline': 2, 'iv fluid': 0, 'rapid response team': 0, 'mobile health unit': 0, 'relief chamber': 0, 'heat stroke ward': 0, 'heat stroke bed': 0, 'drinking water': 0, 'water kiosk': 0, 'water atm': 0, 'hydration point': 0, 'hydration centre': 0, 'hydration center': 0, 'cold water': 0, 'tube well': 0, 'tubewell': 0, 'borewell': 0, 'bore well': 0, 'hand pump': 0, 'handpump': 0, 'overhead tank': 0, 'oh tank': 0, 'stand post': 0, 'piped water supply': 0, 'water supply scheme': 0, 'jalachhatra': 0, 'jalachatra': 0, 'jala jogana kendra': 0, 'jal jogana kendra': 0, 'jal seva shibira': 0, 'water tanker': 0, 'water sprinkling': 0, 'cool roof': 0, 'white roof': 0, 'white topping': 0, 'roof insulation': 0, 'thermal insulation': 0, 'heat reflective': 0, 'reflective coating': 0, 'shade net': 0, 'shade structure': 0, 'canopy': 0, 'awning': 0, 'albedo paint': 0, 'albedo painting': 0, 'white painting': 0, 'reflective paint': 0, 'green roof': 0, 'green roofing': 0, 'k glass': 0, 'doubly glazed glass': 0, 'passive cooling': 0, 'air cooler': 0, 'white china mosaic': 0, 'lime based whitewash': 0, 'white tarp': 0, 'acrylic resin coating': 0, 'tree plantation': 0, 'avenue plantation': 0, 'plantation': 0, 'green belt': 0, 'urban forestry': 0, 'urban forest': 0, 'park development': 0, 'shelter belt': 0, 'shade tree': 0, 'vertical garden': 0, 'green space': 0, 'afforestation': 0, 'green campus': 0, 'night shelter': 0, 'transit shelter': 0, 'rest shed': 0, 'waiting shed': 0, 'community hall': 0, 'relief centre': 0, 'relief center': 0, 'bus stand shelter': 0, 'passenger shelter': 0, 'cool shelter': 0, 'rest shade': 0, 'cool resting space': 0, 'cool resting shed': 0, 'passenger shed': 0, 'outreach clinic': 0, 'awareness campaign': 0, 'iec activity': 0, 'iec material': 0, 'capacity building': 0, 'training programme': 0, 'training program': 0, 'mock drill': 0, 'sensitization': 0, 'swasthya kantha': 0, 'do and dont': 0, 'dos and donts': 0, 'display board': 0, 'hoarding': 0, 'pamphlet': 0, 'leaflet': 0, 'banner': 0}","{'floodlight': 0, 'flood light': 0, 'street light': 0, 'solar street light': 0, 'high mast light': 0, 'gas pipeline': 0, 'sports complex': 0, 'stadium': 0, 'cricket': 0, 'football': 0, 'volleyball': 0, 'examination hall': 0, 'cremation ground': 0, 'crematorium': 0, 'burial ground': 0, 'election': 0, 'covid': 0, 'vaccination': 0, 'wedding hall': 0, 'marriage hall': 0, 'kalyan mandap': 0, 'boundary wall': 0, 'compound wall': 0, 'staff quarter': 0, 'quarter building': 0, 'drug warehouse': 0, 'drug ware house': 0, 'godown': 0, 'bio medical waste': 0, 'biomedical waste': 0, 'bmw management': 0, 'waste management': 0}",weak,Post-Monsoon / Winter (Oct-Dec),,Heatwave & Emergency Response,Heatwave & Emergency Response,{'Heatwave & Emergency Response': {'saline': 2}}
2026_PRBKP_124179_1,02 of 2025-26,"Construction of Multipurpose Community Hall at Dasadola Mohatsav ground Khalisahi GP,Khandapara Block","Construction of Multipurpose Community Hall at Dasadola Mohatsav ground Khalisahi GP,Khandapara Block",Works,Open Tender,Percentage,Civil Works - Buildings,No,No,NA ,05-Jan-2026 03:00 PM,NA ,180.0,No ,No,Online,13-Jan-2026 11:00 AM,Panchayati Raj and Drinking Water Department Odisha||Zilla Parisad Nayagarh||KHANDAPARA Block,Khandapada,752077.0,1.0,"11,39,232",ARABINDA PATRA,"968,461.14",Rejected-AOC,04-May-2026,Panchayati Raj and Drinking Water Department Odisha||Zilla Parisad Nayagarh||KHANDAPARA Block,True,False,"{'heatwave': 0, 'heat wave': 0, 'heat-wave': 0, 'heat stress': 0, 'heat stroke': 0, 'heat action plan': 0, 'heat resilience': 0, 'heat resilient': 0, 'extreme heat': 0, 'high temperature': 0, 'rising temperature': 0, 'heat resistant': 0, 'climate resilient': 0, 'cooling centre': 0, 'cooling center': 0, 'emergency response': 0, 'first aid': 0, 'ambulance': 0, 'ors': 0, 'oral rehydration solution': 0, 'heat stroke treatment': 0, 'sunstroke': 0, 'sun stroke': 0, 'heat related illness': 0, 'heat illness': 0, 'heat exhaustion': 0, 'heat cramp': 0, 'heat rash': 0, 'heat alert': 0, 'heat warning': 0, 'heat advisory': 0, 'heat hotline': 0, 'satark': 0, 'early warning system': 0, 'saline': 0, 'iv fluid': 0, 'rapid response team': 0, 'mobile health unit': 0, 'relief chamber': 0, 'heat stroke ward': 0, 'heat stroke bed': 0, 'drinking water': 0, 'water kiosk': 0, 'water atm': 0, 'hydration point': 0, 'hydration centre': 0, 'hydration center': 0, 'cold water': 0, 'tube well': 0, 'tubewell': 0, 'borewell': 0, 'bore well': 0, 'hand pump': 0, 'handpump': 0, 'overhead tank': 0, 'oh tank': 0, 'stand post': 0, 'piped water supply': 0, 'water supply scheme': 0, 'jalachhatra': 0, 'jalachatra': 0, 'jala jogana kendra': 0, 'jal jogana kendra': 0, 'jal seva shibira': 0, 'water tanker': 0, 'water sprinkling': 0, 'cool roof': 0, 'white roof': 0, 'white topping': 0, 'roof insulation': 0, 'thermal insulation': 0, 'heat reflective': 0, 'reflective coating': 0, 'shade net': 0, 'shade structure': 0, 'canopy': 0, 'awning': 0, 'albedo paint': 0, 'albedo painting': 0, 'white painting': 0, 'reflective paint': 0, 'green roof': 0, 'green roofing': 0, 'k glass': 0, 'doubly glazed glass': 0, 'passive cooling': 0, 'air cooler': 0, 'white china mosaic': 0, 'lime based whitewash': 0, 'white tarp': 0, 'acrylic resin coating': 0, 'tree plantation': 0, 'avenue plantation': 0, 'plantation': 0, 'green belt': 0, 'urban forestry': 0, 'urban forest': 0, 'park development': 0, 'shelter belt': 0, 'shade tree': 0, 'vertical garden': 0, 'green space': 0, 'afforestation': 0, 'green campus': 0, 'night shelter': 0, 'transit shelter': 0, 'rest shed': 0, 'waiting shed': 0, 'community hall': 2, 'relief centre': 0, 'relief center': 0, 'bus stand shelter': 0, 'passenger shelter': 0, 'cool shelter': 0, 'rest shade': 0, 'cool resting space': 0, 'cool resting shed': 0, 'passenger shed': 0, 'outreach clinic': 0, 'awareness campaign': 0, 'iec activity': 0, 'iec material': 0, 'capacity building': 0, 'training programme': 0, 'training program': 0, 'mock drill': 0, 'sensitization': 0, 'swasthya kantha': 0, 'do and dont': 0, 'dos and donts': 0, 'display board': 0, 'hoarding': 0, 'pamphlet': 0, 'leaflet': 0, 'banner': 0}","{'floodlight': 0, 'flood light': 0, 'street light': 0, 'solar street light': 0, 'high mast light': 0, 'gas pipeline': 0, 'sports complex': 0, 'stadium': 0, 'cricket': 0, 'football': 0, 'volleyball': 0, 'examination hall': 0, 'cremation ground': 0, 'crematorium': 0, 'burial ground': 0, 'election': 0, 'covid': 0, 'vaccination': 0, 'wedding hall': 0, 'marriage hall': 0, 'kalyan mandap': 0, 'boundary wall': 0, 'compound wall': 0, 'staff quarter': 0, 'quarter building': 0, 'drug warehouse': 0, 'drug ware house': 0, 'godown': 0, 'bio medical waste': 0, 'biomedical waste': 0, 'bmw management': 0, 'waste management': 0}",weak,Pre-Summer (Jan-Feb),,Shelter & Rest Infrastructure,Shelter & Rest Infrastructure,{'Shelter & Rest Infrastructure': {'community hall': 2}}
2025_AULE_119654_41,e-Procurement Notice No.AED-14 OF 2025-26,AUL 45 Protection to Scoured bank of Satagaon Saline Embankment from RD 8.150 KM to 8.215 KM,Protection to Scoured bank of Satagaon Saline Embankment from RD 8.150 KM to 8.215 KM,Works,Open Tender,Percentage,Civil Works - Others,No,No,NA ,18-Oct-2025 10:00 AM,NA ,90.0,No ,No,Online,28-Oct-2025 11:00 AM,CE AND BM MBBS CHANDIKOLE||EASTERN CIRCLE II CHANDIKOLE||AUL Embankment Div AUL,AUL,754219.0,2.0,"83,53,593",AHALYA SETHI,"7,101,390",Rejected-Finance,20-May-2026,CE AND BM MBBS CHANDIKOLE||EASTERN CIRCLE II CHANDIKOLE||AUL Embankment Div AUL,True,False,"{'heatwave': 0, 'heat wave': 0, 'heat-wave': 0, 'heat stress': 0, 'heat stroke': 0, 'heat action plan': 0, 'heat resilience': 0, 'heat resilient': 0, 'extreme heat': 0, 'high temperature': 0, 'rising temperature': 0, 'heat resistant': 0, 'climate resilient': 0, 'cooling centre': 0, 'cooling center': 0, 'emergency response': 0, 'first aid': 0, 'ambulance': 0, 'ors': 0, 'oral rehydration solution': 0, 'heat stroke treatment': 0, 'sunstroke': 0, 'sun stroke': 0, 'heat related illness': 0, 'heat illness': 0, 'heat exhaustion': 0, 'heat cramp': 0, 'heat rash': 0, 'heat alert': 0, 'heat warning': 0, 'heat advisory': 0, 'heat hotline': 0, 'satark': 0, 'early warning system': 0, 'saline': 2, 'iv fluid': 0, 'rapid response team': 0, 'mobile health unit': 0, 'relief chamber': 0, 'heat stroke ward': 0, 'heat stroke bed': 0, 'drinking water': 0, 'water kiosk': 0, 'water atm': 0, 'hydration point': 0, 'hydration centre': 0, 'hydration center': 0, 'cold water': 0, 'tube well': 0, 'tubewell': 0, 'borewell': 0, 'bore well': 0, 'hand pump': 0, 'handpump': 0, 'overhead tank': 0, 'oh tank': 0, 'stand post': 0, 'piped water supply': 0, 'water supply scheme': 0, 'jalachhatra': 0, 'jalachatra': 0, 'jala jogana kendra': 0, 'jal jogana kendra': 0, 'jal seva shibira': 0, 'water tanker': 0, 'water sprinkling': 0, 'cool roof': 0, 'white roof': 0, 'white topping': 0, 'roof insulation': 0, 'thermal insulation': 0, 'heat reflective': 0, 'reflective coating': 0, 'shade net': 0, 'shade structure': 0, 'canopy': 0, 'awning': 0, 'albedo paint': 0, 'albedo painting': 0, 'white painting': 0, 'reflective paint': 0, 'green roof': 0, 'green roofing': 0, 'k glass': 0, 'doubly glazed glass': 0, 'passive cooling': 0, 'air cooler': 0, 'white china mosaic': 0, 'lime based whitewash': 0, 'white tarp': 0, 'acrylic resin coating': 0, 'tree plantation': 0, 'avenue plantation': 0, 'plantation': 0, 'green belt': 0, 'urban forestry': 0, 'urban forest': 0, 'park development': 0, 'shelter belt': 0, 'shade tree': 0, 'vertical garden': 0, 'green space': 0, 'afforestation': 0, 'green campus': 0, 'night shelter': 0, 'transit shelter': 0, 'rest shed': 0, 'waiting shed': 0, 'community hall': 0, 'relief centre': 0, 'relief center': 0, 'bus stand shelter': 0, 'passenger shelter': 0, 'cool shelter': 0, 'rest shade': 0, 'cool resting space': 0, 'cool resting shed': 0, 'passenger shed': 0, 'outreach clinic': 0, 'awareness campaign': 0, 'iec activity': 0, 'iec material': 0, 'capacity building': 0, 'training programme': 0, 'training program': 0, 'mock drill': 0, 'sensitization': 0, 'swasthya kantha': 0, 'do and dont': 0, 'dos and donts': 0, 'display board': 0, 'hoarding': 0, 'pamphlet': 0, 'leaflet': 0, 'banner': 0}","{'floodlight': 0, 'flood light': 0, 'street light': 0, 'solar street light': 0, 'high mast light': 0, 'gas pipeline': 0, 'sports complex': 0, 'stadium': 0, 'cricket': 0, 'football': 0, 'volleyball': 0, 'examination hall': 0, 'cremation ground': 0, 'crematorium': 0, 'burial ground': 0, 'election': 0, 'covid': 0, 'vaccination': 0, 'wedding hall': 0, 'marriage hall': 0, 'kalyan mandap': 0, 'boundary wall': 0, 'compound wall': 0, 'staff quarter': 0, 'quarter building': 0, 'drug warehouse': 0, 'drug ware house': 0, 'godown': 0, 'bio medical waste': 0, 'biomedical waste': 0, 'bmw management': 0, 'waste management': 0}",weak,Post-Monsoon / Winter (Oct-Dec),,Heatwave & Emergency Response,Heatwave & Emergency Response,{'Heatwave & Emergency Response': {'saline': 2}}
2025_AULE_119654_40,e-Procurement Notice No.AED-14 OF 2025-26,AUL 44 Protection to Scoured bank of Bagapatia Saline Embankment from RD 2.100 KM to 2.166 KM,Protection to Scoured bank of Bagapatia Saline Embankment from RD 2.100 KM to 2.166 KM,Works,Open Tender,Percentage,Civil Works - Others,No,No,NA ,18-Oct-2025 10:00 AM,NA ,90.0,No ,No,Online,28-Oct-2025 11:00 AM,CE AND BM MBBS CHANDIKOLE||EASTERN CIRCLE II CHANDIKOLE||AUL Embankment Div AUL,AUL,754219.0,2.0,"83,84,165",ABINASH MALLIK,"7,127,379",Rejected-Finance,20-May-2026,CE AND BM MBBS CHANDIKOLE||EASTERN CIRCLE II CHANDIKOLE||AUL Embankment Div AUL,True,False,"{'heatwave': 0, 'heat wave': 0, 'heat-wave': 0, 'heat stress': 0, 'heat stroke': 0, 'heat action plan': 0, 'heat resilience': 0, 'heat resilient': 0, 'extreme heat': 0, 'high temperature': 0, 'rising temperature': 0, 'heat resistant': 0, 'climate resilient': 0, 'cooling centre': 0, 'cooling center': 0, 'emergency response': 0, 'first aid': 0, 'ambulance': 0, 'ors': 0, 'oral rehydration solution': 0, 'heat stroke treatment': 0, 'sunstroke': 0, 'sun stroke': 0, 'heat related illness': 0, 'heat illness': 0, 'heat exhaustion': 0, 'heat cramp': 0, 'heat rash': 0, 'heat alert': 0, 'heat warning': 0, 'heat advisory': 0, 'heat hotline': 0, 'satark': 0, 'early warning system': 0, 'saline': 2, 'iv fluid': 0, 'rapid response team': 0, 'mobile health unit': 0, 'relief chamber': 0, 'heat stroke ward': 0, 'heat stroke bed': 0, 'drinking water': 0, 'water kiosk': 0, 'water atm': 0, 'hydration point': 0, 'hydration centre': 0, 'hydration center': 0, 'cold water': 0, 'tube well': 0, 'tubewell': 0, 'borewell': 0, 'bore well': 0, 'hand pump': 0, 'handpump': 0, 'overhead tank': 0, 'oh tank': 0, 'stand post': 0, 'piped water supply': 0, 'water supply scheme': 0, 'jalachhatra': 0, 'jalachatra': 0, 'jala jogana kendra': 0, 'jal jogana kendra': 0, 'jal seva shibira': 0, 'water tanker': 0, 'water sprinkling': 0, 'cool roof': 0, 'white roof': 0, 'white topping': 0, 'roof insulation': 0, 'thermal insulation': 0, 'heat reflective': 0, 'reflective coating': 0, 'shade net': 0, 'shade structure': 0, 'canopy': 0, 'awning': 0, 'albedo paint': 0, 'albedo painting': 0, 'white painting': 0, 'reflective paint': 0, 'green roof': 0, 'green roofing': 0, 'k glass': 0, 'doubly glazed glass': 0, 'passive cooling': 0, 'air cooler': 0, 'white china mosaic': 0, 'lime based whitewash': 0, 'white tarp': 0, 'acrylic resin coating': 0, 'tree plantation': 0, 'avenue plantation': 0, 'plantation': 0, 'green belt': 0, 'urban forestry': 0, 'urban forest': 0, 'park development': 0, 'shelter belt': 0, 'shade tree': 0, 'vertical garden': 0, 'green space': 0, 'afforestation': 0, 'green campus': 0, 'night shelter': 0, 'transit shelter': 0, 'rest shed': 0, 'waiting shed': 0, 'community hall': 0, 'relief centre': 0, 'relief center': 0, 'bus stand shelter': 0, 'passenger shelter': 0, 'cool shelter': 0, 'rest shade': 0, 'cool resting space': 0, 'cool resting shed': 0, 'passenger shed': 0, 'outreach clinic': 0, 'awareness campaign': 0, 'iec activity': 0, 'iec material': 0, 'capacity building': 0, 'training programme': 0, 'training program': 0, 'mock drill': 0, 'sensitization': 0, 'swasthya kantha': 0, 'do and dont': 0, 'dos and donts': 0, 'display board': 0, 'hoarding': 0, 'pamphlet': 0, 'leaflet': 0, 'banner': 0}","{'floodlight': 0, 'flood light': 0, 'street light': 0, 'solar street light': 0, 'high mast light': 0, 'gas pipeline': 0, 'sports complex': 0, 'stadium': 0, 'cricket': 0, 'football': 0, 'volleyball': 0, 'examination hall': 0, 'cremation ground': 0, 'crematorium': 0, 'burial ground': 0, 'election': 0, 'covid': 0, 'vaccination': 0, 'wedding hall': 0, 'marriage hall': 0, 'kalyan mandap': 0, 'boundary wall': 0, 'compound wall': 0, 'staff quarter': 0, 'quarter building': 0, 'drug warehouse': 0, 'drug ware house': 0, 'godown': 0, 'bio medical waste': 0, 'biomedical waste': 0, 'bmw management': 0, 'waste management': 0}",weak,Post-Monsoon / Winter (Oct-Dec),,Heatwave & Emergency Response,Heatwave & Emergency Response,{'Heatwave & Emergency Response': {'saline': 2}}
2025_AULE_119654_27,e-Procurement Notice No.AED-14 OF 2025-26,AUL 31 Protection to Scoured bank on Nalitapatia Talchua Saline Embabnkment on Brahmani Right from RD 4750M to 4840 M,Protection to Scoured bank on Nalitapatia Talchua Saline Embabnkment on Brahmani Right from RD 4750M to 4840 M,Works,Open Tender,Percentage,Civil Works - Others,No,No,NA ,18-Oct-2025 10:00 AM,NA ,90.0,No ,No,Online,28-Oct-2025 11:00 AM,CE AND BM MBBS CHANDIKOLE||EASTERN CIRCLE II CHANDIKOLE||AUL Embankment Div AUL,AUL,754219.0,2.0,"82,59,261",AKASH KUMAR SAHOO,"7,021,198",Rejected-Finance,20-May-2026,CE AND BM MBBS CHANDIKOLE||EASTERN CIRCLE II CHANDIKOLE||AUL Embankment Div AUL,True,False,"{'heatwave': 0, 'heat wave': 0, 'heat-wave': 0, 'heat stress': 0, 'heat stroke': 0, 'heat action plan': 0, 'heat resilience': 0, 'heat resilient': 0, 'extreme heat': 0, 'high temperature': 0, 'rising temperature': 0, 'heat resistant': 0, 'climate resilient': 0, 'cooling centre': 0, 'cooling center': 0, 'emergency response': 0, 'first aid': 0, 'ambulance': 0, 'ors': 0, 'oral rehydration solution': 0, 'heat stroke treatment': 0, 'sunstroke': 0, 'sun stroke': 0, 'heat related illness': 0, 'heat illness': 0, 'heat exhaustion': 0, 'heat cramp': 0, 'heat rash': 0, 'heat alert': 0, 'heat warning': 0, 'heat advisory': 0, 'heat hotline': 0, 'satark': 0, 'early warning system': 0, 'saline': 2, 'iv fluid': 0, 'rapid response team': 0, 'mobile health unit': 0, 'relief chamber': 0, 'heat stroke ward': 0, 'heat stroke bed': 0, 'drinking water': 0, 'water kiosk': 0, 'water atm': 0, 'hydration point': 0, 'hydration centre': 0, 'hydration center': 0, 'cold water': 0, 'tube well': 0, 'tubewell': 0, 'borewell': 0, 'bore well': 0, 'hand pump': 0, 'handpump': 0, 'overhead tank': 0, 'oh tank': 0, 'stand post': 0, 'piped water supply': 0, 'water supply scheme': 0, 'jalachhatra': 0, 'jalachatra': 0, 'jala jogana kendra': 0, 'jal jogana kendra': 0, 'jal seva shibira': 0, 'water tanker': 0, 'water sprinkling': 0, 'cool roof': 0, 'white roof': 0, 'white topping': 0, 'roof insulation': 0, 'thermal insulation': 0, 'heat reflective': 0, 'reflective coating': 0, 'shade net': 0, 'shade structure': 0, 'canopy': 0, 'awning': 0, 'albedo paint': 0, 'albedo painting': 0, 'white painting': 0, 'reflective paint': 0, 'green roof': 0, 'green roofing': 0, 'k glass': 0, 'doubly glazed glass': 0, 'passive cooling': 0, 'air cooler': 0, 'white china mosaic': 0, 'lime based whitewash': 0, 'white tarp': 0, 'acrylic resin coating': 0, 'tree plantation': 0, 'avenue plantation': 0, 'plantation': 0, 'green belt': 0, 'urban forestry': 0, 'urban forest': 0, 'park development': 0, 'shelter belt': 0, 'shade tree': 0, 'vertical garden': 0, 'green space': 0, 'afforestation': 0, 'green campus': 0, 'night shelter': 0, 'transit shelter': 0, 'rest shed': 0, 'waiting shed': 0, 'community hall': 0, 'relief centre': 0, 'relief center': 0, 'bus stand shelter': 0, 'passenger shelter': 0, 'cool shelter': 0, 'rest shade': 0, 'cool resting space': 0, 'cool resting shed': 0, 'passenger shed': 0, 'outreach clinic': 0, 'awareness campaign': 0, 'iec activity': 0, 'iec material': 0, 'capacity building': 0, 'training programme': 0, 'training program': 0, 'mock drill': 0, 'sensitization': 0, 'swasthya kantha': 0, 'do and dont': 0, 'dos and donts': 0, 'display board': 0, 'hoarding': 0, 'pamphlet': 0, 'leaflet': 0, 'banner': 0}","{'floodlight': 0, 'flood light': 0, 'street light': 0, 'solar street light': 0, 'high mast light': 0, 'gas pipeline': 0, 'sports complex': 0, 'stadium': 0, 'cricket': 0, 'football': 0, 'volleyball': 0, 'examination hall': 0, 'cremation ground': 0, 'crematorium': 0, 'burial ground': 0, 'election': 0, 'covid': 0, 'vaccination': 0, 'wedding hall': 0, 'marriage hall': 0, 'kalyan mandap': 0, 'boundary wall': 0, 'compound wall': 0, 'staff quarter': 0, 'quarter building': 0, 'drug warehouse': 0, 'drug ware house': 0, 'godown': 0, 'bio medical waste': 0, 'biomedical waste': 0, 'bmw management': 0, 'waste management': 0}",weak,Post-Monsoon / Winter (Oct-Dec),,Heatwave & Emergency Response,Heatwave & Emergency Response,{'Heatwave & Emergency Response': {'saline': 2}}
2025_AULE_119654_33,e-Procurement Notice No.AED-14 OF 2025-26,AUL 37 Protection to Scoured bank on Righagada Junusnagar Saline Embankment from RD 8.470 KM to 8.550 KM.,Protection to Scoured bank on Righagada Junusnagar Saline Embankment from RD 8.470 KM to 8.550 KM.,Works,Open Tender,Percentage,Civil Works - Others,No,No,NA ,18-Oct-2025 10:00 AM,NA ,90.0,No ,No,Online,28-Oct-2025 11:00 AM,CE AND BM MBBS CHANDIKOLE||EASTERN CIRCLE II CHANDIKOLE||AUL Embankment Div AUL,AUL,754219.0,2.0,"83,66,765",AHALYA SETHI,"7,112,587",Rejected-Finance,20-May-2026,CE AND BM MBBS CHANDIKOLE||EASTERN CIRCLE II CHANDIKOLE||AUL Embankment Div AUL,True,False,"{'heatwave': 0, 'heat wave': 0, 'heat-wave': 0, 'heat stress': 0, 'heat stroke': 0, 'heat action plan': 0, 'heat resilience': 0, 'heat resilient': 0, 'extreme heat': 0, 'high temperature': 0, 'rising temperature': 0, 'heat resistant': 0, 'climate resilient': 0, 'cooling centre': 0, 'cooling center': 0, 'emergency response': 0, 'first aid': 0, 'ambulance': 0, 'ors': 0, 'oral rehydration solution': 0, 'heat stroke treatment': 0, 'sunstroke': 0, 'sun stroke': 0, 'heat related illness': 0, 'heat illness': 0, 'heat exhaustion': 0, 'heat cramp': 0, 'heat rash': 0, 'heat alert': 0, 'heat warning': 0, 'heat advisory': 0, 'heat hotline': 0, 'satark': 0, 'early warning system': 0, 'saline': 2, 'iv fluid': 0, 'rapid response team': 0, 'mobile health unit': 0, 'relief chamber': 0, 'heat stroke ward': 0, 'heat stroke bed': 0, 'drinking water': 0, 'water kiosk': 0, 'water atm': 0, 'hydration point': 0, 'hydration centre': 0, 'hydration center': 0, 'cold water': 0, 'tube well': 0, 'tubewell': 0, 'borewell': 0, 'bore well': 0, 'hand pump': 0, 'handpump': 0, 'overhead tank': 0, 'oh tank': 0, 'stand post': 0, 'piped water supply': 0, 'water supply scheme': 0, 'jalachhatra': 0, 'jalachatra': 0, 'jala jogana kendra': 0, 'jal jogana kendra': 0, 'jal seva shibira': 0, 'water tanker': 0, 'water sprinkling': 0, 'cool roof': 0, 'white roof': 0, 'white topping': 0, 'roof insulation': 0, 'thermal insulation': 0, 'heat reflective': 0, 'reflective coating': 0, 'shade net': 0, 'shade structure': 0, 'canopy': 0, 'awning': 0, 'albedo paint': 0, 'albedo painting': 0, 'white painting': 0, 'reflective paint': 0, 'green roof': 0, 'green roofing': 0, 'k glass': 0, 'doubly glazed glass': 0, 'passive cooling': 0, 'air cooler': 0, 'white china mosaic': 0, 'lime based whitewash': 0, 'white tarp': 0, 'acrylic resin coating': 0, 'tree plantation': 0, 'avenue plantation': 0, 'plantation': 0, 'green belt': 0, 'urban forestry': 0, 'urban forest': 0, 'park development': 0, 'shelter belt': 0, 'shade tree': 0, 'vertical garden': 0, 'green space': 0, 'afforestation': 0, 'green campus': 0, 'night shelter': 0, 'transit shelter': 0, 'rest shed': 0, 'waiting shed': 0, 'community hall': 0, 'relief centre': 0, 'relief center': 0, 'bus stand shelter': 0, 'passenger shelter': 0, 'cool shelter': 0, 'rest shade': 0, 'cool resting space': 0, 'cool resting shed': 0, 'passenger shed': 0, 'outreach clinic': 0, 'awareness campaign': 0, 'iec activity': 0, 'iec material': 0, 'capacity building': 0, 'training programme': 0, 'training program': 0, 'mock drill': 0, 'sensitization': 0, 'swasthya kantha': 0, 'do and dont': 0, 'dos and donts': 0, 'display board': 0, 'hoarding': 0, 'pamphlet': 0, 'leaflet': 0, 'banner': 0}","{'floodlight': 0, 'flood light': 0, 'street light': 0, 'solar street light': 0, 'high mast light': 0, 'gas pipeline': 0, 'sports complex': 0, 'stadium': 0, 'cricket': 0, 'football': 0, 'volleyball': 0, 'examination hall': 0, 'cremation ground': 0, 'crematorium': 0, 'burial ground': 0, 'election': 0, 'covid': 0, 'vaccination': 0, 'wedding hall': 0, 'marriage hall': 0, 'kalyan mandap': 0, 'boundary wall': 0, 'compound wall': 0, 'staff quarter': 0, 'quarter building': 0, 'drug warehouse': 0, 'drug ware house': 0, 'godown': 0, 'bio medical waste': 0, 'biomedical waste': 0, 'bmw management': 0, 'waste management': 0}",weak,Post-Monsoon / Winter (Oct-Dec),,Heatwave & Emergency Response,Heatwave & Emergency Response,{'Heatwave & Emergency Response': {'saline': 2}}
2025_AULE_120863_1,e-Procurement Notice No.AED-15 OF 2025-26,AUL 13 Protection to Scoured bank on Orta Perijpur Saline Embankment from RD 1910 M. to 1987 m.,Protection to Scoured bank on Orta Perijpur Saline Embankment from RD 1910 M. to 1987 m.,Works,Open Tender,Percentage,Civil Works - Others,No,No,NA ,07-Nov-2025 10:00 AM,NA ,90.0,No ,No,Online,18-Nov-2025 11:00 AM,CE AND BM MBBS CHANDIKOLE||EASTERN CIRCLE II CHANDIKOLE||AUL Embankment Div AUL,AUL,754219.0,1.0,"47,24,231",ACHARYA CONSTRUCTIONS,"4,016,069",Rejected-Finance,22-May-2026,CE AND BM MBBS CHANDIKOLE||EASTERN CIRCLE II CHANDIKOLE||AUL Embankment Div AUL,True,False,"{'heatwave': 0, 'heat wave': 0, 'heat-wave': 0, 'heat stress': 0, 'heat stroke': 0, 'heat action plan': 0, 'heat resilience': 0, 'heat resilient': 0, 'extreme heat': 0, 'high temperature': 0, 'rising temperature': 0, 'heat resistant': 0, 'climate resilient': 0, 'cooling centre': 0, 'cooling center': 0, 'emergency response': 0, 'first aid': 0, 'ambulance': 0, 'ors': 0, 'oral rehydration solution': 0, 'heat stroke treatment': 0, 'sunstroke': 0, 'sun stroke': 0, 'heat related illness': 0, 'heat illness': 0, 'heat exhaustion': 0, 'heat cramp': 0, 'heat rash': 0, 'heat alert': 0, 'heat warning': 0, 'heat advisory': 0, 'heat hotline': 0, 'satark': 0, 'early warning system': 0, 'saline': 2, 'iv fluid': 0, 'rapid response team': 0, 'mobile health unit': 0, 'relief chamber': 0, 'heat stroke ward': 0, 'heat stroke bed': 0, 'drinking water': 0, 'water kiosk': 0, 'water atm': 0, 'hydration point': 0, 'hydration centre': 0, 'hydration center': 0, 'cold water': 0, 'tube well': 0, 'tubewell': 0, 'borewell': 0, 'bore well': 0, 'hand pump': 0, 'handpump': 0, 'overhead tank': 0, 'oh tank': 0, 'stand post': 0, 'piped water supply': 0, 'water supply scheme': 0, 'jalachhatra': 0, 'jalachatra': 0, 'jala jogana kendra': 0, 'jal jogana kendra': 0, 'jal seva shibira': 0, 'water tanker': 0, 'water sprinkling': 0, 'cool roof': 0, 'white roof': 0, 'white topping': 0, 'roof insulation': 0, 'thermal insulation': 0, 'heat reflective': 0, 'reflective coating': 0, 'shade net': 0, 'shade structure': 0, 'canopy': 0, 'awning': 0, 'albedo paint': 0, 'albedo painting': 0, 'white painting': 0, 'reflective paint': 0, 'green roof': 0, 'green roofing': 0, 'k glass': 0, 'doubly glazed glass': 0, 'passive cooling': 0, 'air cooler': 0, 'white china mosaic': 0, 'lime based whitewash': 0, 'white tarp': 0, 'acrylic resin coating': 0, 'tree plantation': 0, 'avenue plantation': 0, 'plantation': 0, 'green belt': 0, 'urban forestry': 0, 'urban forest': 0, 'park development': 0, 'shelter belt': 0, 'shade tree': 0, 'vertical garden': 0, 'green space': 0, 'afforestation': 0, 'green campus': 0, 'night shelter': 0, 'transit shelter': 0, 'rest shed': 0, 'waiting shed': 0, 'community hall': 0, 'relief centre': 0, 'relief center': 0, 'bus stand shelter': 0, 'passenger shelter': 0, 'cool shelter': 0, 'rest shade': 0, 'cool resting space': 0, 'cool resting shed': 0, 'passenger shed': 0, 'outreach clinic': 0, 'awareness campaign': 0, 'iec activity': 0, 'iec material': 0, 'capacity building': 0, 'training programme': 0, 'training program': 0, 'mock drill': 0, 'sensitization': 0, 'swasthya kantha': 0, 'do and dont': 0, 'dos and donts': 0, 'display board': 0, 'hoarding': 0, 'pamphlet': 0, 'leaflet': 0, 'banner': 0}","{'floodlight': 0, 'flood light': 0, 'street light': 0, 'solar street light': 0, 'high mast light': 0, 'gas pipeline': 0, 'sports complex': 0, 'stadium': 0, 'cricket': 0, 'football': 0, 'volleyball': 0, 'examination hall': 0, 'cremation ground': 0, 'crematorium': 0, 'burial ground': 0, 'election': 0, 'covid': 0, 'vaccination': 0, 'wedding hall': 0, 'marriage hall': 0, 'kalyan mandap': 0, 'boundary wall': 0, 'compound wall': 0, 'staff quarter': 0, 'quarter building': 0, 'drug warehouse': 0, 'drug ware house': 0, 'godown': 0, 'bio medical waste': 0, 'biomedical waste': 0, 'bmw management': 0, 'waste management': 0}",weak,Post-Monsoon / Winter (Oct-Dec),,Heatwave & Emergency Response,Heatwave & Emergency Response,{'Heatwave & Emergency Response': {'saline': 2}}
2025_AULE_119654_32,e-Procurement Notice No.AED-14 OF 2025-26,AUL 36 Protection to Scoured bank on Iswarpur Hansina Saline Embankment of Patasala Left from RD 4.000 KM to 4.088 KM,Protection to Scoured bank on Iswarpur Hansina Saline Embankment of Patasala Left from RD 4.000 KM to 4.088 KM,Works,Open Tender,Percentage,Civil Works - Others,No,No,NA ,18-Oct-2025 10:00 AM,NA ,90.0,No ,No,Online,28-Oct-2025 11:00 AM,CE AND BM MBBS CHANDIKOLE||EASTERN CIRCLE II CHANDIKOLE||AUL Embankment Div AUL,AUL,754219.0,2.0,"82,72,055",AJAY KUMAR SETHI,"7,032,074",Rejected-Finance,20-May-2026,CE AND BM MBBS CHANDIKOLE||EASTERN CIRCLE II CHANDIKOLE||AUL Embankment Div AUL,True,False,"{'heatwave': 0, 'heat wave': 0, 'heat-wave': 0, 'heat stress': 0, 'heat stroke': 0, 'heat action plan': 0, 'heat resilience': 0, 'heat resilient': 0, 'extreme heat': 0, 'high temperature': 0, 'rising temperature': 0, 'heat resistant': 0, 'climate resilient': 0, 'cooling centre': 0, 'cooling center': 0, 'emergency response': 0, 'first aid': 0, 'ambulance': 0, 'ors': 0, 'oral rehydration solution': 0, 'heat stroke treatment': 0, 'sunstroke': 0, 'sun stroke': 0, 'heat related illness': 0, 'heat illness': 0, 'heat exhaustion': 0, 'heat cramp': 0, 'heat rash': 0, 'heat alert': 0, 'heat warning': 0, 'heat advisory': 0, 'heat hotline': 0, 'satark': 0, 'early warning system': 0, 'saline': 2, 'iv fluid': 0, 'rapid response team': 0, 'mobile health unit': 0, 'relief chamber': 0, 'heat stroke ward': 0, 'heat stroke bed': 0, 'drinking water': 0, 'water kiosk': 0, 'water atm': 0, 'hydration point': 0, 'hydration centre': 0, 'hydration center': 0, 'cold water': 0, 'tube well': 0, 'tubewell': 0, 'borewell': 0, 'bore well': 0, 'hand pump': 0, 'handpump': 0, 'overhead tank': 0, 'oh tank': 0, 'stand post': 0, 'piped water supply': 0, 'water supply scheme': 0, 'jalachhatra': 0, 'jalachatra': 0, 'jala jogana kendra': 0, 'jal jogana kendra': 0, 'jal seva shibira': 0, 'water tanker': 0, 'water sprinkling': 0, 'cool roof': 0, 'white roof': 0, 'white topping': 0, 'roof insulation': 0, 'thermal insulation': 0, 'heat reflective': 0, 'reflective coating': 0, 'shade net': 0, 'shade structure': 0, 'canopy': 0, 'awning': 0, 'albedo paint': 0, 'albedo painting': 0, 'white painting': 0, 'reflective paint': 0, 'green roof': 0, 'green roofing': 0, 'k glass': 0, 'doubly glazed glass': 0, 'passive cooling': 0, 'air cooler': 0, 'white china mosaic': 0, 'lime based whitewash': 0, 'white tarp': 0, 'acrylic resin coating': 0, 'tree plantation': 0, 'avenue plantation': 0, 'plantation': 0, 'green belt': 0, 'urban forestry': 0, 'urban forest': 0, 'park development': 0, 'shelter belt': 0, 'shade tree': 0, 'vertical garden': 0, 'green space': 0, 'afforestation': 0, 'green campus': 0, 'night shelter': 0, 'transit shelter': 0, 'rest shed': 0, 'waiting shed': 0, 'community hall': 0, 'relief centre': 0, 'relief center': 0, 'bus stand shelter': 0, 'passenger shelter': 0, 'cool shelter': 0, 'rest shade': 0, 'cool resting space': 0, 'cool resting shed': 0, 'passenger shed': 0, 'outreach clinic': 0, 'awareness campaign': 0, 'iec activity': 0, 'iec material': 0, 'capacity building': 0, 'training programme': 0, 'training program': 0, 'mock drill': 0, 'sensitization': 0, 'swasthya kantha': 0, 'do and dont': 0, 'dos and donts': 0, 'display board': 0, 'hoarding': 0, 'pamphlet': 0, 'leaflet': 0, 'banner': 0}","{'floodlight': 0, 'flood light': 0, 'street light': 0, 'solar street light': 0, 'high mast light': 0, 'gas pipeline': 0, 'sports complex': 0, 'stadium': 0, 'cricket': 0, 'football': 0, 'volleyball': 0, 'examination hall': 0, 'cremation ground': 0, 'crematorium': 0, 'burial ground': 0, 'election': 0, 'covid': 0, 'vaccination': 0, 'wedding hall': 0, 'marriage hall': 0, 'kalyan mandap': 0, 'boundary wall': 0, 'compound wall': 0, 'staff quarter': 0, 'quarter building': 0, 'drug warehouse': 0, 'drug ware house': 0, 'godown': 0, 'bio medical waste': 0, 'biomedical waste': 0, 'bmw management': 0, 'waste management': 0}",weak,Post-Monsoon / Winter (Oct-Dec),,Heatwave & Emergency Response,Heatwave & Emergency Response,{'Heatwave & Emergency Response': {'saline': 2}}
2025_AULE_119654_26,e-Procurement Notice No.AED-14 OF 2025-26,AUL 30 Protection to Scoured bank on Nalitapatia Talchua Saline Embabnkment on Brahmani Right from RD 60M to 150M.,Protection to Scoured bank on Nalitapatia Talchua Saline Embabnkment on Brahmani Right from RD 60M to 150M.,Works,Open Tender,Percentage,Civil Works - Others,No,No,NA ,18-Oct-2025 10:00 AM,NA ,90.0,No ,No,Online,28-Oct-2025 11:00 AM,CE AND BM MBBS CHANDIKOLE||EASTERN CIRCLE II CHANDIKOLE||AUL Embankment Div AUL,AUL,754219.0,2.0,"80,89,563",AJIT KUMAR SAHOO,"6,876,937",Rejected-Finance,20-May-2026,CE AND BM MBBS CHANDIKOLE||EASTERN CIRCLE II CHANDIKOLE||AUL Embankment Div AUL,True,False,"{'heatwave': 0, 'heat wave': 0, 'heat-wave': 0, 'heat stress': 0, 'heat stroke': 0, 'heat action plan': 0, 'heat resilience': 0, 'heat resilient': 0, 'extreme heat': 0, 'high temperature': 0, 'rising temperature': 0, 'heat resistant': 0, 'climate resilient': 0, 'cooling centre': 0, 'cooling center': 0, 'emergency response': 0, 'first aid': 0, 'ambulance': 0, 'ors': 0, 'oral rehydration solution': 0, 'heat stroke treatment': 0, 'sunstroke': 0, 'sun stroke': 0, 'heat related illness': 0, 'heat illness': 0, 'heat exhaustion': 0, 'heat cramp': 0, 'heat rash': 0, 'heat alert': 0, 'heat warning': 0, 'heat advisory': 0, 'heat hotline': 0, 'satark': 0, 'early warning system': 0, 'saline': 2, 'iv fluid': 0, 'rapid response team': 0, 'mobile health unit': 0, 'relief chamber': 0, 'heat stroke ward': 0, 'heat stroke bed': 0, 'drinking water': 0, 'water kiosk': 0, 'water atm': 0, 'hydration point': 0, 'hydration centre': 0, 'hydration center': 0, 'cold water': 0, 'tube well': 0, 'tubewell': 0, 'borewell': 0, 'bore well': 0, 'hand pump': 0, 'handpump': 0, 'overhead tank': 0, 'oh tank': 0, 'stand post': 0, 'piped water supply': 0, 'water supply scheme': 0, 'jalachhatra': 0, 'jalachatra': 0, 'jala jogana kendra': 0, 'jal jogana kendra': 0, 'jal seva shibira': 0, 'water tanker': 0, 'water sprinkling': 0, 'cool roof': 0, 'white roof': 0, 'white topping': 0, 'roof insulation': 0, 'thermal insulation': 0, 'heat reflective': 0, 'reflective coating': 0, 'shade net': 0, 'shade structure': 0, 'canopy': 0, 'awning': 0, 'albedo paint': 0, 'albedo painting': 0, 'white painting': 0, 'reflective paint': 0, 'green roof': 0, 'green roofing': 0, 'k glass': 0, 'doubly glazed glass': 0, 'passive cooling': 0, 'air cooler': 0, 'white china mosaic': 0, 'lime based whitewash': 0, 'white tarp': 0, 'acrylic resin coating': 0, 'tree plantation': 0, 'avenue plantation': 0, 'plantation': 0, 'green belt': 0, 'urban forestry': 0, 'urban forest': 0, 'park development': 0, 'shelter belt': 0, 'shade tree': 0, 'vertical garden': 0, 'green space': 0, 'afforestation': 0, 'green campus': 0, 'night shelter': 0, 'transit shelter': 0, 'rest shed': 0, 'waiting shed': 0, 'community hall': 0, 'relief centre': 0, 'relief center': 0, 'bus stand shelter': 0, 'passenger shelter': 0, 'cool shelter': 0, 'rest shade': 0, 'cool resting space': 0, 'cool resting shed': 0, 'passenger shed': 0, 'outreach clinic': 0, 'awareness campaign': 0, 'iec activity': 0, 'iec material': 0, 'capacity building': 0, 'training programme': 0, 'training program': 0, 'mock drill': 0, 'sensitization': 0, 'swasthya kantha': 0, 'do and dont': 0, 'dos and donts': 0, 'display board': 0, 'hoarding': 0, 'pamphlet': 0, 'leaflet': 0, 'banner': 0}","{'floodlight': 0, 'flood light': 0, 'street light': 0, 'solar street light': 0, 'high mast light': 0, 'gas pipeline': 0, 'sports complex': 0, 'stadium': 0, 'cricket': 0, 'football': 0, 'volleyball': 0, 'examination hall': 0, 'cremation ground': 0, 'crematorium': 0, 'burial ground': 0, 'election': 0, 'covid': 0, 'vaccination': 0, 'wedding hall': 0, 'marriage hall': 0, 'kalyan mandap': 0, 'boundary wall': 0, 'compound wall': 0, 'staff quarter': 0, 'quarter building': 0, 'drug warehouse': 0, 'drug ware house': 0, 'godown': 0, 'bio medical waste': 0, 'biomedical waste': 0, 'bmw management': 0, 'waste management': 0}",weak,Post-Monsoon / Winter (Oct-Dec),,Heatwave & Emergency Response,Heatwave & Emergency Response,{'Heatwave & Emergency Response': {'saline': 2}}
2025_AULE_119654_30,e-Procurement Notice No.AED-14 OF 2025-26,AUL 34 Protection to Scoured bank on Panchupali Pantal Saline Embabnkment from RD 70M to 154M,Protection to Scoured bank on Panchupali Pantal Saline Embabnkment from RD 70M to 154M,Works,Open Tender,Percentage,Civil Works - Others,No,No,NA ,18-Oct-2025 10:00 AM,NA ,90.0,No ,No,Online,28-Oct-2025 11:00 AM,CE AND BM MBBS CHANDIKOLE||EASTERN CIRCLE II CHANDIKOLE||AUL Embankment Div AUL,AUL,754219.0,2.0,"82,74,128",AJAY KUMAR SETHI,"7,033,836",Rejected-Finance,20-May-2026,CE AND BM MBBS CHANDIKOLE||EASTERN CIRCLE II CHANDIKOLE||AUL Embankment Div AUL,True,False,"{'heatwave': 0, 'heat wave': 0, 'heat-wave': 0, 'heat stress': 0, 'heat stroke': 0, 'heat action plan': 0, 'heat resilience': 0, 'heat resilient': 0, 'extreme heat': 0, 'high temperature': 0, 'rising temperature': 0, 'heat resistant': 0, 'climate resilient': 0, 'cooling centre': 0, 'cooling center': 0, 'emergency response': 0, 'first aid': 0, 'ambulance': 0, 'ors': 0, 'oral rehydration solution': 0, 'heat stroke treatment': 0, 'sunstroke': 0, 'sun stroke': 0, 'heat related illness': 0, 'heat illness': 0, 'heat exhaustion': 0, 'heat cramp': 0, 'heat rash': 0, 'heat alert': 0, 'heat warning': 0, 'heat advisory': 0, 'heat hotline': 0, 'satark': 0, 'early warning system': 0, 'saline': 2, 'iv fluid': 0, 'rapid response team': 0, 'mobile health unit': 0, 'relief chamber': 0, 'heat stroke ward': 0, 'heat stroke bed': 0, 'drinking water': 0, 'water kiosk': 0, 'water atm': 0, 'hydration point': 0, 'hydration centre': 0, 'hydration center': 0, 'cold water': 0, 'tube well': 0, 'tubewell': 0, 'borewell': 0, 'bore well': 0, 'hand pump': 0, 'handpump': 0, 'overhead tank': 0, 'oh tank': 0, 'stand post': 0, 'piped water supply': 0, 'water supply scheme': 0, 'jalachhatra': 0, 'jalachatra': 0, 'jala jogana kendra': 0, 'jal jogana kendra': 0, 'jal seva shibira': 0, 'water tanker': 0, 'water sprinkling': 0, 'cool roof': 0, 'white roof': 0, 'white topping': 0, 'roof insulation': 0, 'thermal insulation': 0, 'heat reflective': 0, 'reflective coating': 0, 'shade net': 0, 'shade structure': 0, 'canopy': 0, 'awning': 0, 'albedo paint': 0, 'albedo painting': 0, 'white painting': 0, 'reflective paint': 0, 'green roof': 0, 'green roofing': 0, 'k glass': 0, 'doubly glazed glass': 0, 'passive cooling': 0, 'air cooler': 0, 'white china mosaic': 0, 'lime based whitewash': 0, 'white tarp': 0, 'acrylic resin coating': 0, 'tree plantation': 0, 'avenue plantation': 0, 'plantation': 0, 'green belt': 0, 'urban forestry': 0, 'urban forest': 0, 'park development': 0, 'shelter belt': 0, 'shade tree': 0, 'vertical garden': 0, 'green space': 0, 'afforestation': 0, 'green campus': 0, 'night shelter': 0, 'transit shelter': 0, 'rest shed': 0, 'waiting shed': 0, 'community hall': 0, 'relief centre': 0, 'relief center': 0, 'bus stand shelter': 0, 'passenger shelter': 0, 'cool shelter': 0, 'rest shade': 0, 'cool resting space': 0, 'cool resting shed': 0, 'passenger shed': 0, 'outreach clinic': 0, 'awareness campaign': 0, 'iec activity': 0, 'iec material': 0, 'capacity building': 0, 'training programme': 0, 'training program': 0, 'mock drill': 0, 'sensitization': 0, 'swasthya kantha': 0, 'do and dont': 0, 'dos and donts': 0, 'display board': 0, 'hoarding': 0, 'pamphlet': 0, 'leaflet': 0, 'banner': 0}","{'floodlight': 0, 'flood light': 0, 'street light': 0, 'solar street light': 0, 'high mast light': 0, 'gas pipeline': 0, 'sports complex': 0, 'stadium': 0, 'cricket': 0, 'football': 0, 'volleyball': 0, 'examination hall': 0, 'cremation ground': 0, 'crematorium': 0, 'burial ground': 0, 'election': 0, 'covid': 0, 'vaccination': 0, 'wedding hall': 0, 'marriage hall': 0, 'kalyan mandap': 0, 'boundary wall': 0, 'compound wall': 0, 'staff quarter': 0, 'quarter building': 0, 'drug warehouse': 0, 'drug ware house': 0, 'godown': 0, 'bio medical waste': 0, 'biomedical waste': 0, 'bmw management': 0, 'waste management': 0}",weak,Post-Monsoon / Winter (Oct-Dec),,Heatwave & Emergency Response,Heatwave & Emergency Response,{'Heatwave & Emergency Response': {'saline': 2}}
2025_ORULB_122550_26,HIN-MUN-04/2025-26,Road side Plantation of Different place under Hinjilicut Municipality for the FY 2025-26,Road side Plantation of Different place under Hinjilicut Municipality for the FY 2025-26,Works,Open Tender,Percentage,Civil Works - Others,No,No,NA ,07-Dec-2025 11:00 AM,NA ,60.0,No ,No,Online,19-Dec-2025 11:00 AM,Municipal Bodies||Hinjilicut Municipal Council,HINJILICUT MUNICIPALITY,761102.0,1.0,"8,39,067",BINOD KUMAR PADHEE,"713,290.98",Rejected-AOC,11-May-2026,Municipal Bodies||Hinjilicut Municipal Council,True,False,"{'heatwave': 0, 'heat wave': 0, 'heat-wave': 0, 'heat stress': 0, 'heat stroke': 0, 'heat action plan': 0, 'heat resilience': 0, 'heat resilient': 0, 'extreme heat': 0, 'high temperature': 0, 'rising temperature': 0, 'heat resistant': 0, 'climate resilient': 0, 'cooling centre': 0, 'cooling center': 0, 'emergency response': 0, 'first aid': 0, 'ambulance': 0, 'ors': 0, 'oral rehydration solution': 0, 'heat stroke treatment': 0, 'sunstroke': 0, 'sun stroke': 0, 'heat related illness': 0, 'heat illness': 0, 'heat exhaustion': 0, 'heat cramp': 0, 'heat rash': 0, 'heat alert': 0, 'heat warning': 0, 'heat advisory': 0, 'heat hotline': 0, 'satark': 0, 'early warning system': 0, 'saline': 0, 'iv fluid': 0, 'rapid response team': 0, 'mobile health unit': 0, 'relief chamber': 0, 'heat stroke ward': 0, 'heat stroke bed': 0, 'drinking water': 0, 'water kiosk': 0, 'water atm': 0, 'hydration point': 0, 'hydration centre': 0, 'hydration center': 0, 'cold water': 0, 'tube well': 0, 'tubewell': 0, 'borewell': 0, 'bore well': 0, 'hand pump': 0, 'handpump': 0, 'overhead tank': 0, 'oh tank': 0, 'stand post': 0, 'piped water supply': 0, 'water supply scheme': 0, 'jalachhatra': 0, 'jalachatra': 0, 'jala jogana kendra': 0, 'jal jogana kendra': 0, 'jal seva shibira': 0, 'water tanker': 0, 'water sprinkling': 0, 'cool roof': 0, 'white roof': 0, 'white topping': 0, 'roof insulation': 0, 'thermal insulation': 0, 'heat reflective': 0, 'reflective coating': 0, 'shade net': 0, 'shade structure': 0, 'canopy': 0, 'awning': 0, 'albedo paint': 0, 'albedo painting': 0, 'white painting': 0, 'reflective paint': 0, 'green roof': 0, 'green roofing': 0, 'k glass': 0, 'doubly glazed glass': 0, 'passive cooling': 0, 'air cooler': 0, 'white china mosaic': 0, 'lime based whitewash': 0, 'white tarp': 0, 'acrylic resin coating': 0, 'tree plantation': 0, 'avenue plantation': 0, 'plantation': 2, 'green belt': 0, 'urban forestry': 0, 'urban forest': 0, 'park development': 0, 'shelter belt': 0, 'shade tree': 0, 'vertical garden': 0, 'green space': 0, 'afforestation': 0, 'green campus': 0, 'night shelter': 0, 'transit shelter': 0, 'rest shed': 0, 'waiting shed': 0, 'community hall': 0, 'relief centre': 0, 'relief center': 0, 'bus stand shelter': 0, 'passenger shelter': 0, 'cool shelter': 0, 'rest shade': 0, 'cool resting space': 0, 'cool resting shed': 0, 'passenger shed': 0, 'outreach clinic': 0, 'awareness campaign': 0, 'iec activity': 0, 'iec material': 0, 'capacity building': 0, 'training programme': 0, 'training program': 0, 'mock drill': 0, 'sensitization': 0, 'swasthya kantha': 0, 'do and dont': 0, 'dos and donts': 0, 'display board': 0, 'hoarding': 0, 'pamphlet': 0, 'leaflet': 0, 'banner': 0}","{'floodlight': 0, 'flood light': 0, 'street light': 0, 'solar street light': 0, 'high mast light': 0, 'gas pipeline': 0, 'sports complex': 0, 'stadium': 0, 'cricket': 0, 'football': 0, 'volleyball': 0, 'examination hall': 0, 'cremation ground': 0, 'crematorium': 0, 'burial ground': 0, 'election': 0, 'covid': 0, 'vaccination': 0, 'wedding hall': 0, 'marriage hall': 0, 'kalyan mandap': 0, 'boundary wall': 0, 'compound wall': 0, 'staff quarter': 0, 'quarter building': 0, 'drug warehouse': 0, 'drug ware house': 0, 'godown': 0, 'bio medical waste': 0, 'biomedical waste': 0, 'bmw management': 0, 'waste management': 0}",weak,Post-Monsoon / Winter (Oct-Dec),,Greening & Urban Forestry,Greening & Urban Forestry,{'Greening & Urban Forestry': {'plantation': 2}}
2025_AULE_119654_6,e-Procurement Notice No.AED-14 OF 2025-26,AUL 06 Protection to Scoured bank near village Mahadeidia on River Kharasrota left of Bagi Saline Embankment,Protection to Scoured bank near village Mahadeidia on River Kharasrota left of Bagi Saline Embankment,Works,Open Tender,Percentage,Civil Works - Others,No,No,NA ,18-Oct-2025 10:00 AM,NA ,90.0,No ,No,Online,28-Oct-2025 11:00 AM,CE AND BM MBBS CHANDIKOLE||EASTERN CIRCLE II CHANDIKOLE||AUL Embankment Div AUL,AUL,754219.0,2.0,"82,70,252",ABHIJEET JENA,"7,030,542",Rejected-Finance,20-May-2026,CE AND BM MBBS CHANDIKOLE||EASTERN CIRCLE II CHANDIKOLE||AUL Embankment Div AUL,True,False,"{'heatwave': 0, 'heat wave': 0, 'heat-wave': 0, 'heat stress': 0, 'heat stroke': 0, 'heat action plan': 0, 'heat resilience': 0, 'heat resilient': 0, 'extreme heat': 0, 'high temperature': 0, 'rising temperature': 0, 'heat resistant': 0, 'climate resilient': 0, 'cooling centre': 0, 'cooling center': 0, 'emergency response': 0, 'first aid': 0, 'ambulance': 0, 'ors': 0, 'oral rehydration solution': 0, 'heat stroke treatment': 0, 'sunstroke': 0, 'sun stroke': 0, 'heat related illness': 0, 'heat illness': 0, 'heat exhaustion': 0, 'heat cramp': 0, 'heat rash': 0, 'heat alert': 0, 'heat warning': 0, 'heat advisory': 0, 'heat hotline': 0, 'satark': 0, 'early warning system': 0, 'saline': 2, 'iv fluid': 0, 'rapid response team': 0, 'mobile health unit': 0, 'relief chamber': 0, 'heat stroke ward': 0, 'heat stroke bed': 0, 'drinking water': 0, 'water kiosk': 0, 'water atm': 0, 'hydration point': 0, 'hydration centre': 0, 'hydration center': 0, 'cold water': 0, 'tube well': 0, 'tubewell': 0, 'borewell': 0, 'bore well': 0, 'hand pump': 0, 'handpump': 0, 'overhead tank': 0, 'oh tank': 0, 'stand post': 0, 'piped water supply': 0, 'water supply scheme': 0, 'jalachhatra': 0, 'jalachatra': 0, 'jala jogana kendra': 0, 'jal jogana kendra': 0, 'jal seva shibira': 0, 'water tanker': 0, 'water sprinkling': 0, 'cool roof': 0, 'white roof': 0, 'white topping': 0, 'roof insulation': 0, 'thermal insulation': 0, 'heat reflective': 0, 'reflective coating': 0, 'shade net': 0, 'shade structure': 0, 'canopy': 0, 'awning': 0, 'albedo paint': 0, 'albedo painting': 0, 'white painting': 0, 'reflective paint': 0, 'green roof': 0, 'green roofing': 0, 'k glass': 0, 'doubly glazed glass': 0, 'passive cooling': 0, 'air cooler': 0, 'white china mosaic': 0, 'lime based whitewash': 0, 'white tarp': 0, 'acrylic resin coating': 0, 'tree plantation': 0, 'avenue plantation': 0, 'plantation': 0, 'green belt': 0, 'urban forestry': 0, 'urban forest': 0, 'park development': 0, 'shelter belt': 0, 'shade tree': 0, 'vertical garden': 0, 'green space': 0, 'afforestation': 0, 'green campus': 0, 'night shelter': 0, 'transit shelter': 0, 'rest shed': 0, 'waiting shed': 0, 'community hall': 0, 'relief centre': 0, 'relief center': 0, 'bus stand shelter': 0, 'passenger shelter': 0, 'cool shelter': 0, 'rest shade': 0, 'cool resting space': 0, 'cool resting shed': 0, 'passenger shed': 0, 'outreach clinic': 0, 'awareness campaign': 0, 'iec activity': 0, 'iec material': 0, 'capacity building': 0, 'training programme': 0, 'training program': 0, 'mock drill': 0, 'sensitization': 0, 'swasthya kantha': 0, 'do and dont': 0, 'dos and donts': 0, 'display board': 0, 'hoarding': 0, 'pamphlet': 0, 'leaflet': 0, 'banner': 0}","{'floodlight': 0, 'flood light': 0, 'street light': 0, 'solar street light': 0, 'high mast light': 0, 'gas pipeline': 0, 'sports complex': 0, 'stadium': 0, 'cricket': 0, 'football': 0, 'volleyball': 0, 'examination hall': 0, 'cremation ground': 0, 'crematorium': 0, 'burial ground': 0, 'election': 0, 'covid': 0, 'vaccination': 0, 'wedding hall': 0, 'marriage hall': 0, 'kalyan mandap': 0, 'boundary wall': 0, 'compound wall': 0, 'staff quarter': 0, 'quarter building': 0, 'drug warehouse': 0, 'drug ware house': 0, 'godown': 0, 'bio medical waste': 0, 'biomedical waste': 0, 'bmw management': 0, 'waste management': 0}",weak,Post-Monsoon / Winter (Oct-Dec),,Heatwave & Emergency Response,Heatwave & Emergency Response,{'Heatwave & Emergency Response': {'saline': 2}}
2025_AULE_120859_24,e-Procurement Notice No.AED-15 OF 2025-26,AUL 28 Protection to Scoured bank of Bagapatia Saline Embankment from RD 1.960 KM to 2.025 KM.,Protection to Scoured bank of Bagapatia Saline Embankment from RD 1.960 KM to 2.025 KM.,Works,Open Tender,Percentage,Civil Works - Others,No,No,NA ,07-Nov-2025 10:00 AM,NA ,90.0,No ,No,Online,18-Nov-2025 11:00 AM,CE AND BM MBBS CHANDIKOLE||EASTERN CIRCLE II CHANDIKOLE||AUL Embankment Div AUL,Aul,754219.0,2.0,"82,47,233",ABHIRAM DAS,"7,010,973",Rejected-Finance,22-May-2026,CE AND BM MBBS CHANDIKOLE||EASTERN CIRCLE II CHANDIKOLE||AUL Embankment Div AUL,True,False,"{'heatwave': 0, 'heat wave': 0, 'heat-wave': 0, 'heat stress': 0, 'heat stroke': 0, 'heat action plan': 0, 'heat resilience': 0, 'heat resilient': 0, 'extreme heat': 0, 'high temperature': 0, 'rising temperature': 0, 'heat resistant': 0, 'climate resilient': 0, 'cooling centre': 0, 'cooling center': 0, 'emergency response': 0, 'first aid': 0, 'ambulance': 0, 'ors': 0, 'oral rehydration solution': 0, 'heat stroke treatment': 0, 'sunstroke': 0, 'sun stroke': 0, 'heat related illness': 0, 'heat illness': 0, 'heat exhaustion': 0, 'heat cramp': 0, 'heat rash': 0, 'heat alert': 0, 'heat warning': 0, 'heat advisory': 0, 'heat hotline': 0, 'satark': 0, 'early warning system': 0, 'saline': 2, 'iv fluid': 0, 'rapid response team': 0, 'mobile health unit': 0, 'relief chamber': 0, 'heat stroke ward': 0, 'heat stroke bed': 0, 'drinking water': 0, 'water kiosk': 0, 'water atm': 0, 'hydration point': 0, 'hydration centre': 0, 'hydration center': 0, 'cold water': 0, 'tube well': 0, 'tubewell': 0, 'borewell': 0, 'bore well': 0, 'hand pump': 0, 'handpump': 0, 'overhead tank': 0, 'oh tank': 0, 'stand post': 0, 'piped water supply': 0, 'water supply scheme': 0, 'jalachhatra': 0, 'jalachatra': 0, 'jala jogana kendra': 0, 'jal jogana kendra': 0, 'jal seva shibira': 0, 'water tanker': 0, 'water sprinkling': 0, 'cool roof': 0, 'white roof': 0, 'white topping': 0, 'roof insulation': 0, 'thermal insulation': 0, 'heat reflective': 0, 'reflective coating': 0, 'shade net': 0, 'shade structure': 0, 'canopy': 0, 'awning': 0, 'albedo paint': 0, 'albedo painting': 0, 'white painting': 0, 'reflective paint': 0, 'green roof': 0, 'green roofing': 0, 'k glass': 0, 'doubly glazed glass': 0, 'passive cooling': 0, 'air cooler': 0, 'white china mosaic': 0, 'lime based whitewash': 0, 'white tarp': 0, 'acrylic resin coating': 0, 'tree plantation': 0, 'avenue plantation': 0, 'plantation': 0, 'green belt': 0, 'urban forestry': 0, 'urban forest': 0, 'park development': 0, 'shelter belt': 0, 'shade tree': 0, 'vertical garden': 0, 'green space': 0, 'afforestation': 0, 'green campus': 0, 'night shelter': 0, 'transit shelter': 0, 'rest shed': 0, 'waiting shed': 0, 'community hall': 0, 'relief centre': 0, 'relief center': 0, 'bus stand shelter': 0, 'passenger shelter': 0, 'cool shelter': 0, 'rest shade': 0, 'cool resting space': 0, 'cool resting shed': 0, 'passenger shed': 0, 'outreach clinic': 0, 'awareness campaign': 0, 'iec activity': 0, 'iec material': 0, 'capacity building': 0, 'training programme': 0, 'training program': 0, 'mock drill': 0, 'sensitization': 0, 'swasthya kantha': 0, 'do and dont': 0, 'dos and donts': 0, 'display board': 0, 'hoarding': 0, 'pamphlet': 0, 'leaflet': 0, 'banner': 0}","{'floodlight': 0, 'flood light': 0, 'street light': 0, 'solar street light': 0, 'high mast light': 0, 'gas pipeline': 0, 'sports complex': 0, 'stadium': 0, 'cricket': 0, 'football': 0, 'volleyball': 0, 'examination hall': 0, 'cremation ground': 0, 'crematorium': 0, 'burial ground': 0, 'election': 0, 'covid': 0, 'vaccination': 0, 'wedding hall': 0, 'marriage hall': 0, 'kalyan mandap': 0, 'boundary wall': 0, 'compound wall': 0, 'staff quarter': 0, 'quarter building': 0, 'drug warehouse': 0, 'drug ware house': 0, 'godown': 0, 'bio medical waste': 0, 'biomedical waste': 0, 'bmw management': 0, 'waste management': 0}",weak,Post-Monsoon / Winter (Oct-Dec),,Heatwave & Emergency Response,Heatwave & Emergency Response,{'Heatwave & Emergency Response': {'saline': 2}}
2025_AULE_120859_30,e-Procurement Notice No.AED-15 OF 2025-26,AUL 35 Raising and Strengthening of Baragaon Saline Embankment from RD 5.500 KM to 6.500 km.,Raising and Strengthening of Baragaon Saline Embankment from RD 5.500 KM to 6.500 km.,Works,Open Tender,Percentage,Civil Works - Others,No,No,NA ,07-Nov-2025 10:00 AM,NA ,90.0,No ,No,Online,18-Nov-2025 11:00 AM,CE AND BM MBBS CHANDIKOLE||EASTERN CIRCLE II CHANDIKOLE||AUL Embankment Div AUL,Aul,754219.0,2.0,"51,79,651",ANSHUMAN TRIPATHY,"4,403,221",Rejected-Finance,22-May-2026,CE AND BM MBBS CHANDIKOLE||EASTERN CIRCLE II CHANDIKOLE||AUL Embankment Div AUL,True,False,"{'heatwave': 0, 'heat wave': 0, 'heat-wave': 0, 'heat stress': 0, 'heat stroke': 0, 'heat action plan': 0, 'heat resilience': 0, 'heat resilient': 0, 'extreme heat': 0, 'high temperature': 0, 'rising temperature': 0, 'heat resistant': 0, 'climate resilient': 0, 'cooling centre': 0, 'cooling center': 0, 'emergency response': 0, 'first aid': 0, 'ambulance': 0, 'ors': 0, 'oral rehydration solution': 0, 'heat stroke treatment': 0, 'sunstroke': 0, 'sun stroke': 0, 'heat related illness': 0, 'heat illness': 0, 'heat exhaustion': 0, 'heat cramp': 0, 'heat rash': 0, 'heat alert': 0, 'heat warning': 0, 'heat advisory': 0, 'heat hotline': 0, 'satark': 0, 'early warning system': 0, 'saline': 2, 'iv fluid': 0, 'rapid response team': 0, 'mobile health unit': 0, 'relief chamber': 0, 'heat stroke ward': 0, 'heat stroke bed': 0, 'drinking water': 0, 'water kiosk': 0, 'water atm': 0, 'hydration point': 0, 'hydration centre': 0, 'hydration center': 0, 'cold water': 0, 'tube well': 0, 'tubewell': 0, 'borewell': 0, 'bore well': 0, 'hand pump': 0, 'handpump': 0, 'overhead tank': 0, 'oh tank': 0, 'stand post': 0, 'piped water supply': 0, 'water supply scheme': 0, 'jalachhatra': 0, 'jalachatra': 0, 'jala jogana kendra': 0, 'jal jogana kendra': 0, 'jal seva shibira': 0, 'water tanker': 0, 'water sprinkling': 0, 'cool roof': 0, 'white roof': 0, 'white topping': 0, 'roof insulation': 0, 'thermal insulation': 0, 'heat reflective': 0, 'reflective coating': 0, 'shade net': 0, 'shade structure': 0, 'canopy': 0, 'awning': 0, 'albedo paint': 0, 'albedo painting': 0, 'white painting': 0, 'reflective paint': 0, 'green roof': 0, 'green roofing': 0, 'k glass': 0, 'doubly glazed glass': 0, 'passive cooling': 0, 'air cooler': 0, 'white china mosaic': 0, 'lime based whitewash': 0, 'white tarp': 0, 'acrylic resin coating': 0, 'tree plantation': 0, 'avenue plantation': 0, 'plantation': 0, 'green belt': 0, 'urban forestry': 0, 'urban forest': 0, 'park development': 0, 'shelter belt': 0, 'shade tree': 0, 'vertical garden': 0, 'green space': 0, 'afforestation': 0, 'green campus': 0, 'night shelter': 0, 'transit shelter': 0, 'rest shed': 0, 'waiting shed': 0, 'community hall': 0, 'relief centre': 0, 'relief center': 0, 'bus stand shelter': 0, 'passenger shelter': 0, 'cool shelter': 0, 'rest shade': 0, 'cool resting space': 0, 'cool resting shed': 0, 'passenger shed': 0, 'outreach clinic': 0, 'awareness campaign': 0, 'iec activity': 0, 'iec material': 0, 'capacity building': 0, 'training programme': 0, 'training program': 0, 'mock drill': 0, 'sensitization': 0, 'swasthya kantha': 0, 'do and dont': 0, 'dos and donts': 0, 'display board': 0, 'hoarding': 0, 'pamphlet': 0, 'leaflet': 0, 'banner': 0}","{'floodlight': 0, 'flood light': 0, 'street light': 0, 'solar street light': 0, 'high mast light': 0, 'gas pipeline': 0, 'sports complex': 0, 'stadium': 0, 'cricket': 0, 'football': 0, 'volleyball': 0, 'examination hall': 0, 'cremation ground': 0, 'crematorium': 0, 'burial ground': 0, 'election': 0, 'covid': 0, 'vaccination': 0, 'wedding hall': 0, 'marriage hall': 0, 'kalyan mandap': 0, 'boundary wall': 0, 'compound wall': 0, 'staff quarter': 0, 'quarter building': 0, 'drug warehouse': 0, 'drug ware house': 0, 'godown': 0, 'bio medical waste': 0, 'biomedical waste': 0, 'bmw management': 0, 'waste management': 0}",weak,Post-Monsoon / Winter (Oct-Dec),,Heatwave & Emergency Response,Heatwave & Emergency Response,{'Heatwave & Emergency Response': {'saline': 2}}
2025_AULE_120863_2,e-Procurement Notice No.AED-15 OF 2025-26,AUL 17 Improvement to Sunity Saline Embankment from RD 8500 m to 9100 m.,Improvement to Sunity Saline Embankment from RD 8500 m to 9100 m.,Works,Open Tender,Percentage,Civil Works - Others,No,No,NA ,07-Nov-2025 10:00 AM,NA ,90.0,No ,No,Online,18-Nov-2025 11:00 AM,CE AND BM MBBS CHANDIKOLE||EASTERN CIRCLE II CHANDIKOLE||AUL Embankment Div AUL,AUL,754219.0,1.0,"39,69,923",ABINASH MOHANTY,"3,374,832",Rejected-Finance,22-May-2026,CE AND BM MBBS CHANDIKOLE||EASTERN CIRCLE II CHANDIKOLE||AUL Embankment Div AUL,True,False,"{'heatwave': 0, 'heat wave': 0, 'heat-wave': 0, 'heat stress': 0, 'heat stroke': 0, 'heat action plan': 0, 'heat resilience': 0, 'heat resilient': 0, 'extreme heat': 0, 'high temperature': 0, 'rising temperature': 0, 'heat resistant': 0, 'climate resilient': 0, 'cooling centre': 0, 'cooling center': 0, 'emergency response': 0, 'first aid': 0, 'ambulance': 0, 'ors': 0, 'oral rehydration solution': 0, 'heat stroke treatment': 0, 'sunstroke': 0, 'sun stroke': 0, 'heat related illness': 0, 'heat illness': 0, 'heat exhaustion': 0, 'heat cramp': 0, 'heat rash': 0, 'heat alert': 0, 'heat warning': 0, 'heat advisory': 0, 'heat hotline': 0, 'satark': 0, 'early warning system': 0, 'saline': 2, 'iv fluid': 0, 'rapid response team': 0, 'mobile health unit': 0, 'relief chamber': 0, 'heat stroke ward': 0, 'heat stroke bed': 0, 'drinking water': 0, 'water kiosk': 0, 'water atm': 0, 'hydration point': 0, 'hydration centre': 0, 'hydration center': 0, 'cold water': 0, 'tube well': 0, 'tubewell': 0, 'borewell': 0, 'bore well': 0, 'hand pump': 0, 'handpump': 0, 'overhead tank': 0, 'oh tank': 0, 'stand post': 0, 'piped water supply': 0, 'water supply scheme': 0, 'jalachhatra': 0, 'jalachatra': 0, 'jala jogana kendra': 0, 'jal jogana kendra': 0, 'jal seva shibira': 0, 'water tanker': 0, 'water sprinkling': 0, 'cool roof': 0, 'white roof': 0, 'white topping': 0, 'roof insulation': 0, 'thermal insulation': 0, 'heat reflective': 0, 'reflective coating': 0, 'shade net': 0, 'shade structure': 0, 'canopy': 0, 'awning': 0, 'albedo paint': 0, 'albedo painting': 0, 'white painting': 0, 'reflective paint': 0, 'green roof': 0, 'green roofing': 0, 'k glass': 0, 'doubly glazed glass': 0, 'passive cooling': 0, 'air cooler': 0, 'white china mosaic': 0, 'lime based whitewash': 0, 'white tarp': 0, 'acrylic resin coating': 0, 'tree plantation': 0, 'avenue plantation': 0, 'plantation': 0, 'green belt': 0, 'urban forestry': 0, 'urban forest': 0, 'park development': 0, 'shelter belt': 0, 'shade tree': 0, 'vertical garden': 0, 'green space': 0, 'afforestation': 0, 'green campus': 0, 'night shelter': 0, 'transit shelter': 0, 'rest shed': 0, 'waiting shed': 0, 'community hall': 0, 'relief centre': 0, 'relief center': 0, 'bus stand shelter': 0, 'passenger shelter': 0, 'cool shelter': 0, 'rest shade': 0, 'cool resting space': 0, 'cool resting shed': 0, 'passenger shed': 0, 'outreach clinic': 0, 'awareness campaign': 0, 'iec activity': 0, 'iec material': 0, 'capacity building': 0, 'training programme': 0, 'training program': 0, 'mock drill': 0, 'sensitization': 0, 'swasthya kantha': 0, 'do and dont': 0, 'dos and donts': 0, 'display board': 0, 'hoarding': 0, 'pamphlet': 0, 'leaflet': 0, 'banner': 0}","{'floodlight': 0, 'flood light': 0, 'street light': 0, 'solar street light': 0, 'high mast light': 0, 'gas pipeline': 0, 'sports complex': 0, 'stadium': 0, 'cricket': 0, 'football': 0, 'volleyball': 0, 'examination hall': 0, 'cremation ground': 0, 'crematorium': 0, 'burial ground': 0, 'election': 0, 'covid': 0, 'vaccination': 0, 'wedding hall': 0, 'marriage hall': 0, 'kalyan mandap': 0, 'boundary wall': 0, 'compound wall': 0, 'staff quarter': 0, 'quarter building': 0, 'drug warehouse': 0, 'drug ware house': 0, 'godown': 0, 'bio medical waste': 0, 'biomedical waste': 0, 'bmw management': 0, 'waste management': 0}",weak,Post-Monsoon / Winter (Oct-Dec),,Heatwave & Emergency Response,Heatwave & Emergency Response,{'Heatwave & Emergency Response': {'saline': 2}}
2026_ORULB_126907_16,BBLM-7/2025-26,"Construction of waiting shed at Bus stop near Kiriburu chhak, Ward No.15, Barbil Municipality","Construction of waiting shed at Bus stop near Kiriburu chhak, Ward No.15, Barbil Municipality",Works,Open Tender,Percentage,Civil Works - Others,No,No,NA ,09-Mar-2026 10:00 AM,NA ,90.0,No ,No,Online,20-Mar-2026 11:00 AM,Municipal Bodies||Barbil Municipality,Barbil,758035.0,2.0,"9,84,000",GOBINDA CHANDRA MALLICK,"1,031,678",Rejected-Finance,19-May-2026,Municipal Bodies||Barbil Municipality,True,False,"{'heatwave': 0, 'heat wave': 0, 'heat-wave': 0, 'heat stress': 0, 'heat stroke': 0, 'heat action plan': 0, 'heat resilience': 0, 'heat resilient': 0, 'extreme heat': 0, 'high temperature': 0, 'rising temperature': 0, 'heat resistant': 0, 'climate resilient': 0, 'cooling centre': 0, 'cooling center': 0, 'emergency response': 0, 'first aid': 0, 'ambulance': 0, 'ors': 0, 'oral rehydration solution': 0, 'heat stroke treatment': 0, 'sunstroke': 0, 'sun stroke': 0, 'heat related illness': 0, 'heat illness': 0, 'heat exhaustion': 0, 'heat cramp': 0, 'heat rash': 0, 'heat alert': 0, 'heat warning': 0, 'heat advisory': 0, 'heat hotline': 0, 'satark': 0, 'early warning system': 0, 'saline': 0, 'iv fluid': 0, 'rapid response team': 0, 'mobile health unit': 0, 'relief chamber': 0, 'heat stroke ward': 0, 'heat stroke bed': 0, 'drinking water': 0, 'water kiosk': 0, 'water atm': 0, 'hydration point': 0, 'hydration centre': 0, 'hydration center': 0, 'cold water': 0, 'tube well': 0, 'tubewell': 0, 'borewell': 0, 'bore well': 0, 'hand pump': 0, 'handpump': 0, 'overhead tank': 0, 'oh tank': 0, 'stand post': 0, 'piped water supply': 0, 'water supply scheme': 0, 'jalachhatra': 0, 'jalachatra': 0, 'jala jogana kendra': 0, 'jal jogana kendra': 0, 'jal seva shibira': 0, 'water tanker': 0, 'water sprinkling': 0, 'cool roof': 0, 'white roof': 0, 'white topping': 0, 'roof insulation': 0, 'thermal insulation': 0, 'heat reflective': 0, 'reflective coating': 0, 'shade net': 0, 'shade structure': 0, 'canopy': 0, 'awning': 0, 'albedo paint': 0, 'albedo painting': 0, 'white painting': 0, 'reflective paint': 0, 'green roof': 0, 'green roofing': 0, 'k glass': 0, 'doubly glazed glass': 0, 'passive cooling': 0, 'air cooler': 0, 'white china mosaic': 0, 'lime based whitewash': 0, 'white tarp': 0, 'acrylic resin coating': 0, 'tree plantation': 0, 'avenue plantation': 0, 'plantation': 0, 'green belt': 0, 'urban forestry': 0, 'urban forest': 0, 'park development': 0, 'shelter belt': 0, 'shade tree': 0, 'vertical garden': 0, 'green space': 0, 'afforestation': 0, 'green campus': 0, 'night shelter': 0, 'transit shelter': 0, 'rest shed': 0, 'waiting shed': 2, 'community hall': 0, 'relief centre': 0, 'relief center': 0, 'bus stand shelter': 0, 'passenger shelter': 0, 'cool shelter': 0, 'rest shade': 0, 'cool resting space': 0, 'cool resting shed': 0, 'passenger shed': 0, 'outreach clinic': 0, 'awareness campaign': 0, 'iec activity': 0, 'iec material': 0, 'capacity building': 0, 'training programme': 0, 'training program': 0, 'mock drill': 0, 'sensitization': 0, 'swasthya kantha': 0, 'do and dont': 0, 'dos and donts': 0, 'display board': 0, 'hoarding': 0, 'pamphlet': 0, 'leaflet': 0, 'banner': 0}","{'floodlight': 0, 'flood light': 0, 'street light': 0, 'solar street light': 0, 'high mast light': 0, 'gas pipeline': 0, 'sports complex': 0, 'stadium': 0, 'cricket': 0, 'football': 0, 'volleyball': 0, 'examination hall': 0, 'cremation ground': 0, 'crematorium': 0, 'burial ground': 0, 'election': 0, 'covid': 0, 'vaccination': 0, 'wedding hall': 0, 'marriage hall': 0, 'kalyan mandap': 0, 'boundary wall': 0, 'compound wall': 0, 'staff quarter': 0, 'quarter building': 0, 'drug warehouse': 0, 'drug ware house': 0, 'godown': 0, 'bio medical waste': 0, 'biomedical waste': 0, 'bmw management': 0, 'waste management': 0}",weak,Summer / Heatwave (Mar-Jun),,Shelter & Rest Infrastructure,Shelter & Rest Infrastructure,{'Shelter & Rest Infrastructure': {'waiting shed': 2}}
2025_AULE_120863_3,e-Procurement Notice No.AED-15 OF 2025-26,AUL 19 Protection to Scoured bank on Orta Sahabajpur Saline Embankment from RD 2550 M to 2620 M.,Protection to Scoured bank on Orta Sahabajpur Saline Embankment from RD 2550 M to 2620 M.,Works,Open Tender,Percentage,Civil Works - Others,No,No,NA ,07-Nov-2025 10:00 AM,NA ,90.0,No ,No,Online,18-Nov-2025 11:00 AM,CE AND BM MBBS CHANDIKOLE||EASTERN CIRCLE II CHANDIKOLE||AUL Embankment Div AUL,AUL,754219.0,1.0,"46,41,339",ACHARYA CONSTRUCTIONS,"3,945,602",Rejected-Finance,22-May-2026,CE AND BM MBBS CHANDIKOLE||EASTERN CIRCLE II CHANDIKOLE||AUL Embankment Div AUL,True,False,"{'heatwave': 0, 'heat wave': 0, 'heat-wave': 0, 'heat stress': 0, 'heat stroke': 0, 'heat action plan': 0, 'heat resilience': 0, 'heat resilient': 0, 'extreme heat': 0, 'high temperature': 0, 'rising temperature': 0, 'heat resistant': 0, 'climate resilient': 0, 'cooling centre': 0, 'cooling center': 0, 'emergency response': 0, 'first aid': 0, 'ambulance': 0, 'ors': 0, 'oral rehydration solution': 0, 'heat stroke treatment': 0, 'sunstroke': 0, 'sun stroke': 0, 'heat related illness': 0, 'heat illness': 0, 'heat exhaustion': 0, 'heat cramp': 0, 'heat rash': 0, 'heat alert': 0, 'heat warning': 0, 'heat advisory': 0, 'heat hotline': 0, 'satark': 0, 'early warning system': 0, 'saline': 2, 'iv fluid': 0, 'rapid response team': 0, 'mobile health unit': 0, 'relief chamber': 0, 'heat stroke ward': 0, 'heat stroke bed': 0, 'drinking water': 0, 'water kiosk': 0, 'water atm': 0, 'hydration point': 0, 'hydration centre': 0, 'hydration center': 0, 'cold water': 0, 'tube well': 0, 'tubewell': 0, 'borewell': 0, 'bore well': 0, 'hand pump': 0, 'handpump': 0, 'overhead tank': 0, 'oh tank': 0, 'stand post': 0, 'piped water supply': 0, 'water supply scheme': 0, 'jalachhatra': 0, 'jalachatra': 0, 'jala jogana kendra': 0, 'jal jogana kendra': 0, 'jal seva shibira': 0, 'water tanker': 0, 'water sprinkling': 0, 'cool roof': 0, 'white roof': 0, 'white topping': 0, 'roof insulation': 0, 'thermal insulation': 0, 'heat reflective': 0, 'reflective coating': 0, 'shade net': 0, 'shade structure': 0, 'canopy': 0, 'awning': 0, 'albedo paint': 0, 'albedo painting': 0, 'white painting': 0, 'reflective paint': 0, 'green roof': 0, 'green roofing': 0, 'k glass': 0, 'doubly glazed glass': 0, 'passive cooling': 0, 'air cooler': 0, 'white china mosaic': 0, 'lime based whitewash': 0, 'white tarp': 0, 'acrylic resin coating': 0, 'tree plantation': 0, 'avenue plantation': 0, 'plantation': 0, 'green belt': 0, 'urban forestry': 0, 'urban forest': 0, 'park development': 0, 'shelter belt': 0, 'shade tree': 0, 'vertical garden': 0, 'green space': 0, 'afforestation': 0, 'green campus': 0, 'night shelter': 0, 'transit shelter': 0, 'rest shed': 0, 'waiting shed': 0, 'community hall': 0, 'relief centre': 0, 'relief center': 0, 'bus stand shelter': 0, 'passenger shelter': 0, 'cool shelter': 0, 'rest shade': 0, 'cool resting space': 0, 'cool resting shed': 0, 'passenger shed': 0, 'outreach clinic': 0, 'awareness campaign': 0, 'iec activity': 0, 'iec material': 0, 'capacity building': 0, 'training programme': 0, 'training program': 0, 'mock drill': 0, 'sensitization': 0, 'swasthya kantha': 0, 'do and dont': 0, 'dos and donts': 0, 'display board': 0, 'hoarding': 0, 'pamphlet': 0, 'leaflet': 0, 'banner': 0}","{'floodlight': 0, 'flood light': 0, 'street light': 0, 'solar street light': 0, 'high mast light': 0, 'gas pipeline': 0, 'sports complex': 0, 'stadium': 0, 'cricket': 0, 'football': 0, 'volleyball': 0, 'examination hall': 0, 'cremation ground': 0, 'crematorium': 0, 'burial ground': 0, 'election': 0, 'covid': 0, 'vaccination': 0, 'wedding hall': 0, 'marriage hall': 0, 'kalyan mandap': 0, 'boundary wall': 0, 'compound wall': 0, 'staff quarter': 0, 'quarter building': 0, 'drug warehouse': 0, 'drug ware house': 0, 'godown': 0, 'bio medical waste': 0, 'biomedical waste': 0, 'bmw management': 0, 'waste management': 0}",weak,Post-Monsoon / Winter (Oct-Dec),,Heatwave & Emergency Response,Heatwave & Emergency Response,{'Heatwave & Emergency Response': {'saline': 2}}
2025_AULE_119654_19,e-Procurement Notice No.AED-14 OF 2025-26,AUL 21 Protection to Scoured bank on Chakada Gogua Saline Embankment from RD 1460 M to 1550 M in Mahakalapada Block of Kendrapada District,Protection to Scoured bank on Chakada Gogua Saline Embankment from RD 1460 M to 1550 M in Mahakalapada Block of Kendrapada District,Works,Open Tender,Percentage,Civil Works - Others,No,No,NA ,18-Oct-2025 10:00 AM,NA ,90.0,No ,No,Online,28-Oct-2025 11:00 AM,CE AND BM MBBS CHANDIKOLE||EASTERN CIRCLE II CHANDIKOLE||AUL Embankment Div AUL,AUL,754219.0,2.0,"73,02,648",AJAY KUMAR SETHI,"6,207,981",Rejected-Finance,20-May-2026,CE AND BM MBBS CHANDIKOLE||EASTERN CIRCLE II CHANDIKOLE||AUL Embankment Div AUL,True,False,"{'heatwave': 0, 'heat wave': 0, 'heat-wave': 0, 'heat stress': 0, 'heat stroke': 0, 'heat action plan': 0, 'heat resilience': 0, 'heat resilient': 0, 'extreme heat': 0, 'high temperature': 0, 'rising temperature': 0, 'heat resistant': 0, 'climate resilient': 0, 'cooling centre': 0, 'cooling center': 0, 'emergency response': 0, 'first aid': 0, 'ambulance': 0, 'ors': 0, 'oral rehydration solution': 0, 'heat stroke treatment': 0, 'sunstroke': 0, 'sun stroke': 0, 'heat related illness': 0, 'heat illness': 0, 'heat exhaustion': 0, 'heat cramp': 0, 'heat rash': 0, 'heat alert': 0, 'heat warning': 0, 'heat advisory': 0, 'heat hotline': 0, 'satark': 0, 'early warning system': 0, 'saline': 2, 'iv fluid': 0, 'rapid response team': 0, 'mobile health unit': 0, 'relief chamber': 0, 'heat stroke ward': 0, 'heat stroke bed': 0, 'drinking water': 0, 'water kiosk': 0, 'water atm': 0, 'hydration point': 0, 'hydration centre': 0, 'hydration center': 0, 'cold water': 0, 'tube well': 0, 'tubewell': 0, 'borewell': 0, 'bore well': 0, 'hand pump': 0, 'handpump': 0, 'overhead tank': 0, 'oh tank': 0, 'stand post': 0, 'piped water supply': 0, 'water supply scheme': 0, 'jalachhatra': 0, 'jalachatra': 0, 'jala jogana kendra': 0, 'jal jogana kendra': 0, 'jal seva shibira': 0, 'water tanker': 0, 'water sprinkling': 0, 'cool roof': 0, 'white roof': 0, 'white topping': 0, 'roof insulation': 0, 'thermal insulation': 0, 'heat reflective': 0, 'reflective coating': 0, 'shade net': 0, 'shade structure': 0, 'canopy': 0, 'awning': 0, 'albedo paint': 0, 'albedo painting': 0, 'white painting': 0, 'reflective paint': 0, 'green roof': 0, 'green roofing': 0, 'k glass': 0, 'doubly glazed glass': 0, 'passive cooling': 0, 'air cooler': 0, 'white china mosaic': 0, 'lime based whitewash': 0, 'white tarp': 0, 'acrylic resin coating': 0, 'tree plantation': 0, 'avenue plantation': 0, 'plantation': 0, 'green belt': 0, 'urban forestry': 0, 'urban forest': 0, 'park development': 0, 'shelter belt': 0, 'shade tree': 0, 'vertical garden': 0, 'green space': 0, 'afforestation': 0, 'green campus': 0, 'night shelter': 0, 'transit shelter': 0, 'rest shed': 0, 'waiting shed': 0, 'community hall': 0, 'relief centre': 0, 'relief center': 0, 'bus stand shelter': 0, 'passenger shelter': 0, 'cool shelter': 0, 'rest shade': 0, 'cool resting space': 0, 'cool resting shed': 0, 'passenger shed': 0, 'outreach clinic': 0, 'awareness campaign': 0, 'iec activity': 0, 'iec material': 0, 'capacity building': 0, 'training programme': 0, 'training program': 0, 'mock drill': 0, 'sensitization': 0, 'swasthya kantha': 0, 'do and dont': 0, 'dos and donts': 0, 'display board': 0, 'hoarding': 0, 'pamphlet': 0, 'leaflet': 0, 'banner': 0}","{'floodlight': 0, 'flood light': 0, 'street light': 0, 'solar street light': 0, 'high mast light': 0, 'gas pipeline': 0, 'sports complex': 0, 'stadium': 0, 'cricket': 0, 'football': 0, 'volleyball': 0, 'examination hall': 0, 'cremation ground': 0, 'crematorium': 0, 'burial ground': 0, 'election': 0, 'covid': 0, 'vaccination': 0, 'wedding hall': 0, 'marriage hall': 0, 'kalyan mandap': 0, 'boundary wall': 0, 'compound wall': 0, 'staff quarter': 0, 'quarter building': 0, 'drug warehouse': 0, 'drug ware house': 0, 'godown': 0, 'bio medical waste': 0, 'biomedical waste': 0, 'bmw management': 0, 'waste management': 0}",weak,Post-Monsoon / Winter (Oct-Dec),,Heatwave & Emergency Response,Heatwave & Emergency Response,{'Heatwave & Emergency Response': {'saline': 2}}
2025_AULE_119654_25,e-Procurement Notice No.AED-14 OF 2025-26,AUL 29 Protection to Scoured bank on Nalitapatia Talchua Saline Embankment on Brahmani Right from RD 9960M to 10050 M.,Protection to Scoured bank on Nalitapatia Talchua Saline Embankment on Brahmani Right from RD 9960M to 10050 M.,Works,Open Tender,Percentage,Civil Works - Others,No,No,NA ,18-Oct-2025 10:00 AM,NA ,90.0,No ,No,Online,28-Oct-2025 11:00 AM,CE AND BM MBBS CHANDIKOLE||EASTERN CIRCLE II CHANDIKOLE||AUL Embankment Div AUL,AUL,754219.0,2.0,"81,38,292",AHALYA SETHI,"6,918,362",Rejected-Finance,20-May-2026,CE AND BM MBBS CHANDIKOLE||EASTERN CIRCLE II CHANDIKOLE||AUL Embankment Div AUL,True,False,"{'heatwave': 0, 'heat wave': 0, 'heat-wave': 0, 'heat stress': 0, 'heat stroke': 0, 'heat action plan': 0, 'heat resilience': 0, 'heat resilient': 0, 'extreme heat': 0, 'high temperature': 0, 'rising temperature': 0, 'heat resistant': 0, 'climate resilient': 0, 'cooling centre': 0, 'cooling center': 0, 'emergency response': 0, 'first aid': 0, 'ambulance': 0, 'ors': 0, 'oral rehydration solution': 0, 'heat stroke treatment': 0, 'sunstroke': 0, 'sun stroke': 0, 'heat related illness': 0, 'heat illness': 0, 'heat exhaustion': 0, 'heat cramp': 0, 'heat rash': 0, 'heat alert': 0, 'heat warning': 0, 'heat advisory': 0, 'heat hotline': 0, 'satark': 0, 'early warning system': 0, 'saline': 2, 'iv fluid': 0, 'rapid response team': 0, 'mobile health unit': 0, 'relief chamber': 0, 'heat stroke ward': 0, 'heat stroke bed': 0, 'drinking water': 0, 'water kiosk': 0, 'water atm': 0, 'hydration point': 0, 'hydration centre': 0, 'hydration center': 0, 'cold water': 0, 'tube well': 0, 'tubewell': 0, 'borewell': 0, 'bore well': 0, 'hand pump': 0, 'handpump': 0, 'overhead tank': 0, 'oh tank': 0, 'stand post': 0, 'piped water supply': 0, 'water supply scheme': 0, 'jalachhatra': 0, 'jalachatra': 0, 'jala jogana kendra': 0, 'jal jogana kendra': 0, 'jal seva shibira': 0, 'water tanker': 0, 'water sprinkling': 0, 'cool roof': 0, 'white roof': 0, 'white topping': 0, 'roof insulation': 0, 'thermal insulation': 0, 'heat reflective': 0, 'reflective coating': 0, 'shade net': 0, 'shade structure': 0, 'canopy': 0, 'awning': 0, 'albedo paint': 0, 'albedo painting': 0, 'white painting': 0, 'reflective paint': 0, 'green roof': 0, 'green roofing': 0, 'k glass': 0, 'doubly glazed glass': 0, 'passive cooling': 0, 'air cooler': 0, 'white china mosaic': 0, 'lime based whitewash': 0, 'white tarp': 0, 'acrylic resin coating': 0, 'tree plantation': 0, 'avenue plantation': 0, 'plantation': 0, 'green belt': 0, 'urban forestry': 0, 'urban forest': 0, 'park development': 0, 'shelter belt': 0, 'shade tree': 0, 'vertical garden': 0, 'green space': 0, 'afforestation': 0, 'green campus': 0, 'night shelter': 0, 'transit shelter': 0, 'rest shed': 0, 'waiting shed': 0, 'community hall': 0, 'relief centre': 0, 'relief center': 0, 'bus stand shelter': 0, 'passenger shelter': 0, 'cool shelter': 0, 'rest shade': 0, 'cool resting space': 0, 'cool resting shed': 0, 'passenger shed': 0, 'outreach clinic': 0, 'awareness campaign': 0, 'iec activity': 0, 'iec material': 0, 'capacity building': 0, 'training programme': 0, 'training program': 0, 'mock drill': 0, 'sensitization': 0, 'swasthya kantha': 0, 'do and dont': 0, 'dos and donts': 0, 'display board': 0, 'hoarding': 0, 'pamphlet': 0, 'leaflet': 0, 'banner': 0}","{'floodlight': 0, 'flood light': 0, 'street light': 0, 'solar street light': 0, 'high mast light': 0, 'gas pipeline': 0, 'sports complex': 0, 'stadium': 0, 'cricket': 0, 'football': 0, 'volleyball': 0, 'examination hall': 0, 'cremation ground': 0, 'crematorium': 0, 'burial ground': 0, 'election': 0, 'covid': 0, 'vaccination': 0, 'wedding hall': 0, 'marriage hall': 0, 'kalyan mandap': 0, 'boundary wall': 0, 'compound wall': 0, 'staff quarter': 0, 'quarter building': 0, 'drug warehouse': 0, 'drug ware house': 0, 'godown': 0, 'bio medical waste': 0, 'biomedical waste': 0, 'bmw management': 0, 'waste management': 0}",weak,Post-Monsoon / Winter (Oct-Dec),,Heatwave & Emergency Response,Heatwave & Emergency Response,{'Heatwave & Emergency Response': {'saline': 2}}
2025_AULE_119654_35,e-Procurement Notice No.AED-14 OF 2025-26,AUL 39 Protection to Scoured bank on river Hansua Right on Keredagada Alatanga Saline Embankment from RD 13848M to 13878 M,Protection to Scoured bank on river Hansua Right on Keredagada Alatanga Saline Embankment from RD 13848M to 13878 M,Works,Open Tender,Percentage,Civil Works - Others,No,No,NA ,18-Oct-2025 10:00 AM,NA ,90.0,No ,No,Online,28-Oct-2025 11:00 AM,CE AND BM MBBS CHANDIKOLE||EASTERN CIRCLE II CHANDIKOLE||AUL Embankment Div AUL,AUL,754219.0,2.0,"83,92,152",AJIT KUMAR SAHOO,"7,134,168",Rejected-Finance,20-May-2026,CE AND BM MBBS CHANDIKOLE||EASTERN CIRCLE II CHANDIKOLE||AUL Embankment Div AUL,True,False,"{'heatwave': 0, 'heat wave': 0, 'heat-wave': 0, 'heat stress': 0, 'heat stroke': 0, 'heat action plan': 0, 'heat resilience': 0, 'heat resilient': 0, 'extreme heat': 0, 'high temperature': 0, 'rising temperature': 0, 'heat resistant': 0, 'climate resilient': 0, 'cooling centre': 0, 'cooling center': 0, 'emergency response': 0, 'first aid': 0, 'ambulance': 0, 'ors': 0, 'oral rehydration solution': 0, 'heat stroke treatment': 0, 'sunstroke': 0, 'sun stroke': 0, 'heat related illness': 0, 'heat illness': 0, 'heat exhaustion': 0, 'heat cramp': 0, 'heat rash': 0, 'heat alert': 0, 'heat warning': 0, 'heat advisory': 0, 'heat hotline': 0, 'satark': 0, 'early warning system': 0, 'saline': 2, 'iv fluid': 0, 'rapid response team': 0, 'mobile health unit': 0, 'relief chamber': 0, 'heat stroke ward': 0, 'heat stroke bed': 0, 'drinking water': 0, 'water kiosk': 0, 'water atm': 0, 'hydration point': 0, 'hydration centre': 0, 'hydration center': 0, 'cold water': 0, 'tube well': 0, 'tubewell': 0, 'borewell': 0, 'bore well': 0, 'hand pump': 0, 'handpump': 0, 'overhead tank': 0, 'oh tank': 0, 'stand post': 0, 'piped water supply': 0, 'water supply scheme': 0, 'jalachhatra': 0, 'jalachatra': 0, 'jala jogana kendra': 0, 'jal jogana kendra': 0, 'jal seva shibira': 0, 'water tanker': 0, 'water sprinkling': 0, 'cool roof': 0, 'white roof': 0, 'white topping': 0, 'roof insulation': 0, 'thermal insulation': 0, 'heat reflective': 0, 'reflective coating': 0, 'shade net': 0, 'shade structure': 0, 'canopy': 0, 'awning': 0, 'albedo paint': 0, 'albedo painting': 0, 'white painting': 0, 'reflective paint': 0, 'green roof': 0, 'green roofing': 0, 'k glass': 0, 'doubly glazed glass': 0, 'passive cooling': 0, 'air cooler': 0, 'white china mosaic': 0, 'lime based whitewash': 0, 'white tarp': 0, 'acrylic resin coating': 0, 'tree plantation': 0, 'avenue plantation': 0, 'plantation': 0, 'green belt': 0, 'urban forestry': 0, 'urban forest': 0, 'park development': 0, 'shelter belt': 0, 'shade tree': 0, 'vertical garden': 0, 'green space': 0, 'afforestation': 0, 'green campus': 0, 'night shelter': 0, 'transit shelter': 0, 'rest shed': 0, 'waiting shed': 0, 'community hall': 0, 'relief centre': 0, 'relief center': 0, 'bus stand shelter': 0, 'passenger shelter': 0, 'cool shelter': 0, 'rest shade': 0, 'cool resting space': 0, 'cool resting shed': 0, 'passenger shed': 0, 'outreach clinic': 0, 'awareness campaign': 0, 'iec activity': 0, 'iec material': 0, 'capacity building': 0, 'training programme': 0, 'training program': 0, 'mock drill': 0, 'sensitization': 0, 'swasthya kantha': 0, 'do and dont': 0, 'dos and donts': 0, 'display board': 0, 'hoarding': 0, 'pamphlet': 0, 'leaflet': 0, 'banner': 0}","{'floodlight': 0, 'flood light': 0, 'street light': 0, 'solar street light': 0, 'high mast light': 0, 'gas pipeline': 0, 'sports complex': 0, 'stadium': 0, 'cricket': 0, 'football': 0, 'volleyball': 0, 'examination hall': 0, 'cremation ground': 0, 'crematorium': 0, 'burial ground': 0, 'election': 0, 'covid': 0, 'vaccination': 0, 'wedding hall': 0, 'marriage hall': 0, 'kalyan mandap': 0, 'boundary wall': 0, 'compound wall': 0, 'staff quarter': 0, 'quarter building': 0, 'drug warehouse': 0, 'drug ware house': 0, 'godown': 0, 'bio medical waste': 0, 'biomedical waste': 0, 'bmw management': 0, 'waste management': 0}",weak,Post-Monsoon / Winter (Oct-Dec),,Heatwave & Emergency Response,Heatwave & Emergency Response,{'Heatwave & Emergency Response': {'saline': 2}}
2025_AULE_120863_7,e-Procurement Notice No.AED-15 OF 2025-26,AUL 37 Raising and Strengthening of Gothakola Saline Embankment from RD 1.110 KM to 1.500 km.,Raising and Strengthening of Gothakola Saline Embankment from RD 1.110 KM to 1.500 km.,Works,Open Tender,Percentage,Civil Works - Others,No,No,NA ,07-Nov-2025 10:00 AM,NA ,90.0,No ,No,Online,18-Nov-2025 11:00 AM,CE AND BM MBBS CHANDIKOLE||EASTERN CIRCLE II CHANDIKOLE||AUL Embankment Div AUL,AUL,754219.0,1.0,"25,33,190",AKSHAYA KUMAR BHUYAN,"2,153,465",Rejected-Finance,22-May-2026,CE AND BM MBBS CHANDIKOLE||EASTERN CIRCLE II CHANDIKOLE||AUL Embankment Div AUL,True,False,"{'heatwave': 0, 'heat wave': 0, 'heat-wave': 0, 'heat stress': 0, 'heat stroke': 0, 'heat action plan': 0, 'heat resilience': 0, 'heat resilient': 0, 'extreme heat': 0, 'high temperature': 0, 'rising temperature': 0, 'heat resistant': 0, 'climate resilient': 0, 'cooling centre': 0, 'cooling center': 0, 'emergency response': 0, 'first aid': 0, 'ambulance': 0, 'ors': 0, 'oral rehydration solution': 0, 'heat stroke treatment': 0, 'sunstroke': 0, 'sun stroke': 0, 'heat related illness': 0, 'heat illness': 0, 'heat exhaustion': 0, 'heat cramp': 0, 'heat rash': 0, 'heat alert': 0, 'heat warning': 0, 'heat advisory': 0, 'heat hotline': 0, 'satark': 0, 'early warning system': 0, 'saline': 2, 'iv fluid': 0, 'rapid response team': 0, 'mobile health unit': 0, 'relief chamber': 0, 'heat stroke ward': 0, 'heat stroke bed': 0, 'drinking water': 0, 'water kiosk': 0, 'water atm': 0, 'hydration point': 0, 'hydration centre': 0, 'hydration center': 0, 'cold water': 0, 'tube well': 0, 'tubewell': 0, 'borewell': 0, 'bore well': 0, 'hand pump': 0, 'handpump': 0, 'overhead tank': 0, 'oh tank': 0, 'stand post': 0, 'piped water supply': 0, 'water supply scheme': 0, 'jalachhatra': 0, 'jalachatra': 0, 'jala jogana kendra': 0, 'jal jogana kendra': 0, 'jal seva shibira': 0, 'water tanker': 0, 'water sprinkling': 0, 'cool roof': 0, 'white roof': 0, 'white topping': 0, 'roof insulation': 0, 'thermal insulation': 0, 'heat reflective': 0, 'reflective coating': 0, 'shade net': 0, 'shade structure': 0, 'canopy': 0, 'awning': 0, 'albedo paint': 0, 'albedo painting': 0, 'white painting': 0, 'reflective paint': 0, 'green roof': 0, 'green roofing': 0, 'k glass': 0, 'doubly glazed glass': 0, 'passive cooling': 0, 'air cooler': 0, 'white china mosaic': 0, 'lime based whitewash': 0, 'white tarp': 0, 'acrylic resin coating': 0, 'tree plantation': 0, 'avenue plantation': 0, 'plantation': 0, 'green belt': 0, 'urban forestry': 0, 'urban forest': 0, 'park development': 0, 'shelter belt': 0, 'shade tree': 0, 'vertical garden': 0, 'green space': 0, 'afforestation': 0, 'green campus': 0, 'night shelter': 0, 'transit shelter': 0, 'rest shed': 0, 'waiting shed': 0, 'community hall': 0, 'relief centre': 0, 'relief center': 0, 'bus stand shelter': 0, 'passenger shelter': 0, 'cool shelter': 0, 'rest shade': 0, 'cool resting space': 0, 'cool resting shed': 0, 'passenger shed': 0, 'outreach clinic': 0, 'awareness campaign': 0, 'iec activity': 0, 'iec material': 0, 'capacity building': 0, 'training programme': 0, 'training program': 0, 'mock drill': 0, 'sensitization': 0, 'swasthya kantha': 0, 'do and dont': 0, 'dos and donts': 0, 'display board': 0, 'hoarding': 0, 'pamphlet': 0, 'leaflet': 0, 'banner': 0}","{'floodlight': 0, 'flood light': 0, 'street light': 0, 'solar street light': 0, 'high mast light': 0, 'gas pipeline': 0, 'sports complex': 0, 'stadium': 0, 'cricket': 0, 'football': 0, 'volleyball': 0, 'examination hall': 0, 'cremation ground': 0, 'crematorium': 0, 'burial ground': 0, 'election': 0, 'covid': 0, 'vaccination': 0, 'wedding hall': 0, 'marriage hall': 0, 'kalyan mandap': 0, 'boundary wall': 0, 'compound wall': 0, 'staff quarter': 0, 'quarter building': 0, 'drug warehouse': 0, 'drug ware house': 0, 'godown': 0, 'bio medical waste': 0, 'biomedical waste': 0, 'bmw management': 0, 'waste management': 0}",weak,Post-Monsoon / Winter (Oct-Dec),,Heatwave & Emergency Response,Heatwave & Emergency Response,{'Heatwave & Emergency Response': {'saline': 2}}
2025_AULE_120863_6,e-Procurement Notice No.AED-15 OF 2025-26,AUL 36 Improvement to road on Keredagada Alatanga Saline Embabnkment from RD 8.330 KM to 9.100 KM.,Improvement to road on Keredagada Alatanga Saline Embabnkment from RD 8.330 KM to 9.100 KM.,Works,Open Tender,Percentage,Civil Works - Others,No,No,NA ,07-Nov-2025 10:00 AM,NA ,90.0,No ,No,Online,18-Nov-2025 11:00 AM,CE AND BM MBBS CHANDIKOLE||EASTERN CIRCLE II CHANDIKOLE||AUL Embankment Div AUL,AUL,754219.0,1.0,"32,62,490",Anath Kumar Pradhan,"2,773,443",Rejected-Finance,22-May-2026,CE AND BM MBBS CHANDIKOLE||EASTERN CIRCLE II CHANDIKOLE||AUL Embankment Div AUL,True,False,"{'heatwave': 0, 'heat wave': 0, 'heat-wave': 0, 'heat stress': 0, 'heat stroke': 0, 'heat action plan': 0, 'heat resilience': 0, 'heat resilient': 0, 'extreme heat': 0, 'high temperature': 0, 'rising temperature': 0, 'heat resistant': 0, 'climate resilient': 0, 'cooling centre': 0, 'cooling center': 0, 'emergency response': 0, 'first aid': 0, 'ambulance': 0, 'ors': 0, 'oral rehydration solution': 0, 'heat stroke treatment': 0, 'sunstroke': 0, 'sun stroke': 0, 'heat related illness': 0, 'heat illness': 0, 'heat exhaustion': 0, 'heat cramp': 0, 'heat rash': 0, 'heat alert': 0, 'heat warning': 0, 'heat advisory': 0, 'heat hotline': 0, 'satark': 0, 'early warning system': 0, 'saline': 2, 'iv fluid': 0, 'rapid response team': 0, 'mobile health unit': 0, 'relief chamber': 0, 'heat stroke ward': 0, 'heat stroke bed': 0, 'drinking water': 0, 'water kiosk': 0, 'water atm': 0, 'hydration point': 0, 'hydration centre': 0, 'hydration center': 0, 'cold water': 0, 'tube well': 0, 'tubewell': 0, 'borewell': 0, 'bore well': 0, 'hand pump': 0, 'handpump': 0, 'overhead tank': 0, 'oh tank': 0, 'stand post': 0, 'piped water supply': 0, 'water supply scheme': 0, 'jalachhatra': 0, 'jalachatra': 0, 'jala jogana kendra': 0, 'jal jogana kendra': 0, 'jal seva shibira': 0, 'water tanker': 0, 'water sprinkling': 0, 'cool roof': 0, 'white roof': 0, 'white topping': 0, 'roof insulation': 0, 'thermal insulation': 0, 'heat reflective': 0, 'reflective coating': 0, 'shade net': 0, 'shade structure': 0, 'canopy': 0, 'awning': 0, 'albedo paint': 0, 'albedo painting': 0, 'white painting': 0, 'reflective paint': 0, 'green roof': 0, 'green roofing': 0, 'k glass': 0, 'doubly glazed glass': 0, 'passive cooling': 0, 'air cooler': 0, 'white china mosaic': 0, 'lime based whitewash': 0, 'white tarp': 0, 'acrylic resin coating': 0, 'tree plantation': 0, 'avenue plantation': 0, 'plantation': 0, 'green belt': 0, 'urban forestry': 0, 'urban forest': 0, 'park development': 0, 'shelter belt': 0, 'shade tree': 0, 'vertical garden': 0, 'green space': 0, 'afforestation': 0, 'green campus': 0, 'night shelter': 0, 'transit shelter': 0, 'rest shed': 0, 'waiting shed': 0, 'community hall': 0, 'relief centre': 0, 'relief center': 0, 'bus stand shelter': 0, 'passenger shelter': 0, 'cool shelter': 0, 'rest shade': 0, 'cool resting space': 0, 'cool resting shed': 0, 'passenger shed': 0, 'outreach clinic': 0, 'awareness campaign': 0, 'iec activity': 0, 'iec material': 0, 'capacity building': 0, 'training programme': 0, 'training program': 0, 'mock drill': 0, 'sensitization': 0, 'swasthya kantha': 0, 'do and dont': 0, 'dos and donts': 0, 'display board': 0, 'hoarding': 0, 'pamphlet': 0, 'leaflet': 0, 'banner': 0}","{'floodlight': 0, 'flood light': 0, 'street light': 0, 'solar street light': 0, 'high mast light': 0, 'gas pipeline': 0, 'sports complex': 0, 'stadium': 0, 'cricket': 0, 'football': 0, 'volleyball': 0, 'examination hall': 0, 'cremation ground': 0, 'crematorium': 0, 'burial ground': 0, 'election': 0, 'covid': 0, 'vaccination': 0, 'wedding hall': 0, 'marriage hall': 0, 'kalyan mandap': 0, 'boundary wall': 0, 'compound wall': 0, 'staff quarter': 0, 'quarter building': 0, 'drug warehouse': 0, 'drug ware house': 0, 'godown': 0, 'bio medical waste': 0, 'biomedical waste': 0, 'bmw management': 0, 'waste management': 0}",weak,Post-Monsoon / Winter (Oct-Dec),,Heatwave & Emergency Response,Heatwave & Emergency Response,{'Heatwave & Emergency Response': {'saline': 2}}
2026_PHEO_124833_1,ACEPHCBAM-13/2025-26 Dt.12.01.2026,Laying of Balance RWRM from new intake well site at Hiradharabati with provision of Distribution pipes in accordance with (SWAP III) projects for Kodala water supply Scheme under state plan-2025-26 (SUJAL),Laying of Balance RWRM from new intake well site at Hiradharabati with provision of Distribution pipes in accordance with (SWAP III) projects for Kodala water supply Scheme under state plan-2025-26 (SUJAL),Works,National Competitive Bid,Percentage,Civil Works - Water Works,No,No,NA ,20-Jan-2026 11:00 AM,27-Jan-2026 12:30 PM ,120.0,No ,No,Online,06-Feb-2026 12:30 PM,PHEO||SEPH-CIRCLE-BERHAMPUR||EEPH-DIVN-CHHATRAPUR,Kodola,761032.0,2.0,"6,59,65,811",ALOK RANJAN PARIDA,"49,309,443",Rejected-AOC,04-May-2026,PHEO||SEPH-CIRCLE-BERHAMPUR||EEPH-DIVN-CHHATRAPUR,True,False,"{'heatwave': 0, 'heat wave': 0, 'heat-wave': 0, 'heat stress': 0, 'heat stroke': 0, 'heat action plan': 0, 'heat resilience': 0, 'heat resilient': 0, 'extreme heat': 0, 'high temperature': 0, 'rising temperature': 0, 'heat resistant': 0, 'climate resilient': 0, 'cooling centre': 0, 'cooling center': 0, 'emergency response': 0, 'first aid': 0, 'ambulance': 0, 'ors': 0, 'oral rehydration solution': 0, 'heat stroke treatment': 0, 'sunstroke': 0, 'sun stroke': 0, 'heat related illness': 0, 'heat illness': 0, 'heat exhaustion': 0, 'heat cramp': 0, 'heat rash': 0, 'heat alert': 0, 'heat warning': 0, 'heat advisory': 0, 'heat hotline': 0, 'satark': 0, 'early warning system': 0, 'saline': 0, 'iv fluid': 0, 'rapid response team': 0, 'mobile health unit': 0, 'relief chamber': 0, 'heat stroke ward': 0, 'heat stroke bed': 0, 'drinking water': 0, 'water kiosk': 0, 'water atm': 0, 'hydration point': 0, 'hydration centre': 0, 'hydration center': 0, 'cold water': 0, 'tube well': 0, 'tubewell': 0, 'borewell': 0, 'bore well': 0, 'hand pump': 0, 'handpump': 0, 'overhead tank': 0, 'oh tank': 0, 'stand post': 0, 'piped water supply': 0, 'water supply scheme': 2, 'jalachhatra': 0, 'jalachatra': 0, 'jala jogana kendra': 0, 'jal jogana kendra': 0, 'jal seva shibira': 0, 'water tanker': 0, 'water sprinkling': 0, 'cool roof': 0, 'white roof': 0, 'white topping': 0, 'roof insulation': 0, 'thermal insulation': 0, 'heat reflective': 0, 'reflective coating': 0, 'shade net': 0, 'shade structure': 0, 'canopy': 0, 'awning': 0, 'albedo paint': 0, 'albedo painting': 0, 'white painting': 0, 'reflective paint': 0, 'green roof': 0, 'green roofing': 0, 'k glass': 0, 'doubly glazed glass': 0, 'passive cooling': 0, 'air cooler': 0, 'white china mosaic': 0, 'lime based whitewash': 0, 'white tarp': 0, 'acrylic resin coating': 0, 'tree plantation': 0, 'avenue plantation': 0, 'plantation': 0, 'green belt': 0, 'urban forestry': 0, 'urban forest': 0, 'park development': 0, 'shelter belt': 0, 'shade tree': 0, 'vertical garden': 0, 'green space': 0, 'afforestation': 0, 'green campus': 0, 'night shelter': 0, 'transit shelter': 0, 'rest shed': 0, 'waiting shed': 0, 'community hall': 0, 'relief centre': 0, 'relief center': 0, 'bus stand shelter': 0, 'passenger shelter': 0, 'cool shelter': 0, 'rest shade': 0, 'cool resting space': 0, 'cool resting shed': 0, 'passenger shed': 0, 'outreach clinic': 0, 'awareness campaign': 0, 'iec activity': 0, 'iec material': 0, 'capacity building': 0, 'training programme': 0, 'training program': 0, 'mock drill': 0, 'sensitization': 0, 'swasthya kantha': 0, 'do and dont': 0, 'dos and donts': 0, 'display board': 0, 'hoarding': 0, 'pamphlet': 0, 'leaflet': 0, 'banner': 0}","{'floodlight': 0, 'flood light': 0, 'street light': 0, 'solar street light': 0, 'high mast light': 0, 'gas pipeline': 0, 'sports complex': 0, 'stadium': 0, 'cricket': 0, 'football': 0, 'volleyball': 0, 'examination hall': 0, 'cremation ground': 0, 'crematorium': 0, 'burial ground': 0, 'election': 0, 'covid': 0, 'vaccination': 0, 'wedding hall': 0, 'marriage hall': 0, 'kalyan mandap': 0, 'boundary wall': 0, 'compound wall': 0, 'staff quarter': 0, 'quarter building': 0, 'drug warehouse': 0, 'drug ware house': 0, 'godown': 0, 'bio medical waste': 0, 'biomedical waste': 0, 'bmw management': 0, 'waste management': 0}",weak,Pre-Summer (Jan-Feb),,Drinking Water & Hydration,Drinking Water & Hydration,{'Drinking Water & Hydration': {'water supply scheme': 2}}
2025_AULE_119654_20,e-Procurement Notice No.AED-14 OF 2025-26,AUL 23 Protection to scoured Bank on Jamboo Saline Embankment near kaunspal Ghat from RD 4200M to 4290m,Protection to scoured Bank on Jamboo Saline Embankment near kaunspal Ghat from RD 4200M to 4290m,Works,Open Tender,Percentage,Civil Works - Others,No,No,NA ,18-Oct-2025 10:00 AM,NA ,90.0,No ,No,Online,28-Oct-2025 11:00 AM,CE AND BM MBBS CHANDIKOLE||EASTERN CIRCLE II CHANDIKOLE||AUL Embankment Div AUL,AUL,754219.0,2.0,"79,24,408",AMIT KUMAR BEHERA,"6,736,540",Rejected-Finance,20-May-2026,CE AND BM MBBS CHANDIKOLE||EASTERN CIRCLE II CHANDIKOLE||AUL Embankment Div AUL,True,False,"{'heatwave': 0, 'heat wave': 0, 'heat-wave': 0, 'heat stress': 0, 'heat stroke': 0, 'heat action plan': 0, 'heat resilience': 0, 'heat resilient': 0, 'extreme heat': 0, 'high temperature': 0, 'rising temperature': 0, 'heat resistant': 0, 'climate resilient': 0, 'cooling centre': 0, 'cooling center': 0, 'emergency response': 0, 'first aid': 0, 'ambulance': 0, 'ors': 0, 'oral rehydration solution': 0, 'heat stroke treatment': 0, 'sunstroke': 0, 'sun stroke': 0, 'heat related illness': 0, 'heat illness': 0, 'heat exhaustion': 0, 'heat cramp': 0, 'heat rash': 0, 'heat alert': 0, 'heat warning': 0, 'heat advisory': 0, 'heat hotline': 0, 'satark': 0, 'early warning system': 0, 'saline': 2, 'iv fluid': 0, 'rapid response team': 0, 'mobile health unit': 0, 'relief chamber': 0, 'heat stroke ward': 0, 'heat stroke bed': 0, 'drinking water': 0, 'water kiosk': 0, 'water atm': 0, 'hydration point': 0, 'hydration centre': 0, 'hydration center': 0, 'cold water': 0, 'tube well': 0, 'tubewell': 0, 'borewell': 0, 'bore well': 0, 'hand pump': 0, 'handpump': 0, 'overhead tank': 0, 'oh tank': 0, 'stand post': 0, 'piped water supply': 0, 'water supply scheme': 0, 'jalachhatra': 0, 'jalachatra': 0, 'jala jogana kendra': 0, 'jal jogana kendra': 0, 'jal seva shibira': 0, 'water tanker': 0, 'water sprinkling': 0, 'cool roof': 0, 'white roof': 0, 'white topping': 0, 'roof insulation': 0, 'thermal insulation': 0, 'heat reflective': 0, 'reflective coating': 0, 'shade net': 0, 'shade structure': 0, 'canopy': 0, 'awning': 0, 'albedo paint': 0, 'albedo painting': 0, 'white painting': 0, 'reflective paint': 0, 'green roof': 0, 'green roofing': 0, 'k glass': 0, 'doubly glazed glass': 0, 'passive cooling': 0, 'air cooler': 0, 'white china mosaic': 0, 'lime based whitewash': 0, 'white tarp': 0, 'acrylic resin coating': 0, 'tree plantation': 0, 'avenue plantation': 0, 'plantation': 0, 'green belt': 0, 'urban forestry': 0, 'urban forest': 0, 'park development': 0, 'shelter belt': 0, 'shade tree': 0, 'vertical garden': 0, 'green space': 0, 'afforestation': 0, 'green campus': 0, 'night shelter': 0, 'transit shelter': 0, 'rest shed': 0, 'waiting shed': 0, 'community hall': 0, 'relief centre': 0, 'relief center': 0, 'bus stand shelter': 0, 'passenger shelter': 0, 'cool shelter': 0, 'rest shade': 0, 'cool resting space': 0, 'cool resting shed': 0, 'passenger shed': 0, 'outreach clinic': 0, 'awareness campaign': 0, 'iec activity': 0, 'iec material': 0, 'capacity building': 0, 'training programme': 0, 'training program': 0, 'mock drill': 0, 'sensitization': 0, 'swasthya kantha': 0, 'do and dont': 0, 'dos and donts': 0, 'display board': 0, 'hoarding': 0, 'pamphlet': 0, 'leaflet': 0, 'banner': 0}","{'floodlight': 0, 'flood light': 0, 'street light': 0, 'solar street light': 0, 'high mast light': 0, 'gas pipeline': 0, 'sports complex': 0, 'stadium': 0, 'cricket': 0, 'football': 0, 'volleyball': 0, 'examination hall': 0, 'cremation ground': 0, 'crematorium': 0, 'burial ground': 0, 'election': 0, 'covid': 0, 'vaccination': 0, 'wedding hall': 0, 'marriage hall': 0, 'kalyan mandap': 0, 'boundary wall': 0, 'compound wall': 0, 'staff quarter': 0, 'quarter building': 0, 'drug warehouse': 0, 'drug ware house': 0, 'godown': 0, 'bio medical waste': 0, 'biomedical waste': 0, 'bmw management': 0, 'waste management': 0}",weak,Post-Monsoon / Winter (Oct-Dec),,Heatwave & Emergency Response,Heatwave & Emergency Response,{'Heatwave & Emergency Response': {'saline': 2}}
2025_AULE_119654_34,e-Procurement Notice No.AED-14 OF 2025-26,AUL 38 Protection to Scoure bank on river Hansua Right of Keredagada Alatanga Saline Embankment from RD 13810.00M to 13840.00 M.,Protection to Scoure bank on river Hansua Right of Keredagada Alatanga Saline Embankment from RD 13810.00M to 13840.00 M.,Works,Open Tender,Percentage,Civil Works - Others,No,No,NA ,18-Oct-2025 10:00 AM,NA ,90.0,No ,No,Online,28-Oct-2025 11:00 AM,CE AND BM MBBS CHANDIKOLE||EASTERN CIRCLE II CHANDIKOLE||AUL Embankment Div AUL,AUL,754219.0,2.0,"83,70,850",AJIT KUMAR SAHOO,"7,116,060",Rejected-Finance,20-May-2026,CE AND BM MBBS CHANDIKOLE||EASTERN CIRCLE II CHANDIKOLE||AUL Embankment Div AUL,True,False,"{'heatwave': 0, 'heat wave': 0, 'heat-wave': 0, 'heat stress': 0, 'heat stroke': 0, 'heat action plan': 0, 'heat resilience': 0, 'heat resilient': 0, 'extreme heat': 0, 'high temperature': 0, 'rising temperature': 0, 'heat resistant': 0, 'climate resilient': 0, 'cooling centre': 0, 'cooling center': 0, 'emergency response': 0, 'first aid': 0, 'ambulance': 0, 'ors': 0, 'oral rehydration solution': 0, 'heat stroke treatment': 0, 'sunstroke': 0, 'sun stroke': 0, 'heat related illness': 0, 'heat illness': 0, 'heat exhaustion': 0, 'heat cramp': 0, 'heat rash': 0, 'heat alert': 0, 'heat warning': 0, 'heat advisory': 0, 'heat hotline': 0, 'satark': 0, 'early warning system': 0, 'saline': 2, 'iv fluid': 0, 'rapid response team': 0, 'mobile health unit': 0, 'relief chamber': 0, 'heat stroke ward': 0, 'heat stroke bed': 0, 'drinking water': 0, 'water kiosk': 0, 'water atm': 0, 'hydration point': 0, 'hydration centre': 0, 'hydration center': 0, 'cold water': 0, 'tube well': 0, 'tubewell': 0, 'borewell': 0, 'bore well': 0, 'hand pump': 0, 'handpump': 0, 'overhead tank': 0, 'oh tank': 0, 'stand post': 0, 'piped water supply': 0, 'water supply scheme': 0, 'jalachhatra': 0, 'jalachatra': 0, 'jala jogana kendra': 0, 'jal jogana kendra': 0, 'jal seva shibira': 0, 'water tanker': 0, 'water sprinkling': 0, 'cool roof': 0, 'white roof': 0, 'white topping': 0, 'roof insulation': 0, 'thermal insulation': 0, 'heat reflective': 0, 'reflective coating': 0, 'shade net': 0, 'shade structure': 0, 'canopy': 0, 'awning': 0, 'albedo paint': 0, 'albedo painting': 0, 'white painting': 0, 'reflective paint': 0, 'green roof': 0, 'green roofing': 0, 'k glass': 0, 'doubly glazed glass': 0, 'passive cooling': 0, 'air cooler': 0, 'white china mosaic': 0, 'lime based whitewash': 0, 'white tarp': 0, 'acrylic resin coating': 0, 'tree plantation': 0, 'avenue plantation': 0, 'plantation': 0, 'green belt': 0, 'urban forestry': 0, 'urban forest': 0, 'park development': 0, 'shelter belt': 0, 'shade tree': 0, 'vertical garden': 0, 'green space': 0, 'afforestation': 0, 'green campus': 0, 'night shelter': 0, 'transit shelter': 0, 'rest shed': 0, 'waiting shed': 0, 'community hall': 0, 'relief centre': 0, 'relief center': 0, 'bus stand shelter': 0, 'passenger shelter': 0, 'cool shelter': 0, 'rest shade': 0, 'cool resting space': 0, 'cool resting shed': 0, 'passenger shed': 0, 'outreach clinic': 0, 'awareness campaign': 0, 'iec activity': 0, 'iec material': 0, 'capacity building': 0, 'training programme': 0, 'training program': 0, 'mock drill': 0, 'sensitization': 0, 'swasthya kantha': 0, 'do and dont': 0, 'dos and donts': 0, 'display board': 0, 'hoarding': 0, 'pamphlet': 0, 'leaflet': 0, 'banner': 0}","{'floodlight': 0, 'flood light': 0, 'street light': 0, 'solar street light': 0, 'high mast light': 0, 'gas pipeline': 0, 'sports complex': 0, 'stadium': 0, 'cricket': 0, 'football': 0, 'volleyball': 0, 'examination hall': 0, 'cremation ground': 0, 'crematorium': 0, 'burial ground': 0, 'election': 0, 'covid': 0, 'vaccination': 0, 'wedding hall': 0, 'marriage hall': 0, 'kalyan mandap': 0, 'boundary wall': 0, 'compound wall': 0, 'staff quarter': 0, 'quarter building': 0, 'drug warehouse': 0, 'drug ware house': 0, 'godown': 0, 'bio medical waste': 0, 'biomedical waste': 0, 'bmw management': 0, 'waste management': 0}",weak,Post-Monsoon / Winter (Oct-Dec),,Heatwave & Emergency Response,Heatwave & Emergency Response,{'Heatwave & Emergency Response': {'saline': 2}}
2025_AULE_119654_22,e-Procurement Notice No.AED-14 OF 2025-26,AUL 26 Protection to Scoured bank on Radhia Kansar Saline Embabnkment from RD 2700 M to 2770 M,Protection to Scoured bank on Radhia Kansar Saline Embabnkment from RD 2700 M to 2770 M,Works,Open Tender,Percentage,Civil Works - Others,No,No,NA ,18-Oct-2025 10:00 AM,NA ,90.0,No ,No,Online,28-Oct-2025 11:00 AM,CE AND BM MBBS CHANDIKOLE||EASTERN CIRCLE II CHANDIKOLE||AUL Embankment Div AUL,AUL,754219.0,2.0,"65,32,415",AJAY KUMAR SETHI,"5,553,206",Rejected-Finance,20-May-2026,CE AND BM MBBS CHANDIKOLE||EASTERN CIRCLE II CHANDIKOLE||AUL Embankment Div AUL,True,False,"{'heatwave': 0, 'heat wave': 0, 'heat-wave': 0, 'heat stress': 0, 'heat stroke': 0, 'heat action plan': 0, 'heat resilience': 0, 'heat resilient': 0, 'extreme heat': 0, 'high temperature': 0, 'rising temperature': 0, 'heat resistant': 0, 'climate resilient': 0, 'cooling centre': 0, 'cooling center': 0, 'emergency response': 0, 'first aid': 0, 'ambulance': 0, 'ors': 0, 'oral rehydration solution': 0, 'heat stroke treatment': 0, 'sunstroke': 0, 'sun stroke': 0, 'heat related illness': 0, 'heat illness': 0, 'heat exhaustion': 0, 'heat cramp': 0, 'heat rash': 0, 'heat alert': 0, 'heat warning': 0, 'heat advisory': 0, 'heat hotline': 0, 'satark': 0, 'early warning system': 0, 'saline': 2, 'iv fluid': 0, 'rapid response team': 0, 'mobile health unit': 0, 'relief chamber': 0, 'heat stroke ward': 0, 'heat stroke bed': 0, 'drinking water': 0, 'water kiosk': 0, 'water atm': 0, 'hydration point': 0, 'hydration centre': 0, 'hydration center': 0, 'cold water': 0, 'tube well': 0, 'tubewell': 0, 'borewell': 0, 'bore well': 0, 'hand pump': 0, 'handpump': 0, 'overhead tank': 0, 'oh tank': 0, 'stand post': 0, 'piped water supply': 0, 'water supply scheme': 0, 'jalachhatra': 0, 'jalachatra': 0, 'jala jogana kendra': 0, 'jal jogana kendra': 0, 'jal seva shibira': 0, 'water tanker': 0, 'water sprinkling': 0, 'cool roof': 0, 'white roof': 0, 'white topping': 0, 'roof insulation': 0, 'thermal insulation': 0, 'heat reflective': 0, 'reflective coating': 0, 'shade net': 0, 'shade structure': 0, 'canopy': 0, 'awning': 0, 'albedo paint': 0, 'albedo painting': 0, 'white painting': 0, 'reflective paint': 0, 'green roof': 0, 'green roofing': 0, 'k glass': 0, 'doubly glazed glass': 0, 'passive cooling': 0, 'air cooler': 0, 'white china mosaic': 0, 'lime based whitewash': 0, 'white tarp': 0, 'acrylic resin coating': 0, 'tree plantation': 0, 'avenue plantation': 0, 'plantation': 0, 'green belt': 0, 'urban forestry': 0, 'urban forest': 0, 'park development': 0, 'shelter belt': 0, 'shade tree': 0, 'vertical garden': 0, 'green space': 0, 'afforestation': 0, 'green campus': 0, 'night shelter': 0, 'transit shelter': 0, 'rest shed': 0, 'waiting shed': 0, 'community hall': 0, 'relief centre': 0, 'relief center': 0, 'bus stand shelter': 0, 'passenger shelter': 0, 'cool shelter': 0, 'rest shade': 0, 'cool resting space': 0, 'cool resting shed': 0, 'passenger shed': 0, 'outreach clinic': 0, 'awareness campaign': 0, 'iec activity': 0, 'iec material': 0, 'capacity building': 0, 'training programme': 0, 'training program': 0, 'mock drill': 0, 'sensitization': 0, 'swasthya kantha': 0, 'do and dont': 0, 'dos and donts': 0, 'display board': 0, 'hoarding': 0, 'pamphlet': 0, 'leaflet': 0, 'banner': 0}","{'floodlight': 0, 'flood light': 0, 'street light': 0, 'solar street light': 0, 'high mast light': 0, 'gas pipeline': 0, 'sports complex': 0, 'stadium': 0, 'cricket': 0, 'football': 0, 'volleyball': 0, 'examination hall': 0, 'cremation ground': 0, 'crematorium': 0, 'burial ground': 0, 'election': 0, 'covid': 0, 'vaccination': 0, 'wedding hall': 0, 'marriage hall': 0, 'kalyan mandap': 0, 'boundary wall': 0, 'compound wall': 0, 'staff quarter': 0, 'quarter building': 0, 'drug warehouse': 0, 'drug ware house': 0, 'godown': 0, 'bio medical waste': 0, 'biomedical waste': 0, 'bmw management': 0, 'waste management': 0}",weak,Post-Monsoon / Winter (Oct-Dec),,Heatwave & Emergency Response,Heatwave & Emergency Response,{'Heatwave & Emergency Response': {'saline': 2}}
2025_AULE_119654_36,e-Procurement Notice No.AED-14 OF 2025-26,AUL 40 Protection to Scoured bank on river Hansua Right on Keredagada Alatanga Saline Embankment from RD 13890M to 13920M,Protection to Scoured bank on river Hansua Right on Keredagada Alatanga Saline Embankment from RD 13890M to 13920M,Works,Open Tender,Percentage,Civil Works - Others,No,No,NA ,18-Oct-2025 10:00 AM,NA ,90.0,No ,No,Online,28-Oct-2025 11:00 AM,CE AND BM MBBS CHANDIKOLE||EASTERN CIRCLE II CHANDIKOLE||AUL Embankment Div AUL,AUL,754219.0,2.0,"83,84,186",AJIT KUMAR SAHOO,"7,127,397",Rejected-Finance,20-May-2026,CE AND BM MBBS CHANDIKOLE||EASTERN CIRCLE II CHANDIKOLE||AUL Embankment Div AUL,True,False,"{'heatwave': 0, 'heat wave': 0, 'heat-wave': 0, 'heat stress': 0, 'heat stroke': 0, 'heat action plan': 0, 'heat resilience': 0, 'heat resilient': 0, 'extreme heat': 0, 'high temperature': 0, 'rising temperature': 0, 'heat resistant': 0, 'climate resilient': 0, 'cooling centre': 0, 'cooling center': 0, 'emergency response': 0, 'first aid': 0, 'ambulance': 0, 'ors': 0, 'oral rehydration solution': 0, 'heat stroke treatment': 0, 'sunstroke': 0, 'sun stroke': 0, 'heat related illness': 0, 'heat illness': 0, 'heat exhaustion': 0, 'heat cramp': 0, 'heat rash': 0, 'heat alert': 0, 'heat warning': 0, 'heat advisory': 0, 'heat hotline': 0, 'satark': 0, 'early warning system': 0, 'saline': 2, 'iv fluid': 0, 'rapid response team': 0, 'mobile health unit': 0, 'relief chamber': 0, 'heat stroke ward': 0, 'heat stroke bed': 0, 'drinking water': 0, 'water kiosk': 0, 'water atm': 0, 'hydration point': 0, 'hydration centre': 0, 'hydration center': 0, 'cold water': 0, 'tube well': 0, 'tubewell': 0, 'borewell': 0, 'bore well': 0, 'hand pump': 0, 'handpump': 0, 'overhead tank': 0, 'oh tank': 0, 'stand post': 0, 'piped water supply': 0, 'water supply scheme': 0, 'jalachhatra': 0, 'jalachatra': 0, 'jala jogana kendra': 0, 'jal jogana kendra': 0, 'jal seva shibira': 0, 'water tanker': 0, 'water sprinkling': 0, 'cool roof': 0, 'white roof': 0, 'white topping': 0, 'roof insulation': 0, 'thermal insulation': 0, 'heat reflective': 0, 'reflective coating': 0, 'shade net': 0, 'shade structure': 0, 'canopy': 0, 'awning': 0, 'albedo paint': 0, 'albedo painting': 0, 'white painting': 0, 'reflective paint': 0, 'green roof': 0, 'green roofing': 0, 'k glass': 0, 'doubly glazed glass': 0, 'passive cooling': 0, 'air cooler': 0, 'white china mosaic': 0, 'lime based whitewash': 0, 'white tarp': 0, 'acrylic resin coating': 0, 'tree plantation': 0, 'avenue plantation': 0, 'plantation': 0, 'green belt': 0, 'urban forestry': 0, 'urban forest': 0, 'park development': 0, 'shelter belt': 0, 'shade tree': 0, 'vertical garden': 0, 'green space': 0, 'afforestation': 0, 'green campus': 0, 'night shelter': 0, 'transit shelter': 0, 'rest shed': 0, 'waiting shed': 0, 'community hall': 0, 'relief centre': 0, 'relief center': 0, 'bus stand shelter': 0, 'passenger shelter': 0, 'cool shelter': 0, 'rest shade': 0, 'cool resting space': 0, 'cool resting shed': 0, 'passenger shed': 0, 'outreach clinic': 0, 'awareness campaign': 0, 'iec activity': 0, 'iec material': 0, 'capacity building': 0, 'training programme': 0, 'training program': 0, 'mock drill': 0, 'sensitization': 0, 'swasthya kantha': 0, 'do and dont': 0, 'dos and donts': 0, 'display board': 0, 'hoarding': 0, 'pamphlet': 0, 'leaflet': 0, 'banner': 0}","{'floodlight': 0, 'flood light': 0, 'street light': 0, 'solar street light': 0, 'high mast light': 0, 'gas pipeline': 0, 'sports complex': 0, 'stadium': 0, 'cricket': 0, 'football': 0, 'volleyball': 0, 'examination hall': 0, 'cremation ground': 0, 'crematorium': 0, 'burial ground': 0, 'election': 0, 'covid': 0, 'vaccination': 0, 'wedding hall': 0, 'marriage hall': 0, 'kalyan mandap': 0, 'boundary wall': 0, 'compound wall': 0, 'staff quarter': 0, 'quarter building': 0, 'drug warehouse': 0, 'drug ware house': 0, 'godown': 0, 'bio medical waste': 0, 'biomedical waste': 0, 'bmw management': 0, 'waste management': 0}",weak,Post-Monsoon / Winter (Oct-Dec),,Heatwave & Emergency Response,Heatwave & Emergency Response,{'Heatwave & Emergency Response': {'saline': 2}}
2025_AULE_120863_4,e-Procurement Notice No.AED-15 OF 2025-26,AUL 21 Protection to scoured Bank on Keredagada Altang Saline Embankment from RD 16200M to 16260m,Protection to scoured Bank on Keredagada Altang Saline Embankment from RD 16200M to 16260m,Works,Open Tender,Percentage,Civil Works - Others,No,No,NA ,07-Nov-2025 10:00 AM,NA ,90.0,No ,No,Online,18-Nov-2025 11:00 AM,CE AND BM MBBS CHANDIKOLE||EASTERN CIRCLE II CHANDIKOLE||AUL Embankment Div AUL,AUL,754219.0,1.0,"46,99,690",ACHARYA CONSTRUCTIONS,"3,995,206",Rejected-Finance,22-May-2026,CE AND BM MBBS CHANDIKOLE||EASTERN CIRCLE II CHANDIKOLE||AUL Embankment Div AUL,True,False,"{'heatwave': 0, 'heat wave': 0, 'heat-wave': 0, 'heat stress': 0, 'heat stroke': 0, 'heat action plan': 0, 'heat resilience': 0, 'heat resilient': 0, 'extreme heat': 0, 'high temperature': 0, 'rising temperature': 0, 'heat resistant': 0, 'climate resilient': 0, 'cooling centre': 0, 'cooling center': 0, 'emergency response': 0, 'first aid': 0, 'ambulance': 0, 'ors': 0, 'oral rehydration solution': 0, 'heat stroke treatment': 0, 'sunstroke': 0, 'sun stroke': 0, 'heat related illness': 0, 'heat illness': 0, 'heat exhaustion': 0, 'heat cramp': 0, 'heat rash': 0, 'heat alert': 0, 'heat warning': 0, 'heat advisory': 0, 'heat hotline': 0, 'satark': 0, 'early warning system': 0, 'saline': 2, 'iv fluid': 0, 'rapid response team': 0, 'mobile health unit': 0, 'relief chamber': 0, 'heat stroke ward': 0, 'heat stroke bed': 0, 'drinking water': 0, 'water kiosk': 0, 'water atm': 0, 'hydration point': 0, 'hydration centre': 0, 'hydration center': 0, 'cold water': 0, 'tube well': 0, 'tubewell': 0, 'borewell': 0, 'bore well': 0, 'hand pump': 0, 'handpump': 0, 'overhead tank': 0, 'oh tank': 0, 'stand post': 0, 'piped water supply': 0, 'water supply scheme': 0, 'jalachhatra': 0, 'jalachatra': 0, 'jala jogana kendra': 0, 'jal jogana kendra': 0, 'jal seva shibira': 0, 'water tanker': 0, 'water sprinkling': 0, 'cool roof': 0, 'white roof': 0, 'white topping': 0, 'roof insulation': 0, 'thermal insulation': 0, 'heat reflective': 0, 'reflective coating': 0, 'shade net': 0, 'shade structure': 0, 'canopy': 0, 'awning': 0, 'albedo paint': 0, 'albedo painting': 0, 'white painting': 0, 'reflective paint': 0, 'green roof': 0, 'green roofing': 0, 'k glass': 0, 'doubly glazed glass': 0, 'passive cooling': 0, 'air cooler': 0, 'white china mosaic': 0, 'lime based whitewash': 0, 'white tarp': 0, 'acrylic resin coating': 0, 'tree plantation': 0, 'avenue plantation': 0, 'plantation': 0, 'green belt': 0, 'urban forestry': 0, 'urban forest': 0, 'park development': 0, 'shelter belt': 0, 'shade tree': 0, 'vertical garden': 0, 'green space': 0, 'afforestation': 0, 'green campus': 0, 'night shelter': 0, 'transit shelter': 0, 'rest shed': 0, 'waiting shed': 0, 'community hall': 0, 'relief centre': 0, 'relief center': 0, 'bus stand shelter': 0, 'passenger shelter': 0, 'cool shelter': 0, 'rest shade': 0, 'cool resting space': 0, 'cool resting shed': 0, 'passenger shed': 0, 'outreach clinic': 0, 'awareness campaign': 0, 'iec activity': 0, 'iec material': 0, 'capacity building': 0, 'training programme': 0, 'training program': 0, 'mock drill': 0, 'sensitization': 0, 'swasthya kantha': 0, 'do and dont': 0, 'dos and donts': 0, 'display board': 0, 'hoarding': 0, 'pamphlet': 0, 'leaflet': 0, 'banner': 0}","{'floodlight': 0, 'flood light': 0, 'street light': 0, 'solar street light': 0, 'high mast light': 0, 'gas pipeline': 0, 'sports complex': 0, 'stadium': 0, 'cricket': 0, 'football': 0, 'volleyball': 0, 'examination hall': 0, 'cremation ground': 0, 'crematorium': 0, 'burial ground': 0, 'election': 0, 'covid': 0, 'vaccination': 0, 'wedding hall': 0, 'marriage hall': 0, 'kalyan mandap': 0, 'boundary wall': 0, 'compound wall': 0, 'staff quarter': 0, 'quarter building': 0, 'drug warehouse': 0, 'drug ware house': 0, 'godown': 0, 'bio medical waste': 0, 'biomedical waste': 0, 'bmw management': 0, 'waste management': 0}",weak,Post-Monsoon / Winter (Oct-Dec),,Heatwave & Emergency Response,Heatwave & Emergency Response,{'Heatwave & Emergency Response': {'saline': 2}}
2025_AULE_120863_5,e-Procurement Notice No.AED-15 OF 2025-26,AUL 34 Raising and Strengthening of Gothakola Saline Embankment from RD 00 M to 1090 M.,Raising and Strengthening of Gothakola Saline Embankment from RD 00 M to 1090 M.,Works,Open Tender,Percentage,Civil Works - Others,No,No,NA ,07-Nov-2025 10:00 AM,NA ,90.0,No ,No,Online,18-Nov-2025 11:00 AM,CE AND BM MBBS CHANDIKOLE||EASTERN CIRCLE II CHANDIKOLE||AUL Embankment Div AUL,AUL,754219.0,1.0,"46,31,419",ANSHUMAN TRIPATHY,"3,937,170",Rejected-Finance,22-May-2026,CE AND BM MBBS CHANDIKOLE||EASTERN CIRCLE II CHANDIKOLE||AUL Embankment Div AUL,True,False,"{'heatwave': 0, 'heat wave': 0, 'heat-wave': 0, 'heat stress': 0, 'heat stroke': 0, 'heat action plan': 0, 'heat resilience': 0, 'heat resilient': 0, 'extreme heat': 0, 'high temperature': 0, 'rising temperature': 0, 'heat resistant': 0, 'climate resilient': 0, 'cooling centre': 0, 'cooling center': 0, 'emergency response': 0, 'first aid': 0, 'ambulance': 0, 'ors': 0, 'oral rehydration solution': 0, 'heat stroke treatment': 0, 'sunstroke': 0, 'sun stroke': 0, 'heat related illness': 0, 'heat illness': 0, 'heat exhaustion': 0, 'heat cramp': 0, 'heat rash': 0, 'heat alert': 0, 'heat warning': 0, 'heat advisory': 0, 'heat hotline': 0, 'satark': 0, 'early warning system': 0, 'saline': 2, 'iv fluid': 0, 'rapid response team': 0, 'mobile health unit': 0, 'relief chamber': 0, 'heat stroke ward': 0, 'heat stroke bed': 0, 'drinking water': 0, 'water kiosk': 0, 'water atm': 0, 'hydration point': 0, 'hydration centre': 0, 'hydration center': 0, 'cold water': 0, 'tube well': 0, 'tubewell': 0, 'borewell': 0, 'bore well': 0, 'hand pump': 0, 'handpump': 0, 'overhead tank': 0, 'oh tank': 0, 'stand post': 0, 'piped water supply': 0, 'water supply scheme': 0, 'jalachhatra': 0, 'jalachatra': 0, 'jala jogana kendra': 0, 'jal jogana kendra': 0, 'jal seva shibira': 0, 'water tanker': 0, 'water sprinkling': 0, 'cool roof': 0, 'white roof': 0, 'white topping': 0, 'roof insulation': 0, 'thermal insulation': 0, 'heat reflective': 0, 'reflective coating': 0, 'shade net': 0, 'shade structure': 0, 'canopy': 0, 'awning': 0, 'albedo paint': 0, 'albedo painting': 0, 'white painting': 0, 'reflective paint': 0, 'green roof': 0, 'green roofing': 0, 'k glass': 0, 'doubly glazed glass': 0, 'passive cooling': 0, 'air cooler': 0, 'white china mosaic': 0, 'lime based whitewash': 0, 'white tarp': 0, 'acrylic resin coating': 0, 'tree plantation': 0, 'avenue plantation': 0, 'plantation': 0, 'green belt': 0, 'urban forestry': 0, 'urban forest': 0, 'park development': 0, 'shelter belt': 0, 'shade tree': 0, 'vertical garden': 0, 'green space': 0, 'afforestation': 0, 'green campus': 0, 'night shelter': 0, 'transit shelter': 0, 'rest shed': 0, 'waiting shed': 0, 'community hall': 0, 'relief centre': 0, 'relief center': 0, 'bus stand shelter': 0, 'passenger shelter': 0, 'cool shelter': 0, 'rest shade': 0, 'cool resting space': 0, 'cool resting shed': 0, 'passenger shed': 0, 'outreach clinic': 0, 'awareness campaign': 0, 'iec activity': 0, 'iec material': 0, 'capacity building': 0, 'training programme': 0, 'training program': 0, 'mock drill': 0, 'sensitization': 0, 'swasthya kantha': 0, 'do and dont': 0, 'dos and donts': 0, 'display board': 0, 'hoarding': 0, 'pamphlet': 0, 'leaflet': 0, 'banner': 0}","{'floodlight': 0, 'flood light': 0, 'street light': 0, 'solar street light': 0, 'high mast light': 0, 'gas pipeline': 0, 'sports complex': 0, 'stadium': 0, 'cricket': 0, 'football': 0, 'volleyball': 0, 'examination hall': 0, 'cremation ground': 0, 'crematorium': 0, 'burial ground': 0, 'election': 0, 'covid': 0, 'vaccination': 0, 'wedding hall': 0, 'marriage hall': 0, 'kalyan mandap': 0, 'boundary wall': 0, 'compound wall': 0, 'staff quarter': 0, 'quarter building': 0, 'drug warehouse': 0, 'drug ware house': 0, 'godown': 0, 'bio medical waste': 0, 'biomedical waste': 0, 'bmw management': 0, 'waste management': 0}",weak,Post-Monsoon / Winter (Oct-Dec),,Heatwave & Emergency Response,Heatwave & Emergency Response,{'Heatwave & Emergency Response': {'saline': 2}}
2025_AULE_119654_37,e-Procurement Notice No.AED-14 OF 2025-26,AUL 41 Protection to Scoured bank on Keredagada Alatanga Saline Embankment from RD 11390M to 11420M.,Protection to Scoured bank on Keredagada Alatanga Saline Embankment from RD 11390M to 11420M.,Works,Open Tender,Percentage,Civil Works - Others,No,No,NA ,18-Oct-2025 10:00 AM,NA ,90.0,No ,No,Online,28-Oct-2025 11:00 AM,CE AND BM MBBS CHANDIKOLE||EASTERN CIRCLE II CHANDIKOLE||AUL Embankment Div AUL,AUL,754219.0,2.0,"83,27,453",ALEKHA PRASAD NATH,"7,079,168",Rejected-Finance,20-May-2026,CE AND BM MBBS CHANDIKOLE||EASTERN CIRCLE II CHANDIKOLE||AUL Embankment Div AUL,True,False,"{'heatwave': 0, 'heat wave': 0, 'heat-wave': 0, 'heat stress': 0, 'heat stroke': 0, 'heat action plan': 0, 'heat resilience': 0, 'heat resilient': 0, 'extreme heat': 0, 'high temperature': 0, 'rising temperature': 0, 'heat resistant': 0, 'climate resilient': 0, 'cooling centre': 0, 'cooling center': 0, 'emergency response': 0, 'first aid': 0, 'ambulance': 0, 'ors': 0, 'oral rehydration solution': 0, 'heat stroke treatment': 0, 'sunstroke': 0, 'sun stroke': 0, 'heat related illness': 0, 'heat illness': 0, 'heat exhaustion': 0, 'heat cramp': 0, 'heat rash': 0, 'heat alert': 0, 'heat warning': 0, 'heat advisory': 0, 'heat hotline': 0, 'satark': 0, 'early warning system': 0, 'saline': 2, 'iv fluid': 0, 'rapid response team': 0, 'mobile health unit': 0, 'relief chamber': 0, 'heat stroke ward': 0, 'heat stroke bed': 0, 'drinking water': 0, 'water kiosk': 0, 'water atm': 0, 'hydration point': 0, 'hydration centre': 0, 'hydration center': 0, 'cold water': 0, 'tube well': 0, 'tubewell': 0, 'borewell': 0, 'bore well': 0, 'hand pump': 0, 'handpump': 0, 'overhead tank': 0, 'oh tank': 0, 'stand post': 0, 'piped water supply': 0, 'water supply scheme': 0, 'jalachhatra': 0, 'jalachatra': 0, 'jala jogana kendra': 0, 'jal jogana kendra': 0, 'jal seva shibira': 0, 'water tanker': 0, 'water sprinkling': 0, 'cool roof': 0, 'white roof': 0, 'white topping': 0, 'roof insulation': 0, 'thermal insulation': 0, 'heat reflective': 0, 'reflective coating': 0, 'shade net': 0, 'shade structure': 0, 'canopy': 0, 'awning': 0, 'albedo paint': 0, 'albedo painting': 0, 'white painting': 0, 'reflective paint': 0, 'green roof': 0, 'green roofing': 0, 'k glass': 0, 'doubly glazed glass': 0, 'passive cooling': 0, 'air cooler': 0, 'white china mosaic': 0, 'lime based whitewash': 0, 'white tarp': 0, 'acrylic resin coating': 0, 'tree plantation': 0, 'avenue plantation': 0, 'plantation': 0, 'green belt': 0, 'urban forestry': 0, 'urban forest': 0, 'park development': 0, 'shelter belt': 0, 'shade tree': 0, 'vertical garden': 0, 'green space': 0, 'afforestation': 0, 'green campus': 0, 'night shelter': 0, 'transit shelter': 0, 'rest shed': 0, 'waiting shed': 0, 'community hall': 0, 'relief centre': 0, 'relief center': 0, 'bus stand shelter': 0, 'passenger shelter': 0, 'cool shelter': 0, 'rest shade': 0, 'cool resting space': 0, 'cool resting shed': 0, 'passenger shed': 0, 'outreach clinic': 0, 'awareness campaign': 0, 'iec activity': 0, 'iec material': 0, 'capacity building': 0, 'training programme': 0, 'training program': 0, 'mock drill': 0, 'sensitization': 0, 'swasthya kantha': 0, 'do and dont': 0, 'dos and donts': 0, 'display board': 0, 'hoarding': 0, 'pamphlet': 0, 'leaflet': 0, 'banner': 0}","{'floodlight': 0, 'flood light': 0, 'street light': 0, 'solar street light': 0, 'high mast light': 0, 'gas pipeline': 0, 'sports complex': 0, 'stadium': 0, 'cricket': 0, 'football': 0, 'volleyball': 0, 'examination hall': 0, 'cremation ground': 0, 'crematorium': 0, 'burial ground': 0, 'election': 0, 'covid': 0, 'vaccination': 0, 'wedding hall': 0, 'marriage hall': 0, 'kalyan mandap': 0, 'boundary wall': 0, 'compound wall': 0, 'staff quarter': 0, 'quarter building': 0, 'drug warehouse': 0, 'drug ware house': 0, 'godown': 0, 'bio medical waste': 0, 'biomedical waste': 0, 'bmw management': 0, 'waste management': 0}",weak,Post-Monsoon / Winter (Oct-Dec),,Heatwave & Emergency Response,Heatwave & Emergency Response,{'Heatwave & Emergency Response': {'saline': 2}}
2025_AULE_119654_23,e-Procurement Notice No.AED-14 OF 2025-26,AUL 27 Protection to Scoured bank on Radhia Kansar Saline Embabnkment from RD 16000 M to 16090 M near village Kakatapur,Protection to Scoured bank on Radhia Kansar Saline Embabnkment from RD 16000 M to 16090 M near village Kakatapur,Works,Open Tender,Percentage,Civil Works - Others,No,No,NA ,18-Oct-2025 10:00 AM,NA ,90.0,No ,No,Online,28-Oct-2025 11:00 AM,CE AND BM MBBS CHANDIKOLE||EASTERN CIRCLE II CHANDIKOLE||AUL Embankment Div AUL,AUL,754219.0,2.0,"75,41,933",AJAY KUMAR SETHI,"6,411,397",Rejected-Finance,20-May-2026,CE AND BM MBBS CHANDIKOLE||EASTERN CIRCLE II CHANDIKOLE||AUL Embankment Div AUL,True,False,"{'heatwave': 0, 'heat wave': 0, 'heat-wave': 0, 'heat stress': 0, 'heat stroke': 0, 'heat action plan': 0, 'heat resilience': 0, 'heat resilient': 0, 'extreme heat': 0, 'high temperature': 0, 'rising temperature': 0, 'heat resistant': 0, 'climate resilient': 0, 'cooling centre': 0, 'cooling center': 0, 'emergency response': 0, 'first aid': 0, 'ambulance': 0, 'ors': 0, 'oral rehydration solution': 0, 'heat stroke treatment': 0, 'sunstroke': 0, 'sun stroke': 0, 'heat related illness': 0, 'heat illness': 0, 'heat exhaustion': 0, 'heat cramp': 0, 'heat rash': 0, 'heat alert': 0, 'heat warning': 0, 'heat advisory': 0, 'heat hotline': 0, 'satark': 0, 'early warning system': 0, 'saline': 2, 'iv fluid': 0, 'rapid response team': 0, 'mobile health unit': 0, 'relief chamber': 0, 'heat stroke ward': 0, 'heat stroke bed': 0, 'drinking water': 0, 'water kiosk': 0, 'water atm': 0, 'hydration point': 0, 'hydration centre': 0, 'hydration center': 0, 'cold water': 0, 'tube well': 0, 'tubewell': 0, 'borewell': 0, 'bore well': 0, 'hand pump': 0, 'handpump': 0, 'overhead tank': 0, 'oh tank': 0, 'stand post': 0, 'piped water supply': 0, 'water supply scheme': 0, 'jalachhatra': 0, 'jalachatra': 0, 'jala jogana kendra': 0, 'jal jogana kendra': 0, 'jal seva shibira': 0, 'water tanker': 0, 'water sprinkling': 0, 'cool roof': 0, 'white roof': 0, 'white topping': 0, 'roof insulation': 0, 'thermal insulation': 0, 'heat reflective': 0, 'reflective coating': 0, 'shade net': 0, 'shade structure': 0, 'canopy': 0, 'awning': 0, 'albedo paint': 0, 'albedo painting': 0, 'white painting': 0, 'reflective paint': 0, 'green roof': 0, 'green roofing': 0, 'k glass': 0, 'doubly glazed glass': 0, 'passive cooling': 0, 'air cooler': 0, 'white china mosaic': 0, 'lime based whitewash': 0, 'white tarp': 0, 'acrylic resin coating': 0, 'tree plantation': 0, 'avenue plantation': 0, 'plantation': 0, 'green belt': 0, 'urban forestry': 0, 'urban forest': 0, 'park development': 0, 'shelter belt': 0, 'shade tree': 0, 'vertical garden': 0, 'green space': 0, 'afforestation': 0, 'green campus': 0, 'night shelter': 0, 'transit shelter': 0, 'rest shed': 0, 'waiting shed': 0, 'community hall': 0, 'relief centre': 0, 'relief center': 0, 'bus stand shelter': 0, 'passenger shelter': 0, 'cool shelter': 0, 'rest shade': 0, 'cool resting space': 0, 'cool resting shed': 0, 'passenger shed': 0, 'outreach clinic': 0, 'awareness campaign': 0, 'iec activity': 0, 'iec material': 0, 'capacity building': 0, 'training programme': 0, 'training program': 0, 'mock drill': 0, 'sensitization': 0, 'swasthya kantha': 0, 'do and dont': 0, 'dos and donts': 0, 'display board': 0, 'hoarding': 0, 'pamphlet': 0, 'leaflet': 0, 'banner': 0}","{'floodlight': 0, 'flood light': 0, 'street light': 0, 'solar street light': 0, 'high mast light': 0, 'gas pipeline': 0, 'sports complex': 0, 'stadium': 0, 'cricket': 0, 'football': 0, 'volleyball': 0, 'examination hall': 0, 'cremation ground': 0, 'crematorium': 0, 'burial ground': 0, 'election': 0, 'covid': 0, 'vaccination': 0, 'wedding hall': 0, 'marriage hall': 0, 'kalyan mandap': 0, 'boundary wall': 0, 'compound wall': 0, 'staff quarter': 0, 'quarter building': 0, 'drug warehouse': 0, 'drug ware house': 0, 'godown': 0, 'bio medical waste': 0, 'biomedical waste': 0, 'bmw management': 0, 'waste management': 0}",weak,Post-Monsoon / Winter (Oct-Dec),,Heatwave & Emergency Response,Heatwave & Emergency Response,{'Heatwave & Emergency Response': {'saline': 2}}
