Tender ID,tender_externalreference,tender_title,Work Description,Tender Category,Tender Type,Form of contract,Product Category,Is Multi Currency Allowed For BOQ,Allow Two Stage Bidding,Independent External Monitor/Remarks,Published Date,Pre Bid Meeting Date,Bid Validity(Days),Should Allow NDA Tender,Allow Preferential Bidder,Payment Mode,Bid Opening Date,Organisation Chain,location,Pincode,No of Bids Received,Tender Value in ₹,Bidder Name,Awarded Value,Status,Contract Date :,Department,is_heat_tender,is_strong_heat_tender,positive_keywords_dict,negative_keywords_dict,heat_signal,Season,Scheme,Response Type,Heat Response - Themes,Heat Response - Subhead
2025_ORULB_122589_16,RGDA-MUN-07/2025-26,"Construction of Rest shed for Vehicle at Antariguda Wealth Center, under Rayagada Municipality in ward no-11.","Construction of Rest shed for Vehicle at Antariguda Wealth Center, under Rayagada Municipality in ward no-11.",Works,Open Tender,Percentage,Civil Works - Others,No,No,NA ,05-Dec-2025 05:30 PM,NA ,120.0,No ,No,Online,20-Dec-2025 11:30 AM,Municipal Bodies||Rayagada Municipality,Rayagada Munucipality,765001.0,1.0,"16,94,392",DAMBARUDHAR MAJHI,"1,440,403",Rejected-Finance,26-Feb-2026,Municipal Bodies||Rayagada Municipality,True,False,"{'heatwave': 0, 'heat wave': 0, 'heat-wave': 0, 'heat stress': 0, 'heat stroke': 0, 'heat action plan': 0, 'heat resilience': 0, 'heat resilient': 0, 'extreme heat': 0, 'high temperature': 0, 'rising temperature': 0, 'heat resistant': 0, 'climate resilient': 0, 'cooling centre': 0, 'cooling center': 0, 'emergency response': 0, 'first aid': 0, 'ambulance': 0, 'ors': 0, 'oral rehydration solution': 0, 'heat stroke treatment': 0, 'sunstroke': 0, 'sun stroke': 0, 'heat related illness': 0, 'heat illness': 0, 'heat exhaustion': 0, 'heat cramp': 0, 'heat rash': 0, 'heat alert': 0, 'heat warning': 0, 'heat advisory': 0, 'heat hotline': 0, 'satark': 0, 'early warning system': 0, 'saline': 0, 'iv fluid': 0, 'rapid response team': 0, 'mobile health unit': 0, 'relief chamber': 0, 'heat stroke ward': 0, 'heat stroke bed': 0, 'drinking water': 0, 'water kiosk': 0, 'water atm': 0, 'hydration point': 0, 'hydration centre': 0, 'hydration center': 0, 'cold water': 0, 'tube well': 0, 'tubewell': 0, 'borewell': 0, 'bore well': 0, 'hand pump': 0, 'handpump': 0, 'overhead tank': 0, 'oh tank': 0, 'stand post': 0, 'piped water supply': 0, 'water supply scheme': 0, 'jalachhatra': 0, 'jalachatra': 0, 'jala jogana kendra': 0, 'jal jogana kendra': 0, 'jal seva shibira': 0, 'water tanker': 0, 'water sprinkling': 0, 'cool roof': 0, 'white roof': 0, 'white topping': 0, 'roof insulation': 0, 'thermal insulation': 0, 'heat reflective': 0, 'reflective coating': 0, 'shade net': 0, 'shade structure': 0, 'canopy': 0, 'awning': 0, 'albedo paint': 0, 'albedo painting': 0, 'white painting': 0, 'reflective paint': 0, 'green roof': 0, 'green roofing': 0, 'k glass': 0, 'doubly glazed glass': 0, 'passive cooling': 0, 'air cooler': 0, 'white china mosaic': 0, 'lime based whitewash': 0, 'white tarp': 0, 'acrylic resin coating': 0, 'tree plantation': 0, 'avenue plantation': 0, 'plantation': 0, 'green belt': 0, 'urban forestry': 0, 'urban forest': 0, 'park development': 0, 'shelter belt': 0, 'shade tree': 0, 'vertical garden': 0, 'green space': 0, 'afforestation': 0, 'green campus': 0, 'night shelter': 0, 'transit shelter': 0, 'rest shed': 2, 'waiting shed': 0, 'community hall': 0, 'relief centre': 0, 'relief center': 0, 'bus stand shelter': 0, 'passenger shelter': 0, 'cool shelter': 0, 'rest shade': 0, 'cool resting space': 0, 'cool resting shed': 0, 'passenger shed': 0, 'outreach clinic': 0, 'awareness campaign': 0, 'iec activity': 0, 'iec material': 0, 'capacity building': 0, 'training programme': 0, 'training program': 0, 'mock drill': 0, 'sensitization': 0, 'swasthya kantha': 0, 'do and dont': 0, 'dos and donts': 0, 'display board': 0, 'hoarding': 0, 'pamphlet': 0, 'leaflet': 0, 'banner': 0}","{'floodlight': 0, 'flood light': 0, 'street light': 0, 'solar street light': 0, 'high mast light': 0, 'gas pipeline': 0, 'sports complex': 0, 'stadium': 0, 'cricket': 0, 'football': 0, 'volleyball': 0, 'examination hall': 0, 'cremation ground': 0, 'crematorium': 0, 'burial ground': 0, 'election': 0, 'covid': 0, 'vaccination': 0, 'wedding hall': 0, 'marriage hall': 0, 'kalyan mandap': 0, 'boundary wall': 0, 'compound wall': 0, 'staff quarter': 0, 'quarter building': 0, 'drug warehouse': 0, 'drug ware house': 0, 'godown': 0, 'bio medical waste': 0, 'biomedical waste': 0, 'bmw management': 0, 'waste management': 0}",weak,Post-Monsoon / Winter (Oct-Dec),,Shelter & Rest Infrastructure,Shelter & Rest Infrastructure,{'Shelter & Rest Infrastructure': {'rest shed': 2}}
2025_WCUTT_123255_1,GMWATCO (W)-13(5)/2025-26 Dtd.09.12.2025,"Construction of DRINKING WATER KIOSK in front of G.S. Park, Ward No- 18 Zone-21 under WATCO Section Townhall, Cuttack","Construction of DRINKING WATER KIOSK in front of G.S. Park, Ward No- 18 Zone-21 under WATCO Section Townhall, Cuttack",Works,National Competitive Bid,Percentage,Civil Works - Water Works,No,No,NA ,15-Dec-2025 06:15 PM,NA ,120.0,No ,No,Online,29-Dec-2025 12:30 PM,WATCO Bhubaneswar||Director (Operation) Watco||WATCO Division Cuttack,Cuttack,753003.0,1.0,"7,31,518",SANTOSH KUMAR MOHAPATRA,"621,863",Accepted-AOC,16-Feb-2026,WATCO Bhubaneswar||Director (Operation) Watco||WATCO Division Cuttack,True,True,"{'heatwave': 0, 'heat wave': 0, 'heat-wave': 0, 'heat stress': 0, 'heat stroke': 0, 'heat action plan': 0, 'heat resilience': 0, 'heat resilient': 0, 'extreme heat': 0, 'high temperature': 0, 'rising temperature': 0, 'heat resistant': 0, 'climate resilient': 0, 'cooling centre': 0, 'cooling center': 0, 'emergency response': 0, 'first aid': 0, 'ambulance': 0, 'ors': 0, 'oral rehydration solution': 0, 'heat stroke treatment': 0, 'sunstroke': 0, 'sun stroke': 0, 'heat related illness': 0, 'heat illness': 0, 'heat exhaustion': 0, 'heat cramp': 0, 'heat rash': 0, 'heat alert': 0, 'heat warning': 0, 'heat advisory': 0, 'heat hotline': 0, 'satark': 0, 'early warning system': 0, 'saline': 0, 'iv fluid': 0, 'rapid response team': 0, 'mobile health unit': 0, 'relief chamber': 0, 'heat stroke ward': 0, 'heat stroke bed': 0, 'drinking water': 2, 'water kiosk': 2, 'water atm': 0, 'hydration point': 0, 'hydration centre': 0, 'hydration center': 0, 'cold water': 0, 'tube well': 0, 'tubewell': 0, 'borewell': 0, 'bore well': 0, 'hand pump': 0, 'handpump': 0, 'overhead tank': 0, 'oh tank': 0, 'stand post': 0, 'piped water supply': 0, 'water supply scheme': 0, 'jalachhatra': 0, 'jalachatra': 0, 'jala jogana kendra': 0, 'jal jogana kendra': 0, 'jal seva shibira': 0, 'water tanker': 0, 'water sprinkling': 0, 'cool roof': 0, 'white roof': 0, 'white topping': 0, 'roof insulation': 0, 'thermal insulation': 0, 'heat reflective': 0, 'reflective coating': 0, 'shade net': 0, 'shade structure': 0, 'canopy': 0, 'awning': 0, 'albedo paint': 0, 'albedo painting': 0, 'white painting': 0, 'reflective paint': 0, 'green roof': 0, 'green roofing': 0, 'k glass': 0, 'doubly glazed glass': 0, 'passive cooling': 0, 'air cooler': 0, 'white china mosaic': 0, 'lime based whitewash': 0, 'white tarp': 0, 'acrylic resin coating': 0, 'tree plantation': 0, 'avenue plantation': 0, 'plantation': 0, 'green belt': 0, 'urban forestry': 0, 'urban forest': 0, 'park development': 0, 'shelter belt': 0, 'shade tree': 0, 'vertical garden': 0, 'green space': 0, 'afforestation': 0, 'green campus': 0, 'night shelter': 0, 'transit shelter': 0, 'rest shed': 0, 'waiting shed': 0, 'community hall': 0, 'relief centre': 0, 'relief center': 0, 'bus stand shelter': 0, 'passenger shelter': 0, 'cool shelter': 0, 'rest shade': 0, 'cool resting space': 0, 'cool resting shed': 0, 'passenger shed': 0, 'outreach clinic': 0, 'awareness campaign': 0, 'iec activity': 0, 'iec material': 0, 'capacity building': 0, 'training programme': 0, 'training program': 0, 'mock drill': 0, 'sensitization': 0, 'swasthya kantha': 0, 'do and dont': 0, 'dos and donts': 0, 'display board': 0, 'hoarding': 0, 'pamphlet': 0, 'leaflet': 0, 'banner': 0}","{'floodlight': 0, 'flood light': 0, 'street light': 0, 'solar street light': 0, 'high mast light': 0, 'gas pipeline': 0, 'sports complex': 0, 'stadium': 0, 'cricket': 0, 'football': 0, 'volleyball': 0, 'examination hall': 0, 'cremation ground': 0, 'crematorium': 0, 'burial ground': 0, 'election': 0, 'covid': 0, 'vaccination': 0, 'wedding hall': 0, 'marriage hall': 0, 'kalyan mandap': 0, 'boundary wall': 0, 'compound wall': 0, 'staff quarter': 0, 'quarter building': 0, 'drug warehouse': 0, 'drug ware house': 0, 'godown': 0, 'bio medical waste': 0, 'biomedical waste': 0, 'bmw management': 0, 'waste management': 0}",strong,Post-Monsoon / Winter (Oct-Dec),,Drinking Water & Hydration,Drinking Water & Hydration,"{'Drinking Water & Hydration': {'drinking water': 2, 'water kiosk': 2}}"
2025_CERWI_121270_41,Tenderonline SBPR-09 of 25-26,Repair to Revenue Rest shed Building at Tahasil office at Naktideul for the year 25-26,Repair to Revenue Rest shed Building at Tahasil office at Naktideul for the year 25-26,Works,Open Tender,Percentage,Civil Works - Buildings,No,No,NA ,25-Nov-2025 12:55 PM,NA ,90.0,No ,No,Online,03-Dec-2025 10:00 AM,CE RW I||RWCIRCLE-SAMBALPUR||RWDIVISION-SAMBALPUR,Sambalpur,768001.0,1.0,"4,20,000",ASHOK KUMAR SAHOO,"356,715",Rejected-Technical,19-Feb-2026,CE RW I||RWCIRCLE-SAMBALPUR||RWDIVISION-SAMBALPUR,True,False,"{'heatwave': 0, 'heat wave': 0, 'heat-wave': 0, 'heat stress': 0, 'heat stroke': 0, 'heat action plan': 0, 'heat resilience': 0, 'heat resilient': 0, 'extreme heat': 0, 'high temperature': 0, 'rising temperature': 0, 'heat resistant': 0, 'climate resilient': 0, 'cooling centre': 0, 'cooling center': 0, 'emergency response': 0, 'first aid': 0, 'ambulance': 0, 'ors': 0, 'oral rehydration solution': 0, 'heat stroke treatment': 0, 'sunstroke': 0, 'sun stroke': 0, 'heat related illness': 0, 'heat illness': 0, 'heat exhaustion': 0, 'heat cramp': 0, 'heat rash': 0, 'heat alert': 0, 'heat warning': 0, 'heat advisory': 0, 'heat hotline': 0, 'satark': 0, 'early warning system': 0, 'saline': 0, 'iv fluid': 0, 'rapid response team': 0, 'mobile health unit': 0, 'relief chamber': 0, 'heat stroke ward': 0, 'heat stroke bed': 0, 'drinking water': 0, 'water kiosk': 0, 'water atm': 0, 'hydration point': 0, 'hydration centre': 0, 'hydration center': 0, 'cold water': 0, 'tube well': 0, 'tubewell': 0, 'borewell': 0, 'bore well': 0, 'hand pump': 0, 'handpump': 0, 'overhead tank': 0, 'oh tank': 0, 'stand post': 0, 'piped water supply': 0, 'water supply scheme': 0, 'jalachhatra': 0, 'jalachatra': 0, 'jala jogana kendra': 0, 'jal jogana kendra': 0, 'jal seva shibira': 0, 'water tanker': 0, 'water sprinkling': 0, 'cool roof': 0, 'white roof': 0, 'white topping': 0, 'roof insulation': 0, 'thermal insulation': 0, 'heat reflective': 0, 'reflective coating': 0, 'shade net': 0, 'shade structure': 0, 'canopy': 0, 'awning': 0, 'albedo paint': 0, 'albedo painting': 0, 'white painting': 0, 'reflective paint': 0, 'green roof': 0, 'green roofing': 0, 'k glass': 0, 'doubly glazed glass': 0, 'passive cooling': 0, 'air cooler': 0, 'white china mosaic': 0, 'lime based whitewash': 0, 'white tarp': 0, 'acrylic resin coating': 0, 'tree plantation': 0, 'avenue plantation': 0, 'plantation': 0, 'green belt': 0, 'urban forestry': 0, 'urban forest': 0, 'park development': 0, 'shelter belt': 0, 'shade tree': 0, 'vertical garden': 0, 'green space': 0, 'afforestation': 0, 'green campus': 0, 'night shelter': 0, 'transit shelter': 0, 'rest shed': 2, 'waiting shed': 0, 'community hall': 0, 'relief centre': 0, 'relief center': 0, 'bus stand shelter': 0, 'passenger shelter': 0, 'cool shelter': 0, 'rest shade': 0, 'cool resting space': 0, 'cool resting shed': 0, 'passenger shed': 0, 'outreach clinic': 0, 'awareness campaign': 0, 'iec activity': 0, 'iec material': 0, 'capacity building': 0, 'training programme': 0, 'training program': 0, 'mock drill': 0, 'sensitization': 0, 'swasthya kantha': 0, 'do and dont': 0, 'dos and donts': 0, 'display board': 0, 'hoarding': 0, 'pamphlet': 0, 'leaflet': 0, 'banner': 0}","{'floodlight': 0, 'flood light': 0, 'street light': 0, 'solar street light': 0, 'high mast light': 0, 'gas pipeline': 0, 'sports complex': 0, 'stadium': 0, 'cricket': 0, 'football': 0, 'volleyball': 0, 'examination hall': 0, 'cremation ground': 0, 'crematorium': 0, 'burial ground': 0, 'election': 0, 'covid': 0, 'vaccination': 0, 'wedding hall': 0, 'marriage hall': 0, 'kalyan mandap': 0, 'boundary wall': 0, 'compound wall': 0, 'staff quarter': 0, 'quarter building': 0, 'drug warehouse': 0, 'drug ware house': 0, 'godown': 0, 'bio medical waste': 0, 'biomedical waste': 0, 'bmw management': 0, 'waste management': 0}",weak,Post-Monsoon / Winter (Oct-Dec),,Shelter & Rest Infrastructure,Shelter & Rest Infrastructure,{'Shelter & Rest Infrastructure': {'rest shed': 2}}
2025_OSAMB_118300_11,01/2025-26,Construction of Office-cum-Rest Shed for farmers at Gajabahal Paddy Procurement Center,Construction of Office-cum-Rest Shed for farmers at Gajabahal Paddy Procurement Center,Works,Open Tender,Percentage,Civil Works - Buildings,No,No,NA ,22-Sep-2025 10:00 AM,NA ,90.0,No ,No,Online,14-Oct-2025 11:00 AM,Odisha State Agricultural Marketing Board||RMC Gunupur,Gajabahal,765019.0,1.0,"17,90,656",ALLAPA BISWESWARA RAO,"1,522,236.6",Accepted-AOC,02-Feb-2026,Odisha State Agricultural Marketing Board||RMC Gunupur,True,False,"{'heatwave': 0, 'heat wave': 0, 'heat-wave': 0, 'heat stress': 0, 'heat stroke': 0, 'heat action plan': 0, 'heat resilience': 0, 'heat resilient': 0, 'extreme heat': 0, 'high temperature': 0, 'rising temperature': 0, 'heat resistant': 0, 'climate resilient': 0, 'cooling centre': 0, 'cooling center': 0, 'emergency response': 0, 'first aid': 0, 'ambulance': 0, 'ors': 0, 'oral rehydration solution': 0, 'heat stroke treatment': 0, 'sunstroke': 0, 'sun stroke': 0, 'heat related illness': 0, 'heat illness': 0, 'heat exhaustion': 0, 'heat cramp': 0, 'heat rash': 0, 'heat alert': 0, 'heat warning': 0, 'heat advisory': 0, 'heat hotline': 0, 'satark': 0, 'early warning system': 0, 'saline': 0, 'iv fluid': 0, 'rapid response team': 0, 'mobile health unit': 0, 'relief chamber': 0, 'heat stroke ward': 0, 'heat stroke bed': 0, 'drinking water': 0, 'water kiosk': 0, 'water atm': 0, 'hydration point': 0, 'hydration centre': 0, 'hydration center': 0, 'cold water': 0, 'tube well': 0, 'tubewell': 0, 'borewell': 0, 'bore well': 0, 'hand pump': 0, 'handpump': 0, 'overhead tank': 0, 'oh tank': 0, 'stand post': 0, 'piped water supply': 0, 'water supply scheme': 0, 'jalachhatra': 0, 'jalachatra': 0, 'jala jogana kendra': 0, 'jal jogana kendra': 0, 'jal seva shibira': 0, 'water tanker': 0, 'water sprinkling': 0, 'cool roof': 0, 'white roof': 0, 'white topping': 0, 'roof insulation': 0, 'thermal insulation': 0, 'heat reflective': 0, 'reflective coating': 0, 'shade net': 0, 'shade structure': 0, 'canopy': 0, 'awning': 0, 'albedo paint': 0, 'albedo painting': 0, 'white painting': 0, 'reflective paint': 0, 'green roof': 0, 'green roofing': 0, 'k glass': 0, 'doubly glazed glass': 0, 'passive cooling': 0, 'air cooler': 0, 'white china mosaic': 0, 'lime based whitewash': 0, 'white tarp': 0, 'acrylic resin coating': 0, 'tree plantation': 0, 'avenue plantation': 0, 'plantation': 0, 'green belt': 0, 'urban forestry': 0, 'urban forest': 0, 'park development': 0, 'shelter belt': 0, 'shade tree': 0, 'vertical garden': 0, 'green space': 0, 'afforestation': 0, 'green campus': 0, 'night shelter': 0, 'transit shelter': 0, 'rest shed': 2, 'waiting shed': 0, 'community hall': 0, 'relief centre': 0, 'relief center': 0, 'bus stand shelter': 0, 'passenger shelter': 0, 'cool shelter': 0, 'rest shade': 0, 'cool resting space': 0, 'cool resting shed': 0, 'passenger shed': 0, 'outreach clinic': 0, 'awareness campaign': 0, 'iec activity': 0, 'iec material': 0, 'capacity building': 0, 'training programme': 0, 'training program': 0, 'mock drill': 0, 'sensitization': 0, 'swasthya kantha': 0, 'do and dont': 0, 'dos and donts': 0, 'display board': 0, 'hoarding': 0, 'pamphlet': 0, 'leaflet': 0, 'banner': 0}","{'floodlight': 0, 'flood light': 0, 'street light': 0, 'solar street light': 0, 'high mast light': 0, 'gas pipeline': 0, 'sports complex': 0, 'stadium': 0, 'cricket': 0, 'football': 0, 'volleyball': 0, 'examination hall': 0, 'cremation ground': 0, 'crematorium': 0, 'burial ground': 0, 'election': 0, 'covid': 0, 'vaccination': 0, 'wedding hall': 0, 'marriage hall': 0, 'kalyan mandap': 0, 'boundary wall': 0, 'compound wall': 0, 'staff quarter': 0, 'quarter building': 0, 'drug warehouse': 0, 'drug ware house': 0, 'godown': 0, 'bio medical waste': 0, 'biomedical waste': 0, 'bmw management': 0, 'waste management': 0}",weak,Monsoon (Jul-Sep),,Shelter & Rest Infrastructure,Shelter & Rest Infrastructure,{'Shelter & Rest Infrastructure': {'rest shed': 2}}
2024_CEBML_101577_2,"42/ 23-24 of CEBM, SBB, Laxmiposi",B.Raising and strengthening of Nuagaon Kainfulia T.R.E Saline Embankment,B.Raising and strengthening of Nuagaon Kainfulia T.R.E Saline Embankment,Works,National Competitive Bid,Percentage,Civil Works - Others,No,No,NA ,22-Feb-2024 01:45 PM,NA ,90.0,No ,No,Online,12-Mar-2024 11:00 AM,"CE-BM,BSB Basin,Laxmiposi",Balasore,756001.0,2.0,"11,16,92,395",SARAT KUMAR SAMAL,"94,949,705",Rejected-Finance,03-Oct-2025,"CE-BM,BSB Basin,Laxmiposi",True,False,"{'heatwave': 0, 'heat wave': 0, 'heat-wave': 0, 'heat stress': 0, 'heat stroke': 0, 'heat action plan': 0, 'heat resilience': 0, 'heat resilient': 0, 'extreme heat': 0, 'high temperature': 0, 'rising temperature': 0, 'heat resistant': 0, 'climate resilient': 0, 'cooling centre': 0, 'cooling center': 0, 'emergency response': 0, 'first aid': 0, 'ambulance': 0, 'ors': 0, 'oral rehydration solution': 0, 'heat stroke treatment': 0, 'sunstroke': 0, 'sun stroke': 0, 'heat related illness': 0, 'heat illness': 0, 'heat exhaustion': 0, 'heat cramp': 0, 'heat rash': 0, 'heat alert': 0, 'heat warning': 0, 'heat advisory': 0, 'heat hotline': 0, 'satark': 0, 'early warning system': 0, 'saline': 2, 'iv fluid': 0, 'rapid response team': 0, 'mobile health unit': 0, 'relief chamber': 0, 'heat stroke ward': 0, 'heat stroke bed': 0, 'drinking water': 0, 'water kiosk': 0, 'water atm': 0, 'hydration point': 0, 'hydration centre': 0, 'hydration center': 0, 'cold water': 0, 'tube well': 0, 'tubewell': 0, 'borewell': 0, 'bore well': 0, 'hand pump': 0, 'handpump': 0, 'overhead tank': 0, 'oh tank': 0, 'stand post': 0, 'piped water supply': 0, 'water supply scheme': 0, 'jalachhatra': 0, 'jalachatra': 0, 'jala jogana kendra': 0, 'jal jogana kendra': 0, 'jal seva shibira': 0, 'water tanker': 0, 'water sprinkling': 0, 'cool roof': 0, 'white roof': 0, 'white topping': 0, 'roof insulation': 0, 'thermal insulation': 0, 'heat reflective': 0, 'reflective coating': 0, 'shade net': 0, 'shade structure': 0, 'canopy': 0, 'awning': 0, 'albedo paint': 0, 'albedo painting': 0, 'white painting': 0, 'reflective paint': 0, 'green roof': 0, 'green roofing': 0, 'k glass': 0, 'doubly glazed glass': 0, 'passive cooling': 0, 'air cooler': 0, 'white china mosaic': 0, 'lime based whitewash': 0, 'white tarp': 0, 'acrylic resin coating': 0, 'tree plantation': 0, 'avenue plantation': 0, 'plantation': 0, 'green belt': 0, 'urban forestry': 0, 'urban forest': 0, 'park development': 0, 'shelter belt': 0, 'shade tree': 0, 'vertical garden': 0, 'green space': 0, 'afforestation': 0, 'green campus': 0, 'night shelter': 0, 'transit shelter': 0, 'rest shed': 0, 'waiting shed': 0, 'community hall': 0, 'relief centre': 0, 'relief center': 0, 'bus stand shelter': 0, 'passenger shelter': 0, 'cool shelter': 0, 'rest shade': 0, 'cool resting space': 0, 'cool resting shed': 0, 'passenger shed': 0, 'outreach clinic': 0, 'awareness campaign': 0, 'iec activity': 0, 'iec material': 0, 'capacity building': 0, 'training programme': 0, 'training program': 0, 'mock drill': 0, 'sensitization': 0, 'swasthya kantha': 0, 'do and dont': 0, 'dos and donts': 0, 'display board': 0, 'hoarding': 0, 'pamphlet': 0, 'leaflet': 0, 'banner': 0}","{'floodlight': 0, 'flood light': 0, 'street light': 0, 'solar street light': 0, 'high mast light': 0, 'gas pipeline': 0, 'sports complex': 0, 'stadium': 0, 'cricket': 0, 'football': 0, 'volleyball': 0, 'examination hall': 0, 'cremation ground': 0, 'crematorium': 0, 'burial ground': 0, 'election': 0, 'covid': 0, 'vaccination': 0, 'wedding hall': 0, 'marriage hall': 0, 'kalyan mandap': 0, 'boundary wall': 0, 'compound wall': 0, 'staff quarter': 0, 'quarter building': 0, 'drug warehouse': 0, 'drug ware house': 0, 'godown': 0, 'bio medical waste': 0, 'biomedical waste': 0, 'bmw management': 0, 'waste management': 0}",weak,Pre-Summer (Jan-Feb),,Heatwave & Emergency Response,Heatwave & Emergency Response,{'Heatwave & Emergency Response': {'saline': 2}}
2025_WCUTT_123251_1,GMWATCO (W)-13(4)/2025-26 Dtd.09.12.2025,"Construction of DRINKING WATER KIOSK at Sishubhawan near Aahara Kendra, Ward No- 11 Zone-17 under WATCO Section Townhall, Cuttack","Construction of DRINKING WATER KIOSK at Sishubhawan near Aahara Kendra, Ward No- 11 Zone-17 under WATCO Section Townhall, Cuttack",Works,National Competitive Bid,Percentage,Civil Works - Water Works,No,No,NA ,15-Dec-2025 06:05 PM,NA ,120.0,No ,No,Online,29-Dec-2025 12:30 PM,WATCO Bhubaneswar||Director (Operation) Watco||WATCO Division Cuttack,Cuttack,753003.0,1.0,"7,31,518",SANTOSH KUMAR MOHAPATRA,"621,863",Rejected-AOC,16-Feb-2026,WATCO Bhubaneswar||Director (Operation) Watco||WATCO Division Cuttack,True,True,"{'heatwave': 0, 'heat wave': 0, 'heat-wave': 0, 'heat stress': 0, 'heat stroke': 0, 'heat action plan': 0, 'heat resilience': 0, 'heat resilient': 0, 'extreme heat': 0, 'high temperature': 0, 'rising temperature': 0, 'heat resistant': 0, 'climate resilient': 0, 'cooling centre': 0, 'cooling center': 0, 'emergency response': 0, 'first aid': 0, 'ambulance': 0, 'ors': 0, 'oral rehydration solution': 0, 'heat stroke treatment': 0, 'sunstroke': 0, 'sun stroke': 0, 'heat related illness': 0, 'heat illness': 0, 'heat exhaustion': 0, 'heat cramp': 0, 'heat rash': 0, 'heat alert': 0, 'heat warning': 0, 'heat advisory': 0, 'heat hotline': 0, 'satark': 0, 'early warning system': 0, 'saline': 0, 'iv fluid': 0, 'rapid response team': 0, 'mobile health unit': 0, 'relief chamber': 0, 'heat stroke ward': 0, 'heat stroke bed': 0, 'drinking water': 2, 'water kiosk': 2, 'water atm': 0, 'hydration point': 0, 'hydration centre': 0, 'hydration center': 0, 'cold water': 0, 'tube well': 0, 'tubewell': 0, 'borewell': 0, 'bore well': 0, 'hand pump': 0, 'handpump': 0, 'overhead tank': 0, 'oh tank': 0, 'stand post': 0, 'piped water supply': 0, 'water supply scheme': 0, 'jalachhatra': 0, 'jalachatra': 0, 'jala jogana kendra': 0, 'jal jogana kendra': 0, 'jal seva shibira': 0, 'water tanker': 0, 'water sprinkling': 0, 'cool roof': 0, 'white roof': 0, 'white topping': 0, 'roof insulation': 0, 'thermal insulation': 0, 'heat reflective': 0, 'reflective coating': 0, 'shade net': 0, 'shade structure': 0, 'canopy': 0, 'awning': 0, 'albedo paint': 0, 'albedo painting': 0, 'white painting': 0, 'reflective paint': 0, 'green roof': 0, 'green roofing': 0, 'k glass': 0, 'doubly glazed glass': 0, 'passive cooling': 0, 'air cooler': 0, 'white china mosaic': 0, 'lime based whitewash': 0, 'white tarp': 0, 'acrylic resin coating': 0, 'tree plantation': 0, 'avenue plantation': 0, 'plantation': 0, 'green belt': 0, 'urban forestry': 0, 'urban forest': 0, 'park development': 0, 'shelter belt': 0, 'shade tree': 0, 'vertical garden': 0, 'green space': 0, 'afforestation': 0, 'green campus': 0, 'night shelter': 0, 'transit shelter': 0, 'rest shed': 0, 'waiting shed': 0, 'community hall': 0, 'relief centre': 0, 'relief center': 0, 'bus stand shelter': 0, 'passenger shelter': 0, 'cool shelter': 0, 'rest shade': 0, 'cool resting space': 0, 'cool resting shed': 0, 'passenger shed': 0, 'outreach clinic': 0, 'awareness campaign': 0, 'iec activity': 0, 'iec material': 0, 'capacity building': 0, 'training programme': 0, 'training program': 0, 'mock drill': 0, 'sensitization': 0, 'swasthya kantha': 0, 'do and dont': 0, 'dos and donts': 0, 'display board': 0, 'hoarding': 0, 'pamphlet': 0, 'leaflet': 0, 'banner': 0}","{'floodlight': 0, 'flood light': 0, 'street light': 0, 'solar street light': 0, 'high mast light': 0, 'gas pipeline': 0, 'sports complex': 0, 'stadium': 0, 'cricket': 0, 'football': 0, 'volleyball': 0, 'examination hall': 0, 'cremation ground': 0, 'crematorium': 0, 'burial ground': 0, 'election': 0, 'covid': 0, 'vaccination': 0, 'wedding hall': 0, 'marriage hall': 0, 'kalyan mandap': 0, 'boundary wall': 0, 'compound wall': 0, 'staff quarter': 0, 'quarter building': 0, 'drug warehouse': 0, 'drug ware house': 0, 'godown': 0, 'bio medical waste': 0, 'biomedical waste': 0, 'bmw management': 0, 'waste management': 0}",strong,Post-Monsoon / Winter (Oct-Dec),,Drinking Water & Hydration,Drinking Water & Hydration,"{'Drinking Water & Hydration': {'drinking water': 2, 'water kiosk': 2}}"
2025_CERWI_121270_52,Tenderonline SBPR-09 of 25-26,"Repair to RW Rest shed at RW Subdivision, Rairakhol for the year 25-26","Repair to RW Rest shed at RW Subdivision, Rairakhol for the year 25-266",Works,Open Tender,Percentage,Civil Works - Buildings,No,No,NA ,26-Nov-2025 12:55 PM,NA ,90.0,No ,No,Online,03-Dec-2025 10:00 AM,CE RW I||RWCIRCLE-SAMBALPUR||RWDIVISION-SAMBALPUR,Sambalpur,768001.0,1.0,"4,20,000",SARAT KUMAR PRADHAN,"356,467",Rejected-Technical,23-Feb-2026,CE RW I||RWCIRCLE-SAMBALPUR||RWDIVISION-SAMBALPUR,True,False,"{'heatwave': 0, 'heat wave': 0, 'heat-wave': 0, 'heat stress': 0, 'heat stroke': 0, 'heat action plan': 0, 'heat resilience': 0, 'heat resilient': 0, 'extreme heat': 0, 'high temperature': 0, 'rising temperature': 0, 'heat resistant': 0, 'climate resilient': 0, 'cooling centre': 0, 'cooling center': 0, 'emergency response': 0, 'first aid': 0, 'ambulance': 0, 'ors': 0, 'oral rehydration solution': 0, 'heat stroke treatment': 0, 'sunstroke': 0, 'sun stroke': 0, 'heat related illness': 0, 'heat illness': 0, 'heat exhaustion': 0, 'heat cramp': 0, 'heat rash': 0, 'heat alert': 0, 'heat warning': 0, 'heat advisory': 0, 'heat hotline': 0, 'satark': 0, 'early warning system': 0, 'saline': 0, 'iv fluid': 0, 'rapid response team': 0, 'mobile health unit': 0, 'relief chamber': 0, 'heat stroke ward': 0, 'heat stroke bed': 0, 'drinking water': 0, 'water kiosk': 0, 'water atm': 0, 'hydration point': 0, 'hydration centre': 0, 'hydration center': 0, 'cold water': 0, 'tube well': 0, 'tubewell': 0, 'borewell': 0, 'bore well': 0, 'hand pump': 0, 'handpump': 0, 'overhead tank': 0, 'oh tank': 0, 'stand post': 0, 'piped water supply': 0, 'water supply scheme': 0, 'jalachhatra': 0, 'jalachatra': 0, 'jala jogana kendra': 0, 'jal jogana kendra': 0, 'jal seva shibira': 0, 'water tanker': 0, 'water sprinkling': 0, 'cool roof': 0, 'white roof': 0, 'white topping': 0, 'roof insulation': 0, 'thermal insulation': 0, 'heat reflective': 0, 'reflective coating': 0, 'shade net': 0, 'shade structure': 0, 'canopy': 0, 'awning': 0, 'albedo paint': 0, 'albedo painting': 0, 'white painting': 0, 'reflective paint': 0, 'green roof': 0, 'green roofing': 0, 'k glass': 0, 'doubly glazed glass': 0, 'passive cooling': 0, 'air cooler': 0, 'white china mosaic': 0, 'lime based whitewash': 0, 'white tarp': 0, 'acrylic resin coating': 0, 'tree plantation': 0, 'avenue plantation': 0, 'plantation': 0, 'green belt': 0, 'urban forestry': 0, 'urban forest': 0, 'park development': 0, 'shelter belt': 0, 'shade tree': 0, 'vertical garden': 0, 'green space': 0, 'afforestation': 0, 'green campus': 0, 'night shelter': 0, 'transit shelter': 0, 'rest shed': 2, 'waiting shed': 0, 'community hall': 0, 'relief centre': 0, 'relief center': 0, 'bus stand shelter': 0, 'passenger shelter': 0, 'cool shelter': 0, 'rest shade': 0, 'cool resting space': 0, 'cool resting shed': 0, 'passenger shed': 0, 'outreach clinic': 0, 'awareness campaign': 0, 'iec activity': 0, 'iec material': 0, 'capacity building': 0, 'training programme': 0, 'training program': 0, 'mock drill': 0, 'sensitization': 0, 'swasthya kantha': 0, 'do and dont': 0, 'dos and donts': 0, 'display board': 0, 'hoarding': 0, 'pamphlet': 0, 'leaflet': 0, 'banner': 0}","{'floodlight': 0, 'flood light': 0, 'street light': 0, 'solar street light': 0, 'high mast light': 0, 'gas pipeline': 0, 'sports complex': 0, 'stadium': 0, 'cricket': 0, 'football': 0, 'volleyball': 0, 'examination hall': 0, 'cremation ground': 0, 'crematorium': 0, 'burial ground': 0, 'election': 0, 'covid': 0, 'vaccination': 0, 'wedding hall': 0, 'marriage hall': 0, 'kalyan mandap': 0, 'boundary wall': 0, 'compound wall': 0, 'staff quarter': 0, 'quarter building': 0, 'drug warehouse': 0, 'drug ware house': 0, 'godown': 0, 'bio medical waste': 0, 'biomedical waste': 0, 'bmw management': 0, 'waste management': 0}",weak,Post-Monsoon / Winter (Oct-Dec),,Shelter & Rest Infrastructure,Shelter & Rest Infrastructure,{'Shelter & Rest Infrastructure': {'rest shed': 2}}
2025_CERWI_118217_31,EEBLGR-online-05/2025-26,S/R to RI office cum Rest shed Building at Jogisarda for the year 2025-26,S/R to RI office cum Rest shed Building at Jogisarda for the year 2025-26,Works,Open Tender,Percentage,Civil Works - Buildings,No,No,NA ,19-Sep-2026 10:50 AM,NA ,90.0,No ,No,Online,26-Sep-2025 11:00 AM,CE RW I||RWCIRCLE-BHUBANESWAR,Bolangir,767001.0,1.0,"3,36,000",PRAMOD KUMAR SAI,"335,953",Rejected-Finance,15-Feb-2026,CE RW I||RWCIRCLE-BHUBANESWAR,True,False,"{'heatwave': 0, 'heat wave': 0, 'heat-wave': 0, 'heat stress': 0, 'heat stroke': 0, 'heat action plan': 0, 'heat resilience': 0, 'heat resilient': 0, 'extreme heat': 0, 'high temperature': 0, 'rising temperature': 0, 'heat resistant': 0, 'climate resilient': 0, 'cooling centre': 0, 'cooling center': 0, 'emergency response': 0, 'first aid': 0, 'ambulance': 0, 'ors': 0, 'oral rehydration solution': 0, 'heat stroke treatment': 0, 'sunstroke': 0, 'sun stroke': 0, 'heat related illness': 0, 'heat illness': 0, 'heat exhaustion': 0, 'heat cramp': 0, 'heat rash': 0, 'heat alert': 0, 'heat warning': 0, 'heat advisory': 0, 'heat hotline': 0, 'satark': 0, 'early warning system': 0, 'saline': 0, 'iv fluid': 0, 'rapid response team': 0, 'mobile health unit': 0, 'relief chamber': 0, 'heat stroke ward': 0, 'heat stroke bed': 0, 'drinking water': 0, 'water kiosk': 0, 'water atm': 0, 'hydration point': 0, 'hydration centre': 0, 'hydration center': 0, 'cold water': 0, 'tube well': 0, 'tubewell': 0, 'borewell': 0, 'bore well': 0, 'hand pump': 0, 'handpump': 0, 'overhead tank': 0, 'oh tank': 0, 'stand post': 0, 'piped water supply': 0, 'water supply scheme': 0, 'jalachhatra': 0, 'jalachatra': 0, 'jala jogana kendra': 0, 'jal jogana kendra': 0, 'jal seva shibira': 0, 'water tanker': 0, 'water sprinkling': 0, 'cool roof': 0, 'white roof': 0, 'white topping': 0, 'roof insulation': 0, 'thermal insulation': 0, 'heat reflective': 0, 'reflective coating': 0, 'shade net': 0, 'shade structure': 0, 'canopy': 0, 'awning': 0, 'albedo paint': 0, 'albedo painting': 0, 'white painting': 0, 'reflective paint': 0, 'green roof': 0, 'green roofing': 0, 'k glass': 0, 'doubly glazed glass': 0, 'passive cooling': 0, 'air cooler': 0, 'white china mosaic': 0, 'lime based whitewash': 0, 'white tarp': 0, 'acrylic resin coating': 0, 'tree plantation': 0, 'avenue plantation': 0, 'plantation': 0, 'green belt': 0, 'urban forestry': 0, 'urban forest': 0, 'park development': 0, 'shelter belt': 0, 'shade tree': 0, 'vertical garden': 0, 'green space': 0, 'afforestation': 0, 'green campus': 0, 'night shelter': 0, 'transit shelter': 0, 'rest shed': 2, 'waiting shed': 0, 'community hall': 0, 'relief centre': 0, 'relief center': 0, 'bus stand shelter': 0, 'passenger shelter': 0, 'cool shelter': 0, 'rest shade': 0, 'cool resting space': 0, 'cool resting shed': 0, 'passenger shed': 0, 'outreach clinic': 0, 'awareness campaign': 0, 'iec activity': 0, 'iec material': 0, 'capacity building': 0, 'training programme': 0, 'training program': 0, 'mock drill': 0, 'sensitization': 0, 'swasthya kantha': 0, 'do and dont': 0, 'dos and donts': 0, 'display board': 0, 'hoarding': 0, 'pamphlet': 0, 'leaflet': 0, 'banner': 0}","{'floodlight': 0, 'flood light': 0, 'street light': 0, 'solar street light': 0, 'high mast light': 0, 'gas pipeline': 0, 'sports complex': 0, 'stadium': 0, 'cricket': 0, 'football': 0, 'volleyball': 0, 'examination hall': 0, 'cremation ground': 0, 'crematorium': 0, 'burial ground': 0, 'election': 0, 'covid': 0, 'vaccination': 0, 'wedding hall': 0, 'marriage hall': 0, 'kalyan mandap': 0, 'boundary wall': 0, 'compound wall': 0, 'staff quarter': 0, 'quarter building': 0, 'drug warehouse': 0, 'drug ware house': 0, 'godown': 0, 'bio medical waste': 0, 'biomedical waste': 0, 'bmw management': 0, 'waste management': 0}",weak,Monsoon (Jul-Sep),,Shelter & Rest Infrastructure,Shelter & Rest Infrastructure,{'Shelter & Rest Infrastructure': {'rest shed': 2}}
2025_ORULB_122577_20,05/PKDM-2025-26,"Construction of Community Hall at Bada Brhaman sahi, Ward No.11",Construction of Community Hall,Works,Open Tender,Percentage,Civil Works - Others,No,No,NA ,06-Dec-2025 10:00 AM,NA ,90.0,No ,No,Online,19-Dec-2025 11:00 AM,Municipal Bodies||Parlakhemundi Municipal Council,Paralakhemundi Municipality,761200.0,1.0,"12,68,739",M.RAMADAS,"1,205,175",Accepted-AOC,02-Feb-2026,Municipal Bodies||Parlakhemundi Municipal Council,True,False,"{'heatwave': 0, 'heat wave': 0, 'heat-wave': 0, 'heat stress': 0, 'heat stroke': 0, 'heat action plan': 0, 'heat resilience': 0, 'heat resilient': 0, 'extreme heat': 0, 'high temperature': 0, 'rising temperature': 0, 'heat resistant': 0, 'climate resilient': 0, 'cooling centre': 0, 'cooling center': 0, 'emergency response': 0, 'first aid': 0, 'ambulance': 0, 'ors': 0, 'oral rehydration solution': 0, 'heat stroke treatment': 0, 'sunstroke': 0, 'sun stroke': 0, 'heat related illness': 0, 'heat illness': 0, 'heat exhaustion': 0, 'heat cramp': 0, 'heat rash': 0, 'heat alert': 0, 'heat warning': 0, 'heat advisory': 0, 'heat hotline': 0, 'satark': 0, 'early warning system': 0, 'saline': 0, 'iv fluid': 0, 'rapid response team': 0, 'mobile health unit': 0, 'relief chamber': 0, 'heat stroke ward': 0, 'heat stroke bed': 0, 'drinking water': 0, 'water kiosk': 0, 'water atm': 0, 'hydration point': 0, 'hydration centre': 0, 'hydration center': 0, 'cold water': 0, 'tube well': 0, 'tubewell': 0, 'borewell': 0, 'bore well': 0, 'hand pump': 0, 'handpump': 0, 'overhead tank': 0, 'oh tank': 0, 'stand post': 0, 'piped water supply': 0, 'water supply scheme': 0, 'jalachhatra': 0, 'jalachatra': 0, 'jala jogana kendra': 0, 'jal jogana kendra': 0, 'jal seva shibira': 0, 'water tanker': 0, 'water sprinkling': 0, 'cool roof': 0, 'white roof': 0, 'white topping': 0, 'roof insulation': 0, 'thermal insulation': 0, 'heat reflective': 0, 'reflective coating': 0, 'shade net': 0, 'shade structure': 0, 'canopy': 0, 'awning': 0, 'albedo paint': 0, 'albedo painting': 0, 'white painting': 0, 'reflective paint': 0, 'green roof': 0, 'green roofing': 0, 'k glass': 0, 'doubly glazed glass': 0, 'passive cooling': 0, 'air cooler': 0, 'white china mosaic': 0, 'lime based whitewash': 0, 'white tarp': 0, 'acrylic resin coating': 0, 'tree plantation': 0, 'avenue plantation': 0, 'plantation': 0, 'green belt': 0, 'urban forestry': 0, 'urban forest': 0, 'park development': 0, 'shelter belt': 0, 'shade tree': 0, 'vertical garden': 0, 'green space': 0, 'afforestation': 0, 'green campus': 0, 'night shelter': 0, 'transit shelter': 0, 'rest shed': 0, 'waiting shed': 0, 'community hall': 2, 'relief centre': 0, 'relief center': 0, 'bus stand shelter': 0, 'passenger shelter': 0, 'cool shelter': 0, 'rest shade': 0, 'cool resting space': 0, 'cool resting shed': 0, 'passenger shed': 0, 'outreach clinic': 0, 'awareness campaign': 0, 'iec activity': 0, 'iec material': 0, 'capacity building': 0, 'training programme': 0, 'training program': 0, 'mock drill': 0, 'sensitization': 0, 'swasthya kantha': 0, 'do and dont': 0, 'dos and donts': 0, 'display board': 0, 'hoarding': 0, 'pamphlet': 0, 'leaflet': 0, 'banner': 0}","{'floodlight': 0, 'flood light': 0, 'street light': 0, 'solar street light': 0, 'high mast light': 0, 'gas pipeline': 0, 'sports complex': 0, 'stadium': 0, 'cricket': 0, 'football': 0, 'volleyball': 0, 'examination hall': 0, 'cremation ground': 0, 'crematorium': 0, 'burial ground': 0, 'election': 0, 'covid': 0, 'vaccination': 0, 'wedding hall': 0, 'marriage hall': 0, 'kalyan mandap': 0, 'boundary wall': 0, 'compound wall': 0, 'staff quarter': 0, 'quarter building': 0, 'drug warehouse': 0, 'drug ware house': 0, 'godown': 0, 'bio medical waste': 0, 'biomedical waste': 0, 'bmw management': 0, 'waste management': 0}",weak,Post-Monsoon / Winter (Oct-Dec),,Shelter & Rest Infrastructure,Shelter & Rest Infrastructure,{'Shelter & Rest Infrastructure': {'community hall': 2}}
2025_ORULB_122577_21,05/PKDM-2025-26,"Construction of Community Hall at Municipality Colony, Ward No.12",Construction of Community Hall,Works,Open Tender,Percentage,Civil Works - Others,No,No,NA ,06-Dec-2025 10:00 AM,NA ,90.0,No ,No,Online,19-Dec-2025 11:00 AM,Municipal Bodies||Parlakhemundi Municipal Council,Paralakhemundi Municipality,761200.0,1.0,"3,63,920",LOPINTI REKHA,"363,920",Accepted-AOC,26-Feb-2026,Municipal Bodies||Parlakhemundi Municipal Council,True,False,"{'heatwave': 0, 'heat wave': 0, 'heat-wave': 0, 'heat stress': 0, 'heat stroke': 0, 'heat action plan': 0, 'heat resilience': 0, 'heat resilient': 0, 'extreme heat': 0, 'high temperature': 0, 'rising temperature': 0, 'heat resistant': 0, 'climate resilient': 0, 'cooling centre': 0, 'cooling center': 0, 'emergency response': 0, 'first aid': 0, 'ambulance': 0, 'ors': 0, 'oral rehydration solution': 0, 'heat stroke treatment': 0, 'sunstroke': 0, 'sun stroke': 0, 'heat related illness': 0, 'heat illness': 0, 'heat exhaustion': 0, 'heat cramp': 0, 'heat rash': 0, 'heat alert': 0, 'heat warning': 0, 'heat advisory': 0, 'heat hotline': 0, 'satark': 0, 'early warning system': 0, 'saline': 0, 'iv fluid': 0, 'rapid response team': 0, 'mobile health unit': 0, 'relief chamber': 0, 'heat stroke ward': 0, 'heat stroke bed': 0, 'drinking water': 0, 'water kiosk': 0, 'water atm': 0, 'hydration point': 0, 'hydration centre': 0, 'hydration center': 0, 'cold water': 0, 'tube well': 0, 'tubewell': 0, 'borewell': 0, 'bore well': 0, 'hand pump': 0, 'handpump': 0, 'overhead tank': 0, 'oh tank': 0, 'stand post': 0, 'piped water supply': 0, 'water supply scheme': 0, 'jalachhatra': 0, 'jalachatra': 0, 'jala jogana kendra': 0, 'jal jogana kendra': 0, 'jal seva shibira': 0, 'water tanker': 0, 'water sprinkling': 0, 'cool roof': 0, 'white roof': 0, 'white topping': 0, 'roof insulation': 0, 'thermal insulation': 0, 'heat reflective': 0, 'reflective coating': 0, 'shade net': 0, 'shade structure': 0, 'canopy': 0, 'awning': 0, 'albedo paint': 0, 'albedo painting': 0, 'white painting': 0, 'reflective paint': 0, 'green roof': 0, 'green roofing': 0, 'k glass': 0, 'doubly glazed glass': 0, 'passive cooling': 0, 'air cooler': 0, 'white china mosaic': 0, 'lime based whitewash': 0, 'white tarp': 0, 'acrylic resin coating': 0, 'tree plantation': 0, 'avenue plantation': 0, 'plantation': 0, 'green belt': 0, 'urban forestry': 0, 'urban forest': 0, 'park development': 0, 'shelter belt': 0, 'shade tree': 0, 'vertical garden': 0, 'green space': 0, 'afforestation': 0, 'green campus': 0, 'night shelter': 0, 'transit shelter': 0, 'rest shed': 0, 'waiting shed': 0, 'community hall': 2, 'relief centre': 0, 'relief center': 0, 'bus stand shelter': 0, 'passenger shelter': 0, 'cool shelter': 0, 'rest shade': 0, 'cool resting space': 0, 'cool resting shed': 0, 'passenger shed': 0, 'outreach clinic': 0, 'awareness campaign': 0, 'iec activity': 0, 'iec material': 0, 'capacity building': 0, 'training programme': 0, 'training program': 0, 'mock drill': 0, 'sensitization': 0, 'swasthya kantha': 0, 'do and dont': 0, 'dos and donts': 0, 'display board': 0, 'hoarding': 0, 'pamphlet': 0, 'leaflet': 0, 'banner': 0}","{'floodlight': 0, 'flood light': 0, 'street light': 0, 'solar street light': 0, 'high mast light': 0, 'gas pipeline': 0, 'sports complex': 0, 'stadium': 0, 'cricket': 0, 'football': 0, 'volleyball': 0, 'examination hall': 0, 'cremation ground': 0, 'crematorium': 0, 'burial ground': 0, 'election': 0, 'covid': 0, 'vaccination': 0, 'wedding hall': 0, 'marriage hall': 0, 'kalyan mandap': 0, 'boundary wall': 0, 'compound wall': 0, 'staff quarter': 0, 'quarter building': 0, 'drug warehouse': 0, 'drug ware house': 0, 'godown': 0, 'bio medical waste': 0, 'biomedical waste': 0, 'bmw management': 0, 'waste management': 0}",weak,Post-Monsoon / Winter (Oct-Dec),,Shelter & Rest Infrastructure,Shelter & Rest Infrastructure,{'Shelter & Rest Infrastructure': {'community hall': 2}}
2025_ORULB_122577_18,05/PKDM-2025-26,"Completion of incomplete Community Hall at Sakiliramudu Street, Ward No.10",Completion of incomplete Community Hall,Works,Open Tender,Percentage,Civil Works - Others,No,No,NA ,06-Dec-2025 10:00 AM,NA ,90.0,No ,No,Online,19-Dec-2025 11:00 AM,Municipal Bodies||Parlakhemundi Municipal Council,Paralakhemundi Municipality,761200.0,1.0,"2,25,659",SASMITA KUMARI DAS,"225,659",Accepted-AOC,21-Feb-2026,Municipal Bodies||Parlakhemundi Municipal Council,True,False,"{'heatwave': 0, 'heat wave': 0, 'heat-wave': 0, 'heat stress': 0, 'heat stroke': 0, 'heat action plan': 0, 'heat resilience': 0, 'heat resilient': 0, 'extreme heat': 0, 'high temperature': 0, 'rising temperature': 0, 'heat resistant': 0, 'climate resilient': 0, 'cooling centre': 0, 'cooling center': 0, 'emergency response': 0, 'first aid': 0, 'ambulance': 0, 'ors': 0, 'oral rehydration solution': 0, 'heat stroke treatment': 0, 'sunstroke': 0, 'sun stroke': 0, 'heat related illness': 0, 'heat illness': 0, 'heat exhaustion': 0, 'heat cramp': 0, 'heat rash': 0, 'heat alert': 0, 'heat warning': 0, 'heat advisory': 0, 'heat hotline': 0, 'satark': 0, 'early warning system': 0, 'saline': 0, 'iv fluid': 0, 'rapid response team': 0, 'mobile health unit': 0, 'relief chamber': 0, 'heat stroke ward': 0, 'heat stroke bed': 0, 'drinking water': 0, 'water kiosk': 0, 'water atm': 0, 'hydration point': 0, 'hydration centre': 0, 'hydration center': 0, 'cold water': 0, 'tube well': 0, 'tubewell': 0, 'borewell': 0, 'bore well': 0, 'hand pump': 0, 'handpump': 0, 'overhead tank': 0, 'oh tank': 0, 'stand post': 0, 'piped water supply': 0, 'water supply scheme': 0, 'jalachhatra': 0, 'jalachatra': 0, 'jala jogana kendra': 0, 'jal jogana kendra': 0, 'jal seva shibira': 0, 'water tanker': 0, 'water sprinkling': 0, 'cool roof': 0, 'white roof': 0, 'white topping': 0, 'roof insulation': 0, 'thermal insulation': 0, 'heat reflective': 0, 'reflective coating': 0, 'shade net': 0, 'shade structure': 0, 'canopy': 0, 'awning': 0, 'albedo paint': 0, 'albedo painting': 0, 'white painting': 0, 'reflective paint': 0, 'green roof': 0, 'green roofing': 0, 'k glass': 0, 'doubly glazed glass': 0, 'passive cooling': 0, 'air cooler': 0, 'white china mosaic': 0, 'lime based whitewash': 0, 'white tarp': 0, 'acrylic resin coating': 0, 'tree plantation': 0, 'avenue plantation': 0, 'plantation': 0, 'green belt': 0, 'urban forestry': 0, 'urban forest': 0, 'park development': 0, 'shelter belt': 0, 'shade tree': 0, 'vertical garden': 0, 'green space': 0, 'afforestation': 0, 'green campus': 0, 'night shelter': 0, 'transit shelter': 0, 'rest shed': 0, 'waiting shed': 0, 'community hall': 2, 'relief centre': 0, 'relief center': 0, 'bus stand shelter': 0, 'passenger shelter': 0, 'cool shelter': 0, 'rest shade': 0, 'cool resting space': 0, 'cool resting shed': 0, 'passenger shed': 0, 'outreach clinic': 0, 'awareness campaign': 0, 'iec activity': 0, 'iec material': 0, 'capacity building': 0, 'training programme': 0, 'training program': 0, 'mock drill': 0, 'sensitization': 0, 'swasthya kantha': 0, 'do and dont': 0, 'dos and donts': 0, 'display board': 0, 'hoarding': 0, 'pamphlet': 0, 'leaflet': 0, 'banner': 0}","{'floodlight': 0, 'flood light': 0, 'street light': 0, 'solar street light': 0, 'high mast light': 0, 'gas pipeline': 0, 'sports complex': 0, 'stadium': 0, 'cricket': 0, 'football': 0, 'volleyball': 0, 'examination hall': 0, 'cremation ground': 0, 'crematorium': 0, 'burial ground': 0, 'election': 0, 'covid': 0, 'vaccination': 0, 'wedding hall': 0, 'marriage hall': 0, 'kalyan mandap': 0, 'boundary wall': 0, 'compound wall': 0, 'staff quarter': 0, 'quarter building': 0, 'drug warehouse': 0, 'drug ware house': 0, 'godown': 0, 'bio medical waste': 0, 'biomedical waste': 0, 'bmw management': 0, 'waste management': 0}",weak,Post-Monsoon / Winter (Oct-Dec),,Shelter & Rest Infrastructure,Shelter & Rest Infrastructure,{'Shelter & Rest Infrastructure': {'community hall': 2}}
2025_ORULB_122577_26,05/PKDM-2025-26,"Completion of incomplete Community Hall at Market Street, Ward No.13",Completion of incomplete Community Hall,Works,Open Tender,Percentage,Civil Works - Others,No,No,NA ,06-Dec-2025 10:00 AM,NA ,90.0,No ,No,Online,19-Dec-2025 11:00 AM,Municipal Bodies||Parlakhemundi Municipal Council,Paralakhemundi Municipality,761200.0,1.0,"6,77,007",MINOSI KARJI,"575,524",Accepted-AOC,02-Feb-2026,Municipal Bodies||Parlakhemundi Municipal Council,True,False,"{'heatwave': 0, 'heat wave': 0, 'heat-wave': 0, 'heat stress': 0, 'heat stroke': 0, 'heat action plan': 0, 'heat resilience': 0, 'heat resilient': 0, 'extreme heat': 0, 'high temperature': 0, 'rising temperature': 0, 'heat resistant': 0, 'climate resilient': 0, 'cooling centre': 0, 'cooling center': 0, 'emergency response': 0, 'first aid': 0, 'ambulance': 0, 'ors': 0, 'oral rehydration solution': 0, 'heat stroke treatment': 0, 'sunstroke': 0, 'sun stroke': 0, 'heat related illness': 0, 'heat illness': 0, 'heat exhaustion': 0, 'heat cramp': 0, 'heat rash': 0, 'heat alert': 0, 'heat warning': 0, 'heat advisory': 0, 'heat hotline': 0, 'satark': 0, 'early warning system': 0, 'saline': 0, 'iv fluid': 0, 'rapid response team': 0, 'mobile health unit': 0, 'relief chamber': 0, 'heat stroke ward': 0, 'heat stroke bed': 0, 'drinking water': 0, 'water kiosk': 0, 'water atm': 0, 'hydration point': 0, 'hydration centre': 0, 'hydration center': 0, 'cold water': 0, 'tube well': 0, 'tubewell': 0, 'borewell': 0, 'bore well': 0, 'hand pump': 0, 'handpump': 0, 'overhead tank': 0, 'oh tank': 0, 'stand post': 0, 'piped water supply': 0, 'water supply scheme': 0, 'jalachhatra': 0, 'jalachatra': 0, 'jala jogana kendra': 0, 'jal jogana kendra': 0, 'jal seva shibira': 0, 'water tanker': 0, 'water sprinkling': 0, 'cool roof': 0, 'white roof': 0, 'white topping': 0, 'roof insulation': 0, 'thermal insulation': 0, 'heat reflective': 0, 'reflective coating': 0, 'shade net': 0, 'shade structure': 0, 'canopy': 0, 'awning': 0, 'albedo paint': 0, 'albedo painting': 0, 'white painting': 0, 'reflective paint': 0, 'green roof': 0, 'green roofing': 0, 'k glass': 0, 'doubly glazed glass': 0, 'passive cooling': 0, 'air cooler': 0, 'white china mosaic': 0, 'lime based whitewash': 0, 'white tarp': 0, 'acrylic resin coating': 0, 'tree plantation': 0, 'avenue plantation': 0, 'plantation': 0, 'green belt': 0, 'urban forestry': 0, 'urban forest': 0, 'park development': 0, 'shelter belt': 0, 'shade tree': 0, 'vertical garden': 0, 'green space': 0, 'afforestation': 0, 'green campus': 0, 'night shelter': 0, 'transit shelter': 0, 'rest shed': 0, 'waiting shed': 0, 'community hall': 2, 'relief centre': 0, 'relief center': 0, 'bus stand shelter': 0, 'passenger shelter': 0, 'cool shelter': 0, 'rest shade': 0, 'cool resting space': 0, 'cool resting shed': 0, 'passenger shed': 0, 'outreach clinic': 0, 'awareness campaign': 0, 'iec activity': 0, 'iec material': 0, 'capacity building': 0, 'training programme': 0, 'training program': 0, 'mock drill': 0, 'sensitization': 0, 'swasthya kantha': 0, 'do and dont': 0, 'dos and donts': 0, 'display board': 0, 'hoarding': 0, 'pamphlet': 0, 'leaflet': 0, 'banner': 0}","{'floodlight': 0, 'flood light': 0, 'street light': 0, 'solar street light': 0, 'high mast light': 0, 'gas pipeline': 0, 'sports complex': 0, 'stadium': 0, 'cricket': 0, 'football': 0, 'volleyball': 0, 'examination hall': 0, 'cremation ground': 0, 'crematorium': 0, 'burial ground': 0, 'election': 0, 'covid': 0, 'vaccination': 0, 'wedding hall': 0, 'marriage hall': 0, 'kalyan mandap': 0, 'boundary wall': 0, 'compound wall': 0, 'staff quarter': 0, 'quarter building': 0, 'drug warehouse': 0, 'drug ware house': 0, 'godown': 0, 'bio medical waste': 0, 'biomedical waste': 0, 'bmw management': 0, 'waste management': 0}",weak,Post-Monsoon / Winter (Oct-Dec),,Shelter & Rest Infrastructure,Shelter & Rest Infrastructure,{'Shelter & Rest Infrastructure': {'community hall': 2}}
2025_ORULB_116829_17,EO/ PDPM/ W_03/ 2025-26,Construction of Community Hall at Indira Park-2 Balijhara in ward no 05,Construction of Community Hall at Indira Park-2 Balijhara in ward no 05,Works,Open Tender,Percentage,Civil Works - Others,No,No,NA ,16-Aug-2025 05:00 PM,NA ,120.0,No ,No,Online,29-Aug-2025 11:00 AM,Municipal Bodies||Paradeep Municipality,PARADEEP MUNICIPALITY,754142.0,1.0,"8,44,003",SURYAKANT BISWAL,"996,900",Rejected-Finance,19-Feb-2026,Municipal Bodies||Paradeep Municipality,True,False,"{'heatwave': 0, 'heat wave': 0, 'heat-wave': 0, 'heat stress': 0, 'heat stroke': 0, 'heat action plan': 0, 'heat resilience': 0, 'heat resilient': 0, 'extreme heat': 0, 'high temperature': 0, 'rising temperature': 0, 'heat resistant': 0, 'climate resilient': 0, 'cooling centre': 0, 'cooling center': 0, 'emergency response': 0, 'first aid': 0, 'ambulance': 0, 'ors': 0, 'oral rehydration solution': 0, 'heat stroke treatment': 0, 'sunstroke': 0, 'sun stroke': 0, 'heat related illness': 0, 'heat illness': 0, 'heat exhaustion': 0, 'heat cramp': 0, 'heat rash': 0, 'heat alert': 0, 'heat warning': 0, 'heat advisory': 0, 'heat hotline': 0, 'satark': 0, 'early warning system': 0, 'saline': 0, 'iv fluid': 0, 'rapid response team': 0, 'mobile health unit': 0, 'relief chamber': 0, 'heat stroke ward': 0, 'heat stroke bed': 0, 'drinking water': 0, 'water kiosk': 0, 'water atm': 0, 'hydration point': 0, 'hydration centre': 0, 'hydration center': 0, 'cold water': 0, 'tube well': 0, 'tubewell': 0, 'borewell': 0, 'bore well': 0, 'hand pump': 0, 'handpump': 0, 'overhead tank': 0, 'oh tank': 0, 'stand post': 0, 'piped water supply': 0, 'water supply scheme': 0, 'jalachhatra': 0, 'jalachatra': 0, 'jala jogana kendra': 0, 'jal jogana kendra': 0, 'jal seva shibira': 0, 'water tanker': 0, 'water sprinkling': 0, 'cool roof': 0, 'white roof': 0, 'white topping': 0, 'roof insulation': 0, 'thermal insulation': 0, 'heat reflective': 0, 'reflective coating': 0, 'shade net': 0, 'shade structure': 0, 'canopy': 0, 'awning': 0, 'albedo paint': 0, 'albedo painting': 0, 'white painting': 0, 'reflective paint': 0, 'green roof': 0, 'green roofing': 0, 'k glass': 0, 'doubly glazed glass': 0, 'passive cooling': 0, 'air cooler': 0, 'white china mosaic': 0, 'lime based whitewash': 0, 'white tarp': 0, 'acrylic resin coating': 0, 'tree plantation': 0, 'avenue plantation': 0, 'plantation': 0, 'green belt': 0, 'urban forestry': 0, 'urban forest': 0, 'park development': 0, 'shelter belt': 0, 'shade tree': 0, 'vertical garden': 0, 'green space': 0, 'afforestation': 0, 'green campus': 0, 'night shelter': 0, 'transit shelter': 0, 'rest shed': 0, 'waiting shed': 0, 'community hall': 2, 'relief centre': 0, 'relief center': 0, 'bus stand shelter': 0, 'passenger shelter': 0, 'cool shelter': 0, 'rest shade': 0, 'cool resting space': 0, 'cool resting shed': 0, 'passenger shed': 0, 'outreach clinic': 0, 'awareness campaign': 0, 'iec activity': 0, 'iec material': 0, 'capacity building': 0, 'training programme': 0, 'training program': 0, 'mock drill': 0, 'sensitization': 0, 'swasthya kantha': 0, 'do and dont': 0, 'dos and donts': 0, 'display board': 0, 'hoarding': 0, 'pamphlet': 0, 'leaflet': 0, 'banner': 0}","{'floodlight': 0, 'flood light': 0, 'street light': 0, 'solar street light': 0, 'high mast light': 0, 'gas pipeline': 0, 'sports complex': 0, 'stadium': 0, 'cricket': 0, 'football': 0, 'volleyball': 0, 'examination hall': 0, 'cremation ground': 0, 'crematorium': 0, 'burial ground': 0, 'election': 0, 'covid': 0, 'vaccination': 0, 'wedding hall': 0, 'marriage hall': 0, 'kalyan mandap': 0, 'boundary wall': 0, 'compound wall': 0, 'staff quarter': 0, 'quarter building': 0, 'drug warehouse': 0, 'drug ware house': 0, 'godown': 0, 'bio medical waste': 0, 'biomedical waste': 0, 'bmw management': 0, 'waste management': 0}",weak,Monsoon (Jul-Sep),,Shelter & Rest Infrastructure,Shelter & Rest Infrastructure,{'Shelter & Rest Infrastructure': {'community hall': 2}}
2025_ORULB_122577_27,05/PKDM-2025-26,"Completion of incomplete Community Hall at Tripurasundari Sahi, Ward No.13",Completion of incomplete Community Hall,Works,Open Tender,Percentage,Civil Works - Others,No,No,NA ,06-Dec-2025 10:00 AM,NA ,90.0,No ,No,Online,19-Dec-2025 11:00 AM,Municipal Bodies||Parlakhemundi Municipal Council,Paralakhemundi Municipality,761200.0,1.0,"6,47,108",MINOSI KARJI,"550,107",Rejected-AOC,02-Feb-2026,Municipal Bodies||Parlakhemundi Municipal Council,True,False,"{'heatwave': 0, 'heat wave': 0, 'heat-wave': 0, 'heat stress': 0, 'heat stroke': 0, 'heat action plan': 0, 'heat resilience': 0, 'heat resilient': 0, 'extreme heat': 0, 'high temperature': 0, 'rising temperature': 0, 'heat resistant': 0, 'climate resilient': 0, 'cooling centre': 0, 'cooling center': 0, 'emergency response': 0, 'first aid': 0, 'ambulance': 0, 'ors': 0, 'oral rehydration solution': 0, 'heat stroke treatment': 0, 'sunstroke': 0, 'sun stroke': 0, 'heat related illness': 0, 'heat illness': 0, 'heat exhaustion': 0, 'heat cramp': 0, 'heat rash': 0, 'heat alert': 0, 'heat warning': 0, 'heat advisory': 0, 'heat hotline': 0, 'satark': 0, 'early warning system': 0, 'saline': 0, 'iv fluid': 0, 'rapid response team': 0, 'mobile health unit': 0, 'relief chamber': 0, 'heat stroke ward': 0, 'heat stroke bed': 0, 'drinking water': 0, 'water kiosk': 0, 'water atm': 0, 'hydration point': 0, 'hydration centre': 0, 'hydration center': 0, 'cold water': 0, 'tube well': 0, 'tubewell': 0, 'borewell': 0, 'bore well': 0, 'hand pump': 0, 'handpump': 0, 'overhead tank': 0, 'oh tank': 0, 'stand post': 0, 'piped water supply': 0, 'water supply scheme': 0, 'jalachhatra': 0, 'jalachatra': 0, 'jala jogana kendra': 0, 'jal jogana kendra': 0, 'jal seva shibira': 0, 'water tanker': 0, 'water sprinkling': 0, 'cool roof': 0, 'white roof': 0, 'white topping': 0, 'roof insulation': 0, 'thermal insulation': 0, 'heat reflective': 0, 'reflective coating': 0, 'shade net': 0, 'shade structure': 0, 'canopy': 0, 'awning': 0, 'albedo paint': 0, 'albedo painting': 0, 'white painting': 0, 'reflective paint': 0, 'green roof': 0, 'green roofing': 0, 'k glass': 0, 'doubly glazed glass': 0, 'passive cooling': 0, 'air cooler': 0, 'white china mosaic': 0, 'lime based whitewash': 0, 'white tarp': 0, 'acrylic resin coating': 0, 'tree plantation': 0, 'avenue plantation': 0, 'plantation': 0, 'green belt': 0, 'urban forestry': 0, 'urban forest': 0, 'park development': 0, 'shelter belt': 0, 'shade tree': 0, 'vertical garden': 0, 'green space': 0, 'afforestation': 0, 'green campus': 0, 'night shelter': 0, 'transit shelter': 0, 'rest shed': 0, 'waiting shed': 0, 'community hall': 2, 'relief centre': 0, 'relief center': 0, 'bus stand shelter': 0, 'passenger shelter': 0, 'cool shelter': 0, 'rest shade': 0, 'cool resting space': 0, 'cool resting shed': 0, 'passenger shed': 0, 'outreach clinic': 0, 'awareness campaign': 0, 'iec activity': 0, 'iec material': 0, 'capacity building': 0, 'training programme': 0, 'training program': 0, 'mock drill': 0, 'sensitization': 0, 'swasthya kantha': 0, 'do and dont': 0, 'dos and donts': 0, 'display board': 0, 'hoarding': 0, 'pamphlet': 0, 'leaflet': 0, 'banner': 0}","{'floodlight': 0, 'flood light': 0, 'street light': 0, 'solar street light': 0, 'high mast light': 0, 'gas pipeline': 0, 'sports complex': 0, 'stadium': 0, 'cricket': 0, 'football': 0, 'volleyball': 0, 'examination hall': 0, 'cremation ground': 0, 'crematorium': 0, 'burial ground': 0, 'election': 0, 'covid': 0, 'vaccination': 0, 'wedding hall': 0, 'marriage hall': 0, 'kalyan mandap': 0, 'boundary wall': 0, 'compound wall': 0, 'staff quarter': 0, 'quarter building': 0, 'drug warehouse': 0, 'drug ware house': 0, 'godown': 0, 'bio medical waste': 0, 'biomedical waste': 0, 'bmw management': 0, 'waste management': 0}",weak,Post-Monsoon / Winter (Oct-Dec),,Shelter & Rest Infrastructure,Shelter & Rest Infrastructure,{'Shelter & Rest Infrastructure': {'community hall': 2}}
2025_WCUTT_123245_1,GMWATCO (W)-13(2)/2025-26 Dtd.09.12.2025,"Construction of DRINKING WATER KIOSK at Sahid Park near LIC Office, Ward No- 34 Zone-25 under WATCO Section Annapurna, Cuttack","Construction of DRINKING WATER KIOSK at Sahid Park near LIC Office, Ward No- 34 Zone-25 under WATCO Section Annapurna, Cuttack",Works,National Competitive Bid,Percentage,Civil Works - Water Works,No,No,NA ,15-Dec-2025 05:45 PM,NA ,120.0,No ,No,Online,29-Dec-2025 12:30 PM,WATCO Bhubaneswar||Director (Operation) Watco||WATCO Division Cuttack,Cuttack,753003.0,1.0,"7,38,592",SHISHIR KUMAR SWAIN,"627,877",Accepted-AOC,16-Feb-2026,WATCO Bhubaneswar||Director (Operation) Watco||WATCO Division Cuttack,True,True,"{'heatwave': 0, 'heat wave': 0, 'heat-wave': 0, 'heat stress': 0, 'heat stroke': 0, 'heat action plan': 0, 'heat resilience': 0, 'heat resilient': 0, 'extreme heat': 0, 'high temperature': 0, 'rising temperature': 0, 'heat resistant': 0, 'climate resilient': 0, 'cooling centre': 0, 'cooling center': 0, 'emergency response': 0, 'first aid': 0, 'ambulance': 0, 'ors': 0, 'oral rehydration solution': 0, 'heat stroke treatment': 0, 'sunstroke': 0, 'sun stroke': 0, 'heat related illness': 0, 'heat illness': 0, 'heat exhaustion': 0, 'heat cramp': 0, 'heat rash': 0, 'heat alert': 0, 'heat warning': 0, 'heat advisory': 0, 'heat hotline': 0, 'satark': 0, 'early warning system': 0, 'saline': 0, 'iv fluid': 0, 'rapid response team': 0, 'mobile health unit': 0, 'relief chamber': 0, 'heat stroke ward': 0, 'heat stroke bed': 0, 'drinking water': 2, 'water kiosk': 2, 'water atm': 0, 'hydration point': 0, 'hydration centre': 0, 'hydration center': 0, 'cold water': 0, 'tube well': 0, 'tubewell': 0, 'borewell': 0, 'bore well': 0, 'hand pump': 0, 'handpump': 0, 'overhead tank': 0, 'oh tank': 0, 'stand post': 0, 'piped water supply': 0, 'water supply scheme': 0, 'jalachhatra': 0, 'jalachatra': 0, 'jala jogana kendra': 0, 'jal jogana kendra': 0, 'jal seva shibira': 0, 'water tanker': 0, 'water sprinkling': 0, 'cool roof': 0, 'white roof': 0, 'white topping': 0, 'roof insulation': 0, 'thermal insulation': 0, 'heat reflective': 0, 'reflective coating': 0, 'shade net': 0, 'shade structure': 0, 'canopy': 0, 'awning': 0, 'albedo paint': 0, 'albedo painting': 0, 'white painting': 0, 'reflective paint': 0, 'green roof': 0, 'green roofing': 0, 'k glass': 0, 'doubly glazed glass': 0, 'passive cooling': 0, 'air cooler': 0, 'white china mosaic': 0, 'lime based whitewash': 0, 'white tarp': 0, 'acrylic resin coating': 0, 'tree plantation': 0, 'avenue plantation': 0, 'plantation': 0, 'green belt': 0, 'urban forestry': 0, 'urban forest': 0, 'park development': 0, 'shelter belt': 0, 'shade tree': 0, 'vertical garden': 0, 'green space': 0, 'afforestation': 0, 'green campus': 0, 'night shelter': 0, 'transit shelter': 0, 'rest shed': 0, 'waiting shed': 0, 'community hall': 0, 'relief centre': 0, 'relief center': 0, 'bus stand shelter': 0, 'passenger shelter': 0, 'cool shelter': 0, 'rest shade': 0, 'cool resting space': 0, 'cool resting shed': 0, 'passenger shed': 0, 'outreach clinic': 0, 'awareness campaign': 0, 'iec activity': 0, 'iec material': 0, 'capacity building': 0, 'training programme': 0, 'training program': 0, 'mock drill': 0, 'sensitization': 0, 'swasthya kantha': 0, 'do and dont': 0, 'dos and donts': 0, 'display board': 0, 'hoarding': 0, 'pamphlet': 0, 'leaflet': 0, 'banner': 0}","{'floodlight': 0, 'flood light': 0, 'street light': 0, 'solar street light': 0, 'high mast light': 0, 'gas pipeline': 0, 'sports complex': 0, 'stadium': 0, 'cricket': 0, 'football': 0, 'volleyball': 0, 'examination hall': 0, 'cremation ground': 0, 'crematorium': 0, 'burial ground': 0, 'election': 0, 'covid': 0, 'vaccination': 0, 'wedding hall': 0, 'marriage hall': 0, 'kalyan mandap': 0, 'boundary wall': 0, 'compound wall': 0, 'staff quarter': 0, 'quarter building': 0, 'drug warehouse': 0, 'drug ware house': 0, 'godown': 0, 'bio medical waste': 0, 'biomedical waste': 0, 'bmw management': 0, 'waste management': 0}",strong,Post-Monsoon / Winter (Oct-Dec),,Drinking Water & Hydration,Drinking Water & Hydration,"{'Drinking Water & Hydration': {'drinking water': 2, 'water kiosk': 2}}"
2025_ORULB_122577_17,05/PKDM-2025-26,"Construction of Community Hall at Anka Street down near Ram Mandir, Ward No.9",Construction of Community Hall,Works,Open Tender,Percentage,Civil Works - Others,No,No,NA ,06-Dec-2025 10:00 AM,NA ,90.0,No ,No,Online,19-Dec-2025 11:00 AM,Municipal Bodies||Parlakhemundi Municipal Council,Paralakhemundi Municipality,761200.0,1.0,"8,27,188",SANGRAMKESARI PANIGRAHI,"827,188",Rejected-AOC,02-Feb-2026,Municipal Bodies||Parlakhemundi Municipal Council,True,False,"{'heatwave': 0, 'heat wave': 0, 'heat-wave': 0, 'heat stress': 0, 'heat stroke': 0, 'heat action plan': 0, 'heat resilience': 0, 'heat resilient': 0, 'extreme heat': 0, 'high temperature': 0, 'rising temperature': 0, 'heat resistant': 0, 'climate resilient': 0, 'cooling centre': 0, 'cooling center': 0, 'emergency response': 0, 'first aid': 0, 'ambulance': 0, 'ors': 0, 'oral rehydration solution': 0, 'heat stroke treatment': 0, 'sunstroke': 0, 'sun stroke': 0, 'heat related illness': 0, 'heat illness': 0, 'heat exhaustion': 0, 'heat cramp': 0, 'heat rash': 0, 'heat alert': 0, 'heat warning': 0, 'heat advisory': 0, 'heat hotline': 0, 'satark': 0, 'early warning system': 0, 'saline': 0, 'iv fluid': 0, 'rapid response team': 0, 'mobile health unit': 0, 'relief chamber': 0, 'heat stroke ward': 0, 'heat stroke bed': 0, 'drinking water': 0, 'water kiosk': 0, 'water atm': 0, 'hydration point': 0, 'hydration centre': 0, 'hydration center': 0, 'cold water': 0, 'tube well': 0, 'tubewell': 0, 'borewell': 0, 'bore well': 0, 'hand pump': 0, 'handpump': 0, 'overhead tank': 0, 'oh tank': 0, 'stand post': 0, 'piped water supply': 0, 'water supply scheme': 0, 'jalachhatra': 0, 'jalachatra': 0, 'jala jogana kendra': 0, 'jal jogana kendra': 0, 'jal seva shibira': 0, 'water tanker': 0, 'water sprinkling': 0, 'cool roof': 0, 'white roof': 0, 'white topping': 0, 'roof insulation': 0, 'thermal insulation': 0, 'heat reflective': 0, 'reflective coating': 0, 'shade net': 0, 'shade structure': 0, 'canopy': 0, 'awning': 0, 'albedo paint': 0, 'albedo painting': 0, 'white painting': 0, 'reflective paint': 0, 'green roof': 0, 'green roofing': 0, 'k glass': 0, 'doubly glazed glass': 0, 'passive cooling': 0, 'air cooler': 0, 'white china mosaic': 0, 'lime based whitewash': 0, 'white tarp': 0, 'acrylic resin coating': 0, 'tree plantation': 0, 'avenue plantation': 0, 'plantation': 0, 'green belt': 0, 'urban forestry': 0, 'urban forest': 0, 'park development': 0, 'shelter belt': 0, 'shade tree': 0, 'vertical garden': 0, 'green space': 0, 'afforestation': 0, 'green campus': 0, 'night shelter': 0, 'transit shelter': 0, 'rest shed': 0, 'waiting shed': 0, 'community hall': 2, 'relief centre': 0, 'relief center': 0, 'bus stand shelter': 0, 'passenger shelter': 0, 'cool shelter': 0, 'rest shade': 0, 'cool resting space': 0, 'cool resting shed': 0, 'passenger shed': 0, 'outreach clinic': 0, 'awareness campaign': 0, 'iec activity': 0, 'iec material': 0, 'capacity building': 0, 'training programme': 0, 'training program': 0, 'mock drill': 0, 'sensitization': 0, 'swasthya kantha': 0, 'do and dont': 0, 'dos and donts': 0, 'display board': 0, 'hoarding': 0, 'pamphlet': 0, 'leaflet': 0, 'banner': 0}","{'floodlight': 0, 'flood light': 0, 'street light': 0, 'solar street light': 0, 'high mast light': 0, 'gas pipeline': 0, 'sports complex': 0, 'stadium': 0, 'cricket': 0, 'football': 0, 'volleyball': 0, 'examination hall': 0, 'cremation ground': 0, 'crematorium': 0, 'burial ground': 0, 'election': 0, 'covid': 0, 'vaccination': 0, 'wedding hall': 0, 'marriage hall': 0, 'kalyan mandap': 0, 'boundary wall': 0, 'compound wall': 0, 'staff quarter': 0, 'quarter building': 0, 'drug warehouse': 0, 'drug ware house': 0, 'godown': 0, 'bio medical waste': 0, 'biomedical waste': 0, 'bmw management': 0, 'waste management': 0}",weak,Post-Monsoon / Winter (Oct-Dec),,Shelter & Rest Infrastructure,Shelter & Rest Infrastructure,{'Shelter & Rest Infrastructure': {'community hall': 2}}
2025_ORULB_120267_3,GUD-NAC-03/2025-26,Construction of Animal shed with Drinking Water tubs,Construction of Animal shed with Drinking Water tubs,Works,Open Tender,Percentage,Civil Works - Others,No,No,NA ,30-Oct-2025 11:30 AM,NA ,90.0,No ,No,Online,13-Nov-2025 11:30 AM,Municipal Bodies||Gudari NAC,Gudari NAC,765026.0,1.0,"7,06,485",ARATI HOTHA,"600,583",Rejected-Finance,11-Feb-2026,Municipal Bodies||Gudari NAC,True,False,"{'heatwave': 0, 'heat wave': 0, 'heat-wave': 0, 'heat stress': 0, 'heat stroke': 0, 'heat action plan': 0, 'heat resilience': 0, 'heat resilient': 0, 'extreme heat': 0, 'high temperature': 0, 'rising temperature': 0, 'heat resistant': 0, 'climate resilient': 0, 'cooling centre': 0, 'cooling center': 0, 'emergency response': 0, 'first aid': 0, 'ambulance': 0, 'ors': 0, 'oral rehydration solution': 0, 'heat stroke treatment': 0, 'sunstroke': 0, 'sun stroke': 0, 'heat related illness': 0, 'heat illness': 0, 'heat exhaustion': 0, 'heat cramp': 0, 'heat rash': 0, 'heat alert': 0, 'heat warning': 0, 'heat advisory': 0, 'heat hotline': 0, 'satark': 0, 'early warning system': 0, 'saline': 0, 'iv fluid': 0, 'rapid response team': 0, 'mobile health unit': 0, 'relief chamber': 0, 'heat stroke ward': 0, 'heat stroke bed': 0, 'drinking water': 2, 'water kiosk': 0, 'water atm': 0, 'hydration point': 0, 'hydration centre': 0, 'hydration center': 0, 'cold water': 0, 'tube well': 0, 'tubewell': 0, 'borewell': 0, 'bore well': 0, 'hand pump': 0, 'handpump': 0, 'overhead tank': 0, 'oh tank': 0, 'stand post': 0, 'piped water supply': 0, 'water supply scheme': 0, 'jalachhatra': 0, 'jalachatra': 0, 'jala jogana kendra': 0, 'jal jogana kendra': 0, 'jal seva shibira': 0, 'water tanker': 0, 'water sprinkling': 0, 'cool roof': 0, 'white roof': 0, 'white topping': 0, 'roof insulation': 0, 'thermal insulation': 0, 'heat reflective': 0, 'reflective coating': 0, 'shade net': 0, 'shade structure': 0, 'canopy': 0, 'awning': 0, 'albedo paint': 0, 'albedo painting': 0, 'white painting': 0, 'reflective paint': 0, 'green roof': 0, 'green roofing': 0, 'k glass': 0, 'doubly glazed glass': 0, 'passive cooling': 0, 'air cooler': 0, 'white china mosaic': 0, 'lime based whitewash': 0, 'white tarp': 0, 'acrylic resin coating': 0, 'tree plantation': 0, 'avenue plantation': 0, 'plantation': 0, 'green belt': 0, 'urban forestry': 0, 'urban forest': 0, 'park development': 0, 'shelter belt': 0, 'shade tree': 0, 'vertical garden': 0, 'green space': 0, 'afforestation': 0, 'green campus': 0, 'night shelter': 0, 'transit shelter': 0, 'rest shed': 0, 'waiting shed': 0, 'community hall': 0, 'relief centre': 0, 'relief center': 0, 'bus stand shelter': 0, 'passenger shelter': 0, 'cool shelter': 0, 'rest shade': 0, 'cool resting space': 0, 'cool resting shed': 0, 'passenger shed': 0, 'outreach clinic': 0, 'awareness campaign': 0, 'iec activity': 0, 'iec material': 0, 'capacity building': 0, 'training programme': 0, 'training program': 0, 'mock drill': 0, 'sensitization': 0, 'swasthya kantha': 0, 'do and dont': 0, 'dos and donts': 0, 'display board': 0, 'hoarding': 0, 'pamphlet': 0, 'leaflet': 0, 'banner': 0}","{'floodlight': 0, 'flood light': 0, 'street light': 0, 'solar street light': 0, 'high mast light': 0, 'gas pipeline': 0, 'sports complex': 0, 'stadium': 0, 'cricket': 0, 'football': 0, 'volleyball': 0, 'examination hall': 0, 'cremation ground': 0, 'crematorium': 0, 'burial ground': 0, 'election': 0, 'covid': 0, 'vaccination': 0, 'wedding hall': 0, 'marriage hall': 0, 'kalyan mandap': 0, 'boundary wall': 0, 'compound wall': 0, 'staff quarter': 0, 'quarter building': 0, 'drug warehouse': 0, 'drug ware house': 0, 'godown': 0, 'bio medical waste': 0, 'biomedical waste': 0, 'bmw management': 0, 'waste management': 0}",weak,Post-Monsoon / Winter (Oct-Dec),,Drinking Water & Hydration,Drinking Water & Hydration,{'Drinking Water & Hydration': {'drinking water': 2}}
2025_WCUTT_123247_1,GMWATCO (W)-13(3)/2025-26 Dtd.09.12.2025,"Construction of DRINKING WATER KIOSK near Kochilae Temple, Ward No- 26 Zone-22 under WATCO Section Annapurna, Cuttack","Construction of DRINKING WATER KIOSK near Kochilae Temple, Ward No- 26 Zone-22 under WATCO Section Annapurna, Cuttack",Works,National Competitive Bid,Percentage,Civil Works - Water Works,No,No,NA ,15-Dec-2025 05:55 PM,NA ,120.0,No ,No,Online,29-Dec-2025 12:30 PM,WATCO Bhubaneswar||Director (Operation) Watco||WATCO Division Cuttack,Cuttack,753003.0,1.0,"6,21,876",SHISHIR KUMAR SWAIN,"621,876",Accepted-AOC,16-Feb-2026,WATCO Bhubaneswar||Director (Operation) Watco||WATCO Division Cuttack,True,True,"{'heatwave': 0, 'heat wave': 0, 'heat-wave': 0, 'heat stress': 0, 'heat stroke': 0, 'heat action plan': 0, 'heat resilience': 0, 'heat resilient': 0, 'extreme heat': 0, 'high temperature': 0, 'rising temperature': 0, 'heat resistant': 0, 'climate resilient': 0, 'cooling centre': 0, 'cooling center': 0, 'emergency response': 0, 'first aid': 0, 'ambulance': 0, 'ors': 0, 'oral rehydration solution': 0, 'heat stroke treatment': 0, 'sunstroke': 0, 'sun stroke': 0, 'heat related illness': 0, 'heat illness': 0, 'heat exhaustion': 0, 'heat cramp': 0, 'heat rash': 0, 'heat alert': 0, 'heat warning': 0, 'heat advisory': 0, 'heat hotline': 0, 'satark': 0, 'early warning system': 0, 'saline': 0, 'iv fluid': 0, 'rapid response team': 0, 'mobile health unit': 0, 'relief chamber': 0, 'heat stroke ward': 0, 'heat stroke bed': 0, 'drinking water': 2, 'water kiosk': 2, 'water atm': 0, 'hydration point': 0, 'hydration centre': 0, 'hydration center': 0, 'cold water': 0, 'tube well': 0, 'tubewell': 0, 'borewell': 0, 'bore well': 0, 'hand pump': 0, 'handpump': 0, 'overhead tank': 0, 'oh tank': 0, 'stand post': 0, 'piped water supply': 0, 'water supply scheme': 0, 'jalachhatra': 0, 'jalachatra': 0, 'jala jogana kendra': 0, 'jal jogana kendra': 0, 'jal seva shibira': 0, 'water tanker': 0, 'water sprinkling': 0, 'cool roof': 0, 'white roof': 0, 'white topping': 0, 'roof insulation': 0, 'thermal insulation': 0, 'heat reflective': 0, 'reflective coating': 0, 'shade net': 0, 'shade structure': 0, 'canopy': 0, 'awning': 0, 'albedo paint': 0, 'albedo painting': 0, 'white painting': 0, 'reflective paint': 0, 'green roof': 0, 'green roofing': 0, 'k glass': 0, 'doubly glazed glass': 0, 'passive cooling': 0, 'air cooler': 0, 'white china mosaic': 0, 'lime based whitewash': 0, 'white tarp': 0, 'acrylic resin coating': 0, 'tree plantation': 0, 'avenue plantation': 0, 'plantation': 0, 'green belt': 0, 'urban forestry': 0, 'urban forest': 0, 'park development': 0, 'shelter belt': 0, 'shade tree': 0, 'vertical garden': 0, 'green space': 0, 'afforestation': 0, 'green campus': 0, 'night shelter': 0, 'transit shelter': 0, 'rest shed': 0, 'waiting shed': 0, 'community hall': 0, 'relief centre': 0, 'relief center': 0, 'bus stand shelter': 0, 'passenger shelter': 0, 'cool shelter': 0, 'rest shade': 0, 'cool resting space': 0, 'cool resting shed': 0, 'passenger shed': 0, 'outreach clinic': 0, 'awareness campaign': 0, 'iec activity': 0, 'iec material': 0, 'capacity building': 0, 'training programme': 0, 'training program': 0, 'mock drill': 0, 'sensitization': 0, 'swasthya kantha': 0, 'do and dont': 0, 'dos and donts': 0, 'display board': 0, 'hoarding': 0, 'pamphlet': 0, 'leaflet': 0, 'banner': 0}","{'floodlight': 0, 'flood light': 0, 'street light': 0, 'solar street light': 0, 'high mast light': 0, 'gas pipeline': 0, 'sports complex': 0, 'stadium': 0, 'cricket': 0, 'football': 0, 'volleyball': 0, 'examination hall': 0, 'cremation ground': 0, 'crematorium': 0, 'burial ground': 0, 'election': 0, 'covid': 0, 'vaccination': 0, 'wedding hall': 0, 'marriage hall': 0, 'kalyan mandap': 0, 'boundary wall': 0, 'compound wall': 0, 'staff quarter': 0, 'quarter building': 0, 'drug warehouse': 0, 'drug ware house': 0, 'godown': 0, 'bio medical waste': 0, 'biomedical waste': 0, 'bmw management': 0, 'waste management': 0}",strong,Post-Monsoon / Winter (Oct-Dec),,Drinking Water & Hydration,Drinking Water & Hydration,"{'Drinking Water & Hydration': {'drinking water': 2, 'water kiosk': 2}}"
2025_OSAMB_116401_2,RMC/KESING-01/2025-26,Construction Of Infrastructure,"FIc-cum-FRS, Threshing Floor, GCI Cover Shed and Tube Well",Works,Open Tender,Percentage,Civil Works - Others,No,No,NA ,04-Aug-2025 06:00 PM,NA ,90.0,No ,No,Online,19-Aug-2025 11:00 AM,Odisha State Agricultural Marketing Board||RMC Kesinga,Rinja,766032.0,2.0,"52,73,183",AJAYA KUMAR BOHIDAR,"4,482,733",Rejected-AOC,13-Feb-2026,Odisha State Agricultural Marketing Board||RMC Kesinga,True,False,"{'heatwave': 0, 'heat wave': 0, 'heat-wave': 0, 'heat stress': 0, 'heat stroke': 0, 'heat action plan': 0, 'heat resilience': 0, 'heat resilient': 0, 'extreme heat': 0, 'high temperature': 0, 'rising temperature': 0, 'heat resistant': 0, 'climate resilient': 0, 'cooling centre': 0, 'cooling center': 0, 'emergency response': 0, 'first aid': 0, 'ambulance': 0, 'ors': 0, 'oral rehydration solution': 0, 'heat stroke treatment': 0, 'sunstroke': 0, 'sun stroke': 0, 'heat related illness': 0, 'heat illness': 0, 'heat exhaustion': 0, 'heat cramp': 0, 'heat rash': 0, 'heat alert': 0, 'heat warning': 0, 'heat advisory': 0, 'heat hotline': 0, 'satark': 0, 'early warning system': 0, 'saline': 0, 'iv fluid': 0, 'rapid response team': 0, 'mobile health unit': 0, 'relief chamber': 0, 'heat stroke ward': 0, 'heat stroke bed': 0, 'drinking water': 0, 'water kiosk': 0, 'water atm': 0, 'hydration point': 0, 'hydration centre': 0, 'hydration center': 0, 'cold water': 0, 'tube well': 1, 'tubewell': 0, 'borewell': 0, 'bore well': 0, 'hand pump': 0, 'handpump': 0, 'overhead tank': 0, 'oh tank': 0, 'stand post': 0, 'piped water supply': 0, 'water supply scheme': 0, 'jalachhatra': 0, 'jalachatra': 0, 'jala jogana kendra': 0, 'jal jogana kendra': 0, 'jal seva shibira': 0, 'water tanker': 0, 'water sprinkling': 0, 'cool roof': 0, 'white roof': 0, 'white topping': 0, 'roof insulation': 0, 'thermal insulation': 0, 'heat reflective': 0, 'reflective coating': 0, 'shade net': 0, 'shade structure': 0, 'canopy': 0, 'awning': 0, 'albedo paint': 0, 'albedo painting': 0, 'white painting': 0, 'reflective paint': 0, 'green roof': 0, 'green roofing': 0, 'k glass': 0, 'doubly glazed glass': 0, 'passive cooling': 0, 'air cooler': 0, 'white china mosaic': 0, 'lime based whitewash': 0, 'white tarp': 0, 'acrylic resin coating': 0, 'tree plantation': 0, 'avenue plantation': 0, 'plantation': 0, 'green belt': 0, 'urban forestry': 0, 'urban forest': 0, 'park development': 0, 'shelter belt': 0, 'shade tree': 0, 'vertical garden': 0, 'green space': 0, 'afforestation': 0, 'green campus': 0, 'night shelter': 0, 'transit shelter': 0, 'rest shed': 0, 'waiting shed': 0, 'community hall': 0, 'relief centre': 0, 'relief center': 0, 'bus stand shelter': 0, 'passenger shelter': 0, 'cool shelter': 0, 'rest shade': 0, 'cool resting space': 0, 'cool resting shed': 0, 'passenger shed': 0, 'outreach clinic': 0, 'awareness campaign': 0, 'iec activity': 0, 'iec material': 0, 'capacity building': 0, 'training programme': 0, 'training program': 0, 'mock drill': 0, 'sensitization': 0, 'swasthya kantha': 0, 'do and dont': 0, 'dos and donts': 0, 'display board': 0, 'hoarding': 0, 'pamphlet': 0, 'leaflet': 0, 'banner': 0}","{'floodlight': 0, 'flood light': 0, 'street light': 0, 'solar street light': 0, 'high mast light': 0, 'gas pipeline': 0, 'sports complex': 0, 'stadium': 0, 'cricket': 0, 'football': 0, 'volleyball': 0, 'examination hall': 0, 'cremation ground': 0, 'crematorium': 0, 'burial ground': 0, 'election': 0, 'covid': 0, 'vaccination': 0, 'wedding hall': 0, 'marriage hall': 0, 'kalyan mandap': 0, 'boundary wall': 0, 'compound wall': 0, 'staff quarter': 0, 'quarter building': 0, 'drug warehouse': 0, 'drug ware house': 0, 'godown': 0, 'bio medical waste': 0, 'biomedical waste': 0, 'bmw management': 0, 'waste management': 0}",weak,Monsoon (Jul-Sep),,Drinking Water & Hydration,Drinking Water & Hydration,{'Drinking Water & Hydration': {'tube well': 1}}
2025_ORULB_122577_28,05/PKDM-2025-26,"Completion of incomplete Community Hall at PWD Colony, Ward No.16",Completion of incomplete Community Hall,Works,Open Tender,Percentage,Civil Works - Highways,No,No,NA ,06-Dec-2025 10:00 AM,NA ,90.0,No ,No,Online,19-Dec-2025 11:00 AM,Municipal Bodies||Parlakhemundi Municipal Council,Paralakhemundi Municipality,761200.0,1.0,"12,68,595",SIMMA ALLADA,"1,268,595",Rejected-AOC,21-Feb-2026,Municipal Bodies||Parlakhemundi Municipal Council,True,False,"{'heatwave': 0, 'heat wave': 0, 'heat-wave': 0, 'heat stress': 0, 'heat stroke': 0, 'heat action plan': 0, 'heat resilience': 0, 'heat resilient': 0, 'extreme heat': 0, 'high temperature': 0, 'rising temperature': 0, 'heat resistant': 0, 'climate resilient': 0, 'cooling centre': 0, 'cooling center': 0, 'emergency response': 0, 'first aid': 0, 'ambulance': 0, 'ors': 0, 'oral rehydration solution': 0, 'heat stroke treatment': 0, 'sunstroke': 0, 'sun stroke': 0, 'heat related illness': 0, 'heat illness': 0, 'heat exhaustion': 0, 'heat cramp': 0, 'heat rash': 0, 'heat alert': 0, 'heat warning': 0, 'heat advisory': 0, 'heat hotline': 0, 'satark': 0, 'early warning system': 0, 'saline': 0, 'iv fluid': 0, 'rapid response team': 0, 'mobile health unit': 0, 'relief chamber': 0, 'heat stroke ward': 0, 'heat stroke bed': 0, 'drinking water': 0, 'water kiosk': 0, 'water atm': 0, 'hydration point': 0, 'hydration centre': 0, 'hydration center': 0, 'cold water': 0, 'tube well': 0, 'tubewell': 0, 'borewell': 0, 'bore well': 0, 'hand pump': 0, 'handpump': 0, 'overhead tank': 0, 'oh tank': 0, 'stand post': 0, 'piped water supply': 0, 'water supply scheme': 0, 'jalachhatra': 0, 'jalachatra': 0, 'jala jogana kendra': 0, 'jal jogana kendra': 0, 'jal seva shibira': 0, 'water tanker': 0, 'water sprinkling': 0, 'cool roof': 0, 'white roof': 0, 'white topping': 0, 'roof insulation': 0, 'thermal insulation': 0, 'heat reflective': 0, 'reflective coating': 0, 'shade net': 0, 'shade structure': 0, 'canopy': 0, 'awning': 0, 'albedo paint': 0, 'albedo painting': 0, 'white painting': 0, 'reflective paint': 0, 'green roof': 0, 'green roofing': 0, 'k glass': 0, 'doubly glazed glass': 0, 'passive cooling': 0, 'air cooler': 0, 'white china mosaic': 0, 'lime based whitewash': 0, 'white tarp': 0, 'acrylic resin coating': 0, 'tree plantation': 0, 'avenue plantation': 0, 'plantation': 0, 'green belt': 0, 'urban forestry': 0, 'urban forest': 0, 'park development': 0, 'shelter belt': 0, 'shade tree': 0, 'vertical garden': 0, 'green space': 0, 'afforestation': 0, 'green campus': 0, 'night shelter': 0, 'transit shelter': 0, 'rest shed': 0, 'waiting shed': 0, 'community hall': 2, 'relief centre': 0, 'relief center': 0, 'bus stand shelter': 0, 'passenger shelter': 0, 'cool shelter': 0, 'rest shade': 0, 'cool resting space': 0, 'cool resting shed': 0, 'passenger shed': 0, 'outreach clinic': 0, 'awareness campaign': 0, 'iec activity': 0, 'iec material': 0, 'capacity building': 0, 'training programme': 0, 'training program': 0, 'mock drill': 0, 'sensitization': 0, 'swasthya kantha': 0, 'do and dont': 0, 'dos and donts': 0, 'display board': 0, 'hoarding': 0, 'pamphlet': 0, 'leaflet': 0, 'banner': 0}","{'floodlight': 0, 'flood light': 0, 'street light': 0, 'solar street light': 0, 'high mast light': 0, 'gas pipeline': 0, 'sports complex': 0, 'stadium': 0, 'cricket': 0, 'football': 0, 'volleyball': 0, 'examination hall': 0, 'cremation ground': 0, 'crematorium': 0, 'burial ground': 0, 'election': 0, 'covid': 0, 'vaccination': 0, 'wedding hall': 0, 'marriage hall': 0, 'kalyan mandap': 0, 'boundary wall': 0, 'compound wall': 0, 'staff quarter': 0, 'quarter building': 0, 'drug warehouse': 0, 'drug ware house': 0, 'godown': 0, 'bio medical waste': 0, 'biomedical waste': 0, 'bmw management': 0, 'waste management': 0}",weak,Post-Monsoon / Winter (Oct-Dec),,Shelter & Rest Infrastructure,Shelter & Rest Infrastructure,{'Shelter & Rest Infrastructure': {'community hall': 2}}
2025_ORULB_116829_34,EO/ PDPM/ W_03/ 2025-26,Construction of Community Hall at Housing board colony in ward no 13,Construction of Community Hall at Housing board colony in ward no 13,Works,Open Tender,Percentage,Civil Works - Others,No,No,NA ,16-Aug-2025 05:00 PM,NA ,120.0,No ,No,Online,29-Aug-2025 11:00 AM,Municipal Bodies||Paradeep Municipality,PARADEEP MUNICIPALITY,754142.0,1.0,"16,93,816",BASANTA BEHERA,"1,699,100",Rejected-Finance,20-Feb-2026,Municipal Bodies||Paradeep Municipality,True,False,"{'heatwave': 0, 'heat wave': 0, 'heat-wave': 0, 'heat stress': 0, 'heat stroke': 0, 'heat action plan': 0, 'heat resilience': 0, 'heat resilient': 0, 'extreme heat': 0, 'high temperature': 0, 'rising temperature': 0, 'heat resistant': 0, 'climate resilient': 0, 'cooling centre': 0, 'cooling center': 0, 'emergency response': 0, 'first aid': 0, 'ambulance': 0, 'ors': 0, 'oral rehydration solution': 0, 'heat stroke treatment': 0, 'sunstroke': 0, 'sun stroke': 0, 'heat related illness': 0, 'heat illness': 0, 'heat exhaustion': 0, 'heat cramp': 0, 'heat rash': 0, 'heat alert': 0, 'heat warning': 0, 'heat advisory': 0, 'heat hotline': 0, 'satark': 0, 'early warning system': 0, 'saline': 0, 'iv fluid': 0, 'rapid response team': 0, 'mobile health unit': 0, 'relief chamber': 0, 'heat stroke ward': 0, 'heat stroke bed': 0, 'drinking water': 0, 'water kiosk': 0, 'water atm': 0, 'hydration point': 0, 'hydration centre': 0, 'hydration center': 0, 'cold water': 0, 'tube well': 0, 'tubewell': 0, 'borewell': 0, 'bore well': 0, 'hand pump': 0, 'handpump': 0, 'overhead tank': 0, 'oh tank': 0, 'stand post': 0, 'piped water supply': 0, 'water supply scheme': 0, 'jalachhatra': 0, 'jalachatra': 0, 'jala jogana kendra': 0, 'jal jogana kendra': 0, 'jal seva shibira': 0, 'water tanker': 0, 'water sprinkling': 0, 'cool roof': 0, 'white roof': 0, 'white topping': 0, 'roof insulation': 0, 'thermal insulation': 0, 'heat reflective': 0, 'reflective coating': 0, 'shade net': 0, 'shade structure': 0, 'canopy': 0, 'awning': 0, 'albedo paint': 0, 'albedo painting': 0, 'white painting': 0, 'reflective paint': 0, 'green roof': 0, 'green roofing': 0, 'k glass': 0, 'doubly glazed glass': 0, 'passive cooling': 0, 'air cooler': 0, 'white china mosaic': 0, 'lime based whitewash': 0, 'white tarp': 0, 'acrylic resin coating': 0, 'tree plantation': 0, 'avenue plantation': 0, 'plantation': 0, 'green belt': 0, 'urban forestry': 0, 'urban forest': 0, 'park development': 0, 'shelter belt': 0, 'shade tree': 0, 'vertical garden': 0, 'green space': 0, 'afforestation': 0, 'green campus': 0, 'night shelter': 0, 'transit shelter': 0, 'rest shed': 0, 'waiting shed': 0, 'community hall': 2, 'relief centre': 0, 'relief center': 0, 'bus stand shelter': 0, 'passenger shelter': 0, 'cool shelter': 0, 'rest shade': 0, 'cool resting space': 0, 'cool resting shed': 0, 'passenger shed': 0, 'outreach clinic': 0, 'awareness campaign': 0, 'iec activity': 0, 'iec material': 0, 'capacity building': 0, 'training programme': 0, 'training program': 0, 'mock drill': 0, 'sensitization': 0, 'swasthya kantha': 0, 'do and dont': 0, 'dos and donts': 0, 'display board': 0, 'hoarding': 0, 'pamphlet': 0, 'leaflet': 0, 'banner': 0}","{'floodlight': 0, 'flood light': 0, 'street light': 0, 'solar street light': 0, 'high mast light': 0, 'gas pipeline': 0, 'sports complex': 0, 'stadium': 0, 'cricket': 0, 'football': 0, 'volleyball': 0, 'examination hall': 0, 'cremation ground': 0, 'crematorium': 0, 'burial ground': 0, 'election': 0, 'covid': 0, 'vaccination': 0, 'wedding hall': 0, 'marriage hall': 0, 'kalyan mandap': 0, 'boundary wall': 0, 'compound wall': 0, 'staff quarter': 0, 'quarter building': 0, 'drug warehouse': 0, 'drug ware house': 0, 'godown': 0, 'bio medical waste': 0, 'biomedical waste': 0, 'bmw management': 0, 'waste management': 0}",weak,Monsoon (Jul-Sep),,Shelter & Rest Infrastructure,Shelter & Rest Infrastructure,{'Shelter & Rest Infrastructure': {'community hall': 2}}
2025_CERWI_123070_1,TENDERONLINEDNAYAGARH72526,S/R to R.W. Rest Shed building at Odagaon for the year 2025-26,S/R to R.W. Rest Shed building at Odagaon for the year 2025-26,Works,Open Tender,Percentage,Civil Works - Buildings,No,No,NA ,12-Dec-2025 09:00 AM,NA ,90.0,No ,No,Online,23-Dec-2025 11:00 AM,CE RW I||RWCIRCLE-BHUBANESWAR||RWDIVISION-NAYAGARH,Nayagarh,752070.0,1.0,"6,77,190",ACHYUTANANDA MAHAPATRA,"575,680",Rejected-AOC,02-Feb-2026,CE RW I||RWCIRCLE-BHUBANESWAR||RWDIVISION-NAYAGARH,True,False,"{'heatwave': 0, 'heat wave': 0, 'heat-wave': 0, 'heat stress': 0, 'heat stroke': 0, 'heat action plan': 0, 'heat resilience': 0, 'heat resilient': 0, 'extreme heat': 0, 'high temperature': 0, 'rising temperature': 0, 'heat resistant': 0, 'climate resilient': 0, 'cooling centre': 0, 'cooling center': 0, 'emergency response': 0, 'first aid': 0, 'ambulance': 0, 'ors': 0, 'oral rehydration solution': 0, 'heat stroke treatment': 0, 'sunstroke': 0, 'sun stroke': 0, 'heat related illness': 0, 'heat illness': 0, 'heat exhaustion': 0, 'heat cramp': 0, 'heat rash': 0, 'heat alert': 0, 'heat warning': 0, 'heat advisory': 0, 'heat hotline': 0, 'satark': 0, 'early warning system': 0, 'saline': 0, 'iv fluid': 0, 'rapid response team': 0, 'mobile health unit': 0, 'relief chamber': 0, 'heat stroke ward': 0, 'heat stroke bed': 0, 'drinking water': 0, 'water kiosk': 0, 'water atm': 0, 'hydration point': 0, 'hydration centre': 0, 'hydration center': 0, 'cold water': 0, 'tube well': 0, 'tubewell': 0, 'borewell': 0, 'bore well': 0, 'hand pump': 0, 'handpump': 0, 'overhead tank': 0, 'oh tank': 0, 'stand post': 0, 'piped water supply': 0, 'water supply scheme': 0, 'jalachhatra': 0, 'jalachatra': 0, 'jala jogana kendra': 0, 'jal jogana kendra': 0, 'jal seva shibira': 0, 'water tanker': 0, 'water sprinkling': 0, 'cool roof': 0, 'white roof': 0, 'white topping': 0, 'roof insulation': 0, 'thermal insulation': 0, 'heat reflective': 0, 'reflective coating': 0, 'shade net': 0, 'shade structure': 0, 'canopy': 0, 'awning': 0, 'albedo paint': 0, 'albedo painting': 0, 'white painting': 0, 'reflective paint': 0, 'green roof': 0, 'green roofing': 0, 'k glass': 0, 'doubly glazed glass': 0, 'passive cooling': 0, 'air cooler': 0, 'white china mosaic': 0, 'lime based whitewash': 0, 'white tarp': 0, 'acrylic resin coating': 0, 'tree plantation': 0, 'avenue plantation': 0, 'plantation': 0, 'green belt': 0, 'urban forestry': 0, 'urban forest': 0, 'park development': 0, 'shelter belt': 0, 'shade tree': 0, 'vertical garden': 0, 'green space': 0, 'afforestation': 0, 'green campus': 0, 'night shelter': 0, 'transit shelter': 0, 'rest shed': 2, 'waiting shed': 0, 'community hall': 0, 'relief centre': 0, 'relief center': 0, 'bus stand shelter': 0, 'passenger shelter': 0, 'cool shelter': 0, 'rest shade': 0, 'cool resting space': 0, 'cool resting shed': 0, 'passenger shed': 0, 'outreach clinic': 0, 'awareness campaign': 0, 'iec activity': 0, 'iec material': 0, 'capacity building': 0, 'training programme': 0, 'training program': 0, 'mock drill': 0, 'sensitization': 0, 'swasthya kantha': 0, 'do and dont': 0, 'dos and donts': 0, 'display board': 0, 'hoarding': 0, 'pamphlet': 0, 'leaflet': 0, 'banner': 0}","{'floodlight': 0, 'flood light': 0, 'street light': 0, 'solar street light': 0, 'high mast light': 0, 'gas pipeline': 0, 'sports complex': 0, 'stadium': 0, 'cricket': 0, 'football': 0, 'volleyball': 0, 'examination hall': 0, 'cremation ground': 0, 'crematorium': 0, 'burial ground': 0, 'election': 0, 'covid': 0, 'vaccination': 0, 'wedding hall': 0, 'marriage hall': 0, 'kalyan mandap': 0, 'boundary wall': 0, 'compound wall': 0, 'staff quarter': 0, 'quarter building': 0, 'drug warehouse': 0, 'drug ware house': 0, 'godown': 0, 'bio medical waste': 0, 'biomedical waste': 0, 'bmw management': 0, 'waste management': 0}",weak,Post-Monsoon / Winter (Oct-Dec),,Shelter & Rest Infrastructure,Shelter & Rest Infrastructure,{'Shelter & Rest Infrastructure': {'rest shed': 2}}
2025_ORULB_122577_13,05/PKDM-2025-26,"Construction of Community Hall at Kabichandra Pathagar Library, Ward No-4",Construction of Community Hall,Works,Open Tender,Percentage,Civil Works - Others,No,No,NA ,06-Dec-2025 10:00 AM,NA ,90.0,No ,No,Online,19-Dec-2025 11:00 AM,Municipal Bodies||Parlakhemundi Municipal Council,Paralakhemundi Municipality,761200.0,1.0,"5,92,610",RAJESH PANDA,"592,610",Accepted-AOC,21-Feb-2026,Municipal Bodies||Parlakhemundi Municipal Council,True,False,"{'heatwave': 0, 'heat wave': 0, 'heat-wave': 0, 'heat stress': 0, 'heat stroke': 0, 'heat action plan': 0, 'heat resilience': 0, 'heat resilient': 0, 'extreme heat': 0, 'high temperature': 0, 'rising temperature': 0, 'heat resistant': 0, 'climate resilient': 0, 'cooling centre': 0, 'cooling center': 0, 'emergency response': 0, 'first aid': 0, 'ambulance': 0, 'ors': 0, 'oral rehydration solution': 0, 'heat stroke treatment': 0, 'sunstroke': 0, 'sun stroke': 0, 'heat related illness': 0, 'heat illness': 0, 'heat exhaustion': 0, 'heat cramp': 0, 'heat rash': 0, 'heat alert': 0, 'heat warning': 0, 'heat advisory': 0, 'heat hotline': 0, 'satark': 0, 'early warning system': 0, 'saline': 0, 'iv fluid': 0, 'rapid response team': 0, 'mobile health unit': 0, 'relief chamber': 0, 'heat stroke ward': 0, 'heat stroke bed': 0, 'drinking water': 0, 'water kiosk': 0, 'water atm': 0, 'hydration point': 0, 'hydration centre': 0, 'hydration center': 0, 'cold water': 0, 'tube well': 0, 'tubewell': 0, 'borewell': 0, 'bore well': 0, 'hand pump': 0, 'handpump': 0, 'overhead tank': 0, 'oh tank': 0, 'stand post': 0, 'piped water supply': 0, 'water supply scheme': 0, 'jalachhatra': 0, 'jalachatra': 0, 'jala jogana kendra': 0, 'jal jogana kendra': 0, 'jal seva shibira': 0, 'water tanker': 0, 'water sprinkling': 0, 'cool roof': 0, 'white roof': 0, 'white topping': 0, 'roof insulation': 0, 'thermal insulation': 0, 'heat reflective': 0, 'reflective coating': 0, 'shade net': 0, 'shade structure': 0, 'canopy': 0, 'awning': 0, 'albedo paint': 0, 'albedo painting': 0, 'white painting': 0, 'reflective paint': 0, 'green roof': 0, 'green roofing': 0, 'k glass': 0, 'doubly glazed glass': 0, 'passive cooling': 0, 'air cooler': 0, 'white china mosaic': 0, 'lime based whitewash': 0, 'white tarp': 0, 'acrylic resin coating': 0, 'tree plantation': 0, 'avenue plantation': 0, 'plantation': 0, 'green belt': 0, 'urban forestry': 0, 'urban forest': 0, 'park development': 0, 'shelter belt': 0, 'shade tree': 0, 'vertical garden': 0, 'green space': 0, 'afforestation': 0, 'green campus': 0, 'night shelter': 0, 'transit shelter': 0, 'rest shed': 0, 'waiting shed': 0, 'community hall': 2, 'relief centre': 0, 'relief center': 0, 'bus stand shelter': 0, 'passenger shelter': 0, 'cool shelter': 0, 'rest shade': 0, 'cool resting space': 0, 'cool resting shed': 0, 'passenger shed': 0, 'outreach clinic': 0, 'awareness campaign': 0, 'iec activity': 0, 'iec material': 0, 'capacity building': 0, 'training programme': 0, 'training program': 0, 'mock drill': 0, 'sensitization': 0, 'swasthya kantha': 0, 'do and dont': 0, 'dos and donts': 0, 'display board': 0, 'hoarding': 0, 'pamphlet': 0, 'leaflet': 0, 'banner': 0}","{'floodlight': 0, 'flood light': 0, 'street light': 0, 'solar street light': 0, 'high mast light': 0, 'gas pipeline': 0, 'sports complex': 0, 'stadium': 0, 'cricket': 0, 'football': 0, 'volleyball': 0, 'examination hall': 0, 'cremation ground': 0, 'crematorium': 0, 'burial ground': 0, 'election': 0, 'covid': 0, 'vaccination': 0, 'wedding hall': 0, 'marriage hall': 0, 'kalyan mandap': 0, 'boundary wall': 0, 'compound wall': 0, 'staff quarter': 0, 'quarter building': 0, 'drug warehouse': 0, 'drug ware house': 0, 'godown': 0, 'bio medical waste': 0, 'biomedical waste': 0, 'bmw management': 0, 'waste management': 0}",weak,Post-Monsoon / Winter (Oct-Dec),,Shelter & Rest Infrastructure,Shelter & Rest Infrastructure,{'Shelter & Rest Infrastructure': {'community hall': 2}}
2025_WCUTT_123241_1,GMWATCO (W)-13(1)/2025-26 Dtd.09.12.2025,"Construction of DRINKING WATER KIOSK at CDA Market Complex near Bharat Petrol Pump, Ward No 15 Zone24 under WATCO Section Annapurna, Cuttack","Construction of DRINKING WATER KIOSK at CDA Market Complex near Bharat Petrol Pump, Ward No 15 Zone24 under WATCO Section Annapurna, Cuttack",Works,National Competitive Bid,Percentage,Civil Works - Water Works,No,No,NA ,15-Dec-2025 05:35 PM,NA ,120.0,No ,No,Online,29-Dec-2025 12:30 PM,WATCO Bhubaneswar||Director (Operation) Watco||WATCO Division Cuttack,Cuttack,753003.0,1.0,"7,33,868",SHISHIR KUMAR SWAIN,"623,861",Accepted-AOC,16-Feb-2026,WATCO Bhubaneswar||Director (Operation) Watco||WATCO Division Cuttack,True,True,"{'heatwave': 0, 'heat wave': 0, 'heat-wave': 0, 'heat stress': 0, 'heat stroke': 0, 'heat action plan': 0, 'heat resilience': 0, 'heat resilient': 0, 'extreme heat': 0, 'high temperature': 0, 'rising temperature': 0, 'heat resistant': 0, 'climate resilient': 0, 'cooling centre': 0, 'cooling center': 0, 'emergency response': 0, 'first aid': 0, 'ambulance': 0, 'ors': 0, 'oral rehydration solution': 0, 'heat stroke treatment': 0, 'sunstroke': 0, 'sun stroke': 0, 'heat related illness': 0, 'heat illness': 0, 'heat exhaustion': 0, 'heat cramp': 0, 'heat rash': 0, 'heat alert': 0, 'heat warning': 0, 'heat advisory': 0, 'heat hotline': 0, 'satark': 0, 'early warning system': 0, 'saline': 0, 'iv fluid': 0, 'rapid response team': 0, 'mobile health unit': 0, 'relief chamber': 0, 'heat stroke ward': 0, 'heat stroke bed': 0, 'drinking water': 2, 'water kiosk': 2, 'water atm': 0, 'hydration point': 0, 'hydration centre': 0, 'hydration center': 0, 'cold water': 0, 'tube well': 0, 'tubewell': 0, 'borewell': 0, 'bore well': 0, 'hand pump': 0, 'handpump': 0, 'overhead tank': 0, 'oh tank': 0, 'stand post': 0, 'piped water supply': 0, 'water supply scheme': 0, 'jalachhatra': 0, 'jalachatra': 0, 'jala jogana kendra': 0, 'jal jogana kendra': 0, 'jal seva shibira': 0, 'water tanker': 0, 'water sprinkling': 0, 'cool roof': 0, 'white roof': 0, 'white topping': 0, 'roof insulation': 0, 'thermal insulation': 0, 'heat reflective': 0, 'reflective coating': 0, 'shade net': 0, 'shade structure': 0, 'canopy': 0, 'awning': 0, 'albedo paint': 0, 'albedo painting': 0, 'white painting': 0, 'reflective paint': 0, 'green roof': 0, 'green roofing': 0, 'k glass': 0, 'doubly glazed glass': 0, 'passive cooling': 0, 'air cooler': 0, 'white china mosaic': 0, 'lime based whitewash': 0, 'white tarp': 0, 'acrylic resin coating': 0, 'tree plantation': 0, 'avenue plantation': 0, 'plantation': 0, 'green belt': 0, 'urban forestry': 0, 'urban forest': 0, 'park development': 0, 'shelter belt': 0, 'shade tree': 0, 'vertical garden': 0, 'green space': 0, 'afforestation': 0, 'green campus': 0, 'night shelter': 0, 'transit shelter': 0, 'rest shed': 0, 'waiting shed': 0, 'community hall': 0, 'relief centre': 0, 'relief center': 0, 'bus stand shelter': 0, 'passenger shelter': 0, 'cool shelter': 0, 'rest shade': 0, 'cool resting space': 0, 'cool resting shed': 0, 'passenger shed': 0, 'outreach clinic': 0, 'awareness campaign': 0, 'iec activity': 0, 'iec material': 0, 'capacity building': 0, 'training programme': 0, 'training program': 0, 'mock drill': 0, 'sensitization': 0, 'swasthya kantha': 0, 'do and dont': 0, 'dos and donts': 0, 'display board': 0, 'hoarding': 0, 'pamphlet': 0, 'leaflet': 0, 'banner': 0}","{'floodlight': 0, 'flood light': 0, 'street light': 0, 'solar street light': 0, 'high mast light': 0, 'gas pipeline': 0, 'sports complex': 0, 'stadium': 0, 'cricket': 0, 'football': 0, 'volleyball': 0, 'examination hall': 0, 'cremation ground': 0, 'crematorium': 0, 'burial ground': 0, 'election': 0, 'covid': 0, 'vaccination': 0, 'wedding hall': 0, 'marriage hall': 0, 'kalyan mandap': 0, 'boundary wall': 0, 'compound wall': 0, 'staff quarter': 0, 'quarter building': 0, 'drug warehouse': 0, 'drug ware house': 0, 'godown': 0, 'bio medical waste': 0, 'biomedical waste': 0, 'bmw management': 0, 'waste management': 0}",strong,Post-Monsoon / Winter (Oct-Dec),,Drinking Water & Hydration,Drinking Water & Hydration,"{'Drinking Water & Hydration': {'drinking water': 2, 'water kiosk': 2}}"
2025_ORULB_122577_12,05/PKDM-2025-26,"Construction of Community Hall at Katika Goudo Street, Ward No-4",Construction of Community Hall,Works,Open Tender,Percentage,Civil Works - Others,No,No,NA ,06-Dec-2025 10:00 AM,NA ,90.0,No ,No,Online,19-Dec-2025 11:00 AM,Municipal Bodies||Parlakhemundi Municipal Council,Paralakhemundi Municipality,761200.0,1.0,"6,69,194",TOKA VAMSU KUMAR,"669,194",Rejected-AOC,02-Feb-2026,Municipal Bodies||Parlakhemundi Municipal Council,True,False,"{'heatwave': 0, 'heat wave': 0, 'heat-wave': 0, 'heat stress': 0, 'heat stroke': 0, 'heat action plan': 0, 'heat resilience': 0, 'heat resilient': 0, 'extreme heat': 0, 'high temperature': 0, 'rising temperature': 0, 'heat resistant': 0, 'climate resilient': 0, 'cooling centre': 0, 'cooling center': 0, 'emergency response': 0, 'first aid': 0, 'ambulance': 0, 'ors': 0, 'oral rehydration solution': 0, 'heat stroke treatment': 0, 'sunstroke': 0, 'sun stroke': 0, 'heat related illness': 0, 'heat illness': 0, 'heat exhaustion': 0, 'heat cramp': 0, 'heat rash': 0, 'heat alert': 0, 'heat warning': 0, 'heat advisory': 0, 'heat hotline': 0, 'satark': 0, 'early warning system': 0, 'saline': 0, 'iv fluid': 0, 'rapid response team': 0, 'mobile health unit': 0, 'relief chamber': 0, 'heat stroke ward': 0, 'heat stroke bed': 0, 'drinking water': 0, 'water kiosk': 0, 'water atm': 0, 'hydration point': 0, 'hydration centre': 0, 'hydration center': 0, 'cold water': 0, 'tube well': 0, 'tubewell': 0, 'borewell': 0, 'bore well': 0, 'hand pump': 0, 'handpump': 0, 'overhead tank': 0, 'oh tank': 0, 'stand post': 0, 'piped water supply': 0, 'water supply scheme': 0, 'jalachhatra': 0, 'jalachatra': 0, 'jala jogana kendra': 0, 'jal jogana kendra': 0, 'jal seva shibira': 0, 'water tanker': 0, 'water sprinkling': 0, 'cool roof': 0, 'white roof': 0, 'white topping': 0, 'roof insulation': 0, 'thermal insulation': 0, 'heat reflective': 0, 'reflective coating': 0, 'shade net': 0, 'shade structure': 0, 'canopy': 0, 'awning': 0, 'albedo paint': 0, 'albedo painting': 0, 'white painting': 0, 'reflective paint': 0, 'green roof': 0, 'green roofing': 0, 'k glass': 0, 'doubly glazed glass': 0, 'passive cooling': 0, 'air cooler': 0, 'white china mosaic': 0, 'lime based whitewash': 0, 'white tarp': 0, 'acrylic resin coating': 0, 'tree plantation': 0, 'avenue plantation': 0, 'plantation': 0, 'green belt': 0, 'urban forestry': 0, 'urban forest': 0, 'park development': 0, 'shelter belt': 0, 'shade tree': 0, 'vertical garden': 0, 'green space': 0, 'afforestation': 0, 'green campus': 0, 'night shelter': 0, 'transit shelter': 0, 'rest shed': 0, 'waiting shed': 0, 'community hall': 2, 'relief centre': 0, 'relief center': 0, 'bus stand shelter': 0, 'passenger shelter': 0, 'cool shelter': 0, 'rest shade': 0, 'cool resting space': 0, 'cool resting shed': 0, 'passenger shed': 0, 'outreach clinic': 0, 'awareness campaign': 0, 'iec activity': 0, 'iec material': 0, 'capacity building': 0, 'training programme': 0, 'training program': 0, 'mock drill': 0, 'sensitization': 0, 'swasthya kantha': 0, 'do and dont': 0, 'dos and donts': 0, 'display board': 0, 'hoarding': 0, 'pamphlet': 0, 'leaflet': 0, 'banner': 0}","{'floodlight': 0, 'flood light': 0, 'street light': 0, 'solar street light': 0, 'high mast light': 0, 'gas pipeline': 0, 'sports complex': 0, 'stadium': 0, 'cricket': 0, 'football': 0, 'volleyball': 0, 'examination hall': 0, 'cremation ground': 0, 'crematorium': 0, 'burial ground': 0, 'election': 0, 'covid': 0, 'vaccination': 0, 'wedding hall': 0, 'marriage hall': 0, 'kalyan mandap': 0, 'boundary wall': 0, 'compound wall': 0, 'staff quarter': 0, 'quarter building': 0, 'drug warehouse': 0, 'drug ware house': 0, 'godown': 0, 'bio medical waste': 0, 'biomedical waste': 0, 'bmw management': 0, 'waste management': 0}",weak,Post-Monsoon / Winter (Oct-Dec),,Shelter & Rest Infrastructure,Shelter & Rest Infrastructure,{'Shelter & Rest Infrastructure': {'community hall': 2}}
2025_OUTR_123716_1,OUTR/SBSH/CY/2025-26/31,Supply Installation and commissioning of High Temperature Furnace,Supply Installation and commissioning of High Temperature Furnace for School of Basic Sciences and Humanities Chemistry at OUTR,Goods,Open Tender,Item Rate,Laboratory Equipment,No,No,NA ,23-Dec-2025 06:00 PM,NA ,120.0,No ,No,Offline,16-Jan-2026 11:00 AM,Odisha University of Technology and Research,Bhubaneswar,751029.0,2.0,,Baba Gurditta Corporation,"469,640",Accepted-AOC,11-Feb-2026,Odisha University of Technology and Research,True,False,"{'heatwave': 0, 'heat wave': 0, 'heat-wave': 0, 'heat stress': 0, 'heat stroke': 0, 'heat action plan': 0, 'heat resilience': 0, 'heat resilient': 0, 'extreme heat': 0, 'high temperature': 2, 'rising temperature': 0, 'heat resistant': 0, 'climate resilient': 0, 'cooling centre': 0, 'cooling center': 0, 'emergency response': 0, 'first aid': 0, 'ambulance': 0, 'ors': 0, 'oral rehydration solution': 0, 'heat stroke treatment': 0, 'sunstroke': 0, 'sun stroke': 0, 'heat related illness': 0, 'heat illness': 0, 'heat exhaustion': 0, 'heat cramp': 0, 'heat rash': 0, 'heat alert': 0, 'heat warning': 0, 'heat advisory': 0, 'heat hotline': 0, 'satark': 0, 'early warning system': 0, 'saline': 0, 'iv fluid': 0, 'rapid response team': 0, 'mobile health unit': 0, 'relief chamber': 0, 'heat stroke ward': 0, 'heat stroke bed': 0, 'drinking water': 0, 'water kiosk': 0, 'water atm': 0, 'hydration point': 0, 'hydration centre': 0, 'hydration center': 0, 'cold water': 0, 'tube well': 0, 'tubewell': 0, 'borewell': 0, 'bore well': 0, 'hand pump': 0, 'handpump': 0, 'overhead tank': 0, 'oh tank': 0, 'stand post': 0, 'piped water supply': 0, 'water supply scheme': 0, 'jalachhatra': 0, 'jalachatra': 0, 'jala jogana kendra': 0, 'jal jogana kendra': 0, 'jal seva shibira': 0, 'water tanker': 0, 'water sprinkling': 0, 'cool roof': 0, 'white roof': 0, 'white topping': 0, 'roof insulation': 0, 'thermal insulation': 0, 'heat reflective': 0, 'reflective coating': 0, 'shade net': 0, 'shade structure': 0, 'canopy': 0, 'awning': 0, 'albedo paint': 0, 'albedo painting': 0, 'white painting': 0, 'reflective paint': 0, 'green roof': 0, 'green roofing': 0, 'k glass': 0, 'doubly glazed glass': 0, 'passive cooling': 0, 'air cooler': 0, 'white china mosaic': 0, 'lime based whitewash': 0, 'white tarp': 0, 'acrylic resin coating': 0, 'tree plantation': 0, 'avenue plantation': 0, 'plantation': 0, 'green belt': 0, 'urban forestry': 0, 'urban forest': 0, 'park development': 0, 'shelter belt': 0, 'shade tree': 0, 'vertical garden': 0, 'green space': 0, 'afforestation': 0, 'green campus': 0, 'night shelter': 0, 'transit shelter': 0, 'rest shed': 0, 'waiting shed': 0, 'community hall': 0, 'relief centre': 0, 'relief center': 0, 'bus stand shelter': 0, 'passenger shelter': 0, 'cool shelter': 0, 'rest shade': 0, 'cool resting space': 0, 'cool resting shed': 0, 'passenger shed': 0, 'outreach clinic': 0, 'awareness campaign': 0, 'iec activity': 0, 'iec material': 0, 'capacity building': 0, 'training programme': 0, 'training program': 0, 'mock drill': 0, 'sensitization': 0, 'swasthya kantha': 0, 'do and dont': 0, 'dos and donts': 0, 'display board': 0, 'hoarding': 0, 'pamphlet': 0, 'leaflet': 0, 'banner': 0}","{'floodlight': 0, 'flood light': 0, 'street light': 0, 'solar street light': 0, 'high mast light': 0, 'gas pipeline': 0, 'sports complex': 0, 'stadium': 0, 'cricket': 0, 'football': 0, 'volleyball': 0, 'examination hall': 0, 'cremation ground': 0, 'crematorium': 0, 'burial ground': 0, 'election': 0, 'covid': 0, 'vaccination': 0, 'wedding hall': 0, 'marriage hall': 0, 'kalyan mandap': 0, 'boundary wall': 0, 'compound wall': 0, 'staff quarter': 0, 'quarter building': 0, 'drug warehouse': 0, 'drug ware house': 0, 'godown': 0, 'bio medical waste': 0, 'biomedical waste': 0, 'bmw management': 0, 'waste management': 0}",weak,Post-Monsoon / Winter (Oct-Dec),,Heatwave & Emergency Response,Heatwave & Emergency Response,{'Heatwave & Emergency Response': {'high temperature': 2}}
2025_CERWI_123955_1,21 of 25-26,Construction of R.W Rest Shed Building at Baramba for the year 2025-26 in the District of Cuttack .,Construction of R.W Rest Shed Building at Baramba for the year 2025-26 in the District of Cuttack .,Works,Open Tender,Percentage,Miscellaneous Works,No,No,NA ,30-Dec-2025 11:55 AM,NA ,90.0,No ,No,Online,13-Jan-2026 11:30 AM,CE RW I||RWCIRCLE-CUTTACK||RWDIVISION-CUTTACK-II,Cuttack,753004.0,2.0,"84,04,043",ABHAYA BHUSAN SAHOO,"7,144,277",Rejected-AOC,20-Feb-2026,CE RW I||RWCIRCLE-CUTTACK||RWDIVISION-CUTTACK-II,True,False,"{'heatwave': 0, 'heat wave': 0, 'heat-wave': 0, 'heat stress': 0, 'heat stroke': 0, 'heat action plan': 0, 'heat resilience': 0, 'heat resilient': 0, 'extreme heat': 0, 'high temperature': 0, 'rising temperature': 0, 'heat resistant': 0, 'climate resilient': 0, 'cooling centre': 0, 'cooling center': 0, 'emergency response': 0, 'first aid': 0, 'ambulance': 0, 'ors': 0, 'oral rehydration solution': 0, 'heat stroke treatment': 0, 'sunstroke': 0, 'sun stroke': 0, 'heat related illness': 0, 'heat illness': 0, 'heat exhaustion': 0, 'heat cramp': 0, 'heat rash': 0, 'heat alert': 0, 'heat warning': 0, 'heat advisory': 0, 'heat hotline': 0, 'satark': 0, 'early warning system': 0, 'saline': 0, 'iv fluid': 0, 'rapid response team': 0, 'mobile health unit': 0, 'relief chamber': 0, 'heat stroke ward': 0, 'heat stroke bed': 0, 'drinking water': 0, 'water kiosk': 0, 'water atm': 0, 'hydration point': 0, 'hydration centre': 0, 'hydration center': 0, 'cold water': 0, 'tube well': 0, 'tubewell': 0, 'borewell': 0, 'bore well': 0, 'hand pump': 0, 'handpump': 0, 'overhead tank': 0, 'oh tank': 0, 'stand post': 0, 'piped water supply': 0, 'water supply scheme': 0, 'jalachhatra': 0, 'jalachatra': 0, 'jala jogana kendra': 0, 'jal jogana kendra': 0, 'jal seva shibira': 0, 'water tanker': 0, 'water sprinkling': 0, 'cool roof': 0, 'white roof': 0, 'white topping': 0, 'roof insulation': 0, 'thermal insulation': 0, 'heat reflective': 0, 'reflective coating': 0, 'shade net': 0, 'shade structure': 0, 'canopy': 0, 'awning': 0, 'albedo paint': 0, 'albedo painting': 0, 'white painting': 0, 'reflective paint': 0, 'green roof': 0, 'green roofing': 0, 'k glass': 0, 'doubly glazed glass': 0, 'passive cooling': 0, 'air cooler': 0, 'white china mosaic': 0, 'lime based whitewash': 0, 'white tarp': 0, 'acrylic resin coating': 0, 'tree plantation': 0, 'avenue plantation': 0, 'plantation': 0, 'green belt': 0, 'urban forestry': 0, 'urban forest': 0, 'park development': 0, 'shelter belt': 0, 'shade tree': 0, 'vertical garden': 0, 'green space': 0, 'afforestation': 0, 'green campus': 0, 'night shelter': 0, 'transit shelter': 0, 'rest shed': 2, 'waiting shed': 0, 'community hall': 0, 'relief centre': 0, 'relief center': 0, 'bus stand shelter': 0, 'passenger shelter': 0, 'cool shelter': 0, 'rest shade': 0, 'cool resting space': 0, 'cool resting shed': 0, 'passenger shed': 0, 'outreach clinic': 0, 'awareness campaign': 0, 'iec activity': 0, 'iec material': 0, 'capacity building': 0, 'training programme': 0, 'training program': 0, 'mock drill': 0, 'sensitization': 0, 'swasthya kantha': 0, 'do and dont': 0, 'dos and donts': 0, 'display board': 0, 'hoarding': 0, 'pamphlet': 0, 'leaflet': 0, 'banner': 0}","{'floodlight': 0, 'flood light': 0, 'street light': 0, 'solar street light': 0, 'high mast light': 0, 'gas pipeline': 0, 'sports complex': 0, 'stadium': 0, 'cricket': 0, 'football': 0, 'volleyball': 0, 'examination hall': 0, 'cremation ground': 0, 'crematorium': 0, 'burial ground': 0, 'election': 0, 'covid': 0, 'vaccination': 0, 'wedding hall': 0, 'marriage hall': 0, 'kalyan mandap': 0, 'boundary wall': 0, 'compound wall': 0, 'staff quarter': 0, 'quarter building': 0, 'drug warehouse': 0, 'drug ware house': 0, 'godown': 0, 'bio medical waste': 0, 'biomedical waste': 0, 'bmw management': 0, 'waste management': 0}",weak,Post-Monsoon / Winter (Oct-Dec),,Shelter & Rest Infrastructure,Shelter & Rest Infrastructure,{'Shelter & Rest Infrastructure': {'rest shed': 2}}
2025_CERWI_120117_32,DMGH / Online-08 of 2025-26,Special repair of road P.W.D Road(Banner) to Kadopadar in the Dist of Kalahandi for the year 2025-26,Special repair of road P.W.D Road(Banner) to Kadopadar in the Dist of Kalahandi for the year 2025-26,Works,National Competitive Bid,Percentage,Civil Works - Roads,No,No,NA ,30-Oct-2025 10:00 AM,NA ,90.0,No ,No,Online,11-Nov-2025 11:00 AM,CE RW I||RWCIRCLE-BHAWANIPATNA||RWDIVISION-DHARMAGARH,Dharmagarh / Kalahandi,766015.0,1.0,"33,89,870",ABHIJEET MANDAL,"2,881,729",Rejected-Finance,15-Dec-2025,CE RW I||RWCIRCLE-BHAWANIPATNA||RWDIVISION-DHARMAGARH,True,False,"{'heatwave': 0, 'heat wave': 0, 'heat-wave': 0, 'heat stress': 0, 'heat stroke': 0, 'heat action plan': 0, 'heat resilience': 0, 'heat resilient': 0, 'extreme heat': 0, 'high temperature': 0, 'rising temperature': 0, 'heat resistant': 0, 'climate resilient': 0, 'cooling centre': 0, 'cooling center': 0, 'emergency response': 0, 'first aid': 0, 'ambulance': 0, 'ors': 0, 'oral rehydration solution': 0, 'heat stroke treatment': 0, 'sunstroke': 0, 'sun stroke': 0, 'heat related illness': 0, 'heat illness': 0, 'heat exhaustion': 0, 'heat cramp': 0, 'heat rash': 0, 'heat alert': 0, 'heat warning': 0, 'heat advisory': 0, 'heat hotline': 0, 'satark': 0, 'early warning system': 0, 'saline': 0, 'iv fluid': 0, 'rapid response team': 0, 'mobile health unit': 0, 'relief chamber': 0, 'heat stroke ward': 0, 'heat stroke bed': 0, 'drinking water': 0, 'water kiosk': 0, 'water atm': 0, 'hydration point': 0, 'hydration centre': 0, 'hydration center': 0, 'cold water': 0, 'tube well': 0, 'tubewell': 0, 'borewell': 0, 'bore well': 0, 'hand pump': 0, 'handpump': 0, 'overhead tank': 0, 'oh tank': 0, 'stand post': 0, 'piped water supply': 0, 'water supply scheme': 0, 'jalachhatra': 0, 'jalachatra': 0, 'jala jogana kendra': 0, 'jal jogana kendra': 0, 'jal seva shibira': 0, 'water tanker': 0, 'water sprinkling': 0, 'cool roof': 0, 'white roof': 0, 'white topping': 0, 'roof insulation': 0, 'thermal insulation': 0, 'heat reflective': 0, 'reflective coating': 0, 'shade net': 0, 'shade structure': 0, 'canopy': 0, 'awning': 0, 'albedo paint': 0, 'albedo painting': 0, 'white painting': 0, 'reflective paint': 0, 'green roof': 0, 'green roofing': 0, 'k glass': 0, 'doubly glazed glass': 0, 'passive cooling': 0, 'air cooler': 0, 'white china mosaic': 0, 'lime based whitewash': 0, 'white tarp': 0, 'acrylic resin coating': 0, 'tree plantation': 0, 'avenue plantation': 0, 'plantation': 0, 'green belt': 0, 'urban forestry': 0, 'urban forest': 0, 'park development': 0, 'shelter belt': 0, 'shade tree': 0, 'vertical garden': 0, 'green space': 0, 'afforestation': 0, 'green campus': 0, 'night shelter': 0, 'transit shelter': 0, 'rest shed': 0, 'waiting shed': 0, 'community hall': 0, 'relief centre': 0, 'relief center': 0, 'bus stand shelter': 0, 'passenger shelter': 0, 'cool shelter': 0, 'rest shade': 0, 'cool resting space': 0, 'cool resting shed': 0, 'passenger shed': 0, 'outreach clinic': 0, 'awareness campaign': 0, 'iec activity': 0, 'iec material': 0, 'capacity building': 0, 'training programme': 0, 'training program': 0, 'mock drill': 0, 'sensitization': 0, 'swasthya kantha': 0, 'do and dont': 0, 'dos and donts': 0, 'display board': 0, 'hoarding': 0, 'pamphlet': 0, 'leaflet': 0, 'banner': 2}","{'floodlight': 0, 'flood light': 0, 'street light': 0, 'solar street light': 0, 'high mast light': 0, 'gas pipeline': 0, 'sports complex': 0, 'stadium': 0, 'cricket': 0, 'football': 0, 'volleyball': 0, 'examination hall': 0, 'cremation ground': 0, 'crematorium': 0, 'burial ground': 0, 'election': 0, 'covid': 0, 'vaccination': 0, 'wedding hall': 0, 'marriage hall': 0, 'kalyan mandap': 0, 'boundary wall': 0, 'compound wall': 0, 'staff quarter': 0, 'quarter building': 0, 'drug warehouse': 0, 'drug ware house': 0, 'godown': 0, 'bio medical waste': 0, 'biomedical waste': 0, 'bmw management': 0, 'waste management': 0}",weak,Post-Monsoon / Winter (Oct-Dec),,Awareness & Capacity Building,Awareness & Capacity Building,{'Awareness & Capacity Building': {'banner': 2}}
