object_id,heat-days-score,timeperiod
18-300-00101,3.176470588235294,2021_01
18-300-00102,3.0,2021_01
18-300-00103,2.4,2021_01
18-300-00104,3.0,2021_01
18-300-00105,5.333333333333333,2021_01
18-300-00106,,2021_01
18-300-00107,6.5,2021_01
18-300-00108,3.0,2021_01
18-301-00109,6.0,2021_01
18-301-00110,6.0,2021_01
18-301-00111,7.333333333333333,2021_01
18-301-00112,9.0,2021_01
18-301-00113,5.0,2021_01
18-301-00114,4.25,2021_01
18-302-00115,6.75,2021_01
18-302-00116,5.5,2021_01
18-302-00117,8.333333333333334,2021_01
18-302-00118,8.333333333333334,2021_01
18-302-00119,9.666666666666666,2021_01
18-303-00120,5.5,2021_01
18-303-00121,6.428571428571429,2021_01
18-303-00122,4.0,2021_01
18-303-00123,5.0,2021_01
18-799-00124,4.5,2021_01
18-799-00125,,2021_01
18-304-00126,6.0,2021_01
18-304-00127,8.5,2021_01
18-304-00128,5.2,2021_01
18-304-00129,6.0,2021_01
18-305-00130,6.4,2021_01
18-305-00131,8.4,2021_01
18-305-00132,9.25,2021_01
18-305-00133,8.4,2021_01
18-305-00134,6.8,2021_01
18-305-00135,4.8,2021_01
18-305-00136,6.2,2021_01
18-306-00137,3.4705882352941178,2021_01
18-306-00138,1.9285714285714286,2021_01
18-306-00139,7.166666666666667,2021_01
18-306-00140,4.111111111111111,2021_01
18-307-00141,0.0,2021_01
18-307-00142,0.2,2021_01
18-307-00143,0.2,2021_01
18-307-00144,1.1428571428571428,2021_01
18-307-00145,0.125,2021_01
18-307-00146,3.857142857142857,2021_01
18-307-00147,0.75,2021_01
18-308-00148,,2021_01
18-308-00149,0.5,2021_01
18-308-00150,3.0,2021_01
18-308-00151,3.75,2021_01
18-308-00152,5.0,2021_01
18-308-00153,0.4,2021_01
18-309-00154,1.5,2021_01
18-309-00155,4.5,2021_01
18-309-00156,4.642857142857143,2021_01
18-309-00157,4.411764705882353,2021_01
18-310-00158,3.3636363636363638,2021_01
18-310-00159,4.0,2021_01
18-310-00160,2.0,2021_01
18-310-00161,2.75,2021_01
18-310-00162,3.8,2021_01
18-310-00163,2.25,2021_01
18-310-00164,0.8571428571428571,2021_01
18-311-00165,3.8333333333333335,2021_01
18-311-00166,4.833333333333333,2021_01
18-311-00167,1.6,2021_01
18-311-00168,0.75,2021_01
18-312-00169,5.2,2021_01
18-312-00170,3.0,2021_01
18-312-00171,2.125,2021_01
18-313-00172,1.1818181818181819,2021_01
18-313-00173,0.8,2021_01
18-313-00174,1.8,2021_01
18-313-00175,1.4,2021_01
18-313-00176,2.25,2021_01
18-313-00177,3.0,2021_01
18-314-00178,5.205882352941177,2021_01
18-314-00179,0.8636363636363636,2021_01
18-315-00180,6.304347826086956,2021_01
18-315-00181,2.7333333333333334,2021_01
18-315-00182,3.8333333333333335,2021_01
18-315-00183,6.923076923076923,2021_01
18-316-00184,8.4,2021_01
18-316-00185,14.545454545454545,2021_01
18-316-00186,12.0,2021_01
18-316-00187,20.53846153846154,2021_01
18-316-00188,14.11111111111111,2021_01
18-317-00189,11.5,2021_01
18-317-00190,12.333333333333334,2021_01
18-317-00191,13.6,2021_01
18-317-00192,18.9,2021_01
18-317-00193,20.666666666666668,2021_01
18-318-00194,14.0,2021_01
18-318-00195,21.0,2021_01
18-318-00196,21.5,2021_01
18-318-00197,20.4,2021_01
18-319-00198,2.5,2021_01
18-319-00199,3.6666666666666665,2021_01
18-319-00200,4.0,2021_01
18-319-00201,2.5,2021_01
18-319-00202,5.0,2021_01
18-320-00203,3.0,2021_01
18-320-00204,,2021_01
18-320-00205,1.6,2021_01
18-320-00206,1.0,2021_01
18-320-00207,2.909090909090909,2021_01
18-321-00208,5.5,2021_01
18-321-00209,6.0,2021_01
18-321-00210,6.666666666666667,2021_01
18-321-00211,6.714285714285714,2021_01
18-321-00212,5.428571428571429,2021_01
18-321-00213,4.25,2021_01
18-321-00214,4.5,2021_01
18-321-00215,5.666666666666667,2021_01
18-321-00216,5.428571428571429,2021_01
18-321-00217,7.0,2021_01
18-321-00218,5.0,2021_01
18-322-00219,8.0,2021_01
18-322-00220,6.75,2021_01
18-322-00221,7.0,2021_01
18-323-00222,5.0,2021_01
18-323-00223,4.333333333333333,2021_01
18-323-00224,4.5,2021_01
18-323-00225,5.0,2021_01
18-323-00226,5.0,2021_01
18-323-00227,4.0,2021_01
18-323-00228,3.0,2021_01
18-324-00260,3.25,2021_01
18-323-00230,,2021_01
18-324-00231,3.857142857142857,2021_01
18-324-00232,4.0,2021_01
18-324-00233,2.3333333333333335,2021_01
18-324-00234,5.0,2021_01
18-816-00235,,2021_01
18-816-00236,,2021_01
18-325-00237,,2021_01
18-325-00238,4.5,2021_01
18-325-00239,6.333333333333333,2021_01
18-326-00240,5.0,2021_01
18-326-00241,0.0,2021_01
18-326-00242,,2021_01
18-326-00243,,2021_01
18-326-00244,2.0,2021_01
18-326-00245,1.625,2021_01
18-326-00246,0.375,2021_01
18-326-00247,1.0,2021_01
18-755-00248,2.2,2021_01
18-756-00249,2.769230769230769,2021_01
18-756-00250,1.7142857142857142,2021_01
18-756-00251,0.25,2021_01
18-757-00252,7.4,2021_01
18-757-00253,4.5,2021_01
18-757-00254,7.75,2021_01
18-759-00255,2.4285714285714284,2021_01
18-758-00256,9.666666666666666,2021_01
18-758-00257,12.4,2021_01
18-816-00258,,2021_01
18-816-00259,2.25,2021_01
18-816-00261,2.5714285714285716,2021_01
18-324-00262,3.6666666666666665,2021_01
18-324-00263,6.0,2021_01
18-303-00264,4.75,2021_01
18-799-00265,5.0,2021_01
18-303-00266,3.5,2021_01
18-322-00267,7.0,2021_01
18-326-00268,0.6666666666666666,2021_01
18-325-00269,5.0,2021_01
18-325-00270,2.6666666666666665,2021_01
18-304-00271,6.0,2021_01
18-321-00272,5.333333333333333,2021_01
18-321-00273,4.5,2021_01
18-301-00274,5.0,2021_01
18-312-00276,3.3333333333333335,2021_01
18-312-00277,5.0,2021_01
18-755-00278,1.0,2021_01
18-755-00279,1.8333333333333333,2021_01
18-760-00280,3.0,2021_01
18-760-00281,2.8181818181818183,2021_01
18-314-00275,3.2916666666666665,2021_01
18-300-00101,11.823529411764707,2021_02
18-300-00102,12.5,2021_02
18-300-00103,11.8,2021_02
18-300-00104,13.615384615384615,2021_02
18-300-00105,13.833333333333334,2021_02
18-300-00106,,2021_02
18-300-00107,13.0,2021_02
18-300-00108,16.0,2021_02
18-301-00109,14.333333333333334,2021_02
18-301-00110,13.0,2021_02
18-301-00111,13.333333333333334,2021_02
18-301-00112,13.75,2021_02
18-301-00113,14.0,2021_02
18-301-00114,13.25,2021_02
18-302-00115,12.5,2021_02
18-302-00116,12.0,2021_02
18-302-00117,11.333333333333334,2021_02
18-302-00118,10.666666666666666,2021_02
18-302-00119,13.333333333333334,2021_02
18-303-00120,12.5,2021_02
18-303-00121,12.571428571428571,2021_02
18-303-00122,12.2,2021_02
18-303-00123,10.666666666666666,2021_02
18-799-00124,13.0,2021_02
18-799-00125,,2021_02
18-304-00126,13.5,2021_02
18-304-00127,13.5,2021_02
18-304-00128,13.6,2021_02
18-304-00129,13.0,2021_02
18-305-00130,12.8,2021_02
18-305-00131,14.0,2021_02
18-305-00132,14.5,2021_02
18-305-00133,15.0,2021_02
18-305-00134,15.0,2021_02
18-305-00135,14.2,2021_02
18-305-00136,14.2,2021_02
18-306-00137,15.647058823529411,2021_02
18-306-00138,14.0,2021_02
18-306-00139,14.5,2021_02
18-306-00140,13.444444444444445,2021_02
18-307-00141,14.2,2021_02
18-307-00142,19.2,2021_02
18-307-00143,17.2,2021_02
18-307-00144,19.285714285714285,2021_02
18-307-00145,16.5,2021_02
18-307-00146,22.428571428571427,2021_02
18-307-00147,23.0,2021_02
18-308-00148,,2021_02
18-308-00149,10.5,2021_02
18-308-00150,23.333333333333332,2021_02
18-308-00151,24.166666666666668,2021_02
18-308-00152,23.727272727272727,2021_02
18-308-00153,22.0,2021_02
18-309-00154,19.25,2021_02
18-309-00155,22.428571428571427,2021_02
18-309-00156,21.285714285714285,2021_02
18-309-00157,21.58823529411765,2021_02
18-310-00158,23.181818181818183,2021_02
18-310-00159,23.5,2021_02
18-310-00160,22.625,2021_02
18-310-00161,20.25,2021_02
18-310-00162,24.0,2021_02
18-310-00163,23.25,2021_02
18-310-00164,20.0,2021_02
18-311-00165,21.666666666666668,2021_02
18-311-00166,21.833333333333332,2021_02
18-311-00167,19.8,2021_02
18-311-00168,20.0,2021_02
18-312-00169,22.0,2021_02
18-312-00170,19.666666666666668,2021_02
18-312-00171,22.25,2021_02
18-313-00172,14.0,2021_02
18-313-00173,17.0,2021_02
18-313-00174,19.0,2021_02
18-313-00175,17.4,2021_02
18-313-00176,17.0,2021_02
18-313-00177,15.0,2021_02
18-314-00178,16.970588235294116,2021_02
18-314-00179,17.772727272727273,2021_02
18-315-00180,10.608695652173912,2021_02
18-315-00181,13.133333333333333,2021_02
18-315-00182,8.0,2021_02
18-315-00183,9.846153846153847,2021_02
18-316-00184,17.8,2021_02
18-316-00185,17.545454545454547,2021_02
18-316-00186,16.666666666666668,2021_02
18-316-00187,15.384615384615385,2021_02
18-316-00188,16.444444444444443,2021_02
18-317-00189,16.5,2021_02
18-317-00190,18.333333333333332,2021_02
18-317-00191,17.4,2021_02
18-317-00192,17.0,2021_02
18-317-00193,17.166666666666668,2021_02
18-318-00194,18.5,2021_02
18-318-00195,17.5,2021_02
18-318-00196,17.166666666666668,2021_02
18-318-00197,16.9,2021_02
18-319-00198,13.25,2021_02
18-319-00199,11.666666666666666,2021_02
18-319-00200,12.8,2021_02
18-319-00201,13.0,2021_02
18-319-00202,12.5,2021_02
18-320-00203,12.0,2021_02
18-320-00204,,2021_02
18-320-00205,12.2,2021_02
18-320-00206,12.5,2021_02
18-320-00207,13.545454545454545,2021_02
18-321-00208,13.0,2021_02
18-321-00209,14.0,2021_02
18-321-00210,13.333333333333334,2021_02
18-321-00211,13.714285714285714,2021_02
18-321-00212,10.571428571428571,2021_02
18-321-00213,10.75,2021_02
18-321-00214,10.0,2021_02
18-321-00215,10.333333333333334,2021_02
18-321-00216,12.285714285714286,2021_02
18-321-00217,14.0,2021_02
18-321-00218,12.0,2021_02
18-322-00219,14.0,2021_02
18-322-00220,14.125,2021_02
18-322-00221,14.0,2021_02
18-323-00222,13.0,2021_02
18-323-00223,12.333333333333334,2021_02
18-323-00224,12.166666666666666,2021_02
18-323-00225,14.0,2021_02
18-323-00226,11.0,2021_02
18-323-00227,11.0,2021_02
18-323-00228,14.0,2021_02
18-324-00260,12.5,2021_02
18-323-00230,,2021_02
18-324-00231,14.0,2021_02
18-324-00232,13.0,2021_02
18-324-00233,13.666666666666666,2021_02
18-324-00234,13.0,2021_02
18-816-00235,,2021_02
18-816-00236,,2021_02
18-325-00237,,2021_02
18-325-00238,12.0,2021_02
18-325-00239,13.666666666666666,2021_02
18-326-00240,13.0,2021_02
18-326-00241,10.75,2021_02
18-326-00242,,2021_02
18-326-00243,,2021_02
18-326-00244,13.0,2021_02
18-326-00245,12.625,2021_02
18-326-00246,12.0,2021_02
18-326-00247,15.333333333333334,2021_02
18-755-00248,21.4,2021_02
18-756-00249,15.0,2021_02
18-756-00250,17.0,2021_02
18-756-00251,14.5,2021_02
18-757-00252,15.4,2021_02
18-757-00253,15.5,2021_02
18-757-00254,15.0,2021_02
18-759-00255,10.523809523809524,2021_02
18-758-00256,14.5,2021_02
18-758-00257,15.6,2021_02
18-816-00258,,2021_02
18-816-00259,13.5,2021_02
18-816-00261,14.142857142857142,2021_02
18-324-00262,13.0,2021_02
18-324-00263,13.0,2021_02
18-303-00264,14.0,2021_02
18-799-00265,14.0,2021_02
18-303-00266,11.5,2021_02
18-322-00267,14.0,2021_02
18-326-00268,12.0,2021_02
18-325-00269,13.428571428571429,2021_02
18-325-00270,12.444444444444445,2021_02
18-304-00271,13.375,2021_02
18-321-00272,12.0,2021_02
18-321-00273,12.333333333333334,2021_02
18-301-00274,13.0,2021_02
18-312-00276,18.666666666666668,2021_02
18-312-00277,20.5,2021_02
18-755-00278,24.0,2021_02
18-755-00279,19.0,2021_02
18-760-00280,20.0,2021_02
18-760-00281,20.181818181818183,2021_02
18-314-00275,12.9375,2021_02
18-300-00101,14.117647058823529,2021_03
18-300-00102,14.5,2021_03
18-300-00103,15.4,2021_03
18-300-00104,13.923076923076923,2021_03
18-300-00105,14.166666666666666,2021_03
18-300-00106,,2021_03
18-300-00107,14.0,2021_03
18-300-00108,13.0,2021_03
18-301-00109,14.0,2021_03
18-301-00110,14.0,2021_03
18-301-00111,14.0,2021_03
18-301-00112,14.0,2021_03
18-301-00113,13.5,2021_03
18-301-00114,13.5,2021_03
18-302-00115,14.375,2021_03
18-302-00116,13.625,2021_03
18-302-00117,15.5,2021_03
18-302-00118,15.666666666666666,2021_03
18-302-00119,19.666666666666668,2021_03
18-303-00120,15.0,2021_03
18-303-00121,14.0,2021_03
18-303-00122,16.6,2021_03
18-303-00123,17.0,2021_03
18-799-00124,19.0,2021_03
18-799-00125,,2021_03
18-304-00126,22.5,2021_03
18-304-00127,22.5,2021_03
18-304-00128,20.2,2021_03
18-304-00129,19.0,2021_03
18-305-00130,20.0,2021_03
18-305-00131,17.6,2021_03
18-305-00132,18.75,2021_03
18-305-00133,22.2,2021_03
18-305-00134,14.4,2021_03
18-305-00135,15.4,2021_03
18-305-00136,14.2,2021_03
18-306-00137,23.941176470588236,2021_03
18-306-00138,21.642857142857142,2021_03
18-306-00139,21.333333333333332,2021_03
18-306-00140,21.666666666666668,2021_03
18-307-00141,23.0,2021_03
18-307-00142,27.2,2021_03
18-307-00143,24.6,2021_03
18-307-00144,26.428571428571427,2021_03
18-307-00145,26.25,2021_03
18-307-00146,30.571428571428573,2021_03
18-307-00147,33.25,2021_03
18-308-00148,,2021_03
18-308-00149,21.5,2021_03
18-308-00150,31.166666666666668,2021_03
18-308-00151,31.75,2021_03
18-308-00152,33.18181818181818,2021_03
18-308-00153,30.2,2021_03
18-309-00154,35.083333333333336,2021_03
18-309-00155,33.714285714285715,2021_03
18-309-00156,31.571428571428573,2021_03
18-309-00157,31.88235294117647,2021_03
18-310-00158,31.454545454545453,2021_03
18-310-00159,30.666666666666668,2021_03
18-310-00160,31.125,2021_03
18-310-00161,29.25,2021_03
18-310-00162,31.0,2021_03
18-310-00163,30.0,2021_03
18-310-00164,27.714285714285715,2021_03
18-311-00165,30.0,2021_03
18-311-00166,28.833333333333332,2021_03
18-311-00167,25.2,2021_03
18-311-00168,28.0,2021_03
18-312-00169,26.6,2021_03
18-312-00170,24.333333333333332,2021_03
18-312-00171,24.0,2021_03
18-313-00172,22.454545454545453,2021_03
18-313-00173,25.0,2021_03
18-313-00174,24.2,2021_03
18-313-00175,21.2,2021_03
18-313-00176,22.75,2021_03
18-313-00177,18.0,2021_03
18-314-00178,20.264705882352942,2021_03
18-314-00179,21.727272727272727,2021_03
18-315-00180,23.043478260869566,2021_03
18-315-00181,29.333333333333332,2021_03
18-315-00182,23.833333333333332,2021_03
18-315-00183,21.23076923076923,2021_03
18-316-00184,23.2,2021_03
18-316-00185,21.636363636363637,2021_03
18-316-00186,21.666666666666668,2021_03
18-316-00187,22.384615384615383,2021_03
18-316-00188,21.88888888888889,2021_03
18-317-00189,18.0,2021_03
18-317-00190,19.0,2021_03
18-317-00191,17.8,2021_03
18-317-00192,20.1,2021_03
18-317-00193,21.666666666666668,2021_03
18-318-00194,19.0,2021_03
18-318-00195,21.5,2021_03
18-318-00196,21.666666666666668,2021_03
18-318-00197,22.6,2021_03
18-319-00198,14.25,2021_03
18-319-00199,13.0,2021_03
18-319-00200,15.2,2021_03
18-319-00201,15.0,2021_03
18-319-00202,16.5,2021_03
18-320-00203,16.0,2021_03
18-320-00204,,2021_03
18-320-00205,15.9,2021_03
18-320-00206,15.0,2021_03
18-320-00207,17.181818181818183,2021_03
18-321-00208,20.0,2021_03
18-321-00209,20.0,2021_03
18-321-00210,20.333333333333332,2021_03
18-321-00211,19.428571428571427,2021_03
18-321-00212,17.428571428571427,2021_03
18-321-00213,16.5,2021_03
18-321-00214,16.5,2021_03
18-321-00215,15.666666666666666,2021_03
18-321-00216,20.714285714285715,2021_03
18-321-00217,20.0,2021_03
18-321-00218,20.0,2021_03
18-322-00219,22.0,2021_03
18-322-00220,22.0,2021_03
18-322-00221,22.0,2021_03
18-323-00222,19.0,2021_03
18-323-00223,19.333333333333332,2021_03
18-323-00224,17.333333333333332,2021_03
18-323-00225,20.0,2021_03
18-323-00226,20.0,2021_03
18-323-00227,20.0,2021_03
18-323-00228,19.0,2021_03
18-324-00260,18.75,2021_03
18-323-00230,,2021_03
18-324-00231,19.714285714285715,2021_03
18-324-00232,18.0,2021_03
18-324-00233,18.333333333333332,2021_03
18-324-00234,20.0,2021_03
18-816-00235,,2021_03
18-816-00236,,2021_03
18-325-00237,,2021_03
18-325-00238,20.0,2021_03
18-325-00239,21.5,2021_03
18-326-00240,24.0,2021_03
18-326-00241,20.0,2021_03
18-326-00242,,2021_03
18-326-00243,,2021_03
18-326-00244,21.0,2021_03
18-326-00245,21.5,2021_03
18-326-00246,21.5,2021_03
18-326-00247,21.666666666666668,2021_03
18-755-00248,29.6,2021_03
18-756-00249,23.923076923076923,2021_03
18-756-00250,25.285714285714285,2021_03
18-756-00251,22.5,2021_03
18-757-00252,15.6,2021_03
18-757-00253,15.75,2021_03
18-757-00254,17.083333333333332,2021_03
18-759-00255,18.166666666666668,2021_03
18-758-00256,13.666666666666666,2021_03
18-758-00257,10.8,2021_03
18-816-00258,,2021_03
18-816-00259,21.5,2021_03
18-816-00261,20.0,2021_03
18-324-00262,19.0,2021_03
18-324-00263,20.0,2021_03
18-303-00264,18.25,2021_03
18-799-00265,19.0,2021_03
18-303-00266,15.0,2021_03
18-322-00267,20.0,2021_03
18-326-00268,20.666666666666668,2021_03
18-325-00269,22.0,2021_03
18-325-00270,21.22222222222222,2021_03
18-304-00271,21.5,2021_03
18-321-00272,16.333333333333332,2021_03
18-321-00273,17.833333333333332,2021_03
18-301-00274,13.5,2021_03
18-312-00276,27.166666666666668,2021_03
18-312-00277,28.0,2021_03
18-755-00278,31.5,2021_03
18-755-00279,27.333333333333332,2021_03
18-760-00280,28.75,2021_03
18-760-00281,28.454545454545453,2021_03
18-314-00275,17.958333333333332,2021_03
18-300-00101,13.411764705882353,2021_04
18-300-00102,15.0,2021_04
18-300-00103,15.6,2021_04
18-300-00104,17.46153846153846,2021_04
18-300-00105,18.0,2021_04
18-300-00106,,2021_04
18-300-00107,17.5,2021_04
18-300-00108,19.0,2021_04
18-301-00109,19.333333333333332,2021_04
18-301-00110,16.0,2021_04
18-301-00111,17.666666666666668,2021_04
18-301-00112,16.75,2021_04
18-301-00113,18.5,2021_04
18-301-00114,18.25,2021_04
18-302-00115,17.375,2021_04
18-302-00116,18.625,2021_04
18-302-00117,19.166666666666668,2021_04
18-302-00118,16.0,2021_04
18-302-00119,20.666666666666668,2021_04
18-303-00120,19.0,2021_04
18-303-00121,19.0,2021_04
18-303-00122,19.4,2021_04
18-303-00123,19.666666666666668,2021_04
18-799-00124,22.0,2021_04
18-799-00125,,2021_04
18-304-00126,23.0,2021_04
18-304-00127,24.0,2021_04
18-304-00128,22.4,2021_04
18-304-00129,23.0,2021_04
18-305-00130,22.0,2021_04
18-305-00131,23.8,2021_04
18-305-00132,22.75,2021_04
18-305-00133,24.6,2021_04
18-305-00134,23.2,2021_04
18-305-00135,21.0,2021_04
18-305-00136,22.6,2021_04
18-306-00137,24.0,2021_04
18-306-00138,21.785714285714285,2021_04
18-306-00139,21.666666666666668,2021_04
18-306-00140,22.555555555555557,2021_04
18-307-00141,20.6,2021_04
18-307-00142,25.6,2021_04
18-307-00143,26.0,2021_04
18-307-00144,24.571428571428573,2021_04
18-307-00145,24.625,2021_04
18-307-00146,22.428571428571427,2021_04
18-307-00147,26.75,2021_04
18-308-00148,,2021_04
18-308-00149,22.5,2021_04
18-308-00150,21.333333333333332,2021_04
18-308-00151,22.0,2021_04
18-308-00152,21.818181818181817,2021_04
18-308-00153,22.6,2021_04
18-309-00154,30.666666666666668,2021_04
18-309-00155,24.857142857142858,2021_04
18-309-00156,22.5,2021_04
18-309-00157,28.647058823529413,2021_04
18-310-00158,21.09090909090909,2021_04
18-310-00159,20.0,2021_04
18-310-00160,20.25,2021_04
18-310-00161,20.25,2021_04
18-310-00162,20.6,2021_04
18-310-00163,19.75,2021_04
18-310-00164,20.714285714285715,2021_04
18-311-00165,19.666666666666668,2021_04
18-311-00166,20.0,2021_04
18-311-00167,20.0,2021_04
18-311-00168,21.0,2021_04
18-312-00169,22.4,2021_04
18-312-00170,20.5,2021_04
18-312-00171,21.125,2021_04
18-313-00172,19.454545454545453,2021_04
18-313-00173,20.4,2021_04
18-313-00174,18.4,2021_04
18-313-00175,18.1,2021_04
18-313-00176,18.75,2021_04
18-313-00177,14.545454545454545,2021_04
18-314-00178,18.11764705882353,2021_04
18-314-00179,19.363636363636363,2021_04
18-315-00180,19.695652173913043,2021_04
18-315-00181,26.2,2021_04
18-315-00182,23.0,2021_04
18-315-00183,16.73076923076923,2021_04
18-316-00184,21.5,2021_04
18-316-00185,21.636363636363637,2021_04
18-316-00186,19.5,2021_04
18-316-00187,15.307692307692308,2021_04
18-316-00188,22.11111111111111,2021_04
18-317-00189,21.0,2021_04
18-317-00190,20.333333333333332,2021_04
18-317-00191,18.2,2021_04
18-317-00192,13.1,2021_04
18-317-00193,17.5,2021_04
18-318-00194,22.5,2021_04
18-318-00195,23.0,2021_04
18-318-00196,20.0,2021_04
18-318-00197,15.4,2021_04
18-319-00198,19.5,2021_04
18-319-00199,19.666666666666668,2021_04
18-319-00200,19.6,2021_04
18-319-00201,17.5,2021_04
18-319-00202,20.5,2021_04
18-320-00203,17.0,2021_04
18-320-00204,,2021_04
18-320-00205,17.8,2021_04
18-320-00206,16.0,2021_04
18-320-00207,20.818181818181817,2021_04
18-321-00208,23.0,2021_04
18-321-00209,23.0,2021_04
18-321-00210,21.666666666666668,2021_04
18-321-00211,20.0,2021_04
18-321-00212,16.142857142857142,2021_04
18-321-00213,17.5,2021_04
18-321-00214,17.5,2021_04
18-321-00215,17.0,2021_04
18-321-00216,22.428571428571427,2021_04
18-321-00217,20.0,2021_04
18-321-00218,22.0,2021_04
18-322-00219,20.0,2021_04
18-322-00220,23.625,2021_04
18-322-00221,24.0,2021_04
18-323-00222,21.0,2021_04
18-323-00223,21.0,2021_04
18-323-00224,19.333333333333332,2021_04
18-323-00225,22.0,2021_04
18-323-00226,22.0,2021_04
18-323-00227,21.0,2021_04
18-323-00228,21.0,2021_04
18-324-00260,21.5,2021_04
18-323-00230,,2021_04
18-324-00231,22.285714285714285,2021_04
18-324-00232,22.0,2021_04
18-324-00233,22.333333333333332,2021_04
18-324-00234,22.0,2021_04
18-816-00235,,2021_04
18-816-00236,,2021_04
18-325-00237,,2021_04
18-325-00238,21.0,2021_04
18-325-00239,21.833333333333332,2021_04
18-326-00240,22.0,2021_04
18-326-00241,22.25,2021_04
18-326-00242,,2021_04
18-326-00243,,2021_04
18-326-00244,21.0,2021_04
18-326-00245,22.125,2021_04
18-326-00246,23.5,2021_04
18-326-00247,23.0,2021_04
18-755-00248,19.0,2021_04
18-756-00249,24.307692307692307,2021_04
18-756-00250,23.857142857142858,2021_04
18-756-00251,21.0,2021_04
18-757-00252,19.8,2021_04
18-757-00253,23.75,2021_04
18-757-00254,16.833333333333332,2021_04
18-759-00255,16.857142857142858,2021_04
18-758-00256,15.666666666666666,2021_04
18-758-00257,13.8,2021_04
18-816-00258,,2021_04
18-816-00259,21.75,2021_04
18-816-00261,21.714285714285715,2021_04
18-324-00262,21.333333333333332,2021_04
18-324-00263,24.0,2021_04
18-303-00264,21.25,2021_04
18-799-00265,21.5,2021_04
18-303-00266,18.0,2021_04
18-322-00267,20.0,2021_04
18-326-00268,20.333333333333332,2021_04
18-325-00269,24.0,2021_04
18-325-00270,22.11111111111111,2021_04
18-304-00271,23.75,2021_04
18-321-00272,17.333333333333332,2021_04
18-321-00273,17.333333333333332,2021_04
18-301-00274,16.0,2021_04
18-312-00276,21.166666666666668,2021_04
18-312-00277,21.5,2021_04
18-755-00278,23.833333333333332,2021_04
18-755-00279,17.666666666666668,2021_04
18-760-00280,23.25,2021_04
18-760-00281,23.545454545454547,2021_04
18-314-00275,19.229166666666668,2021_04
18-300-00101,14.588235294117647,2021_05
18-300-00102,14.0,2021_05
18-300-00103,15.4,2021_05
18-300-00104,16.153846153846153,2021_05
18-300-00105,13.833333333333334,2021_05
18-300-00106,,2021_05
18-300-00107,14.5,2021_05
18-300-00108,13.0,2021_05
18-301-00109,14.333333333333334,2021_05
18-301-00110,15.0,2021_05
18-301-00111,15.666666666666666,2021_05
18-301-00112,14.75,2021_05
18-301-00113,14.5,2021_05
18-301-00114,15.0,2021_05
18-302-00115,15.25,2021_05
18-302-00116,15.625,2021_05
18-302-00117,18.166666666666668,2021_05
18-302-00118,18.0,2021_05
18-302-00119,20.333333333333332,2021_05
18-303-00120,19.25,2021_05
18-303-00121,19.285714285714285,2021_05
18-303-00122,18.8,2021_05
18-303-00123,19.0,2021_05
18-799-00124,16.5,2021_05
18-799-00125,,2021_05
18-304-00126,24.0,2021_05
18-304-00127,24.5,2021_05
18-304-00128,22.6,2021_05
18-304-00129,22.0,2021_05
18-305-00130,29.2,2021_05
18-305-00131,28.2,2021_05
18-305-00132,28.75,2021_05
18-305-00133,27.0,2021_05
18-305-00134,25.2,2021_05
18-305-00135,21.2,2021_05
18-305-00136,24.0,2021_05
18-306-00137,25.41176470588235,2021_05
18-306-00138,24.071428571428573,2021_05
18-306-00139,30.5,2021_05
18-306-00140,27.88888888888889,2021_05
18-307-00141,20.8,2021_05
18-307-00142,25.4,2021_05
18-307-00143,21.2,2021_05
18-307-00144,16.428571428571427,2021_05
18-307-00145,21.625,2021_05
18-307-00146,24.142857142857142,2021_05
18-307-00147,24.75,2021_05
18-308-00148,,2021_05
18-308-00149,14.0,2021_05
18-308-00150,21.166666666666668,2021_05
18-308-00151,17.833333333333332,2021_05
18-308-00152,16.727272727272727,2021_05
18-308-00153,19.2,2021_05
18-309-00154,19.5,2021_05
18-309-00155,17.928571428571427,2021_05
18-309-00156,19.214285714285715,2021_05
18-309-00157,19.88235294117647,2021_05
18-310-00158,19.636363636363637,2021_05
18-310-00159,17.0,2021_05
18-310-00160,18.5,2021_05
18-310-00161,19.5,2021_05
18-310-00162,23.8,2021_05
18-310-00163,20.0,2021_05
18-310-00164,17.428571428571427,2021_05
18-311-00165,25.0,2021_05
18-311-00166,25.5,2021_05
18-311-00167,23.6,2021_05
18-311-00168,25.0,2021_05
18-312-00169,25.8,2021_05
18-312-00170,26.0,2021_05
18-312-00171,25.25,2021_05
18-313-00172,29.727272727272727,2021_05
18-313-00173,29.0,2021_05
18-313-00174,28.4,2021_05
18-313-00175,27.2,2021_05
18-313-00176,31.0,2021_05
18-313-00177,24.09090909090909,2021_05
18-314-00178,23.176470588235293,2021_05
18-314-00179,29.5,2021_05
18-315-00180,19.782608695652176,2021_05
18-315-00181,18.666666666666668,2021_05
18-315-00182,17.5,2021_05
18-315-00183,19.76923076923077,2021_05
18-316-00184,16.7,2021_05
18-316-00185,17.818181818181817,2021_05
18-316-00186,16.166666666666668,2021_05
18-316-00187,19.076923076923077,2021_05
18-316-00188,18.22222222222222,2021_05
18-317-00189,20.0,2021_05
18-317-00190,18.0,2021_05
18-317-00191,19.0,2021_05
18-317-00192,20.0,2021_05
18-317-00193,21.5,2021_05
18-318-00194,17.5,2021_05
18-318-00195,19.0,2021_05
18-318-00196,19.5,2021_05
18-318-00197,21.8,2021_05
18-319-00198,17.75,2021_05
18-319-00199,16.666666666666668,2021_05
18-319-00200,19.4,2021_05
18-319-00201,17.0,2021_05
18-319-00202,18.0,2021_05
18-320-00203,17.0,2021_05
18-320-00204,,2021_05
18-320-00205,15.6,2021_05
18-320-00206,18.0,2021_05
18-320-00207,17.363636363636363,2021_05
18-321-00208,20.5,2021_05
18-321-00209,20.0,2021_05
18-321-00210,19.0,2021_05
18-321-00211,19.0,2021_05
18-321-00212,20.142857142857142,2021_05
18-321-00213,19.5,2021_05
18-321-00214,19.5,2021_05
18-321-00215,19.666666666666668,2021_05
18-321-00216,21.142857142857142,2021_05
18-321-00217,18.0,2021_05
18-321-00218,22.0,2021_05
18-322-00219,18.0,2021_05
18-322-00220,22.75,2021_05
18-322-00221,22.0,2021_05
18-323-00222,16.0,2021_05
18-323-00223,18.333333333333332,2021_05
18-323-00224,18.833333333333332,2021_05
18-323-00225,18.0,2021_05
18-323-00226,19.0,2021_05
18-323-00227,19.0,2021_05
18-323-00228,21.0,2021_05
18-324-00260,20.5,2021_05
18-323-00230,,2021_05
18-324-00231,16.714285714285715,2021_05
18-324-00232,17.0,2021_05
18-324-00233,17.333333333333332,2021_05
18-324-00234,20.0,2021_05
18-816-00235,,2021_05
18-816-00236,,2021_05
18-325-00237,,2021_05
18-325-00238,21.0,2021_05
18-325-00239,19.666666666666668,2021_05
18-326-00240,23.0,2021_05
18-326-00241,25.5,2021_05
18-326-00242,,2021_05
18-326-00243,,2021_05
18-326-00244,22.0,2021_05
18-326-00245,25.0,2021_05
18-326-00246,24.625,2021_05
18-326-00247,22.0,2021_05
18-755-00248,21.8,2021_05
18-756-00249,30.0,2021_05
18-756-00250,31.0,2021_05
18-756-00251,23.5,2021_05
18-757-00252,21.4,2021_05
18-757-00253,23.5,2021_05
18-757-00254,19.166666666666668,2021_05
18-759-00255,23.071428571428573,2021_05
18-758-00256,15.666666666666666,2021_05
18-758-00257,13.8,2021_05
18-816-00258,,2021_05
18-816-00259,21.75,2021_05
18-816-00261,22.285714285714285,2021_05
18-324-00262,18.333333333333332,2021_05
18-324-00263,17.0,2021_05
18-303-00264,17.25,2021_05
18-799-00265,18.0,2021_05
18-303-00266,18.5,2021_05
18-322-00267,18.0,2021_05
18-326-00268,22.666666666666668,2021_05
18-325-00269,23.0,2021_05
18-325-00270,23.555555555555557,2021_05
18-304-00271,22.625,2021_05
18-321-00272,20.333333333333332,2021_05
18-321-00273,20.333333333333332,2021_05
18-301-00274,15.0,2021_05
18-312-00276,25.0,2021_05
18-312-00277,25.0,2021_05
18-755-00278,21.0,2021_05
18-755-00279,21.5,2021_05
18-760-00280,24.0,2021_05
18-760-00281,26.09090909090909,2021_05
18-314-00275,24.916666666666668,2021_05
18-300-00101,10.176470588235293,2021_06
18-300-00102,10.0,2021_06
18-300-00103,10.6,2021_06
18-300-00104,10.0,2021_06
18-300-00105,10.666666666666666,2021_06
18-300-00106,,2021_06
18-300-00107,10.0,2021_06
18-300-00108,7.0,2021_06
18-301-00109,10.333333333333334,2021_06
18-301-00110,14.0,2021_06
18-301-00111,11.0,2021_06
18-301-00112,11.0,2021_06
18-301-00113,10.0,2021_06
18-301-00114,8.5,2021_06
18-302-00115,8.125,2021_06
18-302-00116,7.0,2021_06
18-302-00117,6.833333333333333,2021_06
18-302-00118,5.666666666666667,2021_06
18-302-00119,7.666666666666667,2021_06
18-303-00120,7.25,2021_06
18-303-00121,7.285714285714286,2021_06
18-303-00122,7.0,2021_06
18-303-00123,6.666666666666667,2021_06
18-799-00124,5.5,2021_06
18-799-00125,,2021_06
18-304-00126,5.0,2021_06
18-304-00127,5.5,2021_06
18-304-00128,7.0,2021_06
18-304-00129,8.0,2021_06
18-305-00130,11.4,2021_06
18-305-00131,9.6,2021_06
18-305-00132,10.75,2021_06
18-305-00133,8.6,2021_06
18-305-00134,5.6,2021_06
18-305-00135,4.8,2021_06
18-305-00136,4.8,2021_06
18-306-00137,12.0,2021_06
18-306-00138,10.5,2021_06
18-306-00139,11.5,2021_06
18-306-00140,11.11111111111111,2021_06
18-307-00141,9.0,2021_06
18-307-00142,15.0,2021_06
18-307-00143,13.8,2021_06
18-307-00144,13.857142857142858,2021_06
18-307-00145,12.75,2021_06
18-307-00146,12.142857142857142,2021_06
18-307-00147,16.75,2021_06
18-308-00148,,2021_06
18-308-00149,11.5,2021_06
18-308-00150,12.833333333333334,2021_06
18-308-00151,12.666666666666666,2021_06
18-308-00152,13.545454545454545,2021_06
18-308-00153,14.0,2021_06
18-309-00154,16.333333333333332,2021_06
18-309-00155,15.785714285714286,2021_06
18-309-00156,14.285714285714286,2021_06
18-309-00157,14.470588235294118,2021_06
18-310-00158,11.727272727272727,2021_06
18-310-00159,11.833333333333334,2021_06
18-310-00160,10.875,2021_06
18-310-00161,10.25,2021_06
18-310-00162,9.8,2021_06
18-310-00163,8.5,2021_06
18-310-00164,10.571428571428571,2021_06
18-311-00165,10.666666666666666,2021_06
18-311-00166,11.0,2021_06
18-311-00167,8.0,2021_06
18-311-00168,9.5,2021_06
18-312-00169,10.0,2021_06
18-312-00170,9.333333333333334,2021_06
18-312-00171,9.875,2021_06
18-313-00172,10.818181818181818,2021_06
18-313-00173,11.0,2021_06
18-313-00174,10.2,2021_06
18-313-00175,9.1,2021_06
18-313-00176,11.0,2021_06
18-313-00177,6.818181818181818,2021_06
18-314-00178,7.176470588235294,2021_06
18-314-00179,13.272727272727273,2021_06
18-315-00180,6.304347826086956,2021_06
18-315-00181,5.133333333333334,2021_06
18-315-00182,5.166666666666667,2021_06
18-315-00183,4.576923076923077,2021_06
18-316-00184,5.4,2021_06
18-316-00185,6.0,2021_06
18-316-00186,4.333333333333333,2021_06
18-316-00187,6.615384615384615,2021_06
18-316-00188,6.0,2021_06
18-317-00189,5.0,2021_06
18-317-00190,5.333333333333333,2021_06
18-317-00191,5.2,2021_06
18-317-00192,5.3,2021_06
18-317-00193,6.333333333333333,2021_06
18-318-00194,6.5,2021_06
18-318-00195,8.0,2021_06
18-318-00196,7.0,2021_06
18-318-00197,5.0,2021_06
18-319-00198,5.5,2021_06
18-319-00199,7.0,2021_06
18-319-00200,6.4,2021_06
18-319-00201,5.5,2021_06
18-319-00202,5.0,2021_06
18-320-00203,7.0,2021_06
18-320-00204,,2021_06
18-320-00205,9.4,2021_06
18-320-00206,7.0,2021_06
18-320-00207,5.7272727272727275,2021_06
18-321-00208,10.5,2021_06
18-321-00209,11.0,2021_06
18-321-00210,8.666666666666666,2021_06
18-321-00211,7.571428571428571,2021_06
18-321-00212,6.285714285714286,2021_06
18-321-00213,6.0,2021_06
18-321-00214,6.5,2021_06
18-321-00215,7.0,2021_06
18-321-00216,8.142857142857142,2021_06
18-321-00217,9.0,2021_06
18-321-00218,10.0,2021_06
18-322-00219,8.0,2021_06
18-322-00220,10.875,2021_06
18-322-00221,11.0,2021_06
18-323-00222,5.0,2021_06
18-323-00223,6.0,2021_06
18-323-00224,6.0,2021_06
18-323-00225,6.0,2021_06
18-323-00226,7.0,2021_06
18-323-00227,5.0,2021_06
18-323-00228,8.0,2021_06
18-324-00260,5.5,2021_06
18-323-00230,,2021_06
18-324-00231,6.571428571428571,2021_06
18-324-00232,5.0,2021_06
18-324-00233,6.666666666666667,2021_06
18-324-00234,5.0,2021_06
18-816-00235,,2021_06
18-816-00236,,2021_06
18-325-00237,,2021_06
18-325-00238,9.5,2021_06
18-325-00239,8.5,2021_06
18-326-00240,7.0,2021_06
18-326-00241,11.75,2021_06
18-326-00242,,2021_06
18-326-00243,,2021_06
18-326-00244,9.0,2021_06
18-326-00245,8.625,2021_06
18-326-00246,11.75,2021_06
18-326-00247,11.333333333333334,2021_06
18-755-00248,7.0,2021_06
18-756-00249,12.538461538461538,2021_06
18-756-00250,13.857142857142858,2021_06
18-756-00251,8.5,2021_06
18-757-00252,4.6,2021_06
18-757-00253,5.5,2021_06
18-757-00254,6.416666666666667,2021_06
18-759-00255,6.976190476190476,2021_06
18-758-00256,8.666666666666666,2021_06
18-758-00257,5.2,2021_06
18-816-00258,,2021_06
18-816-00259,10.25,2021_06
18-816-00261,7.857142857142857,2021_06
18-324-00262,5.333333333333333,2021_06
18-324-00263,6.0,2021_06
18-303-00264,5.0,2021_06
18-799-00265,5.5,2021_06
18-303-00266,6.5,2021_06
18-322-00267,9.0,2021_06
18-326-00268,9.666666666666666,2021_06
18-325-00269,8.857142857142858,2021_06
18-325-00270,8.222222222222221,2021_06
18-304-00271,10.0,2021_06
18-321-00272,7.666666666666667,2021_06
18-321-00273,7.333333333333333,2021_06
18-301-00274,13.5,2021_06
18-312-00276,11.0,2021_06
18-312-00277,10.5,2021_06
18-755-00278,10.0,2021_06
18-755-00279,6.833333333333333,2021_06
18-760-00280,10.25,2021_06
18-760-00281,13.090909090909092,2021_06
18-314-00275,8.708333333333334,2021_06
18-300-00101,15.411764705882353,2021_07
18-300-00102,16.0,2021_07
18-300-00103,15.8,2021_07
18-300-00104,16.53846153846154,2021_07
18-300-00105,14.0,2021_07
18-300-00106,,2021_07
18-300-00107,13.0,2021_07
18-300-00108,13.0,2021_07
18-301-00109,14.666666666666666,2021_07
18-301-00110,13.0,2021_07
18-301-00111,13.0,2021_07
18-301-00112,12.75,2021_07
18-301-00113,15.5,2021_07
18-301-00114,15.75,2021_07
18-302-00115,16.875,2021_07
18-302-00116,18.0,2021_07
18-302-00117,17.666666666666668,2021_07
18-302-00118,22.666666666666668,2021_07
18-302-00119,20.666666666666668,2021_07
18-303-00120,13.75,2021_07
18-303-00121,13.285714285714286,2021_07
18-303-00122,10.8,2021_07
18-303-00123,10.0,2021_07
18-799-00124,15.0,2021_07
18-799-00125,,2021_07
18-304-00126,12.0,2021_07
18-304-00127,12.5,2021_07
18-304-00128,12.6,2021_07
18-304-00129,11.0,2021_07
18-305-00130,12.6,2021_07
18-305-00131,15.2,2021_07
18-305-00132,14.25,2021_07
18-305-00133,12.6,2021_07
18-305-00134,13.8,2021_07
18-305-00135,10.6,2021_07
18-305-00136,12.6,2021_07
18-306-00137,14.529411764705882,2021_07
18-306-00138,13.714285714285714,2021_07
18-306-00139,12.833333333333334,2021_07
18-306-00140,13.555555555555555,2021_07
18-307-00141,12.6,2021_07
18-307-00142,19.8,2021_07
18-307-00143,18.0,2021_07
18-307-00144,20.0,2021_07
18-307-00145,19.75,2021_07
18-307-00146,22.0,2021_07
18-307-00147,26.0,2021_07
18-308-00148,,2021_07
18-308-00149,20.0,2021_07
18-308-00150,22.5,2021_07
18-308-00151,21.75,2021_07
18-308-00152,18.272727272727273,2021_07
18-308-00153,21.8,2021_07
18-309-00154,18.166666666666668,2021_07
18-309-00155,18.357142857142858,2021_07
18-309-00156,19.0,2021_07
18-309-00157,18.58823529411765,2021_07
18-310-00158,20.818181818181817,2021_07
18-310-00159,18.833333333333332,2021_07
18-310-00160,18.125,2021_07
18-310-00161,18.0,2021_07
18-310-00162,18.8,2021_07
18-310-00163,17.5,2021_07
18-310-00164,17.857142857142858,2021_07
18-311-00165,18.333333333333332,2021_07
18-311-00166,22.0,2021_07
18-311-00167,19.0,2021_07
18-311-00168,19.75,2021_07
18-312-00169,23.0,2021_07
18-312-00170,22.833333333333332,2021_07
18-312-00171,22.0,2021_07
18-313-00172,14.909090909090908,2021_07
18-313-00173,18.2,2021_07
18-313-00174,21.2,2021_07
18-313-00175,20.7,2021_07
18-313-00176,18.25,2021_07
18-313-00177,16.272727272727273,2021_07
18-314-00178,18.235294117647058,2021_07
18-314-00179,19.272727272727273,2021_07
18-315-00180,16.130434782608695,2021_07
18-315-00181,17.866666666666667,2021_07
18-315-00182,17.0,2021_07
18-315-00183,15.26923076923077,2021_07
18-316-00184,16.4,2021_07
18-316-00185,16.363636363636363,2021_07
18-316-00186,17.166666666666668,2021_07
18-316-00187,14.76923076923077,2021_07
18-316-00188,16.555555555555557,2021_07
18-317-00189,15.0,2021_07
18-317-00190,15.666666666666666,2021_07
18-317-00191,14.6,2021_07
18-317-00192,14.8,2021_07
18-317-00193,14.833333333333334,2021_07
18-318-00194,16.0,2021_07
18-318-00195,15.5,2021_07
18-318-00196,15.833333333333334,2021_07
18-318-00197,14.5,2021_07
18-319-00198,15.5,2021_07
18-319-00199,17.333333333333332,2021_07
18-319-00200,13.6,2021_07
18-319-00201,13.5,2021_07
18-319-00202,14.5,2021_07
18-320-00203,13.0,2021_07
18-320-00204,,2021_07
18-320-00205,17.2,2021_07
18-320-00206,17.0,2021_07
18-320-00207,16.363636363636363,2021_07
18-321-00208,15.5,2021_07
18-321-00209,15.0,2021_07
18-321-00210,14.0,2021_07
18-321-00211,13.285714285714286,2021_07
18-321-00212,14.285714285714286,2021_07
18-321-00213,11.75,2021_07
18-321-00214,11.5,2021_07
18-321-00215,12.666666666666666,2021_07
18-321-00216,23.571428571428573,2021_07
18-321-00217,13.0,2021_07
18-321-00218,14.0,2021_07
18-322-00219,13.0,2021_07
18-322-00220,15.0,2021_07
18-322-00221,16.0,2021_07
18-323-00222,14.0,2021_07
18-323-00223,12.333333333333334,2021_07
18-323-00224,11.333333333333334,2021_07
18-323-00225,15.0,2021_07
18-323-00226,17.0,2021_07
18-323-00227,15.0,2021_07
18-323-00228,16.0,2021_07
18-324-00260,17.0,2021_07
18-323-00230,,2021_07
18-324-00231,16.0,2021_07
18-324-00232,15.0,2021_07
18-324-00233,17.333333333333332,2021_07
18-324-00234,17.0,2021_07
18-816-00235,,2021_07
18-816-00236,,2021_07
18-325-00237,,2021_07
18-325-00238,13.5,2021_07
18-325-00239,13.166666666666666,2021_07
18-326-00240,12.0,2021_07
18-326-00241,12.0,2021_07
18-326-00242,,2021_07
18-326-00243,,2021_07
18-326-00244,12.0,2021_07
18-326-00245,13.375,2021_07
18-326-00246,13.75,2021_07
18-326-00247,14.333333333333334,2021_07
18-755-00248,15.6,2021_07
18-756-00249,15.76923076923077,2021_07
18-756-00250,17.0,2021_07
18-756-00251,12.5,2021_07
18-757-00252,13.4,2021_07
18-757-00253,15.25,2021_07
18-757-00254,16.0,2021_07
18-759-00255,12.714285714285714,2021_07
18-758-00256,14.666666666666666,2021_07
18-758-00257,10.6,2021_07
18-816-00258,,2021_07
18-816-00259,15.75,2021_07
18-816-00261,17.142857142857142,2021_07
18-324-00262,15.333333333333334,2021_07
18-324-00263,16.0,2021_07
18-303-00264,15.0,2021_07
18-799-00265,13.0,2021_07
18-303-00266,11.5,2021_07
18-322-00267,13.0,2021_07
18-326-00268,13.333333333333334,2021_07
18-325-00269,13.285714285714286,2021_07
18-325-00270,12.444444444444445,2021_07
18-304-00271,13.375,2021_07
18-321-00272,11.666666666666666,2021_07
18-321-00273,12.5,2021_07
18-301-00274,13.5,2021_07
18-312-00276,20.666666666666668,2021_07
18-312-00277,22.0,2021_07
18-755-00278,17.833333333333332,2021_07
18-755-00279,13.333333333333334,2021_07
18-760-00280,22.25,2021_07
18-760-00281,21.818181818181817,2021_07
18-314-00275,15.583333333333334,2021_07
18-300-00101,6.294117647058823,2021_08
18-300-00102,7.5,2021_08
18-300-00103,6.2,2021_08
18-300-00104,6.153846153846154,2021_08
18-300-00105,6.333333333333333,2021_08
18-300-00106,,2021_08
18-300-00107,6.5,2021_08
18-300-00108,6.0,2021_08
18-301-00109,6.0,2021_08
18-301-00110,7.0,2021_08
18-301-00111,7.333333333333333,2021_08
18-301-00112,8.25,2021_08
18-301-00113,6.5,2021_08
18-301-00114,6.0,2021_08
18-302-00115,5.625,2021_08
18-302-00116,5.375,2021_08
18-302-00117,6.0,2021_08
18-302-00118,6.0,2021_08
18-302-00119,8.0,2021_08
18-303-00120,5.75,2021_08
18-303-00121,5.428571428571429,2021_08
18-303-00122,7.4,2021_08
18-303-00123,7.333333333333333,2021_08
18-799-00124,8.5,2021_08
18-799-00125,,2021_08
18-304-00126,7.5,2021_08
18-304-00127,7.5,2021_08
18-304-00128,5.6,2021_08
18-304-00129,6.0,2021_08
18-305-00130,6.2,2021_08
18-305-00131,7.2,2021_08
18-305-00132,6.0,2021_08
18-305-00133,7.4,2021_08
18-305-00134,6.8,2021_08
18-305-00135,6.0,2021_08
18-305-00136,6.6,2021_08
18-306-00137,8.529411764705882,2021_08
18-306-00138,7.071428571428571,2021_08
18-306-00139,5.666666666666667,2021_08
18-306-00140,7.111111111111111,2021_08
18-307-00141,7.2,2021_08
18-307-00142,9.4,2021_08
18-307-00143,10.6,2021_08
18-307-00144,9.857142857142858,2021_08
18-307-00145,8.375,2021_08
18-307-00146,9.857142857142858,2021_08
18-307-00147,11.5,2021_08
18-308-00148,,2021_08
18-308-00149,9.5,2021_08
18-308-00150,10.5,2021_08
18-308-00151,10.916666666666666,2021_08
18-308-00152,13.818181818181818,2021_08
18-308-00153,10.6,2021_08
18-309-00154,13.333333333333334,2021_08
18-309-00155,13.928571428571429,2021_08
18-309-00156,12.857142857142858,2021_08
18-309-00157,11.941176470588236,2021_08
18-310-00158,11.0,2021_08
18-310-00159,11.0,2021_08
18-310-00160,12.875,2021_08
18-310-00161,11.5,2021_08
18-310-00162,9.4,2021_08
18-310-00163,8.5,2021_08
18-310-00164,9.571428571428571,2021_08
18-311-00165,8.666666666666666,2021_08
18-311-00166,8.333333333333334,2021_08
18-311-00167,6.6,2021_08
18-311-00168,7.75,2021_08
18-312-00169,9.0,2021_08
18-312-00170,7.333333333333333,2021_08
18-312-00171,7.875,2021_08
18-313-00172,8.363636363636363,2021_08
18-313-00173,8.4,2021_08
18-313-00174,8.0,2021_08
18-313-00175,6.7,2021_08
18-313-00176,8.25,2021_08
18-313-00177,5.0,2021_08
18-314-00178,5.352941176470588,2021_08
18-314-00179,7.863636363636363,2021_08
18-315-00180,5.260869565217392,2021_08
18-315-00181,5.066666666666666,2021_08
18-315-00182,4.333333333333333,2021_08
18-315-00183,4.153846153846154,2021_08
18-316-00184,4.9,2021_08
18-316-00185,5.0,2021_08
18-316-00186,4.166666666666667,2021_08
18-316-00187,4.076923076923077,2021_08
18-316-00188,3.7777777777777777,2021_08
18-317-00189,5.5,2021_08
18-317-00190,5.333333333333333,2021_08
18-317-00191,5.8,2021_08
18-317-00192,4.9,2021_08
18-317-00193,4.833333333333333,2021_08
18-318-00194,5.5,2021_08
18-318-00195,5.5,2021_08
18-318-00196,5.333333333333333,2021_08
18-318-00197,4.2,2021_08
18-319-00198,5.25,2021_08
18-319-00199,4.666666666666667,2021_08
18-319-00200,6.0,2021_08
18-319-00201,6.5,2021_08
18-319-00202,7.0,2021_08
18-320-00203,5.0,2021_08
18-320-00204,,2021_08
18-320-00205,7.2,2021_08
18-320-00206,7.0,2021_08
18-320-00207,6.7272727272727275,2021_08
18-321-00208,9.0,2021_08
18-321-00209,10.0,2021_08
18-321-00210,9.333333333333334,2021_08
18-321-00211,8.571428571428571,2021_08
18-321-00212,8.428571428571429,2021_08
18-321-00213,8.25,2021_08
18-321-00214,8.5,2021_08
18-321-00215,7.666666666666667,2021_08
18-321-00216,9.0,2021_08
18-321-00217,9.0,2021_08
18-321-00218,10.0,2021_08
18-322-00219,9.0,2021_08
18-322-00220,9.75,2021_08
18-322-00221,8.0,2021_08
18-323-00222,9.0,2021_08
18-323-00223,8.333333333333334,2021_08
18-323-00224,7.833333333333333,2021_08
18-323-00225,9.0,2021_08
18-323-00226,8.0,2021_08
18-323-00227,9.0,2021_08
18-323-00228,8.0,2021_08
18-324-00260,8.75,2021_08
18-323-00230,,2021_08
18-324-00231,6.714285714285714,2021_08
18-324-00232,10.0,2021_08
18-324-00233,8.0,2021_08
18-324-00234,9.0,2021_08
18-816-00235,,2021_08
18-816-00236,,2021_08
18-325-00237,,2021_08
18-325-00238,8.0,2021_08
18-325-00239,9.166666666666666,2021_08
18-326-00240,10.0,2021_08
18-326-00241,10.75,2021_08
18-326-00242,,2021_08
18-326-00243,,2021_08
18-326-00244,10.0,2021_08
18-326-00245,11.625,2021_08
18-326-00246,14.0,2021_08
18-326-00247,10.666666666666666,2021_08
18-755-00248,7.6,2021_08
18-756-00249,7.461538461538462,2021_08
18-756-00250,8.714285714285714,2021_08
18-756-00251,7.75,2021_08
18-757-00252,7.0,2021_08
18-757-00253,8.5,2021_08
18-757-00254,5.833333333333333,2021_08
18-759-00255,7.9523809523809526,2021_08
18-758-00256,8.5,2021_08
18-758-00257,8.2,2021_08
18-816-00258,,2021_08
18-816-00259,8.75,2021_08
18-816-00261,9.142857142857142,2021_08
18-324-00262,9.0,2021_08
18-324-00263,8.0,2021_08
18-303-00264,6.0,2021_08
18-799-00265,7.5,2021_08
18-303-00266,7.0,2021_08
18-322-00267,9.0,2021_08
18-326-00268,8.0,2021_08
18-325-00269,9.285714285714286,2021_08
18-325-00270,10.666666666666666,2021_08
18-304-00271,7.25,2021_08
18-321-00272,9.0,2021_08
18-321-00273,8.166666666666666,2021_08
18-301-00274,6.5,2021_08
18-312-00276,8.833333333333334,2021_08
18-312-00277,11.5,2021_08
18-755-00278,9.0,2021_08
18-755-00279,6.833333333333333,2021_08
18-760-00280,9.75,2021_08
18-760-00281,10.0,2021_08
18-314-00275,7.083333333333333,2021_08
18-300-00101,22.58823529411765,2021_09
18-300-00102,23.5,2021_09
18-300-00103,26.0,2021_09
18-300-00104,28.23076923076923,2021_09
18-300-00105,25.166666666666668,2021_09
18-300-00106,,2021_09
18-300-00107,25.0,2021_09
18-300-00108,26.0,2021_09
18-301-00109,27.333333333333332,2021_09
18-301-00110,25.0,2021_09
18-301-00111,25.333333333333332,2021_09
18-301-00112,26.0,2021_09
18-301-00113,27.5,2021_09
18-301-00114,26.0,2021_09
18-302-00115,27.75,2021_09
18-302-00116,28.0,2021_09
18-302-00117,30.0,2021_09
18-302-00118,31.0,2021_09
18-302-00119,31.666666666666668,2021_09
18-303-00120,29.5,2021_09
18-303-00121,29.142857142857142,2021_09
18-303-00122,26.2,2021_09
18-303-00123,25.0,2021_09
18-799-00124,25.0,2021_09
18-799-00125,,2021_09
18-304-00126,25.5,2021_09
18-304-00127,26.5,2021_09
18-304-00128,28.0,2021_09
18-304-00129,29.0,2021_09
18-305-00130,26.4,2021_09
18-305-00131,29.6,2021_09
18-305-00132,30.5,2021_09
18-305-00133,28.6,2021_09
18-305-00134,30.6,2021_09
18-305-00135,27.2,2021_09
18-305-00136,29.4,2021_09
18-306-00137,26.647058823529413,2021_09
18-306-00138,24.785714285714285,2021_09
18-306-00139,27.833333333333332,2021_09
18-306-00140,26.0,2021_09
18-307-00141,14.4,2021_09
18-307-00142,19.2,2021_09
18-307-00143,19.0,2021_09
18-307-00144,22.571428571428573,2021_09
18-307-00145,17.25,2021_09
18-307-00146,19.571428571428573,2021_09
18-307-00147,23.75,2021_09
18-308-00148,,2021_09
18-308-00149,24.0,2021_09
18-308-00150,20.166666666666668,2021_09
18-308-00151,21.583333333333332,2021_09
18-308-00152,22.818181818181817,2021_09
18-308-00153,21.8,2021_09
18-309-00154,22.833333333333332,2021_09
18-309-00155,26.142857142857142,2021_09
18-309-00156,23.928571428571427,2021_09
18-309-00157,27.41176470588235,2021_09
18-310-00158,22.363636363636363,2021_09
18-310-00159,19.833333333333332,2021_09
18-310-00160,22.0,2021_09
18-310-00161,21.25,2021_09
18-310-00162,25.4,2021_09
18-310-00163,23.5,2021_09
18-310-00164,22.714285714285715,2021_09
18-311-00165,25.833333333333332,2021_09
18-311-00166,29.0,2021_09
18-311-00167,25.8,2021_09
18-311-00168,26.25,2021_09
18-312-00169,27.4,2021_09
18-312-00170,29.333333333333332,2021_09
18-312-00171,29.375,2021_09
18-313-00172,23.818181818181817,2021_09
18-313-00173,21.2,2021_09
18-313-00174,24.0,2021_09
18-313-00175,27.0,2021_09
18-313-00176,26.0,2021_09
18-313-00177,28.363636363636363,2021_09
18-314-00178,29.852941176470587,2021_09
18-314-00179,30.59090909090909,2021_09
18-315-00180,28.47826086956522,2021_09
18-315-00181,33.733333333333334,2021_09
18-315-00182,28.666666666666668,2021_09
18-315-00183,28.0,2021_09
18-316-00184,30.4,2021_09
18-316-00185,29.454545454545453,2021_09
18-316-00186,27.833333333333332,2021_09
18-316-00187,26.46153846153846,2021_09
18-316-00188,27.22222222222222,2021_09
18-317-00189,29.0,2021_09
18-317-00190,29.0,2021_09
18-317-00191,29.4,2021_09
18-317-00192,32.5,2021_09
18-317-00193,33.666666666666664,2021_09
18-318-00194,29.0,2021_09
18-318-00195,33.5,2021_09
18-318-00196,33.5,2021_09
18-318-00197,31.8,2021_09
18-319-00198,28.0,2021_09
18-319-00199,27.0,2021_09
18-319-00200,29.4,2021_09
18-319-00201,27.0,2021_09
18-319-00202,31.0,2021_09
18-320-00203,27.0,2021_09
18-320-00204,,2021_09
18-320-00205,27.5,2021_09
18-320-00206,28.5,2021_09
18-320-00207,29.181818181818183,2021_09
18-321-00208,29.0,2021_09
18-321-00209,32.0,2021_09
18-321-00210,28.666666666666668,2021_09
18-321-00211,27.714285714285715,2021_09
18-321-00212,29.142857142857142,2021_09
18-321-00213,29.5,2021_09
18-321-00214,29.0,2021_09
18-321-00215,27.666666666666668,2021_09
18-321-00216,33.285714285714285,2021_09
18-321-00217,28.0,2021_09
18-321-00218,27.0,2021_09
18-322-00219,29.0,2021_09
18-322-00220,29.875,2021_09
18-322-00221,31.0,2021_09
18-323-00222,23.0,2021_09
18-323-00223,24.666666666666668,2021_09
18-323-00224,28.5,2021_09
18-323-00225,29.0,2021_09
18-323-00226,25.0,2021_09
18-323-00227,24.0,2021_09
18-323-00228,24.0,2021_09
18-324-00260,26.5,2021_09
18-323-00230,,2021_09
18-324-00231,26.714285714285715,2021_09
18-324-00232,26.0,2021_09
18-324-00233,26.333333333333332,2021_09
18-324-00234,25.0,2021_09
18-816-00235,,2021_09
18-816-00236,,2021_09
18-325-00237,,2021_09
18-325-00238,24.5,2021_09
18-325-00239,27.833333333333332,2021_09
18-326-00240,22.0,2021_09
18-326-00241,25.75,2021_09
18-326-00242,,2021_09
18-326-00243,,2021_09
18-326-00244,22.0,2021_09
18-326-00245,27.375,2021_09
18-326-00246,26.375,2021_09
18-326-00247,25.666666666666668,2021_09
18-755-00248,24.0,2021_09
18-756-00249,26.23076923076923,2021_09
18-756-00250,23.714285714285715,2021_09
18-756-00251,17.0,2021_09
18-757-00252,30.2,2021_09
18-757-00253,32.0,2021_09
18-757-00254,31.0,2021_09
18-759-00255,29.523809523809526,2021_09
18-758-00256,25.833333333333332,2021_09
18-758-00257,21.8,2021_09
18-816-00258,,2021_09
18-816-00259,25.0,2021_09
18-816-00261,27.0,2021_09
18-324-00262,25.333333333333332,2021_09
18-324-00263,27.0,2021_09
18-303-00264,28.75,2021_09
18-799-00265,26.0,2021_09
18-303-00266,27.5,2021_09
18-322-00267,28.0,2021_09
18-326-00268,22.333333333333332,2021_09
18-325-00269,25.428571428571427,2021_09
18-325-00270,23.333333333333332,2021_09
18-304-00271,28.0,2021_09
18-321-00272,26.666666666666668,2021_09
18-321-00273,27.0,2021_09
18-301-00274,26.0,2021_09
18-312-00276,25.0,2021_09
18-312-00277,26.5,2021_09
18-755-00278,26.333333333333332,2021_09
18-755-00279,22.833333333333332,2021_09
18-760-00280,19.75,2021_09
18-760-00281,22.09090909090909,2021_09
18-314-00275,30.145833333333332,2021_09
18-300-00101,39.64705882352941,2021_10
18-300-00102,40.5,2021_10
18-300-00103,41.4,2021_10
18-300-00104,42.46153846153846,2021_10
18-300-00105,40.833333333333336,2021_10
18-300-00106,,2021_10
18-300-00107,41.0,2021_10
18-300-00108,38.0,2021_10
18-301-00109,41.333333333333336,2021_10
18-301-00110,40.0,2021_10
18-301-00111,41.333333333333336,2021_10
18-301-00112,42.0,2021_10
18-301-00113,39.5,2021_10
18-301-00114,39.25,2021_10
18-302-00115,41.5,2021_10
18-302-00116,41.0,2021_10
18-302-00117,42.166666666666664,2021_10
18-302-00118,41.666666666666664,2021_10
18-302-00119,45.0,2021_10
18-303-00120,41.0,2021_10
18-303-00121,41.857142857142854,2021_10
18-303-00122,42.0,2021_10
18-303-00123,41.666666666666664,2021_10
18-799-00124,40.0,2021_10
18-799-00125,,2021_10
18-304-00126,41.5,2021_10
18-304-00127,44.5,2021_10
18-304-00128,41.0,2021_10
18-304-00129,41.0,2021_10
18-305-00130,44.4,2021_10
18-305-00131,43.0,2021_10
18-305-00132,43.25,2021_10
18-305-00133,43.4,2021_10
18-305-00134,42.2,2021_10
18-305-00135,39.0,2021_10
18-305-00136,41.2,2021_10
18-306-00137,46.88235294117647,2021_10
18-306-00138,43.42857142857143,2021_10
18-306-00139,43.333333333333336,2021_10
18-306-00140,44.44444444444444,2021_10
18-307-00141,37.2,2021_10
18-307-00142,41.2,2021_10
18-307-00143,42.0,2021_10
18-307-00144,44.0,2021_10
18-307-00145,41.25,2021_10
18-307-00146,43.142857142857146,2021_10
18-307-00147,45.25,2021_10
18-308-00148,,2021_10
18-308-00149,46.0,2021_10
18-308-00150,43.0,2021_10
18-308-00151,41.416666666666664,2021_10
18-308-00152,44.18181818181818,2021_10
18-308-00153,44.4,2021_10
18-309-00154,45.5,2021_10
18-309-00155,44.57142857142857,2021_10
18-309-00156,45.214285714285715,2021_10
18-309-00157,44.94117647058823,2021_10
18-310-00158,41.63636363636363,2021_10
18-310-00159,40.666666666666664,2021_10
18-310-00160,42.625,2021_10
18-310-00161,43.75,2021_10
18-310-00162,43.6,2021_10
18-310-00163,43.0,2021_10
18-310-00164,43.857142857142854,2021_10
18-311-00165,42.833333333333336,2021_10
18-311-00166,44.0,2021_10
18-311-00167,43.4,2021_10
18-311-00168,44.25,2021_10
18-312-00169,44.2,2021_10
18-312-00170,43.166666666666664,2021_10
18-312-00171,46.125,2021_10
18-313-00172,44.36363636363637,2021_10
18-313-00173,39.4,2021_10
18-313-00174,42.2,2021_10
18-313-00175,42.9,2021_10
18-313-00176,42.75,2021_10
18-313-00177,41.90909090909091,2021_10
18-314-00178,42.6764705882353,2021_10
18-314-00179,45.68181818181818,2021_10
18-315-00180,41.43478260869565,2021_10
18-315-00181,37.6,2021_10
18-315-00182,34.0,2021_10
18-315-00183,39.15384615384615,2021_10
18-316-00184,34.4,2021_10
18-316-00185,33.72727272727273,2021_10
18-316-00186,32.166666666666664,2021_10
18-316-00187,29.153846153846153,2021_10
18-316-00188,31.22222222222222,2021_10
18-317-00189,35.0,2021_10
18-317-00190,34.666666666666664,2021_10
18-317-00191,33.2,2021_10
18-317-00192,31.7,2021_10
18-317-00193,33.0,2021_10
18-318-00194,35.0,2021_10
18-318-00195,34.0,2021_10
18-318-00196,32.5,2021_10
18-318-00197,32.8,2021_10
18-319-00198,40.25,2021_10
18-319-00199,40.333333333333336,2021_10
18-319-00200,41.2,2021_10
18-319-00201,40.0,2021_10
18-319-00202,39.5,2021_10
18-320-00203,42.0,2021_10
18-320-00204,,2021_10
18-320-00205,41.9,2021_10
18-320-00206,42.5,2021_10
18-320-00207,39.36363636363637,2021_10
18-321-00208,45.5,2021_10
18-321-00209,46.0,2021_10
18-321-00210,46.333333333333336,2021_10
18-321-00211,43.57142857142857,2021_10
18-321-00212,41.142857142857146,2021_10
18-321-00213,42.0,2021_10
18-321-00214,42.5,2021_10
18-321-00215,42.666666666666664,2021_10
18-321-00216,42.57142857142857,2021_10
18-321-00217,42.0,2021_10
18-321-00218,45.0,2021_10
18-322-00219,45.0,2021_10
18-322-00220,44.375,2021_10
18-322-00221,45.0,2021_10
18-323-00222,42.0,2021_10
18-323-00223,41.333333333333336,2021_10
18-323-00224,42.333333333333336,2021_10
18-323-00225,46.0,2021_10
18-323-00226,43.0,2021_10
18-323-00227,42.0,2021_10
18-323-00228,44.0,2021_10
18-324-00260,42.75,2021_10
18-323-00230,,2021_10
18-324-00231,40.857142857142854,2021_10
18-324-00232,41.0,2021_10
18-324-00233,40.0,2021_10
18-324-00234,42.0,2021_10
18-816-00235,,2021_10
18-816-00236,,2021_10
18-325-00237,,2021_10
18-325-00238,46.5,2021_10
18-325-00239,43.833333333333336,2021_10
18-326-00240,44.0,2021_10
18-326-00241,43.75,2021_10
18-326-00242,,2021_10
18-326-00243,,2021_10
18-326-00244,45.0,2021_10
18-326-00245,43.375,2021_10
18-326-00246,43.0,2021_10
18-326-00247,45.0,2021_10
18-755-00248,42.2,2021_10
18-756-00249,46.84615384615385,2021_10
18-756-00250,44.0,2021_10
18-756-00251,38.25,2021_10
18-757-00252,40.8,2021_10
18-757-00253,42.25,2021_10
18-757-00254,40.416666666666664,2021_10
18-759-00255,43.30952380952381,2021_10
18-758-00256,41.666666666666664,2021_10
18-758-00257,37.6,2021_10
18-816-00258,,2021_10
18-816-00259,45.75,2021_10
18-816-00261,45.285714285714285,2021_10
18-324-00262,41.666666666666664,2021_10
18-324-00263,42.0,2021_10
18-303-00264,39.75,2021_10
18-799-00265,40.0,2021_10
18-303-00266,42.5,2021_10
18-322-00267,42.0,2021_10
18-326-00268,45.333333333333336,2021_10
18-325-00269,45.0,2021_10
18-325-00270,44.666666666666664,2021_10
18-304-00271,43.0,2021_10
18-321-00272,42.666666666666664,2021_10
18-321-00273,42.166666666666664,2021_10
18-301-00274,41.0,2021_10
18-312-00276,40.833333333333336,2021_10
18-312-00277,43.5,2021_10
18-755-00278,44.833333333333336,2021_10
18-755-00279,40.833333333333336,2021_10
18-760-00280,42.0,2021_10
18-760-00281,42.72727272727273,2021_10
18-314-00275,42.854166666666664,2021_10
18-300-00101,0.0,2021_11
18-300-00102,0.0,2021_11
18-300-00103,0.0,2021_11
18-300-00104,0.0,2021_11
18-300-00105,0.0,2021_11
18-300-00106,,2021_11
18-300-00107,0.0,2021_11
18-300-00108,0.0,2021_11
18-301-00109,0.0,2021_11
18-301-00110,0.0,2021_11
18-301-00111,0.0,2021_11
18-301-00112,0.0,2021_11
18-301-00113,0.0,2021_11
18-301-00114,0.0,2021_11
18-302-00115,0.0,2021_11
18-302-00116,0.0,2021_11
18-302-00117,0.0,2021_11
18-302-00118,0.0,2021_11
18-302-00119,0.3333333333333333,2021_11
18-303-00120,0.0,2021_11
18-303-00121,0.0,2021_11
18-303-00122,0.0,2021_11
18-303-00123,0.0,2021_11
18-799-00124,0.0,2021_11
18-799-00125,,2021_11
18-304-00126,0.0,2021_11
18-304-00127,0.0,2021_11
18-304-00128,0.0,2021_11
18-304-00129,0.0,2021_11
18-305-00130,0.2,2021_11
18-305-00131,0.2,2021_11
18-305-00132,0.0,2021_11
18-305-00133,0.0,2021_11
18-305-00134,0.0,2021_11
18-305-00135,0.0,2021_11
18-305-00136,0.2,2021_11
18-306-00137,0.0,2021_11
18-306-00138,0.0,2021_11
18-306-00139,0.0,2021_11
18-306-00140,0.0,2021_11
18-307-00141,0.0,2021_11
18-307-00142,1.4,2021_11
18-307-00143,1.0,2021_11
18-307-00144,1.7142857142857142,2021_11
18-307-00145,0.625,2021_11
18-307-00146,1.8571428571428572,2021_11
18-307-00147,2.0,2021_11
18-308-00148,,2021_11
18-308-00149,1.5,2021_11
18-308-00150,2.0,2021_11
18-308-00151,2.0,2021_11
18-308-00152,2.1818181818181817,2021_11
18-308-00153,1.8,2021_11
18-309-00154,0.08333333333333333,2021_11
18-309-00155,2.5,2021_11
18-309-00156,2.7857142857142856,2021_11
18-309-00157,3.0588235294117645,2021_11
18-310-00158,2.0,2021_11
18-310-00159,1.6666666666666667,2021_11
18-310-00160,1.625,2021_11
18-310-00161,1.25,2021_11
18-310-00162,2.0,2021_11
18-310-00163,1.25,2021_11
18-310-00164,1.5714285714285714,2021_11
18-311-00165,1.6666666666666667,2021_11
18-311-00166,1.8333333333333333,2021_11
18-311-00167,1.0,2021_11
18-311-00168,2.0,2021_11
18-312-00169,1.4,2021_11
18-312-00170,1.3333333333333333,2021_11
18-312-00171,1.875,2021_11
18-313-00172,0.18181818181818182,2021_11
18-313-00173,0.2,2021_11
18-313-00174,0.6,2021_11
18-313-00175,1.0,2021_11
18-313-00176,0.25,2021_11
18-313-00177,3.909090909090909,2021_11
18-314-00178,7.147058823529412,2021_11
18-314-00179,3.1363636363636362,2021_11
18-315-00180,14.391304347826088,2021_11
18-315-00181,13.066666666666666,2021_11
18-315-00182,9.333333333333334,2021_11
18-315-00183,10.461538461538462,2021_11
18-316-00184,6.2,2021_11
18-316-00185,7.909090909090909,2021_11
18-316-00186,6.833333333333333,2021_11
18-316-00187,9.307692307692308,2021_11
18-316-00188,7.0,2021_11
18-317-00189,2.0,2021_11
18-317-00190,6.666666666666667,2021_11
18-317-00191,6.0,2021_11
18-317-00192,8.9,2021_11
18-317-00193,10.166666666666666,2021_11
18-318-00194,7.5,2021_11
18-318-00195,9.5,2021_11
18-318-00196,11.5,2021_11
18-318-00197,10.4,2021_11
18-319-00198,0.0,2021_11
18-319-00199,0.0,2021_11
18-319-00200,0.0,2021_11
18-319-00201,0.0,2021_11
18-319-00202,0.0,2021_11
18-320-00203,0.0,2021_11
18-320-00204,,2021_11
18-320-00205,0.1,2021_11
18-320-00206,0.0,2021_11
18-320-00207,0.0,2021_11
18-321-00208,0.0,2021_11
18-321-00209,0.0,2021_11
18-321-00210,0.0,2021_11
18-321-00211,0.0,2021_11
18-321-00212,1.0,2021_11
18-321-00213,0.0,2021_11
18-321-00214,0.0,2021_11
18-321-00215,0.0,2021_11
18-321-00216,2.857142857142857,2021_11
18-321-00217,0.0,2021_11
18-321-00218,0.0,2021_11
18-322-00219,0.0,2021_11
18-322-00220,0.875,2021_11
18-322-00221,0.0,2021_11
18-323-00222,0.0,2021_11
18-323-00223,0.0,2021_11
18-323-00224,0.0,2021_11
18-323-00225,0.0,2021_11
18-323-00226,0.0,2021_11
18-323-00227,0.0,2021_11
18-323-00228,0.0,2021_11
18-324-00260,0.0,2021_11
18-323-00230,,2021_11
18-324-00231,0.0,2021_11
18-324-00232,0.0,2021_11
18-324-00233,0.0,2021_11
18-324-00234,0.0,2021_11
18-816-00235,,2021_11
18-816-00236,,2021_11
18-325-00237,,2021_11
18-325-00238,0.0,2021_11
18-325-00239,0.0,2021_11
18-326-00240,0.0,2021_11
18-326-00241,0.0,2021_11
18-326-00242,,2021_11
18-326-00243,,2021_11
18-326-00244,0.0,2021_11
18-326-00245,0.375,2021_11
18-326-00246,0.625,2021_11
18-326-00247,0.0,2021_11
18-755-00248,1.0,2021_11
18-756-00249,1.4615384615384615,2021_11
18-756-00250,1.4285714285714286,2021_11
18-756-00251,0.0,2021_11
18-757-00252,1.0,2021_11
18-757-00253,0.25,2021_11
18-757-00254,2.25,2021_11
18-759-00255,6.333333333333333,2021_11
18-758-00256,0.0,2021_11
18-758-00257,0.0,2021_11
18-816-00258,,2021_11
18-816-00259,0.0,2021_11
18-816-00261,0.0,2021_11
18-324-00262,0.0,2021_11
18-324-00263,0.0,2021_11
18-303-00264,0.0,2021_11
18-799-00265,0.0,2021_11
18-303-00266,0.0,2021_11
18-322-00267,0.0,2021_11
18-326-00268,0.0,2021_11
18-325-00269,0.0,2021_11
18-325-00270,0.0,2021_11
18-304-00271,0.125,2021_11
18-321-00272,0.0,2021_11
18-321-00273,0.5,2021_11
18-301-00274,0.0,2021_11
18-312-00276,1.6666666666666667,2021_11
18-312-00277,2.0,2021_11
18-755-00278,2.5,2021_11
18-755-00279,1.0,2021_11
18-760-00280,1.0,2021_11
18-760-00281,1.5454545454545454,2021_11
18-314-00275,1.4791666666666667,2021_11
18-300-00101,20.941176470588236,2021_12
18-300-00102,24.5,2021_12
18-300-00103,23.6,2021_12
18-300-00104,23.46153846153846,2021_12
18-300-00105,24.333333333333332,2021_12
18-300-00106,,2021_12
18-300-00107,24.0,2021_12
18-300-00108,23.0,2021_12
18-301-00109,25.0,2021_12
18-301-00110,27.0,2021_12
18-301-00111,24.666666666666668,2021_12
18-301-00112,25.0,2021_12
18-301-00113,25.0,2021_12
18-301-00114,25.0,2021_12
18-302-00115,25.375,2021_12
18-302-00116,22.875,2021_12
18-302-00117,25.5,2021_12
18-302-00118,24.333333333333332,2021_12
18-302-00119,25.333333333333332,2021_12
18-303-00120,23.75,2021_12
18-303-00121,25.285714285714285,2021_12
18-303-00122,24.8,2021_12
18-303-00123,26.0,2021_12
18-799-00124,26.0,2021_12
18-799-00125,,2021_12
18-304-00126,28.0,2021_12
18-304-00127,27.5,2021_12
18-304-00128,28.4,2021_12
18-304-00129,28.0,2021_12
18-305-00130,23.0,2021_12
18-305-00131,25.6,2021_12
18-305-00132,26.75,2021_12
18-305-00133,27.6,2021_12
18-305-00134,24.4,2021_12
18-305-00135,26.0,2021_12
18-305-00136,23.2,2021_12
18-306-00137,23.41176470588235,2021_12
18-306-00138,20.071428571428573,2021_12
18-306-00139,25.5,2021_12
18-306-00140,22.11111111111111,2021_12
18-307-00141,16.4,2021_12
18-307-00142,23.6,2021_12
18-307-00143,20.2,2021_12
18-307-00144,18.857142857142858,2021_12
18-307-00145,22.0,2021_12
18-307-00146,26.571428571428573,2021_12
18-307-00147,27.0,2021_12
18-308-00148,,2021_12
18-308-00149,19.5,2021_12
18-308-00150,24.833333333333332,2021_12
18-308-00151,24.416666666666668,2021_12
18-308-00152,20.727272727272727,2021_12
18-308-00153,22.8,2021_12
18-309-00154,18.25,2021_12
18-309-00155,22.285714285714285,2021_12
18-309-00156,24.642857142857142,2021_12
18-309-00157,23.470588235294116,2021_12
18-310-00158,25.454545454545453,2021_12
18-310-00159,22.666666666666668,2021_12
18-310-00160,22.375,2021_12
18-310-00161,23.5,2021_12
18-310-00162,25.2,2021_12
18-310-00163,23.75,2021_12
18-310-00164,22.571428571428573,2021_12
18-311-00165,25.166666666666668,2021_12
18-311-00166,25.666666666666668,2021_12
18-311-00167,22.4,2021_12
18-311-00168,23.0,2021_12
18-312-00169,25.8,2021_12
18-312-00170,24.0,2021_12
18-312-00171,22.0,2021_12
18-313-00172,22.363636363636363,2021_12
18-313-00173,22.8,2021_12
18-313-00174,23.8,2021_12
18-313-00175,22.9,2021_12
18-313-00176,24.0,2021_12
18-313-00177,21.454545454545453,2021_12
18-314-00178,20.323529411764707,2021_12
18-314-00179,24.818181818181817,2021_12
18-315-00180,14.73913043478261,2021_12
18-315-00181,14.8,2021_12
18-315-00182,16.5,2021_12
18-315-00183,15.538461538461538,2021_12
18-316-00184,14.5,2021_12
18-316-00185,15.545454545454545,2021_12
18-316-00186,14.666666666666666,2021_12
18-316-00187,14.0,2021_12
18-316-00188,14.444444444444445,2021_12
18-317-00189,15.0,2021_12
18-317-00190,14.666666666666666,2021_12
18-317-00191,15.6,2021_12
18-317-00192,15.5,2021_12
18-317-00193,15.333333333333334,2021_12
18-318-00194,16.0,2021_12
18-318-00195,16.0,2021_12
18-318-00196,16.333333333333332,2021_12
18-318-00197,15.2,2021_12
18-319-00198,23.25,2021_12
18-319-00199,22.666666666666668,2021_12
18-319-00200,24.4,2021_12
18-319-00201,23.0,2021_12
18-319-00202,24.0,2021_12
18-320-00203,24.0,2021_12
18-320-00204,,2021_12
18-320-00205,19.3,2021_12
18-320-00206,22.0,2021_12
18-320-00207,21.545454545454547,2021_12
18-321-00208,30.5,2021_12
18-321-00209,31.0,2021_12
18-321-00210,30.0,2021_12
18-321-00211,29.142857142857142,2021_12
18-321-00212,22.285714285714285,2021_12
18-321-00213,26.25,2021_12
18-321-00214,26.5,2021_12
18-321-00215,24.333333333333332,2021_12
18-321-00216,24.142857142857142,2021_12
18-321-00217,29.0,2021_12
18-321-00218,31.0,2021_12
18-322-00219,29.0,2021_12
18-322-00220,28.0,2021_12
18-322-00221,30.0,2021_12
18-323-00222,26.0,2021_12
18-323-00223,27.0,2021_12
18-323-00224,27.0,2021_12
18-323-00225,30.0,2021_12
18-323-00226,28.0,2021_12
18-323-00227,27.0,2021_12
18-323-00228,27.0,2021_12
18-324-00260,25.25,2021_12
18-323-00230,,2021_12
18-324-00231,22.571428571428573,2021_12
18-324-00232,24.0,2021_12
18-324-00233,22.0,2021_12
18-324-00234,27.0,2021_12
18-816-00235,,2021_12
18-816-00236,,2021_12
18-325-00237,,2021_12
18-325-00238,27.0,2021_12
18-325-00239,30.166666666666668,2021_12
18-326-00240,24.0,2021_12
18-326-00241,22.0,2021_12
18-326-00242,,2021_12
18-326-00243,,2021_12
18-326-00244,20.0,2021_12
18-326-00245,19.25,2021_12
18-326-00246,18.125,2021_12
18-326-00247,18.333333333333332,2021_12
18-755-00248,23.2,2021_12
18-756-00249,22.53846153846154,2021_12
18-756-00250,23.857142857142858,2021_12
18-756-00251,18.75,2021_12
18-757-00252,21.4,2021_12
18-757-00253,21.0,2021_12
18-757-00254,19.916666666666668,2021_12
18-759-00255,20.142857142857142,2021_12
18-758-00256,22.333333333333332,2021_12
18-758-00257,19.6,2021_12
18-816-00258,,2021_12
18-816-00259,26.5,2021_12
18-816-00261,25.428571428571427,2021_12
18-324-00262,24.0,2021_12
18-324-00263,26.0,2021_12
18-303-00264,23.5,2021_12
18-799-00265,23.5,2021_12
18-303-00266,24.0,2021_12
18-322-00267,29.0,2021_12
18-326-00268,22.0,2021_12
18-325-00269,29.428571428571427,2021_12
18-325-00270,22.444444444444443,2021_12
18-304-00271,29.625,2021_12
18-321-00272,25.333333333333332,2021_12
18-321-00273,23.166666666666668,2021_12
18-301-00274,26.5,2021_12
18-312-00276,24.833333333333332,2021_12
18-312-00277,26.5,2021_12
18-755-00278,22.5,2021_12
18-755-00279,23.0,2021_12
18-760-00280,26.5,2021_12
18-760-00281,26.727272727272727,2021_12
18-314-00275,21.1875,2021_12
18-300-00101,9.058823529411764,2022_01
18-300-00102,3.5,2022_01
18-300-00103,4.4,2022_01
18-300-00104,7.6923076923076925,2022_01
18-300-00105,3.6666666666666665,2022_01
18-300-00106,,2022_01
18-300-00107,3.5,2022_01
18-300-00108,3.0,2022_01
18-301-00109,3.6666666666666665,2022_01
18-301-00110,3.0,2022_01
18-301-00111,4.333333333333333,2022_01
18-301-00112,4.0,2022_01
18-301-00113,2.5,2022_01
18-301-00114,3.5,2022_01
18-302-00115,3.625,2022_01
18-302-00116,3.125,2022_01
18-302-00117,4.833333333333333,2022_01
18-302-00118,4.666666666666667,2022_01
18-302-00119,6.333333333333333,2022_01
18-303-00120,3.75,2022_01
18-303-00121,3.7142857142857144,2022_01
18-303-00122,2.2,2022_01
18-303-00123,2.3333333333333335,2022_01
18-799-00124,1.5,2022_01
18-799-00125,,2022_01
18-304-00126,6.5,2022_01
18-304-00127,6.0,2022_01
18-304-00128,6.6,2022_01
18-304-00129,6.0,2022_01
18-305-00130,6.2,2022_01
18-305-00131,7.0,2022_01
18-305-00132,6.5,2022_01
18-305-00133,6.2,2022_01
18-305-00134,7.8,2022_01
18-305-00135,7.8,2022_01
18-305-00136,7.2,2022_01
18-306-00137,5.882352941176471,2022_01
18-306-00138,6.571428571428571,2022_01
18-306-00139,7.666666666666667,2022_01
18-306-00140,4.888888888888889,2022_01
18-307-00141,12.2,2022_01
18-307-00142,5.8,2022_01
18-307-00143,10.4,2022_01
18-307-00144,9.857142857142858,2022_01
18-307-00145,7.125,2022_01
18-307-00146,6.571428571428571,2022_01
18-307-00147,9.25,2022_01
18-308-00148,,2022_01
18-308-00149,14.5,2022_01
18-308-00150,5.5,2022_01
18-308-00151,5.666666666666667,2022_01
18-308-00152,5.0,2022_01
18-308-00153,10.4,2022_01
18-309-00154,8.666666666666666,2022_01
18-309-00155,3.9285714285714284,2022_01
18-309-00156,5.5,2022_01
18-309-00157,5.9411764705882355,2022_01
18-310-00158,6.545454545454546,2022_01
18-310-00159,4.166666666666667,2022_01
18-310-00160,5.625,2022_01
18-310-00161,5.5,2022_01
18-310-00162,9.0,2022_01
18-310-00163,9.0,2022_01
18-310-00164,9.714285714285714,2022_01
18-311-00165,8.5,2022_01
18-311-00166,9.0,2022_01
18-311-00167,10.0,2022_01
18-311-00168,11.0,2022_01
18-312-00169,10.2,2022_01
18-312-00170,10.833333333333334,2022_01
18-312-00171,11.25,2022_01
18-313-00172,8.363636363636363,2022_01
18-313-00173,7.2,2022_01
18-313-00174,10.2,2022_01
18-313-00175,11.4,2022_01
18-313-00176,10.0,2022_01
18-313-00177,12.818181818181818,2022_01
18-314-00178,11.852941176470589,2022_01
18-314-00179,11.772727272727273,2022_01
18-315-00180,10.652173913043478,2022_01
18-315-00181,15.466666666666667,2022_01
18-315-00182,16.0,2022_01
18-315-00183,12.384615384615385,2022_01
18-316-00184,5.6,2022_01
18-316-00185,4.545454545454546,2022_01
18-316-00186,4.166666666666667,2022_01
18-316-00187,3.4615384615384617,2022_01
18-316-00188,3.3333333333333335,2022_01
18-317-00189,3.0,2022_01
18-317-00190,3.0,2022_01
18-317-00191,4.0,2022_01
18-317-00192,4.4,2022_01
18-317-00193,5.5,2022_01
18-318-00194,4.5,2022_01
18-318-00195,6.0,2022_01
18-318-00196,5.333333333333333,2022_01
18-318-00197,4.8,2022_01
18-319-00198,3.5,2022_01
18-319-00199,3.6666666666666665,2022_01
18-319-00200,2.4,2022_01
18-319-00201,3.0,2022_01
18-319-00202,2.0,2022_01
18-320-00203,3.0,2022_01
18-320-00204,,2022_01
18-320-00205,11.4,2022_01
18-320-00206,7.5,2022_01
18-320-00207,5.090909090909091,2022_01
18-321-00208,5.0,2022_01
18-321-00209,6.0,2022_01
18-321-00210,6.333333333333333,2022_01
18-321-00211,5.142857142857143,2022_01
18-321-00212,8.428571428571429,2022_01
18-321-00213,7.25,2022_01
18-321-00214,7.0,2022_01
18-321-00215,5.0,2022_01
18-321-00216,9.285714285714286,2022_01
18-321-00217,6.0,2022_01
18-321-00218,4.0,2022_01
18-322-00219,6.0,2022_01
18-322-00220,7.375,2022_01
18-322-00221,8.0,2022_01
18-323-00222,1.0,2022_01
18-323-00223,3.3333333333333335,2022_01
18-323-00224,5.833333333333333,2022_01
18-323-00225,4.0,2022_01
18-323-00226,4.0,2022_01
18-323-00227,3.0,2022_01
18-323-00228,2.0,2022_01
18-324-00260,5.25,2022_01
18-323-00230,,2022_01
18-324-00231,5.285714285714286,2022_01
18-324-00232,2.0,2022_01
18-324-00233,5.666666666666667,2022_01
18-324-00234,1.0,2022_01
18-816-00235,,2022_01
18-816-00236,,2022_01
18-325-00237,,2022_01
18-325-00238,3.5,2022_01
18-325-00239,5.833333333333333,2022_01
18-326-00240,4.0,2022_01
18-326-00241,8.0,2022_01
18-326-00242,,2022_01
18-326-00243,,2022_01
18-326-00244,5.0,2022_01
18-326-00245,13.25,2022_01
18-326-00246,14.125,2022_01
18-326-00247,11.0,2022_01
18-755-00248,8.8,2022_01
18-756-00249,5.3076923076923075,2022_01
18-756-00250,6.857142857142857,2022_01
18-756-00251,9.5,2022_01
18-757-00252,5.6,2022_01
18-757-00253,9.75,2022_01
18-757-00254,5.916666666666667,2022_01
18-759-00255,10.166666666666666,2022_01
18-758-00256,6.833333333333333,2022_01
18-758-00257,7.8,2022_01
18-816-00258,,2022_01
18-816-00259,5.75,2022_01
18-816-00261,5.142857142857143,2022_01
18-324-00262,2.3333333333333335,2022_01
18-324-00263,2.0,2022_01
18-303-00264,2.5,2022_01
18-799-00265,1.0,2022_01
18-303-00266,5.0,2022_01
18-322-00267,6.0,2022_01
18-326-00268,7.333333333333333,2022_01
18-325-00269,6.285714285714286,2022_01
18-325-00270,5.444444444444445,2022_01
18-304-00271,7.0,2022_01
18-321-00272,9.333333333333334,2022_01
18-321-00273,9.666666666666666,2022_01
18-301-00274,3.5,2022_01
18-312-00276,8.333333333333334,2022_01
18-312-00277,8.5,2022_01
18-755-00278,11.0,2022_01
18-755-00279,8.833333333333334,2022_01
18-760-00280,7.25,2022_01
18-760-00281,6.909090909090909,2022_01
18-314-00275,10.458333333333334,2022_01
18-300-00101,3.0588235294117645,2022_02
18-300-00102,0.0,2022_02
18-300-00103,0.0,2022_02
18-300-00104,2.230769230769231,2022_02
18-300-00105,0.0,2022_02
18-300-00106,,2022_02
18-300-00107,0.0,2022_02
18-300-00108,0.0,2022_02
18-301-00109,0.0,2022_02
18-301-00110,0.0,2022_02
18-301-00111,0.0,2022_02
18-301-00112,0.0,2022_02
18-301-00113,0.0,2022_02
18-301-00114,0.0,2022_02
18-302-00115,0.0,2022_02
18-302-00116,0.0,2022_02
18-302-00117,0.0,2022_02
18-302-00118,0.0,2022_02
18-302-00119,0.0,2022_02
18-303-00120,0.0,2022_02
18-303-00121,0.0,2022_02
18-303-00122,0.0,2022_02
18-303-00123,0.0,2022_02
18-799-00124,0.0,2022_02
18-799-00125,,2022_02
18-304-00126,0.0,2022_02
18-304-00127,0.0,2022_02
18-304-00128,0.0,2022_02
18-304-00129,0.0,2022_02
18-305-00130,0.0,2022_02
18-305-00131,0.0,2022_02
18-305-00132,0.0,2022_02
18-305-00133,0.0,2022_02
18-305-00134,0.0,2022_02
18-305-00135,0.0,2022_02
18-305-00136,0.0,2022_02
18-306-00137,0.5294117647058824,2022_02
18-306-00138,3.2142857142857144,2022_02
18-306-00139,0.0,2022_02
18-306-00140,0.1111111111111111,2022_02
18-307-00141,3.4,2022_02
18-307-00142,0.6,2022_02
18-307-00143,1.0,2022_02
18-307-00144,3.0,2022_02
18-307-00145,1.0,2022_02
18-307-00146,0.0,2022_02
18-307-00147,0.75,2022_02
18-308-00148,,2022_02
18-308-00149,21.0,2022_02
18-308-00150,0.0,2022_02
18-308-00151,0.25,2022_02
18-308-00152,0.0,2022_02
18-308-00153,0.8,2022_02
18-309-00154,1.8333333333333333,2022_02
18-309-00155,0.0,2022_02
18-309-00156,0.0,2022_02
18-309-00157,0.058823529411764705,2022_02
18-310-00158,0.0,2022_02
18-310-00159,0.0,2022_02
18-310-00160,0.0,2022_02
18-310-00161,0.0,2022_02
18-310-00162,0.0,2022_02
18-310-00163,0.0,2022_02
18-310-00164,0.0,2022_02
18-311-00165,0.0,2022_02
18-311-00166,0.0,2022_02
18-311-00167,0.6,2022_02
18-311-00168,1.0,2022_02
18-312-00169,0.0,2022_02
18-312-00170,0.0,2022_02
18-312-00171,0.5,2022_02
18-313-00172,0.09090909090909091,2022_02
18-313-00173,0.0,2022_02
18-313-00174,0.0,2022_02
18-313-00175,0.5,2022_02
18-313-00176,0.0,2022_02
18-313-00177,0.2727272727272727,2022_02
18-314-00178,0.2647058823529412,2022_02
18-314-00179,4.7272727272727275,2022_02
18-315-00180,10.217391304347826,2022_02
18-315-00181,19.8,2022_02
18-315-00182,30.0,2022_02
18-315-00183,10.384615384615385,2022_02
18-316-00184,4.6,2022_02
18-316-00185,0.6363636363636364,2022_02
18-316-00186,0.6666666666666666,2022_02
18-316-00187,0.0,2022_02
18-316-00188,0.6666666666666666,2022_02
18-317-00189,0.0,2022_02
18-317-00190,0.3333333333333333,2022_02
18-317-00191,0.2,2022_02
18-317-00192,0.0,2022_02
18-317-00193,0.3333333333333333,2022_02
18-318-00194,1.0,2022_02
18-318-00195,0.0,2022_02
18-318-00196,0.3333333333333333,2022_02
18-318-00197,0.2,2022_02
18-319-00198,0.0,2022_02
18-319-00199,0.0,2022_02
18-319-00200,0.0,2022_02
18-319-00201,0.0,2022_02
18-319-00202,0.0,2022_02
18-320-00203,0.0,2022_02
18-320-00204,,2022_02
18-320-00205,6.8,2022_02
18-320-00206,0.0,2022_02
18-320-00207,0.0,2022_02
18-321-00208,0.0,2022_02
18-321-00209,0.0,2022_02
18-321-00210,0.0,2022_02
18-321-00211,0.0,2022_02
18-321-00212,2.857142857142857,2022_02
18-321-00213,0.0,2022_02
18-321-00214,0.0,2022_02
18-321-00215,0.0,2022_02
18-321-00216,7.428571428571429,2022_02
18-321-00217,0.0,2022_02
18-321-00218,0.0,2022_02
18-322-00219,0.0,2022_02
18-322-00220,0.0,2022_02
18-322-00221,0.0,2022_02
18-323-00222,0.0,2022_02
18-323-00223,0.0,2022_02
18-323-00224,0.0,2022_02
18-323-00225,0.0,2022_02
18-323-00226,0.0,2022_02
18-323-00227,0.0,2022_02
18-323-00228,0.0,2022_02
18-324-00260,7.75,2022_02
18-323-00230,,2022_02
18-324-00231,1.0,2022_02
18-324-00232,0.0,2022_02
18-324-00233,4.666666666666667,2022_02
18-324-00234,0.0,2022_02
18-816-00235,,2022_02
18-816-00236,,2022_02
18-325-00237,,2022_02
18-325-00238,0.0,2022_02
18-325-00239,0.0,2022_02
18-326-00240,0.0,2022_02
18-326-00241,4.0,2022_02
18-326-00242,,2022_02
18-326-00243,,2022_02
18-326-00244,0.0,2022_02
18-326-00245,6.375,2022_02
18-326-00246,9.125,2022_02
18-326-00247,3.6666666666666665,2022_02
18-755-00248,0.0,2022_02
18-756-00249,0.0,2022_02
18-756-00250,0.2857142857142857,2022_02
18-756-00251,3.5,2022_02
18-757-00252,0.0,2022_02
18-757-00253,0.0,2022_02
18-757-00254,0.0,2022_02
18-759-00255,10.69047619047619,2022_02
18-758-00256,0.0,2022_02
18-758-00257,0.0,2022_02
18-816-00258,,2022_02
18-816-00259,0.5,2022_02
18-816-00261,0.7142857142857143,2022_02
18-324-00262,0.0,2022_02
18-324-00263,0.0,2022_02
18-303-00264,0.0,2022_02
18-799-00265,0.0,2022_02
18-303-00266,0.0,2022_02
18-322-00267,0.0,2022_02
18-326-00268,2.6666666666666665,2022_02
18-325-00269,0.0,2022_02
18-325-00270,0.8888888888888888,2022_02
18-304-00271,0.0,2022_02
18-321-00272,0.0,2022_02
18-321-00273,0.0,2022_02
18-301-00274,0.0,2022_02
18-312-00276,0.0,2022_02
18-312-00277,0.0,2022_02
18-755-00278,1.0,2022_02
18-755-00279,0.0,2022_02
18-760-00280,0.0,2022_02
18-760-00281,0.0,2022_02
18-314-00275,7.208333333333333,2022_02
18-300-00101,43.88235294117647,2022_03
18-300-00102,42.5,2022_03
18-300-00103,44.0,2022_03
18-300-00104,46.30769230769231,2022_03
18-300-00105,41.166666666666664,2022_03
18-300-00106,,2022_03
18-300-00107,40.0,2022_03
18-300-00108,46.0,2022_03
18-301-00109,40.666666666666664,2022_03
18-301-00110,39.0,2022_03
18-301-00111,40.0,2022_03
18-301-00112,38.5,2022_03
18-301-00113,42.5,2022_03
18-301-00114,43.0,2022_03
18-302-00115,39.25,2022_03
18-302-00116,39.875,2022_03
18-302-00117,42.166666666666664,2022_03
18-302-00118,37.0,2022_03
18-302-00119,38.666666666666664,2022_03
18-303-00120,47.0,2022_03
18-303-00121,46.0,2022_03
18-303-00122,47.8,2022_03
18-303-00123,46.666666666666664,2022_03
18-799-00124,48.0,2022_03
18-799-00125,,2022_03
18-304-00126,48.5,2022_03
18-304-00127,50.0,2022_03
18-304-00128,49.2,2022_03
18-304-00129,50.0,2022_03
18-305-00130,50.2,2022_03
18-305-00131,51.2,2022_03
18-305-00132,50.25,2022_03
18-305-00133,51.6,2022_03
18-305-00134,49.4,2022_03
18-305-00135,46.4,2022_03
18-305-00136,44.2,2022_03
18-306-00137,56.05882352941177,2022_03
18-306-00138,53.857142857142854,2022_03
18-306-00139,51.666666666666664,2022_03
18-306-00140,52.888888888888886,2022_03
18-307-00141,54.0,2022_03
18-307-00142,58.8,2022_03
18-307-00143,56.8,2022_03
18-307-00144,54.42857142857143,2022_03
18-307-00145,56.375,2022_03
18-307-00146,57.857142857142854,2022_03
18-307-00147,60.0,2022_03
18-308-00148,,2022_03
18-308-00149,51.5,2022_03
18-308-00150,56.833333333333336,2022_03
18-308-00151,55.416666666666664,2022_03
18-308-00152,51.36363636363637,2022_03
18-308-00153,56.4,2022_03
18-309-00154,50.916666666666664,2022_03
18-309-00155,53.357142857142854,2022_03
18-309-00156,55.142857142857146,2022_03
18-309-00157,52.35294117647059,2022_03
18-310-00158,57.63636363636363,2022_03
18-310-00159,54.5,2022_03
18-310-00160,54.5,2022_03
18-310-00161,56.0,2022_03
18-310-00162,56.2,2022_03
18-310-00163,53.5,2022_03
18-310-00164,52.857142857142854,2022_03
18-311-00165,56.0,2022_03
18-311-00166,56.333333333333336,2022_03
18-311-00167,53.2,2022_03
18-311-00168,52.25,2022_03
18-312-00169,54.2,2022_03
18-312-00170,52.666666666666664,2022_03
18-312-00171,52.0,2022_03
18-313-00172,51.0,2022_03
18-313-00173,52.8,2022_03
18-313-00174,52.6,2022_03
18-313-00175,50.6,2022_03
18-313-00176,51.25,2022_03
18-313-00177,45.18181818181818,2022_03
18-314-00178,42.529411764705884,2022_03
18-314-00179,51.5,2022_03
18-315-00180,38.52173913043478,2022_03
18-315-00181,51.266666666666666,2022_03
18-315-00182,50.166666666666664,2022_03
18-315-00183,36.65384615384615,2022_03
18-316-00184,46.0,2022_03
18-316-00185,39.72727272727273,2022_03
18-316-00186,44.833333333333336,2022_03
18-316-00187,31.153846153846153,2022_03
18-316-00188,43.55555555555556,2022_03
18-317-00189,37.0,2022_03
18-317-00190,38.666666666666664,2022_03
18-317-00191,33.2,2022_03
18-317-00192,32.0,2022_03
18-317-00193,33.833333333333336,2022_03
18-318-00194,39.0,2022_03
18-318-00195,35.0,2022_03
18-318-00196,34.166666666666664,2022_03
18-318-00197,33.9,2022_03
18-319-00198,46.5,2022_03
18-319-00199,44.666666666666664,2022_03
18-319-00200,47.6,2022_03
18-319-00201,44.5,2022_03
18-319-00202,45.0,2022_03
18-320-00203,43.0,2022_03
18-320-00204,,2022_03
18-320-00205,47.1,2022_03
18-320-00206,44.5,2022_03
18-320-00207,47.45454545454545,2022_03
18-321-00208,49.0,2022_03
18-321-00209,49.0,2022_03
18-321-00210,47.666666666666664,2022_03
18-321-00211,42.714285714285715,2022_03
18-321-00212,34.714285714285715,2022_03
18-321-00213,38.5,2022_03
18-321-00214,39.5,2022_03
18-321-00215,40.0,2022_03
18-321-00216,38.714285714285715,2022_03
18-321-00217,43.0,2022_03
18-321-00218,47.0,2022_03
18-322-00219,44.0,2022_03
18-322-00220,44.75,2022_03
18-322-00221,46.0,2022_03
18-323-00222,47.0,2022_03
18-323-00223,46.666666666666664,2022_03
18-323-00224,42.166666666666664,2022_03
18-323-00225,47.0,2022_03
18-323-00226,49.0,2022_03
18-323-00227,49.0,2022_03
18-323-00228,50.0,2022_03
18-324-00260,50.25,2022_03
18-323-00230,,2022_03
18-324-00231,49.42857142857143,2022_03
18-324-00232,49.0,2022_03
18-324-00233,50.666666666666664,2022_03
18-324-00234,49.0,2022_03
18-816-00235,,2022_03
18-816-00236,,2022_03
18-325-00237,,2022_03
18-325-00238,47.5,2022_03
18-325-00239,46.166666666666664,2022_03
18-326-00240,52.0,2022_03
18-326-00241,50.75,2022_03
18-326-00242,,2022_03
18-326-00243,,2022_03
18-326-00244,52.0,2022_03
18-326-00245,53.375,2022_03
18-326-00246,54.625,2022_03
18-326-00247,55.333333333333336,2022_03
18-755-00248,52.2,2022_03
18-756-00249,54.46153846153846,2022_03
18-756-00250,56.714285714285715,2022_03
18-756-00251,54.5,2022_03
18-757-00252,43.8,2022_03
18-757-00253,51.0,2022_03
18-757-00254,42.5,2022_03
18-759-00255,39.095238095238095,2022_03
18-758-00256,35.333333333333336,2022_03
18-758-00257,31.8,2022_03
18-816-00258,,2022_03
18-816-00259,50.0,2022_03
18-816-00261,50.285714285714285,2022_03
18-324-00262,49.666666666666664,2022_03
18-324-00263,49.0,2022_03
18-303-00264,46.0,2022_03
18-799-00265,47.5,2022_03
18-303-00266,42.5,2022_03
18-322-00267,43.0,2022_03
18-326-00268,49.333333333333336,2022_03
18-325-00269,48.42857142857143,2022_03
18-325-00270,51.0,2022_03
18-304-00271,48.125,2022_03
18-321-00272,35.333333333333336,2022_03
18-321-00273,37.333333333333336,2022_03
18-301-00274,41.5,2022_03
18-312-00276,54.166666666666664,2022_03
18-312-00277,53.0,2022_03
18-755-00278,55.666666666666664,2022_03
18-755-00279,52.333333333333336,2022_03
18-760-00280,56.25,2022_03
18-760-00281,56.81818181818182,2022_03
18-314-00275,49.875,2022_03
18-300-00101,6.882352941176471,2022_04
18-300-00102,11.5,2022_04
18-300-00103,8.4,2022_04
18-300-00104,7.923076923076923,2022_04
18-300-00105,14.833333333333334,2022_04
18-300-00106,,2022_04
18-300-00107,15.5,2022_04
18-300-00108,14.0,2022_04
18-301-00109,17.666666666666668,2022_04
18-301-00110,17.0,2022_04
18-301-00111,17.0,2022_04
18-301-00112,20.5,2022_04
18-301-00113,15.0,2022_04
18-301-00114,14.75,2022_04
18-302-00115,17.25,2022_04
18-302-00116,14.75,2022_04
18-302-00117,13.166666666666666,2022_04
18-302-00118,14.666666666666666,2022_04
18-302-00119,13.666666666666666,2022_04
18-303-00120,13.0,2022_04
18-303-00121,13.0,2022_04
18-303-00122,12.0,2022_04
18-303-00123,12.0,2022_04
18-799-00124,10.5,2022_04
18-799-00125,,2022_04
18-304-00126,11.0,2022_04
18-304-00127,11.0,2022_04
18-304-00128,11.2,2022_04
18-304-00129,11.0,2022_04
18-305-00130,8.6,2022_04
18-305-00131,13.0,2022_04
18-305-00132,12.75,2022_04
18-305-00133,11.6,2022_04
18-305-00134,13.6,2022_04
18-305-00135,11.2,2022_04
18-305-00136,13.4,2022_04
18-306-00137,8.352941176470589,2022_04
18-306-00138,4.214285714285714,2022_04
18-306-00139,10.666666666666666,2022_04
18-306-00140,6.111111111111111,2022_04
18-307-00141,3.0,2022_04
18-307-00142,4.4,2022_04
18-307-00143,4.0,2022_04
18-307-00144,5.0,2022_04
18-307-00145,4.5,2022_04
18-307-00146,5.857142857142857,2022_04
18-307-00147,6.75,2022_04
18-308-00148,,2022_04
18-308-00149,5.0,2022_04
18-308-00150,6.666666666666667,2022_04
18-308-00151,6.166666666666667,2022_04
18-308-00152,5.909090909090909,2022_04
18-308-00153,6.4,2022_04
18-309-00154,3.6666666666666665,2022_04
18-309-00155,4.642857142857143,2022_04
18-309-00156,4.214285714285714,2022_04
18-309-00157,5.647058823529412,2022_04
18-310-00158,5.909090909090909,2022_04
18-310-00159,5.5,2022_04
18-310-00160,5.625,2022_04
18-310-00161,4.0,2022_04
18-310-00162,3.8,2022_04
18-310-00163,3.75,2022_04
18-310-00164,3.5714285714285716,2022_04
18-311-00165,4.5,2022_04
18-311-00166,5.333333333333333,2022_04
18-311-00167,7.0,2022_04
18-311-00168,7.0,2022_04
18-312-00169,8.2,2022_04
18-312-00170,10.833333333333334,2022_04
18-312-00171,8.875,2022_04
18-313-00172,6.636363636363637,2022_04
18-313-00173,5.6,2022_04
18-313-00174,7.6,2022_04
18-313-00175,12.2,2022_04
18-313-00176,8.5,2022_04
18-313-00177,17.0,2022_04
18-314-00178,19.08823529411765,2022_04
18-314-00179,13.5,2022_04
18-315-00180,14.043478260869565,2022_04
18-315-00181,13.866666666666667,2022_04
18-315-00182,14.166666666666666,2022_04
18-315-00183,13.73076923076923,2022_04
18-316-00184,15.8,2022_04
18-316-00185,19.636363636363637,2022_04
18-316-00186,17.166666666666668,2022_04
18-316-00187,18.53846153846154,2022_04
18-316-00188,17.88888888888889,2022_04
18-317-00189,15.0,2022_04
18-317-00190,18.333333333333332,2022_04
18-317-00191,18.2,2022_04
18-317-00192,20.6,2022_04
18-317-00193,22.166666666666668,2022_04
18-318-00194,19.5,2022_04
18-318-00195,22.0,2022_04
18-318-00196,21.0,2022_04
18-318-00197,21.4,2022_04
18-319-00198,11.75,2022_04
18-319-00199,13.0,2022_04
18-319-00200,12.2,2022_04
18-319-00201,11.0,2022_04
18-319-00202,11.0,2022_04
18-320-00203,9.0,2022_04
18-320-00204,,2022_04
18-320-00205,5.1,2022_04
18-320-00206,7.0,2022_04
18-320-00207,8.636363636363637,2022_04
18-321-00208,12.0,2022_04
18-321-00209,12.0,2022_04
18-321-00210,11.666666666666666,2022_04
18-321-00211,11.714285714285714,2022_04
18-321-00212,11.142857142857142,2022_04
18-321-00213,12.25,2022_04
18-321-00214,12.5,2022_04
18-321-00215,11.333333333333334,2022_04
18-321-00216,13.857142857142858,2022_04
18-321-00217,13.0,2022_04
18-321-00218,13.0,2022_04
18-322-00219,12.0,2022_04
18-322-00220,12.75,2022_04
18-322-00221,12.0,2022_04
18-323-00222,10.0,2022_04
18-323-00223,11.333333333333334,2022_04
18-323-00224,12.5,2022_04
18-323-00225,12.0,2022_04
18-323-00226,11.0,2022_04
18-323-00227,11.0,2022_04
18-323-00228,9.0,2022_04
18-324-00260,8.75,2022_04
18-323-00230,,2022_04
18-324-00231,8.285714285714286,2022_04
18-324-00232,10.0,2022_04
18-324-00233,8.0,2022_04
18-324-00234,10.0,2022_04
18-816-00235,,2022_04
18-816-00236,,2022_04
18-325-00237,,2022_04
18-325-00238,11.0,2022_04
18-325-00239,11.833333333333334,2022_04
18-326-00240,10.0,2022_04
18-326-00241,11.0,2022_04
18-326-00242,,2022_04
18-326-00243,,2022_04
18-326-00244,9.0,2022_04
18-326-00245,7.125,2022_04
18-326-00246,6.875,2022_04
18-326-00247,6.333333333333333,2022_04
18-755-00248,3.0,2022_04
18-756-00249,3.8461538461538463,2022_04
18-756-00250,4.857142857142857,2022_04
18-756-00251,3.25,2022_04
18-757-00252,14.0,2022_04
18-757-00253,15.25,2022_04
18-757-00254,14.833333333333334,2022_04
18-759-00255,13.785714285714286,2022_04
18-758-00256,24.166666666666668,2022_04
18-758-00257,24.8,2022_04
18-816-00258,,2022_04
18-816-00259,9.5,2022_04
18-816-00261,8.571428571428571,2022_04
18-324-00262,8.666666666666666,2022_04
18-324-00263,10.0,2022_04
18-303-00264,10.25,2022_04
18-799-00265,11.5,2022_04
18-303-00266,12.5,2022_04
18-322-00267,13.0,2022_04
18-326-00268,9.666666666666666,2022_04
18-325-00269,11.285714285714286,2022_04
18-325-00270,10.0,2022_04
18-304-00271,11.125,2022_04
18-321-00272,12.0,2022_04
18-321-00273,13.166666666666666,2022_04
18-301-00274,14.5,2022_04
18-312-00276,6.5,2022_04
18-312-00277,8.0,2022_04
18-755-00278,5.833333333333333,2022_04
18-755-00279,4.166666666666667,2022_04
18-760-00280,7.75,2022_04
18-760-00281,6.909090909090909,2022_04
18-314-00275,13.25,2022_04
18-300-00101,8.882352941176471,2022_05
18-300-00102,11.0,2022_05
18-300-00103,10.6,2022_05
18-300-00104,10.538461538461538,2022_05
18-300-00105,12.0,2022_05
18-300-00106,,2022_05
18-300-00107,12.0,2022_05
18-300-00108,13.0,2022_05
18-301-00109,10.0,2022_05
18-301-00110,13.0,2022_05
18-301-00111,11.333333333333334,2022_05
18-301-00112,9.0,2022_05
18-301-00113,12.0,2022_05
18-301-00114,11.5,2022_05
18-302-00115,7.5,2022_05
18-302-00116,8.375,2022_05
18-302-00117,6.5,2022_05
18-302-00118,8.666666666666666,2022_05
18-302-00119,8.666666666666666,2022_05
18-303-00120,8.25,2022_05
18-303-00121,6.571428571428571,2022_05
18-303-00122,7.2,2022_05
18-303-00123,7.0,2022_05
18-799-00124,10.5,2022_05
18-799-00125,,2022_05
18-304-00126,6.5,2022_05
18-304-00127,6.5,2022_05
18-304-00128,7.0,2022_05
18-304-00129,7.0,2022_05
18-305-00130,7.4,2022_05
18-305-00131,8.2,2022_05
18-305-00132,7.75,2022_05
18-305-00133,7.8,2022_05
18-305-00134,6.2,2022_05
18-305-00135,6.8,2022_05
18-305-00136,4.8,2022_05
18-306-00137,7.647058823529412,2022_05
18-306-00138,6.857142857142857,2022_05
18-306-00139,6.5,2022_05
18-306-00140,6.555555555555555,2022_05
18-307-00141,4.4,2022_05
18-307-00142,8.0,2022_05
18-307-00143,8.4,2022_05
18-307-00144,11.714285714285714,2022_05
18-307-00145,7.0,2022_05
18-307-00146,10.714285714285714,2022_05
18-307-00147,11.75,2022_05
18-308-00148,,2022_05
18-308-00149,13.0,2022_05
18-308-00150,11.666666666666666,2022_05
18-308-00151,13.583333333333334,2022_05
18-308-00152,13.636363636363637,2022_05
18-308-00153,11.8,2022_05
18-309-00154,10.833333333333334,2022_05
18-309-00155,11.428571428571429,2022_05
18-309-00156,10.571428571428571,2022_05
18-309-00157,10.529411764705882,2022_05
18-310-00158,13.0,2022_05
18-310-00159,12.833333333333334,2022_05
18-310-00160,11.625,2022_05
18-310-00161,10.0,2022_05
18-310-00162,14.0,2022_05
18-310-00163,11.25,2022_05
18-310-00164,8.0,2022_05
18-311-00165,11.666666666666666,2022_05
18-311-00166,11.5,2022_05
18-311-00167,7.2,2022_05
18-311-00168,7.0,2022_05
18-312-00169,7.4,2022_05
18-312-00170,5.166666666666667,2022_05
18-312-00171,5.375,2022_05
18-313-00172,6.454545454545454,2022_05
18-313-00173,5.4,2022_05
18-313-00174,4.6,2022_05
18-313-00175,3.8,2022_05
18-313-00176,7.0,2022_05
18-313-00177,2.4545454545454546,2022_05
18-314-00178,2.764705882352941,2022_05
18-314-00179,8.045454545454545,2022_05
18-315-00180,3.869565217391304,2022_05
18-315-00181,2.1333333333333333,2022_05
18-315-00182,0.0,2022_05
18-315-00183,1.5,2022_05
18-316-00184,1.7,2022_05
18-316-00185,0.18181818181818182,2022_05
18-316-00186,0.3333333333333333,2022_05
18-316-00187,0.0,2022_05
18-316-00188,0.3333333333333333,2022_05
18-317-00189,1.0,2022_05
18-317-00190,0.0,2022_05
18-317-00191,0.0,2022_05
18-317-00192,1.0,2022_05
18-317-00193,1.0,2022_05
18-318-00194,0.0,2022_05
18-318-00195,0.0,2022_05
18-318-00196,0.3333333333333333,2022_05
18-318-00197,2.0,2022_05
18-319-00198,11.0,2022_05
18-319-00199,11.0,2022_05
18-319-00200,9.4,2022_05
18-319-00201,11.0,2022_05
18-319-00202,10.5,2022_05
18-320-00203,10.0,2022_05
18-320-00204,,2022_05
18-320-00205,9.4,2022_05
18-320-00206,10.5,2022_05
18-320-00207,11.727272727272727,2022_05
18-321-00208,9.0,2022_05
18-321-00209,11.0,2022_05
18-321-00210,12.0,2022_05
18-321-00211,11.0,2022_05
18-321-00212,3.5714285714285716,2022_05
18-321-00213,5.25,2022_05
18-321-00214,4.0,2022_05
18-321-00215,6.0,2022_05
18-321-00216,5.714285714285714,2022_05
18-321-00217,11.0,2022_05
18-321-00218,6.0,2022_05
18-322-00219,12.0,2022_05
18-322-00220,10.0,2022_05
18-322-00221,11.0,2022_05
18-323-00222,11.0,2022_05
18-323-00223,10.333333333333334,2022_05
18-323-00224,8.0,2022_05
18-323-00225,10.0,2022_05
18-323-00226,6.0,2022_05
18-323-00227,8.0,2022_05
18-323-00228,6.0,2022_05
18-324-00260,6.0,2022_05
18-323-00230,,2022_05
18-324-00231,11.428571428571429,2022_05
18-324-00232,9.0,2022_05
18-324-00233,7.0,2022_05
18-324-00234,7.0,2022_05
18-816-00235,,2022_05
18-816-00236,,2022_05
18-325-00237,,2022_05
18-325-00238,4.5,2022_05
18-325-00239,10.166666666666666,2022_05
18-326-00240,7.0,2022_05
18-326-00241,3.25,2022_05
18-326-00242,,2022_05
18-326-00243,,2022_05
18-326-00244,4.0,2022_05
18-326-00245,5.5,2022_05
18-326-00246,5.375,2022_05
18-326-00247,6.333333333333333,2022_05
18-755-00248,11.0,2022_05
18-756-00249,7.0,2022_05
18-756-00250,7.714285714285714,2022_05
18-756-00251,4.5,2022_05
18-757-00252,2.2,2022_05
18-757-00253,4.5,2022_05
18-757-00254,1.0833333333333333,2022_05
18-759-00255,5.357142857142857,2022_05
18-758-00256,7.333333333333333,2022_05
18-758-00257,4.2,2022_05
18-816-00258,,2022_05
18-816-00259,5.25,2022_05
18-816-00261,6.571428571428571,2022_05
18-324-00262,7.666666666666667,2022_05
18-324-00263,10.0,2022_05
18-303-00264,12.5,2022_05
18-799-00265,11.5,2022_05
18-303-00266,5.5,2022_05
18-322-00267,11.0,2022_05
18-326-00268,3.3333333333333335,2022_05
18-325-00269,7.0,2022_05
18-325-00270,4.0,2022_05
18-304-00271,9.875,2022_05
18-321-00272,4.333333333333333,2022_05
18-321-00273,5.666666666666667,2022_05
18-301-00274,13.0,2022_05
18-312-00276,6.166666666666667,2022_05
18-312-00277,6.5,2022_05
18-755-00278,8.0,2022_05
18-755-00279,7.5,2022_05
18-760-00280,6.0,2022_05
18-760-00281,7.454545454545454,2022_05
18-314-00275,6.104166666666667,2022_05
18-300-00101,0.23529411764705882,2022_06
18-300-00102,0.0,2022_06
18-300-00103,0.0,2022_06
18-300-00104,0.9230769230769231,2022_06
18-300-00105,0.3333333333333333,2022_06
18-300-00106,,2022_06
18-300-00107,0.0,2022_06
18-300-00108,0.0,2022_06
18-301-00109,0.3333333333333333,2022_06
18-301-00110,0.0,2022_06
18-301-00111,0.0,2022_06
18-301-00112,0.0,2022_06
18-301-00113,0.0,2022_06
18-301-00114,0.0,2022_06
18-302-00115,0.375,2022_06
18-302-00116,0.125,2022_06
18-302-00117,0.6666666666666666,2022_06
18-302-00118,0.0,2022_06
18-302-00119,1.0,2022_06
18-303-00120,0.75,2022_06
18-303-00121,1.0,2022_06
18-303-00122,0.4,2022_06
18-303-00123,0.3333333333333333,2022_06
18-799-00124,2.0,2022_06
18-799-00125,,2022_06
18-304-00126,0.0,2022_06
18-304-00127,0.0,2022_06
18-304-00128,0.0,2022_06
18-304-00129,0.0,2022_06
18-305-00130,0.8,2022_06
18-305-00131,0.4,2022_06
18-305-00132,0.0,2022_06
18-305-00133,0.0,2022_06
18-305-00134,0.0,2022_06
18-305-00135,0.0,2022_06
18-305-00136,0.2,2022_06
18-306-00137,1.1764705882352942,2022_06
18-306-00138,0.5714285714285714,2022_06
18-306-00139,0.16666666666666666,2022_06
18-306-00140,0.3333333333333333,2022_06
18-307-00141,0.0,2022_06
18-307-00142,0.0,2022_06
18-307-00143,0.0,2022_06
18-307-00144,0.0,2022_06
18-307-00145,0.0,2022_06
18-307-00146,0.0,2022_06
18-307-00147,0.0,2022_06
18-308-00148,,2022_06
18-308-00149,0.0,2022_06
18-308-00150,1.1666666666666667,2022_06
18-308-00151,1.4166666666666667,2022_06
18-308-00152,0.18181818181818182,2022_06
18-308-00153,0.0,2022_06
18-309-00154,0.75,2022_06
18-309-00155,0.14285714285714285,2022_06
18-309-00156,0.0,2022_06
18-309-00157,0.058823529411764705,2022_06
18-310-00158,0.09090909090909091,2022_06
18-310-00159,0.16666666666666666,2022_06
18-310-00160,0.0,2022_06
18-310-00161,0.0,2022_06
18-310-00162,0.0,2022_06
18-310-00163,0.0,2022_06
18-310-00164,0.0,2022_06
18-311-00165,0.16666666666666666,2022_06
18-311-00166,0.16666666666666666,2022_06
18-311-00167,0.0,2022_06
18-311-00168,0.0,2022_06
18-312-00169,0.0,2022_06
18-312-00170,0.0,2022_06
18-312-00171,0.0,2022_06
18-313-00172,0.0,2022_06
18-313-00173,0.0,2022_06
18-313-00174,0.0,2022_06
18-313-00175,0.0,2022_06
18-313-00176,0.0,2022_06
18-313-00177,0.0,2022_06
18-314-00178,0.9705882352941176,2022_06
18-314-00179,0.0,2022_06
18-315-00180,0.17391304347826086,2022_06
18-315-00181,0.0,2022_06
18-315-00182,0.0,2022_06
18-315-00183,0.2692307692307692,2022_06
18-316-00184,0.1,2022_06
18-316-00185,0.18181818181818182,2022_06
18-316-00186,0.3333333333333333,2022_06
18-316-00187,0.0,2022_06
18-316-00188,0.0,2022_06
18-317-00189,0.0,2022_06
18-317-00190,0.0,2022_06
18-317-00191,0.0,2022_06
18-317-00192,0.0,2022_06
18-317-00193,0.0,2022_06
18-318-00194,0.0,2022_06
18-318-00195,0.5,2022_06
18-318-00196,0.0,2022_06
18-318-00197,0.4,2022_06
18-319-00198,1.0,2022_06
18-319-00199,0.3333333333333333,2022_06
18-319-00200,1.0,2022_06
18-319-00201,0.5,2022_06
18-319-00202,1.0,2022_06
18-320-00203,1.0,2022_06
18-320-00204,,2022_06
18-320-00205,1.3,2022_06
18-320-00206,1.0,2022_06
18-320-00207,0.9090909090909091,2022_06
18-321-00208,1.0,2022_06
18-321-00209,1.0,2022_06
18-321-00210,1.3333333333333333,2022_06
18-321-00211,1.0,2022_06
18-321-00212,0.5714285714285714,2022_06
18-321-00213,0.5,2022_06
18-321-00214,0.5,2022_06
18-321-00215,0.6666666666666666,2022_06
18-321-00216,0.7142857142857143,2022_06
18-321-00217,1.0,2022_06
18-321-00218,1.0,2022_06
18-322-00219,2.0,2022_06
18-322-00220,1.375,2022_06
18-322-00221,1.0,2022_06
18-323-00222,2.0,2022_06
18-323-00223,1.0,2022_06
18-323-00224,0.5,2022_06
18-323-00225,1.0,2022_06
18-323-00226,1.0,2022_06
18-323-00227,1.0,2022_06
18-323-00228,1.0,2022_06
18-324-00260,1.0,2022_06
18-323-00230,,2022_06
18-324-00231,1.2857142857142858,2022_06
18-324-00232,2.0,2022_06
18-324-00233,0.6666666666666666,2022_06
18-324-00234,2.0,2022_06
18-816-00235,,2022_06
18-816-00236,,2022_06
18-325-00237,,2022_06
18-325-00238,1.0,2022_06
18-325-00239,1.5,2022_06
18-326-00240,0.0,2022_06
18-326-00241,0.0,2022_06
18-326-00242,,2022_06
18-326-00243,,2022_06
18-326-00244,0.0,2022_06
18-326-00245,1.125,2022_06
18-326-00246,1.5,2022_06
18-326-00247,1.3333333333333333,2022_06
18-755-00248,0.0,2022_06
18-756-00249,0.07692307692307693,2022_06
18-756-00250,0.0,2022_06
18-756-00251,0.0,2022_06
18-757-00252,0.0,2022_06
18-757-00253,0.0,2022_06
18-757-00254,0.16666666666666666,2022_06
18-759-00255,1.4285714285714286,2022_06
18-758-00256,0.0,2022_06
18-758-00257,0.2,2022_06
18-816-00258,,2022_06
18-816-00259,0.75,2022_06
18-816-00261,0.7142857142857143,2022_06
18-324-00262,1.6666666666666667,2022_06
18-324-00263,2.0,2022_06
18-303-00264,1.0,2022_06
18-799-00265,1.5,2022_06
18-303-00266,0.5,2022_06
18-322-00267,1.0,2022_06
18-326-00268,0.0,2022_06
18-325-00269,1.0,2022_06
18-325-00270,0.0,2022_06
18-304-00271,0.625,2022_06
18-321-00272,0.3333333333333333,2022_06
18-321-00273,0.16666666666666666,2022_06
18-301-00274,0.0,2022_06
18-312-00276,0.0,2022_06
18-312-00277,0.0,2022_06
18-755-00278,1.1666666666666667,2022_06
18-755-00279,0.0,2022_06
18-760-00280,0.0,2022_06
18-760-00281,0.0,2022_06
18-314-00275,0.08333333333333333,2022_06
18-300-00101,25.941176470588236,2022_07
18-300-00102,25.0,2022_07
18-300-00103,26.4,2022_07
18-300-00104,27.153846153846153,2022_07
18-300-00105,28.333333333333332,2022_07
18-300-00106,,2022_07
18-300-00107,28.5,2022_07
18-300-00108,30.0,2022_07
18-301-00109,29.666666666666668,2022_07
18-301-00110,30.0,2022_07
18-301-00111,29.333333333333332,2022_07
18-301-00112,26.25,2022_07
18-301-00113,30.5,2022_07
18-301-00114,25.75,2022_07
18-302-00115,23.875,2022_07
18-302-00116,19.25,2022_07
18-302-00117,19.0,2022_07
18-302-00118,18.333333333333332,2022_07
18-302-00119,26.333333333333332,2022_07
18-303-00120,21.0,2022_07
18-303-00121,20.0,2022_07
18-303-00122,22.0,2022_07
18-303-00123,20.333333333333332,2022_07
18-799-00124,24.5,2022_07
18-799-00125,,2022_07
18-304-00126,24.5,2022_07
18-304-00127,25.5,2022_07
18-304-00128,25.0,2022_07
18-304-00129,29.0,2022_07
18-305-00130,24.6,2022_07
18-305-00131,28.0,2022_07
18-305-00132,25.75,2022_07
18-305-00133,26.2,2022_07
18-305-00134,29.8,2022_07
18-305-00135,26.4,2022_07
18-305-00136,25.8,2022_07
18-306-00137,27.58823529411765,2022_07
18-306-00138,23.571428571428573,2022_07
18-306-00139,24.833333333333332,2022_07
18-306-00140,24.444444444444443,2022_07
18-307-00141,18.8,2022_07
18-307-00142,25.4,2022_07
18-307-00143,24.0,2022_07
18-307-00144,24.571428571428573,2022_07
18-307-00145,22.875,2022_07
18-307-00146,26.0,2022_07
18-307-00147,30.75,2022_07
18-308-00148,,2022_07
18-308-00149,23.0,2022_07
18-308-00150,27.5,2022_07
18-308-00151,24.666666666666668,2022_07
18-308-00152,28.272727272727273,2022_07
18-308-00153,27.8,2022_07
18-309-00154,30.5,2022_07
18-309-00155,30.857142857142858,2022_07
18-309-00156,26.642857142857142,2022_07
18-309-00157,27.470588235294116,2022_07
18-310-00158,25.0,2022_07
18-310-00159,23.0,2022_07
18-310-00160,26.125,2022_07
18-310-00161,23.0,2022_07
18-310-00162,23.8,2022_07
18-310-00163,21.75,2022_07
18-310-00164,22.285714285714285,2022_07
18-311-00165,22.333333333333332,2022_07
18-311-00166,23.666666666666668,2022_07
18-311-00167,21.8,2022_07
18-311-00168,22.0,2022_07
18-312-00169,23.6,2022_07
18-312-00170,25.166666666666668,2022_07
18-312-00171,23.625,2022_07
18-313-00172,26.545454545454547,2022_07
18-313-00173,25.2,2022_07
18-313-00174,24.8,2022_07
18-313-00175,24.8,2022_07
18-313-00176,27.25,2022_07
18-313-00177,26.181818181818183,2022_07
18-314-00178,29.0,2022_07
18-314-00179,30.772727272727273,2022_07
18-315-00180,27.304347826086957,2022_07
18-315-00181,31.133333333333333,2022_07
18-315-00182,28.833333333333332,2022_07
18-315-00183,25.96153846153846,2022_07
18-316-00184,28.3,2022_07
18-316-00185,26.0,2022_07
18-316-00186,24.833333333333332,2022_07
18-316-00187,21.923076923076923,2022_07
18-316-00188,24.77777777777778,2022_07
18-317-00189,29.0,2022_07
18-317-00190,29.0,2022_07
18-317-00191,27.4,2022_07
18-317-00192,26.8,2022_07
18-317-00193,28.666666666666668,2022_07
18-318-00194,29.0,2022_07
18-318-00195,29.5,2022_07
18-318-00196,26.833333333333332,2022_07
18-318-00197,27.8,2022_07
18-319-00198,22.0,2022_07
18-319-00199,21.0,2022_07
18-319-00200,22.8,2022_07
18-319-00201,23.0,2022_07
18-319-00202,23.0,2022_07
18-320-00203,23.0,2022_07
18-320-00204,,2022_07
18-320-00205,24.4,2022_07
18-320-00206,22.5,2022_07
18-320-00207,25.09090909090909,2022_07
18-321-00208,27.0,2022_07
18-321-00209,28.0,2022_07
18-321-00210,27.0,2022_07
18-321-00211,22.714285714285715,2022_07
18-321-00212,22.571428571428573,2022_07
18-321-00213,19.75,2022_07
18-321-00214,20.0,2022_07
18-321-00215,19.666666666666668,2022_07
18-321-00216,29.142857142857142,2022_07
18-321-00217,23.0,2022_07
18-321-00218,27.0,2022_07
18-322-00219,24.0,2022_07
18-322-00220,26.25,2022_07
18-322-00221,27.0,2022_07
18-323-00222,22.0,2022_07
18-323-00223,21.333333333333332,2022_07
18-323-00224,20.333333333333332,2022_07
18-323-00225,22.0,2022_07
18-323-00226,23.0,2022_07
18-323-00227,22.0,2022_07
18-323-00228,25.0,2022_07
18-324-00260,24.75,2022_07
18-323-00230,,2022_07
18-324-00231,26.0,2022_07
18-324-00232,22.0,2022_07
18-324-00233,22.333333333333332,2022_07
18-324-00234,24.0,2022_07
18-816-00235,,2022_07
18-816-00236,,2022_07
18-325-00237,,2022_07
18-325-00238,24.5,2022_07
18-325-00239,25.333333333333332,2022_07
18-326-00240,22.0,2022_07
18-326-00241,30.0,2022_07
18-326-00242,,2022_07
18-326-00243,,2022_07
18-326-00244,23.0,2022_07
18-326-00245,28.25,2022_07
18-326-00246,28.125,2022_07
18-326-00247,27.666666666666668,2022_07
18-755-00248,19.4,2022_07
18-756-00249,27.53846153846154,2022_07
18-756-00250,28.0,2022_07
18-756-00251,22.5,2022_07
18-757-00252,26.6,2022_07
18-757-00253,32.5,2022_07
18-757-00254,28.333333333333332,2022_07
18-759-00255,30.976190476190474,2022_07
18-758-00256,24.333333333333332,2022_07
18-758-00257,25.8,2022_07
18-816-00258,,2022_07
18-816-00259,26.25,2022_07
18-816-00261,26.428571428571427,2022_07
18-324-00262,22.666666666666668,2022_07
18-324-00263,29.0,2022_07
18-303-00264,24.5,2022_07
18-799-00265,24.5,2022_07
18-303-00266,19.5,2022_07
18-322-00267,23.0,2022_07
18-326-00268,27.333333333333332,2022_07
18-325-00269,26.571428571428573,2022_07
18-325-00270,25.22222222222222,2022_07
18-304-00271,25.625,2022_07
18-321-00272,19.333333333333332,2022_07
18-321-00273,21.0,2022_07
18-301-00274,29.0,2022_07
18-312-00276,24.5,2022_07
18-312-00277,23.5,2022_07
18-755-00278,23.5,2022_07
18-755-00279,17.833333333333332,2022_07
18-760-00280,25.0,2022_07
18-760-00281,25.90909090909091,2022_07
18-314-00275,28.729166666666668,2022_07
18-300-00101,17.705882352941178,2022_08
18-300-00102,16.5,2022_08
18-300-00103,19.6,2022_08
18-300-00104,21.692307692307693,2022_08
18-300-00105,16.5,2022_08
18-300-00106,,2022_08
18-300-00107,15.5,2022_08
18-300-00108,16.0,2022_08
18-301-00109,16.0,2022_08
18-301-00110,18.0,2022_08
18-301-00111,16.0,2022_08
18-301-00112,14.5,2022_08
18-301-00113,16.0,2022_08
18-301-00114,14.75,2022_08
18-302-00115,14.375,2022_08
18-302-00116,13.875,2022_08
18-302-00117,15.166666666666666,2022_08
18-302-00118,17.0,2022_08
18-302-00119,23.666666666666668,2022_08
18-303-00120,18.75,2022_08
18-303-00121,17.571428571428573,2022_08
18-303-00122,18.6,2022_08
18-303-00123,17.0,2022_08
18-799-00124,19.5,2022_08
18-799-00125,,2022_08
18-304-00126,21.5,2022_08
18-304-00127,21.0,2022_08
18-304-00128,19.4,2022_08
18-304-00129,22.0,2022_08
18-305-00130,24.6,2022_08
18-305-00131,22.0,2022_08
18-305-00132,24.5,2022_08
18-305-00133,22.6,2022_08
18-305-00134,22.2,2022_08
18-305-00135,19.8,2022_08
18-305-00136,19.4,2022_08
18-306-00137,26.764705882352942,2022_08
18-306-00138,24.857142857142858,2022_08
18-306-00139,26.0,2022_08
18-306-00140,25.666666666666668,2022_08
18-307-00141,19.2,2022_08
18-307-00142,25.2,2022_08
18-307-00143,22.6,2022_08
18-307-00144,23.857142857142858,2022_08
18-307-00145,21.625,2022_08
18-307-00146,28.142857142857142,2022_08
18-307-00147,29.0,2022_08
18-308-00148,,2022_08
18-308-00149,26.0,2022_08
18-308-00150,28.166666666666668,2022_08
18-308-00151,28.916666666666668,2022_08
18-308-00152,26.0,2022_08
18-308-00153,26.4,2022_08
18-309-00154,22.583333333333332,2022_08
18-309-00155,26.0,2022_08
18-309-00156,28.0,2022_08
18-309-00157,27.764705882352942,2022_08
18-310-00158,28.727272727272727,2022_08
18-310-00159,27.0,2022_08
18-310-00160,26.625,2022_08
18-310-00161,26.75,2022_08
18-310-00162,29.2,2022_08
18-310-00163,28.5,2022_08
18-310-00164,26.714285714285715,2022_08
18-311-00165,29.333333333333332,2022_08
18-311-00166,29.5,2022_08
18-311-00167,26.0,2022_08
18-311-00168,28.25,2022_08
18-312-00169,27.8,2022_08
18-312-00170,24.833333333333332,2022_08
18-312-00171,26.5,2022_08
18-313-00172,24.09090909090909,2022_08
18-313-00173,23.6,2022_08
18-313-00174,24.2,2022_08
18-313-00175,23.9,2022_08
18-313-00176,23.75,2022_08
18-313-00177,23.454545454545453,2022_08
18-314-00178,24.029411764705884,2022_08
18-314-00179,27.636363636363637,2022_08
18-315-00180,19.608695652173914,2022_08
18-315-00181,19.533333333333335,2022_08
18-315-00182,17.0,2022_08
18-315-00183,17.26923076923077,2022_08
18-316-00184,19.6,2022_08
18-316-00185,20.0,2022_08
18-316-00186,16.833333333333332,2022_08
18-316-00187,15.076923076923077,2022_08
18-316-00188,18.666666666666668,2022_08
18-317-00189,16.5,2022_08
18-317-00190,19.333333333333332,2022_08
18-317-00191,20.0,2022_08
18-317-00192,19.4,2022_08
18-317-00193,20.833333333333332,2022_08
18-318-00194,20.5,2022_08
18-318-00195,21.0,2022_08
18-318-00196,21.666666666666668,2022_08
18-318-00197,18.1,2022_08
18-319-00198,19.75,2022_08
18-319-00199,17.666666666666668,2022_08
18-319-00200,19.2,2022_08
18-319-00201,18.5,2022_08
18-319-00202,22.5,2022_08
18-320-00203,19.0,2022_08
18-320-00204,,2022_08
18-320-00205,23.4,2022_08
18-320-00206,23.0,2022_08
18-320-00207,24.636363636363637,2022_08
18-321-00208,23.0,2022_08
18-321-00209,24.0,2022_08
18-321-00210,24.0,2022_08
18-321-00211,22.142857142857142,2022_08
18-321-00212,22.571428571428573,2022_08
18-321-00213,19.5,2022_08
18-321-00214,18.5,2022_08
18-321-00215,20.333333333333332,2022_08
18-321-00216,28.285714285714285,2022_08
18-321-00217,25.0,2022_08
18-321-00218,22.0,2022_08
18-322-00219,27.0,2022_08
18-322-00220,24.875,2022_08
18-322-00221,27.0,2022_08
18-323-00222,20.0,2022_08
18-323-00223,18.333333333333332,2022_08
18-323-00224,18.833333333333332,2022_08
18-323-00225,23.0,2022_08
18-323-00226,20.0,2022_08
18-323-00227,20.0,2022_08
18-323-00228,22.0,2022_08
18-324-00260,22.25,2022_08
18-323-00230,,2022_08
18-324-00231,24.714285714285715,2022_08
18-324-00232,19.0,2022_08
18-324-00233,23.0,2022_08
18-324-00234,21.0,2022_08
18-816-00235,,2022_08
18-816-00236,,2022_08
18-325-00237,,2022_08
18-325-00238,19.5,2022_08
18-325-00239,24.666666666666668,2022_08
18-326-00240,22.0,2022_08
18-326-00241,23.0,2022_08
18-326-00242,,2022_08
18-326-00243,,2022_08
18-326-00244,22.0,2022_08
18-326-00245,27.625,2022_08
18-326-00246,27.875,2022_08
18-326-00247,27.666666666666668,2022_08
18-755-00248,26.8,2022_08
18-756-00249,28.307692307692307,2022_08
18-756-00250,28.428571428571427,2022_08
18-756-00251,21.5,2022_08
18-757-00252,19.8,2022_08
18-757-00253,22.25,2022_08
18-757-00254,19.083333333333332,2022_08
18-759-00255,21.166666666666668,2022_08
18-758-00256,13.0,2022_08
18-758-00257,10.0,2022_08
18-816-00258,,2022_08
18-816-00259,21.5,2022_08
18-816-00261,24.142857142857142,2022_08
18-324-00262,21.0,2022_08
18-324-00263,22.0,2022_08
18-303-00264,22.25,2022_08
18-799-00265,20.5,2022_08
18-303-00266,17.5,2022_08
18-322-00267,25.0,2022_08
18-326-00268,21.0,2022_08
18-325-00269,22.857142857142858,2022_08
18-325-00270,22.333333333333332,2022_08
18-304-00271,23.0,2022_08
18-321-00272,22.0,2022_08
18-321-00273,20.833333333333332,2022_08
18-301-00274,17.5,2022_08
18-312-00276,24.833333333333332,2022_08
18-312-00277,25.5,2022_08
18-755-00278,30.5,2022_08
18-755-00279,23.666666666666668,2022_08
18-760-00280,24.25,2022_08
18-760-00281,26.272727272727273,2022_08
18-314-00275,21.916666666666668,2022_08
18-300-00101,10.647058823529411,2022_09
18-300-00102,10.0,2022_09
18-300-00103,10.4,2022_09
18-300-00104,11.076923076923077,2022_09
18-300-00105,7.5,2022_09
18-300-00106,,2022_09
18-300-00107,7.5,2022_09
18-300-00108,7.0,2022_09
18-301-00109,8.666666666666666,2022_09
18-301-00110,7.0,2022_09
18-301-00111,7.333333333333333,2022_09
18-301-00112,8.5,2022_09
18-301-00113,7.5,2022_09
18-301-00114,6.5,2022_09
18-302-00115,8.125,2022_09
18-302-00116,6.875,2022_09
18-302-00117,8.5,2022_09
18-302-00118,9.0,2022_09
18-302-00119,11.666666666666666,2022_09
18-303-00120,8.0,2022_09
18-303-00121,8.0,2022_09
18-303-00122,7.4,2022_09
18-303-00123,7.0,2022_09
18-799-00124,8.0,2022_09
18-799-00125,,2022_09
18-304-00126,5.5,2022_09
18-304-00127,5.0,2022_09
18-304-00128,6.8,2022_09
18-304-00129,6.0,2022_09
18-305-00130,8.0,2022_09
18-305-00131,7.2,2022_09
18-305-00132,6.25,2022_09
18-305-00133,5.0,2022_09
18-305-00134,8.2,2022_09
18-305-00135,6.0,2022_09
18-305-00136,7.2,2022_09
18-306-00137,10.058823529411764,2022_09
18-306-00138,8.928571428571429,2022_09
18-306-00139,7.0,2022_09
18-306-00140,9.333333333333334,2022_09
18-307-00141,7.4,2022_09
18-307-00142,10.2,2022_09
18-307-00143,6.2,2022_09
18-307-00144,5.714285714285714,2022_09
18-307-00145,7.75,2022_09
18-307-00146,9.0,2022_09
18-307-00147,11.0,2022_09
18-308-00148,,2022_09
18-308-00149,6.0,2022_09
18-308-00150,7.333333333333333,2022_09
18-308-00151,6.916666666666667,2022_09
18-308-00152,7.545454545454546,2022_09
18-308-00153,7.8,2022_09
18-309-00154,9.25,2022_09
18-309-00155,5.714285714285714,2022_09
18-309-00156,5.857142857142857,2022_09
18-309-00157,5.882352941176471,2022_09
18-310-00158,6.7272727272727275,2022_09
18-310-00159,6.166666666666667,2022_09
18-310-00160,6.375,2022_09
18-310-00161,6.0,2022_09
18-310-00162,5.6,2022_09
18-310-00163,5.5,2022_09
18-310-00164,6.142857142857143,2022_09
18-311-00165,6.166666666666667,2022_09
18-311-00166,6.833333333333333,2022_09
18-311-00167,4.0,2022_09
18-311-00168,6.5,2022_09
18-312-00169,7.4,2022_09
18-312-00170,7.833333333333333,2022_09
18-312-00171,5.875,2022_09
18-313-00172,7.363636363636363,2022_09
18-313-00173,8.4,2022_09
18-313-00174,8.0,2022_09
18-313-00175,8.0,2022_09
18-313-00176,7.25,2022_09
18-313-00177,7.7272727272727275,2022_09
18-314-00178,8.970588235294118,2022_09
18-314-00179,6.818181818181818,2022_09
18-315-00180,9.391304347826088,2022_09
18-315-00181,14.2,2022_09
18-315-00182,15.166666666666666,2022_09
18-315-00183,8.115384615384615,2022_09
18-316-00184,19.1,2022_09
18-316-00185,18.727272727272727,2022_09
18-316-00186,16.5,2022_09
18-316-00187,19.846153846153847,2022_09
18-316-00188,20.333333333333332,2022_09
18-317-00189,20.5,2022_09
18-317-00190,20.0,2022_09
18-317-00191,19.0,2022_09
18-317-00192,16.4,2022_09
18-317-00193,18.5,2022_09
18-318-00194,18.5,2022_09
18-318-00195,19.0,2022_09
18-318-00196,18.166666666666668,2022_09
18-318-00197,18.4,2022_09
18-319-00198,7.75,2022_09
18-319-00199,6.666666666666667,2022_09
18-319-00200,7.8,2022_09
18-319-00201,7.5,2022_09
18-319-00202,8.5,2022_09
18-320-00203,9.0,2022_09
18-320-00204,,2022_09
18-320-00205,11.7,2022_09
18-320-00206,9.5,2022_09
18-320-00207,11.454545454545455,2022_09
18-321-00208,7.5,2022_09
18-321-00209,7.0,2022_09
18-321-00210,7.333333333333333,2022_09
18-321-00211,7.285714285714286,2022_09
18-321-00212,10.714285714285714,2022_09
18-321-00213,8.5,2022_09
18-321-00214,8.5,2022_09
18-321-00215,9.0,2022_09
18-321-00216,12.857142857142858,2022_09
18-321-00217,8.0,2022_09
18-321-00218,8.0,2022_09
18-322-00219,8.0,2022_09
18-322-00220,8.25,2022_09
18-322-00221,9.0,2022_09
18-323-00222,7.0,2022_09
18-323-00223,7.0,2022_09
18-323-00224,7.666666666666667,2022_09
18-323-00225,7.0,2022_09
18-323-00226,9.0,2022_09
18-323-00227,8.0,2022_09
18-323-00228,8.0,2022_09
18-324-00260,8.5,2022_09
18-323-00230,,2022_09
18-324-00231,10.571428571428571,2022_09
18-324-00232,8.0,2022_09
18-324-00233,7.666666666666667,2022_09
18-324-00234,7.0,2022_09
18-816-00235,,2022_09
18-816-00236,,2022_09
18-325-00237,,2022_09
18-325-00238,6.5,2022_09
18-325-00239,7.333333333333333,2022_09
18-326-00240,7.0,2022_09
18-326-00241,6.5,2022_09
18-326-00242,,2022_09
18-326-00243,,2022_09
18-326-00244,7.0,2022_09
18-326-00245,11.125,2022_09
18-326-00246,13.75,2022_09
18-326-00247,9.666666666666666,2022_09
18-755-00248,5.8,2022_09
18-756-00249,10.23076923076923,2022_09
18-756-00250,10.571428571428571,2022_09
18-756-00251,8.25,2022_09
18-757-00252,7.8,2022_09
18-757-00253,9.25,2022_09
18-757-00254,7.916666666666667,2022_09
18-759-00255,10.666666666666666,2022_09
18-758-00256,11.166666666666666,2022_09
18-758-00257,14.2,2022_09
18-816-00258,,2022_09
18-816-00259,8.5,2022_09
18-816-00261,9.142857142857142,2022_09
18-324-00262,8.0,2022_09
18-324-00263,8.0,2022_09
18-303-00264,9.75,2022_09
18-799-00265,7.5,2022_09
18-303-00266,8.5,2022_09
18-322-00267,8.0,2022_09
18-326-00268,6.0,2022_09
18-325-00269,5.571428571428571,2022_09
18-325-00270,5.888888888888889,2022_09
18-304-00271,6.875,2022_09
18-321-00272,9.666666666666666,2022_09
18-321-00273,9.666666666666666,2022_09
18-301-00274,6.5,2022_09
18-312-00276,7.833333333333333,2022_09
18-312-00277,8.0,2022_09
18-755-00278,6.833333333333333,2022_09
18-755-00279,5.166666666666667,2022_09
18-760-00280,6.75,2022_09
18-760-00281,8.090909090909092,2022_09
18-314-00275,6.854166666666667,2022_09
18-300-00101,12.235294117647058,2022_10
18-300-00102,12.0,2022_10
18-300-00103,11.8,2022_10
18-300-00104,12.692307692307692,2022_10
18-300-00105,10.833333333333334,2022_10
18-300-00106,,2022_10
18-300-00107,11.0,2022_10
18-300-00108,11.0,2022_10
18-301-00109,11.0,2022_10
18-301-00110,12.0,2022_10
18-301-00111,11.333333333333334,2022_10
18-301-00112,11.5,2022_10
18-301-00113,11.5,2022_10
18-301-00114,12.5,2022_10
18-302-00115,11.75,2022_10
18-302-00116,11.75,2022_10
18-302-00117,11.666666666666666,2022_10
18-302-00118,12.333333333333334,2022_10
18-302-00119,13.0,2022_10
18-303-00120,11.5,2022_10
18-303-00121,11.142857142857142,2022_10
18-303-00122,10.6,2022_10
18-303-00123,11.333333333333334,2022_10
18-799-00124,11.0,2022_10
18-799-00125,,2022_10
18-304-00126,8.5,2022_10
18-304-00127,8.0,2022_10
18-304-00128,9.8,2022_10
18-304-00129,9.0,2022_10
18-305-00130,12.6,2022_10
18-305-00131,10.4,2022_10
18-305-00132,9.5,2022_10
18-305-00133,8.8,2022_10
18-305-00134,10.4,2022_10
18-305-00135,8.2,2022_10
18-305-00136,9.6,2022_10
18-306-00137,13.235294117647058,2022_10
18-306-00138,11.785714285714286,2022_10
18-306-00139,11.666666666666666,2022_10
18-306-00140,12.555555555555555,2022_10
18-307-00141,11.0,2022_10
18-307-00142,15.0,2022_10
18-307-00143,11.8,2022_10
18-307-00144,11.285714285714286,2022_10
18-307-00145,13.0,2022_10
18-307-00146,12.428571428571429,2022_10
18-307-00147,15.25,2022_10
18-308-00148,,2022_10
18-308-00149,10.0,2022_10
18-308-00150,10.833333333333334,2022_10
18-308-00151,9.583333333333334,2022_10
18-308-00152,9.454545454545455,2022_10
18-308-00153,12.4,2022_10
18-309-00154,10.583333333333334,2022_10
18-309-00155,9.714285714285714,2022_10
18-309-00156,10.285714285714286,2022_10
18-309-00157,13.705882352941176,2022_10
18-310-00158,9.909090909090908,2022_10
18-310-00159,9.5,2022_10
18-310-00160,9.875,2022_10
18-310-00161,10.5,2022_10
18-310-00162,10.0,2022_10
18-310-00163,10.0,2022_10
18-310-00164,12.285714285714286,2022_10
18-311-00165,11.166666666666666,2022_10
18-311-00166,11.333333333333334,2022_10
18-311-00167,13.2,2022_10
18-311-00168,15.0,2022_10
18-312-00169,15.0,2022_10
18-312-00170,16.5,2022_10
18-312-00171,16.625,2022_10
18-313-00172,14.818181818181818,2022_10
18-313-00173,15.4,2022_10
18-313-00174,15.6,2022_10
18-313-00175,16.4,2022_10
18-313-00176,17.5,2022_10
18-313-00177,16.90909090909091,2022_10
18-314-00178,17.676470588235293,2022_10
18-314-00179,15.409090909090908,2022_10
18-315-00180,14.565217391304348,2022_10
18-315-00181,15.0,2022_10
18-315-00182,15.5,2022_10
18-315-00183,14.653846153846153,2022_10
18-316-00184,15.7,2022_10
18-316-00185,15.545454545454545,2022_10
18-316-00186,14.833333333333334,2022_10
18-316-00187,15.76923076923077,2022_10
18-316-00188,16.22222222222222,2022_10
18-317-00189,17.5,2022_10
18-317-00190,17.0,2022_10
18-317-00191,12.6,2022_10
18-317-00192,10.1,2022_10
18-317-00193,12.5,2022_10
18-318-00194,16.5,2022_10
18-318-00195,15.5,2022_10
18-318-00196,13.5,2022_10
18-318-00197,13.2,2022_10
18-319-00198,11.75,2022_10
18-319-00199,11.0,2022_10
18-319-00200,10.8,2022_10
18-319-00201,11.5,2022_10
18-319-00202,12.5,2022_10
18-320-00203,11.0,2022_10
18-320-00204,,2022_10
18-320-00205,11.6,2022_10
18-320-00206,11.0,2022_10
18-320-00207,10.636363636363637,2022_10
18-321-00208,12.0,2022_10
18-321-00209,12.0,2022_10
18-321-00210,10.666666666666666,2022_10
18-321-00211,10.0,2022_10
18-321-00212,11.857142857142858,2022_10
18-321-00213,9.5,2022_10
18-321-00214,9.5,2022_10
18-321-00215,8.333333333333334,2022_10
18-321-00216,13.714285714285714,2022_10
18-321-00217,9.0,2022_10
18-321-00218,12.0,2022_10
18-322-00219,8.0,2022_10
18-322-00220,10.0,2022_10
18-322-00221,10.0,2022_10
18-323-00222,11.0,2022_10
18-323-00223,10.666666666666666,2022_10
18-323-00224,10.0,2022_10
18-323-00225,11.0,2022_10
18-323-00226,12.0,2022_10
18-323-00227,11.0,2022_10
18-323-00228,13.0,2022_10
18-324-00260,12.5,2022_10
18-323-00230,,2022_10
18-324-00231,11.0,2022_10
18-324-00232,12.0,2022_10
18-324-00233,10.666666666666666,2022_10
18-324-00234,13.0,2022_10
18-816-00235,,2022_10
18-816-00236,,2022_10
18-325-00237,,2022_10
18-325-00238,12.0,2022_10
18-325-00239,8.833333333333334,2022_10
18-326-00240,11.0,2022_10
18-326-00241,13.5,2022_10
18-326-00242,,2022_10
18-326-00243,,2022_10
18-326-00244,13.0,2022_10
18-326-00245,16.25,2022_10
18-326-00246,16.125,2022_10
18-326-00247,13.333333333333334,2022_10
18-755-00248,10.2,2022_10
18-756-00249,12.538461538461538,2022_10
18-756-00250,14.857142857142858,2022_10
18-756-00251,11.25,2022_10
18-757-00252,9.8,2022_10
18-757-00253,10.75,2022_10
18-757-00254,10.416666666666666,2022_10
18-759-00255,14.119047619047619,2022_10
18-758-00256,12.5,2022_10
18-758-00257,11.6,2022_10
18-816-00258,,2022_10
18-816-00259,12.5,2022_10
18-816-00261,13.428571428571429,2022_10
18-324-00262,12.0,2022_10
18-324-00263,10.0,2022_10
18-303-00264,12.25,2022_10
18-799-00265,11.5,2022_10
18-303-00266,9.5,2022_10
18-322-00267,9.0,2022_10
18-326-00268,13.0,2022_10
18-325-00269,8.857142857142858,2022_10
18-325-00270,11.777777777777779,2022_10
18-304-00271,9.375,2022_10
18-321-00272,10.333333333333334,2022_10
18-321-00273,10.5,2022_10
18-301-00274,12.5,2022_10
18-312-00276,14.833333333333334,2022_10
18-312-00277,13.0,2022_10
18-755-00278,13.666666666666666,2022_10
18-755-00279,10.166666666666666,2022_10
18-760-00280,13.25,2022_10
18-760-00281,14.090909090909092,2022_10
18-314-00275,10.791666666666666,2022_10
18-300-00101,9.882352941176471,2022_11
18-300-00102,10.0,2022_11
18-300-00103,11.4,2022_11
18-300-00104,9.76923076923077,2022_11
18-300-00105,8.833333333333334,2022_11
18-300-00106,,2022_11
18-300-00107,8.5,2022_11
18-300-00108,10.0,2022_11
18-301-00109,11.333333333333334,2022_11
18-301-00110,9.0,2022_11
18-301-00111,8.0,2022_11
18-301-00112,8.5,2022_11
18-301-00113,11.0,2022_11
18-301-00114,10.0,2022_11
18-302-00115,9.75,2022_11
18-302-00116,9.875,2022_11
18-302-00117,10.0,2022_11
18-302-00118,9.666666666666666,2022_11
18-302-00119,11.666666666666666,2022_11
18-303-00120,10.25,2022_11
18-303-00121,9.571428571428571,2022_11
18-303-00122,9.6,2022_11
18-303-00123,8.666666666666666,2022_11
18-799-00124,9.5,2022_11
18-799-00125,,2022_11
18-304-00126,5.0,2022_11
18-304-00127,6.5,2022_11
18-304-00128,6.6,2022_11
18-304-00129,5.0,2022_11
18-305-00130,6.6,2022_11
18-305-00131,5.2,2022_11
18-305-00132,5.75,2022_11
18-305-00133,6.4,2022_11
18-305-00134,5.8,2022_11
18-305-00135,5.0,2022_11
18-305-00136,5.8,2022_11
18-306-00137,8.764705882352942,2022_11
18-306-00138,6.285714285714286,2022_11
18-306-00139,7.0,2022_11
18-306-00140,6.555555555555555,2022_11
18-307-00141,1.8,2022_11
18-307-00142,3.2,2022_11
18-307-00143,2.0,2022_11
18-307-00144,2.142857142857143,2022_11
18-307-00145,1.875,2022_11
18-307-00146,1.7142857142857142,2022_11
18-307-00147,4.75,2022_11
18-308-00148,,2022_11
18-308-00149,2.0,2022_11
18-308-00150,2.1666666666666665,2022_11
18-308-00151,3.3333333333333335,2022_11
18-308-00152,3.3636363636363638,2022_11
18-308-00153,3.4,2022_11
18-309-00154,3.0,2022_11
18-309-00155,1.7142857142857142,2022_11
18-309-00156,2.0714285714285716,2022_11
18-309-00157,1.6470588235294117,2022_11
18-310-00158,2.8181818181818183,2022_11
18-310-00159,3.1666666666666665,2022_11
18-310-00160,3.5,2022_11
18-310-00161,3.0,2022_11
18-310-00162,4.2,2022_11
18-310-00163,2.25,2022_11
18-310-00164,2.4285714285714284,2022_11
18-311-00165,2.3333333333333335,2022_11
18-311-00166,2.8333333333333335,2022_11
18-311-00167,2.2,2022_11
18-311-00168,4.25,2022_11
18-312-00169,4.0,2022_11
18-312-00170,4.166666666666667,2022_11
18-312-00171,5.375,2022_11
18-313-00172,5.090909090909091,2022_11
18-313-00173,3.0,2022_11
18-313-00174,3.8,2022_11
18-313-00175,4.4,2022_11
18-313-00176,4.0,2022_11
18-313-00177,5.454545454545454,2022_11
18-314-00178,8.117647058823529,2022_11
18-314-00179,6.318181818181818,2022_11
18-315-00180,9.956521739130435,2022_11
18-315-00181,8.2,2022_11
18-315-00182,7.0,2022_11
18-315-00183,7.1923076923076925,2022_11
18-316-00184,10.1,2022_11
18-316-00185,15.818181818181818,2022_11
18-316-00186,12.166666666666666,2022_11
18-316-00187,11.923076923076923,2022_11
18-316-00188,11.88888888888889,2022_11
18-317-00189,11.5,2022_11
18-317-00190,11.333333333333334,2022_11
18-317-00191,13.4,2022_11
18-317-00192,14.1,2022_11
18-317-00193,14.833333333333334,2022_11
18-318-00194,15.0,2022_11
18-318-00195,15.0,2022_11
18-318-00196,14.666666666666666,2022_11
18-318-00197,14.6,2022_11
18-319-00198,10.75,2022_11
18-319-00199,10.0,2022_11
18-319-00200,10.2,2022_11
18-319-00201,11.0,2022_11
18-319-00202,10.5,2022_11
18-320-00203,12.0,2022_11
18-320-00204,,2022_11
18-320-00205,8.2,2022_11
18-320-00206,9.5,2022_11
18-320-00207,9.090909090909092,2022_11
18-321-00208,10.5,2022_11
18-321-00209,10.0,2022_11
18-321-00210,9.0,2022_11
18-321-00211,6.857142857142857,2022_11
18-321-00212,10.0,2022_11
18-321-00213,9.25,2022_11
18-321-00214,9.0,2022_11
18-321-00215,9.0,2022_11
18-321-00216,12.142857142857142,2022_11
18-321-00217,7.0,2022_11
18-321-00218,11.0,2022_11
18-322-00219,8.0,2022_11
18-322-00220,8.75,2022_11
18-322-00221,9.0,2022_11
18-323-00222,10.0,2022_11
18-323-00223,9.333333333333334,2022_11
18-323-00224,8.333333333333334,2022_11
18-323-00225,9.0,2022_11
18-323-00226,12.0,2022_11
18-323-00227,11.0,2022_11
18-323-00228,11.0,2022_11
18-324-00260,10.25,2022_11
18-323-00230,,2022_11
18-324-00231,7.857142857142857,2022_11
18-324-00232,12.0,2022_11
18-324-00233,8.0,2022_11
18-324-00234,12.0,2022_11
18-816-00235,,2022_11
18-816-00236,,2022_11
18-325-00237,,2022_11
18-325-00238,8.5,2022_11
18-325-00239,6.833333333333333,2022_11
18-326-00240,7.0,2022_11
18-326-00241,8.0,2022_11
18-326-00242,,2022_11
18-326-00243,,2022_11
18-326-00244,7.0,2022_11
18-326-00245,9.625,2022_11
18-326-00246,8.5,2022_11
18-326-00247,7.0,2022_11
18-755-00248,2.2,2022_11
18-756-00249,8.307692307692308,2022_11
18-756-00250,6.0,2022_11
18-756-00251,3.25,2022_11
18-757-00252,6.0,2022_11
18-757-00253,7.0,2022_11
18-757-00254,6.083333333333333,2022_11
18-759-00255,9.119047619047619,2022_11
18-758-00256,8.833333333333334,2022_11
18-758-00257,8.8,2022_11
18-816-00258,,2022_11
18-816-00259,10.75,2022_11
18-816-00261,10.571428571428571,2022_11
18-324-00262,11.0,2022_11
18-324-00263,9.0,2022_11
18-303-00264,9.75,2022_11
18-799-00265,11.5,2022_11
18-303-00266,8.5,2022_11
18-322-00267,7.0,2022_11
18-326-00268,8.0,2022_11
18-325-00269,5.857142857142857,2022_11
18-325-00270,7.0,2022_11
18-304-00271,7.125,2022_11
18-321-00272,9.666666666666666,2022_11
18-321-00273,8.333333333333334,2022_11
18-301-00274,8.5,2022_11
18-312-00276,2.3333333333333335,2022_11
18-312-00277,1.0,2022_11
18-755-00278,2.3333333333333335,2022_11
18-755-00279,0.6666666666666666,2022_11
18-760-00280,1.0,2022_11
18-760-00281,1.7272727272727273,2022_11
18-314-00275,5.291666666666667,2022_11
18-300-00101,18.88235294117647,2022_12
18-300-00102,16.5,2022_12
18-300-00103,17.6,2022_12
18-300-00104,18.384615384615383,2022_12
18-300-00105,17.833333333333332,2022_12
18-300-00106,,2022_12
18-300-00107,18.5,2022_12
18-300-00108,19.0,2022_12
18-301-00109,18.666666666666668,2022_12
18-301-00110,19.0,2022_12
18-301-00111,18.0,2022_12
18-301-00112,18.0,2022_12
18-301-00113,18.0,2022_12
18-301-00114,19.25,2022_12
18-302-00115,19.5,2022_12
18-302-00116,19.5,2022_12
18-302-00117,20.833333333333332,2022_12
18-302-00118,19.333333333333332,2022_12
18-302-00119,27.666666666666668,2022_12
18-303-00120,21.25,2022_12
18-303-00121,21.285714285714285,2022_12
18-303-00122,19.6,2022_12
18-303-00123,18.666666666666668,2022_12
18-799-00124,16.0,2022_12
18-799-00125,,2022_12
18-304-00126,28.0,2022_12
18-304-00127,28.0,2022_12
18-304-00128,34.6,2022_12
18-304-00129,32.0,2022_12
18-305-00130,27.4,2022_12
18-305-00131,29.4,2022_12
18-305-00132,30.0,2022_12
18-305-00133,30.2,2022_12
18-305-00134,31.0,2022_12
18-305-00135,30.8,2022_12
18-305-00136,32.8,2022_12
18-306-00137,27.0,2022_12
18-306-00138,24.571428571428573,2022_12
18-306-00139,28.333333333333332,2022_12
18-306-00140,26.555555555555557,2022_12
18-307-00141,18.0,2022_12
18-307-00142,24.6,2022_12
18-307-00143,22.4,2022_12
18-307-00144,25.571428571428573,2022_12
18-307-00145,21.875,2022_12
18-307-00146,24.714285714285715,2022_12
18-307-00147,28.5,2022_12
18-308-00148,,2022_12
18-308-00149,16.0,2022_12
18-308-00150,23.666666666666668,2022_12
18-308-00151,25.583333333333332,2022_12
18-308-00152,23.545454545454547,2022_12
18-308-00153,27.6,2022_12
18-309-00154,20.166666666666668,2022_12
18-309-00155,22.928571428571427,2022_12
18-309-00156,24.571428571428573,2022_12
18-309-00157,30.705882352941178,2022_12
18-310-00158,22.90909090909091,2022_12
18-310-00159,21.166666666666668,2022_12
18-310-00160,21.25,2022_12
18-310-00161,21.25,2022_12
18-310-00162,25.2,2022_12
18-310-00163,25.0,2022_12
18-310-00164,28.0,2022_12
18-311-00165,26.333333333333332,2022_12
18-311-00166,25.333333333333332,2022_12
18-311-00167,28.6,2022_12
18-311-00168,32.0,2022_12
18-312-00169,30.2,2022_12
18-312-00170,30.833333333333332,2022_12
18-312-00171,35.125,2022_12
18-313-00172,29.272727272727273,2022_12
18-313-00173,25.6,2022_12
18-313-00174,29.4,2022_12
18-313-00175,31.2,2022_12
18-313-00176,32.75,2022_12
18-313-00177,32.72727272727273,2022_12
18-314-00178,35.205882352941174,2022_12
18-314-00179,35.5,2022_12
18-315-00180,29.0,2022_12
18-315-00181,23.133333333333333,2022_12
18-315-00182,19.0,2022_12
18-315-00183,28.115384615384617,2022_12
18-316-00184,27.4,2022_12
18-316-00185,32.09090909090909,2022_12
18-316-00186,29.666666666666668,2022_12
18-316-00187,32.0,2022_12
18-316-00188,31.444444444444443,2022_12
18-317-00189,30.5,2022_12
18-317-00190,31.333333333333332,2022_12
18-317-00191,30.8,2022_12
18-317-00192,31.2,2022_12
18-317-00193,34.0,2022_12
18-318-00194,32.0,2022_12
18-318-00195,34.0,2022_12
18-318-00196,35.5,2022_12
18-318-00197,34.4,2022_12
18-319-00198,19.75,2022_12
18-319-00199,19.666666666666668,2022_12
18-319-00200,21.0,2022_12
18-319-00201,16.0,2022_12
18-319-00202,20.5,2022_12
18-320-00203,16.0,2022_12
18-320-00204,,2022_12
18-320-00205,18.9,2022_12
18-320-00206,17.5,2022_12
18-320-00207,20.09090909090909,2022_12
18-321-00208,20.0,2022_12
18-321-00209,21.0,2022_12
18-321-00210,25.666666666666668,2022_12
18-321-00211,26.142857142857142,2022_12
18-321-00212,27.142857142857142,2022_12
18-321-00213,22.75,2022_12
18-321-00214,22.5,2022_12
18-321-00215,21.333333333333332,2022_12
18-321-00216,27.285714285714285,2022_12
18-321-00217,29.0,2022_12
18-321-00218,20.0,2022_12
18-322-00219,30.0,2022_12
18-322-00220,35.25,2022_12
18-322-00221,36.0,2022_12
18-323-00222,16.0,2022_12
18-323-00223,17.666666666666668,2022_12
18-323-00224,21.166666666666668,2022_12
18-323-00225,19.0,2022_12
18-323-00226,16.0,2022_12
18-323-00227,18.0,2022_12
18-323-00228,18.0,2022_12
18-324-00260,16.75,2022_12
18-323-00230,,2022_12
18-324-00231,19.714285714285715,2022_12
18-324-00232,15.0,2022_12
18-324-00233,17.666666666666668,2022_12
18-324-00234,17.0,2022_12
18-816-00235,,2022_12
18-816-00236,,2022_12
18-325-00237,,2022_12
18-325-00238,21.0,2022_12
18-325-00239,27.666666666666668,2022_12
18-326-00240,26.0,2022_12
18-326-00241,20.0,2022_12
18-326-00242,,2022_12
18-326-00243,,2022_12
18-326-00244,22.0,2022_12
18-326-00245,20.75,2022_12
18-326-00246,21.125,2022_12
18-326-00247,24.0,2022_12
18-755-00248,27.2,2022_12
18-756-00249,29.53846153846154,2022_12
18-756-00250,30.285714285714285,2022_12
18-756-00251,20.75,2022_12
18-757-00252,32.6,2022_12
18-757-00253,30.75,2022_12
18-757-00254,30.5,2022_12
18-759-00255,25.357142857142858,2022_12
18-758-00256,19.5,2022_12
18-758-00257,20.2,2022_12
18-816-00258,,2022_12
18-816-00259,20.0,2022_12
18-816-00261,18.571428571428573,2022_12
18-324-00262,16.666666666666668,2022_12
18-324-00263,18.0,2022_12
18-303-00264,20.25,2022_12
18-799-00265,17.5,2022_12
18-303-00266,21.0,2022_12
18-322-00267,29.0,2022_12
18-326-00268,18.666666666666668,2022_12
18-325-00269,25.142857142857142,2022_12
18-325-00270,22.22222222222222,2022_12
18-304-00271,34.125,2022_12
18-321-00272,27.666666666666668,2022_12
18-321-00273,29.5,2022_12
18-301-00274,18.0,2022_12
18-312-00276,27.166666666666668,2022_12
18-312-00277,26.5,2022_12
18-755-00278,32.5,2022_12
18-755-00279,26.5,2022_12
18-760-00280,23.25,2022_12
18-760-00281,24.636363636363637,2022_12
18-314-00275,28.4375,2022_12
18-300-00101,17.176470588235293,2023_01
18-300-00102,16.5,2023_01
18-300-00103,17.0,2023_01
18-300-00104,16.615384615384617,2023_01
18-300-00105,17.333333333333332,2023_01
18-300-00106,,2023_01
18-300-00107,17.5,2023_01
18-300-00108,18.0,2023_01
18-301-00109,19.0,2023_01
18-301-00110,17.0,2023_01
18-301-00111,18.333333333333332,2023_01
18-301-00112,19.0,2023_01
18-301-00113,18.5,2023_01
18-301-00114,18.5,2023_01
18-302-00115,19.25,2023_01
18-302-00116,18.625,2023_01
18-302-00117,21.166666666666668,2023_01
18-302-00118,22.666666666666668,2023_01
18-302-00119,25.333333333333332,2023_01
18-303-00120,20.25,2023_01
18-303-00121,20.428571428571427,2023_01
18-303-00122,22.2,2023_01
18-303-00123,23.333333333333332,2023_01
18-799-00124,24.0,2023_01
18-799-00125,,2023_01
18-304-00126,27.5,2023_01
18-304-00127,26.5,2023_01
18-304-00128,29.0,2023_01
18-304-00129,25.0,2023_01
18-305-00130,25.8,2023_01
18-305-00131,25.4,2023_01
18-305-00132,27.75,2023_01
18-305-00133,28.6,2023_01
18-305-00134,27.2,2023_01
18-305-00135,27.2,2023_01
18-305-00136,25.4,2023_01
18-306-00137,22.823529411764707,2023_01
18-306-00138,18.214285714285715,2023_01
18-306-00139,27.166666666666668,2023_01
18-306-00140,24.444444444444443,2023_01
18-307-00141,12.2,2023_01
18-307-00142,19.4,2023_01
18-307-00143,15.6,2023_01
18-307-00144,11.285714285714286,2023_01
18-307-00145,16.75,2023_01
18-307-00146,19.428571428571427,2023_01
18-307-00147,16.75,2023_01
18-308-00148,,2023_01
18-308-00149,10.0,2023_01
18-308-00150,16.666666666666668,2023_01
18-308-00151,18.583333333333332,2023_01
18-308-00152,18.545454545454547,2023_01
18-308-00153,13.6,2023_01
18-309-00154,13.416666666666666,2023_01
18-309-00155,20.714285714285715,2023_01
18-309-00156,21.285714285714285,2023_01
18-309-00157,23.529411764705884,2023_01
18-310-00158,20.727272727272727,2023_01
18-310-00159,18.666666666666668,2023_01
18-310-00160,18.75,2023_01
18-310-00161,19.25,2023_01
18-310-00162,20.0,2023_01
18-310-00163,17.75,2023_01
18-310-00164,16.714285714285715,2023_01
18-311-00165,19.5,2023_01
18-311-00166,19.333333333333332,2023_01
18-311-00167,16.6,2023_01
18-311-00168,16.25,2023_01
18-312-00169,20.6,2023_01
18-312-00170,15.166666666666666,2023_01
18-312-00171,14.625,2023_01
18-313-00172,20.0,2023_01
18-313-00173,20.8,2023_01
18-313-00174,17.8,2023_01
18-313-00175,14.4,2023_01
18-313-00176,20.0,2023_01
18-313-00177,16.545454545454547,2023_01
18-314-00178,18.735294117647058,2023_01
18-314-00179,15.318181818181818,2023_01
18-315-00180,14.217391304347826,2023_01
18-315-00181,11.333333333333334,2023_01
18-315-00182,12.5,2023_01
18-315-00183,15.23076923076923,2023_01
18-316-00184,26.3,2023_01
18-316-00185,30.545454545454547,2023_01
18-316-00186,28.666666666666668,2023_01
18-316-00187,27.23076923076923,2023_01
18-316-00188,29.555555555555557,2023_01
18-317-00189,32.5,2023_01
18-317-00190,31.333333333333332,2023_01
18-317-00191,28.2,2023_01
18-317-00192,23.8,2023_01
18-317-00193,26.166666666666668,2023_01
18-318-00194,32.0,2023_01
18-318-00195,29.0,2023_01
18-318-00196,25.833333333333332,2023_01
18-318-00197,24.8,2023_01
18-319-00198,19.0,2023_01
18-319-00199,18.666666666666668,2023_01
18-319-00200,21.2,2023_01
18-319-00201,19.0,2023_01
18-319-00202,21.5,2023_01
18-320-00203,18.0,2023_01
18-320-00204,,2023_01
18-320-00205,16.4,2023_01
18-320-00206,18.0,2023_01
18-320-00207,20.363636363636363,2023_01
18-321-00208,25.0,2023_01
18-321-00209,24.0,2023_01
18-321-00210,26.333333333333332,2023_01
18-321-00211,25.571428571428573,2023_01
18-321-00212,22.428571428571427,2023_01
18-321-00213,22.5,2023_01
18-321-00214,22.0,2023_01
18-321-00215,22.333333333333332,2023_01
18-321-00216,18.142857142857142,2023_01
18-321-00217,28.0,2023_01
18-321-00218,26.0,2023_01
18-322-00219,31.0,2023_01
18-322-00220,31.625,2023_01
18-322-00221,32.0,2023_01
18-323-00222,25.0,2023_01
18-323-00223,23.0,2023_01
18-323-00224,23.166666666666668,2023_01
18-323-00225,24.0,2023_01
18-323-00226,26.0,2023_01
18-323-00227,26.0,2023_01
18-323-00228,25.0,2023_01
18-324-00260,21.5,2023_01
18-323-00230,,2023_01
18-324-00231,23.142857142857142,2023_01
18-324-00232,25.0,2023_01
18-324-00233,19.666666666666668,2023_01
18-324-00234,25.0,2023_01
18-816-00235,,2023_01
18-816-00236,,2023_01
18-325-00237,,2023_01
18-325-00238,26.0,2023_01
18-325-00239,28.5,2023_01
18-326-00240,23.0,2023_01
18-326-00241,11.0,2023_01
18-326-00242,,2023_01
18-326-00243,,2023_01
18-326-00244,18.0,2023_01
18-326-00245,15.25,2023_01
18-326-00246,11.875,2023_01
18-326-00247,15.0,2023_01
18-755-00248,17.4,2023_01
18-756-00249,25.53846153846154,2023_01
18-756-00250,24.857142857142858,2023_01
18-756-00251,16.25,2023_01
18-757-00252,25.6,2023_01
18-757-00253,24.25,2023_01
18-757-00254,22.25,2023_01
18-759-00255,13.214285714285714,2023_01
18-758-00256,19.666666666666668,2023_01
18-758-00257,19.2,2023_01
18-816-00258,,2023_01
18-816-00259,19.25,2023_01
18-816-00261,23.428571428571427,2023_01
18-324-00262,25.333333333333332,2023_01
18-324-00263,23.0,2023_01
18-303-00264,22.0,2023_01
18-799-00265,24.0,2023_01
18-303-00266,20.5,2023_01
18-322-00267,28.0,2023_01
18-326-00268,13.0,2023_01
18-325-00269,27.142857142857142,2023_01
18-325-00270,19.77777777777778,2023_01
18-304-00271,29.625,2023_01
18-321-00272,27.666666666666668,2023_01
18-321-00273,24.166666666666668,2023_01
18-301-00274,17.0,2023_01
18-312-00276,20.166666666666668,2023_01
18-312-00277,21.0,2023_01
18-755-00278,15.166666666666666,2023_01
18-755-00279,17.0,2023_01
18-760-00280,20.0,2023_01
18-760-00281,21.09090909090909,2023_01
18-314-00275,16.5,2023_01
18-300-00101,13.705882352941176,2023_02
18-300-00102,14.5,2023_02
18-300-00103,14.0,2023_02
18-300-00104,16.307692307692307,2023_02
18-300-00105,17.333333333333332,2023_02
18-300-00106,,2023_02
18-300-00107,18.0,2023_02
18-300-00108,17.0,2023_02
18-301-00109,19.0,2023_02
18-301-00110,17.0,2023_02
18-301-00111,19.0,2023_02
18-301-00112,18.25,2023_02
18-301-00113,18.0,2023_02
18-301-00114,16.75,2023_02
18-302-00115,18.5,2023_02
18-302-00116,17.125,2023_02
18-302-00117,16.5,2023_02
18-302-00118,17.0,2023_02
18-302-00119,18.333333333333332,2023_02
18-303-00120,14.75,2023_02
18-303-00121,15.142857142857142,2023_02
18-303-00122,16.0,2023_02
18-303-00123,16.0,2023_02
18-799-00124,14.5,2023_02
18-799-00125,,2023_02
18-304-00126,15.0,2023_02
18-304-00127,17.0,2023_02
18-304-00128,16.4,2023_02
18-304-00129,17.0,2023_02
18-305-00130,19.2,2023_02
18-305-00131,16.2,2023_02
18-305-00132,17.25,2023_02
18-305-00133,18.2,2023_02
18-305-00134,18.8,2023_02
18-305-00135,14.8,2023_02
18-305-00136,16.2,2023_02
18-306-00137,23.470588235294116,2023_02
18-306-00138,19.857142857142858,2023_02
18-306-00139,18.833333333333332,2023_02
18-306-00140,20.22222222222222,2023_02
18-307-00141,15.6,2023_02
18-307-00142,21.2,2023_02
18-307-00143,19.4,2023_02
18-307-00144,21.714285714285715,2023_02
18-307-00145,20.125,2023_02
18-307-00146,24.428571428571427,2023_02
18-307-00147,27.0,2023_02
18-308-00148,,2023_02
18-308-00149,12.0,2023_02
18-308-00150,26.0,2023_02
18-308-00151,26.333333333333332,2023_02
18-308-00152,24.363636363636363,2023_02
18-308-00153,26.0,2023_02
18-309-00154,21.583333333333332,2023_02
18-309-00155,22.785714285714285,2023_02
18-309-00156,23.214285714285715,2023_02
18-309-00157,24.88235294117647,2023_02
18-310-00158,24.181818181818183,2023_02
18-310-00159,22.833333333333332,2023_02
18-310-00160,23.875,2023_02
18-310-00161,22.5,2023_02
18-310-00162,25.2,2023_02
18-310-00163,22.25,2023_02
18-310-00164,21.285714285714285,2023_02
18-311-00165,24.0,2023_02
18-311-00166,22.833333333333332,2023_02
18-311-00167,21.2,2023_02
18-311-00168,22.25,2023_02
18-312-00169,23.4,2023_02
18-312-00170,23.333333333333332,2023_02
18-312-00171,21.5,2023_02
18-313-00172,21.181818181818183,2023_02
18-313-00173,22.4,2023_02
18-313-00174,22.8,2023_02
18-313-00175,21.7,2023_02
18-313-00176,22.75,2023_02
18-313-00177,15.818181818181818,2023_02
18-314-00178,17.764705882352942,2023_02
18-314-00179,18.09090909090909,2023_02
18-315-00180,13.91304347826087,2023_02
18-315-00181,12.8,2023_02
18-315-00182,10.166666666666666,2023_02
18-315-00183,14.615384615384615,2023_02
18-316-00184,20.9,2023_02
18-316-00185,26.181818181818183,2023_02
18-316-00186,24.333333333333332,2023_02
18-316-00187,21.76923076923077,2023_02
18-316-00188,27.333333333333332,2023_02
18-317-00189,23.0,2023_02
18-317-00190,24.0,2023_02
18-317-00191,22.6,2023_02
18-317-00192,19.3,2023_02
18-317-00193,21.666666666666668,2023_02
18-318-00194,27.5,2023_02
18-318-00195,24.5,2023_02
18-318-00196,22.833333333333332,2023_02
18-318-00197,19.0,2023_02
18-319-00198,14.75,2023_02
18-319-00199,15.0,2023_02
18-319-00200,14.6,2023_02
18-319-00201,14.0,2023_02
18-319-00202,14.0,2023_02
18-320-00203,15.0,2023_02
18-320-00204,,2023_02
18-320-00205,15.5,2023_02
18-320-00206,15.5,2023_02
18-320-00207,16.545454545454547,2023_02
18-321-00208,15.5,2023_02
18-321-00209,14.0,2023_02
18-321-00210,16.333333333333332,2023_02
18-321-00211,15.0,2023_02
18-321-00212,15.714285714285714,2023_02
18-321-00213,15.75,2023_02
18-321-00214,16.0,2023_02
18-321-00215,17.0,2023_02
18-321-00216,14.428571428571429,2023_02
18-321-00217,15.0,2023_02
18-321-00218,17.0,2023_02
18-322-00219,15.0,2023_02
18-322-00220,16.0,2023_02
18-322-00221,16.0,2023_02
18-323-00222,14.0,2023_02
18-323-00223,14.666666666666666,2023_02
18-323-00224,15.0,2023_02
18-323-00225,16.0,2023_02
18-323-00226,16.0,2023_02
18-323-00227,15.0,2023_02
18-323-00228,18.0,2023_02
18-324-00260,13.0,2023_02
18-323-00230,,2023_02
18-324-00231,16.285714285714285,2023_02
18-324-00232,14.0,2023_02
18-324-00233,15.0,2023_02
18-324-00234,15.0,2023_02
18-816-00235,,2023_02
18-816-00236,,2023_02
18-325-00237,,2023_02
18-325-00238,17.0,2023_02
18-325-00239,15.5,2023_02
18-326-00240,20.0,2023_02
18-326-00241,18.25,2023_02
18-326-00242,,2023_02
18-326-00243,,2023_02
18-326-00244,19.0,2023_02
18-326-00245,19.625,2023_02
18-326-00246,20.875,2023_02
18-326-00247,23.666666666666668,2023_02
18-755-00248,23.6,2023_02
18-756-00249,22.153846153846153,2023_02
18-756-00250,24.142857142857142,2023_02
18-756-00251,18.0,2023_02
18-757-00252,19.8,2023_02
18-757-00253,21.5,2023_02
18-757-00254,18.333333333333332,2023_02
18-759-00255,12.19047619047619,2023_02
18-758-00256,16.5,2023_02
18-758-00257,17.6,2023_02
18-816-00258,,2023_02
18-816-00259,18.5,2023_02
18-816-00261,18.285714285714285,2023_02
18-324-00262,14.666666666666666,2023_02
18-324-00263,13.0,2023_02
18-303-00264,15.0,2023_02
18-799-00265,15.5,2023_02
18-303-00266,15.5,2023_02
18-322-00267,15.0,2023_02
18-326-00268,17.666666666666668,2023_02
18-325-00269,15.714285714285714,2023_02
18-325-00270,18.0,2023_02
18-304-00271,16.25,2023_02
18-321-00272,17.333333333333332,2023_02
18-321-00273,16.833333333333332,2023_02
18-301-00274,17.5,2023_02
18-312-00276,22.833333333333332,2023_02
18-312-00277,22.5,2023_02
18-755-00278,23.666666666666668,2023_02
18-755-00279,21.5,2023_02
18-760-00280,21.75,2023_02
18-760-00281,22.272727272727273,2023_02
18-314-00275,13.0625,2023_02
18-300-00101,0.4117647058823529,2023_03
18-300-00102,0.0,2023_03
18-300-00103,0.4,2023_03
18-300-00104,1.5384615384615385,2023_03
18-300-00105,0.0,2023_03
18-300-00106,,2023_03
18-300-00107,0.0,2023_03
18-300-00108,0.0,2023_03
18-301-00109,0.0,2023_03
18-301-00110,0.0,2023_03
18-301-00111,0.0,2023_03
18-301-00112,0.0,2023_03
18-301-00113,0.0,2023_03
18-301-00114,0.0,2023_03
18-302-00115,0.25,2023_03
18-302-00116,0.0,2023_03
18-302-00117,0.6666666666666666,2023_03
18-302-00118,0.0,2023_03
18-302-00119,0.6666666666666666,2023_03
18-303-00120,0.75,2023_03
18-303-00121,1.0,2023_03
18-303-00122,1.8,2023_03
18-303-00123,2.0,2023_03
18-799-00124,2.0,2023_03
18-799-00125,,2023_03
18-304-00126,0.5,2023_03
18-304-00127,1.5,2023_03
18-304-00128,1.6,2023_03
18-304-00129,1.0,2023_03
18-305-00130,3.0,2023_03
18-305-00131,1.4,2023_03
18-305-00132,1.25,2023_03
18-305-00133,1.6,2023_03
18-305-00134,1.0,2023_03
18-305-00135,1.0,2023_03
18-305-00136,0.8,2023_03
18-306-00137,4.235294117647059,2023_03
18-306-00138,4.214285714285714,2023_03
18-306-00139,2.6666666666666665,2023_03
18-306-00140,3.7777777777777777,2023_03
18-307-00141,2.6,2023_03
18-307-00142,5.8,2023_03
18-307-00143,5.8,2023_03
18-307-00144,9.428571428571429,2023_03
18-307-00145,5.0,2023_03
18-307-00146,6.714285714285714,2023_03
18-307-00147,9.5,2023_03
18-308-00148,,2023_03
18-308-00149,8.0,2023_03
18-308-00150,9.333333333333334,2023_03
18-308-00151,11.0,2023_03
18-308-00152,9.818181818181818,2023_03
18-308-00153,10.0,2023_03
18-309-00154,7.333333333333333,2023_03
18-309-00155,5.0,2023_03
18-309-00156,4.928571428571429,2023_03
18-309-00157,4.235294117647059,2023_03
18-310-00158,9.454545454545455,2023_03
18-310-00159,8.333333333333334,2023_03
18-310-00160,7.875,2023_03
18-310-00161,4.75,2023_03
18-310-00162,7.4,2023_03
18-310-00163,6.25,2023_03
18-310-00164,5.428571428571429,2023_03
18-311-00165,6.0,2023_03
18-311-00166,6.0,2023_03
18-311-00167,6.6,2023_03
18-311-00168,7.25,2023_03
18-312-00169,7.0,2023_03
18-312-00170,4.666666666666667,2023_03
18-312-00171,6.25,2023_03
18-313-00172,3.909090909090909,2023_03
18-313-00173,3.0,2023_03
18-313-00174,3.4,2023_03
18-313-00175,4.0,2023_03
18-313-00176,4.0,2023_03
18-313-00177,3.5454545454545454,2023_03
18-314-00178,2.588235294117647,2023_03
18-314-00179,4.0,2023_03
18-315-00180,2.391304347826087,2023_03
18-315-00181,6.8,2023_03
18-315-00182,7.333333333333333,2023_03
18-315-00183,1.7307692307692308,2023_03
18-316-00184,7.1,2023_03
18-316-00185,6.909090909090909,2023_03
18-316-00186,7.166666666666667,2023_03
18-316-00187,4.0,2023_03
18-316-00188,7.777777777777778,2023_03
18-317-00189,5.5,2023_03
18-317-00190,6.666666666666667,2023_03
18-317-00191,4.4,2023_03
18-317-00192,2.6,2023_03
18-317-00193,3.5,2023_03
18-318-00194,6.5,2023_03
18-318-00195,7.5,2023_03
18-318-00196,4.5,2023_03
18-318-00197,2.6,2023_03
18-319-00198,0.5,2023_03
18-319-00199,0.0,2023_03
18-319-00200,1.0,2023_03
18-319-00201,0.0,2023_03
18-319-00202,1.0,2023_03
18-320-00203,0.0,2023_03
18-320-00204,,2023_03
18-320-00205,2.6,2023_03
18-320-00206,1.0,2023_03
18-320-00207,1.8181818181818181,2023_03
18-321-00208,1.0,2023_03
18-321-00209,1.0,2023_03
18-321-00210,1.6666666666666667,2023_03
18-321-00211,1.5714285714285714,2023_03
18-321-00212,0.42857142857142855,2023_03
18-321-00213,0.0,2023_03
18-321-00214,0.0,2023_03
18-321-00215,1.0,2023_03
18-321-00216,0.7142857142857143,2023_03
18-321-00217,2.0,2023_03
18-321-00218,1.0,2023_03
18-322-00219,2.0,2023_03
18-322-00220,1.5,2023_03
18-322-00221,2.0,2023_03
18-323-00222,2.0,2023_03
18-323-00223,2.0,2023_03
18-323-00224,1.3333333333333333,2023_03
18-323-00225,2.0,2023_03
18-323-00226,1.0,2023_03
18-323-00227,1.0,2023_03
18-323-00228,2.0,2023_03
18-324-00260,2.0,2023_03
18-323-00230,,2023_03
18-324-00231,3.0,2023_03
18-324-00232,2.0,2023_03
18-324-00233,3.0,2023_03
18-324-00234,2.0,2023_03
18-816-00235,,2023_03
18-816-00236,,2023_03
18-325-00237,,2023_03
18-325-00238,1.0,2023_03
18-325-00239,1.0,2023_03
18-326-00240,2.0,2023_03
18-326-00241,2.0,2023_03
18-326-00242,,2023_03
18-326-00243,,2023_03
18-326-00244,2.0,2023_03
18-326-00245,4.875,2023_03
18-326-00246,4.625,2023_03
18-326-00247,4.0,2023_03
18-755-00248,6.8,2023_03
18-756-00249,5.538461538461538,2023_03
18-756-00250,5.714285714285714,2023_03
18-756-00251,3.5,2023_03
18-757-00252,1.4,2023_03
18-757-00253,1.5,2023_03
18-757-00254,0.75,2023_03
18-759-00255,0.5238095238095238,2023_03
18-758-00256,0.0,2023_03
18-758-00257,0.0,2023_03
18-816-00258,,2023_03
18-816-00259,2.0,2023_03
18-816-00261,2.142857142857143,2023_03
18-324-00262,2.0,2023_03
18-324-00263,2.0,2023_03
18-303-00264,1.25,2023_03
18-799-00265,1.5,2023_03
18-303-00266,0.5,2023_03
18-322-00267,2.0,2023_03
18-326-00268,1.3333333333333333,2023_03
18-325-00269,1.0,2023_03
18-325-00270,2.0,2023_03
18-304-00271,1.75,2023_03
18-321-00272,0.6666666666666666,2023_03
18-321-00273,1.0,2023_03
18-301-00274,0.0,2023_03
18-312-00276,3.3333333333333335,2023_03
18-312-00277,4.5,2023_03
18-755-00278,8.0,2023_03
18-755-00279,4.666666666666667,2023_03
18-760-00280,4.0,2023_03
18-760-00281,4.636363636363637,2023_03
18-314-00275,1.7083333333333333,2023_03
18-300-00101,22.647058823529413,2023_04
18-300-00102,23.0,2023_04
18-300-00103,21.8,2023_04
18-300-00104,23.53846153846154,2023_04
18-300-00105,24.333333333333332,2023_04
18-300-00106,,2023_04
18-300-00107,24.0,2023_04
18-300-00108,24.0,2023_04
18-301-00109,25.0,2023_04
18-301-00110,23.0,2023_04
18-301-00111,24.0,2023_04
18-301-00112,23.5,2023_04
18-301-00113,24.0,2023_04
18-301-00114,23.75,2023_04
18-302-00115,24.375,2023_04
18-302-00116,24.0,2023_04
18-302-00117,23.0,2023_04
18-302-00118,23.0,2023_04
18-302-00119,22.666666666666668,2023_04
18-303-00120,22.25,2023_04
18-303-00121,22.0,2023_04
18-303-00122,22.2,2023_04
18-303-00123,20.333333333333332,2023_04
18-799-00124,22.0,2023_04
18-799-00125,,2023_04
18-304-00126,18.5,2023_04
18-304-00127,19.0,2023_04
18-304-00128,21.4,2023_04
18-304-00129,20.0,2023_04
18-305-00130,22.0,2023_04
18-305-00131,20.2,2023_04
18-305-00132,20.0,2023_04
18-305-00133,20.6,2023_04
18-305-00134,20.2,2023_04
18-305-00135,19.8,2023_04
18-305-00136,19.0,2023_04
18-306-00137,23.58823529411765,2023_04
18-306-00138,22.285714285714285,2023_04
18-306-00139,21.666666666666668,2023_04
18-306-00140,22.88888888888889,2023_04
18-307-00141,18.4,2023_04
18-307-00142,20.0,2023_04
18-307-00143,19.0,2023_04
18-307-00144,20.142857142857142,2023_04
18-307-00145,19.25,2023_04
18-307-00146,21.142857142857142,2023_04
18-307-00147,22.75,2023_04
18-308-00148,,2023_04
18-308-00149,18.0,2023_04
18-308-00150,20.5,2023_04
18-308-00151,20.0,2023_04
18-308-00152,20.181818181818183,2023_04
18-308-00153,21.8,2023_04
18-309-00154,18.5,2023_04
18-309-00155,18.0,2023_04
18-309-00156,19.857142857142858,2023_04
18-309-00157,21.941176470588236,2023_04
18-310-00158,20.363636363636363,2023_04
18-310-00159,20.166666666666668,2023_04
18-310-00160,20.625,2023_04
18-310-00161,20.0,2023_04
18-310-00162,21.6,2023_04
18-310-00163,20.25,2023_04
18-310-00164,20.428571428571427,2023_04
18-311-00165,20.0,2023_04
18-311-00166,20.166666666666668,2023_04
18-311-00167,19.4,2023_04
18-311-00168,21.5,2023_04
18-312-00169,21.8,2023_04
18-312-00170,22.5,2023_04
18-312-00171,23.375,2023_04
18-313-00172,21.181818181818183,2023_04
18-313-00173,18.6,2023_04
18-313-00174,20.4,2023_04
18-313-00175,20.9,2023_04
18-313-00176,19.0,2023_04
18-313-00177,19.272727272727273,2023_04
18-314-00178,23.470588235294116,2023_04
18-314-00179,19.454545454545453,2023_04
18-315-00180,28.52173913043478,2023_04
18-315-00181,29.133333333333333,2023_04
18-315-00182,28.333333333333332,2023_04
18-315-00183,27.0,2023_04
18-316-00184,28.3,2023_04
18-316-00185,25.727272727272727,2023_04
18-316-00186,26.333333333333332,2023_04
18-316-00187,20.846153846153847,2023_04
18-316-00188,26.77777777777778,2023_04
18-317-00189,27.0,2023_04
18-317-00190,26.0,2023_04
18-317-00191,23.8,2023_04
18-317-00192,21.2,2023_04
18-317-00193,22.5,2023_04
18-318-00194,27.0,2023_04
18-318-00195,25.0,2023_04
18-318-00196,22.0,2023_04
18-318-00197,21.1,2023_04
18-319-00198,22.75,2023_04
18-319-00199,23.666666666666668,2023_04
18-319-00200,23.0,2023_04
18-319-00201,22.5,2023_04
18-319-00202,21.5,2023_04
18-320-00203,22.0,2023_04
18-320-00204,,2023_04
18-320-00205,23.3,2023_04
18-320-00206,21.5,2023_04
18-320-00207,22.272727272727273,2023_04
18-321-00208,21.0,2023_04
18-321-00209,20.0,2023_04
18-321-00210,20.666666666666668,2023_04
18-321-00211,20.0,2023_04
18-321-00212,22.571428571428573,2023_04
18-321-00213,21.0,2023_04
18-321-00214,21.0,2023_04
18-321-00215,21.333333333333332,2023_04
18-321-00216,25.142857142857142,2023_04
18-321-00217,20.0,2023_04
18-321-00218,23.0,2023_04
18-322-00219,22.0,2023_04
18-322-00220,23.0,2023_04
18-322-00221,25.0,2023_04
18-323-00222,20.0,2023_04
18-323-00223,20.333333333333332,2023_04
18-323-00224,20.5,2023_04
18-323-00225,20.0,2023_04
18-323-00226,22.0,2023_04
18-323-00227,22.0,2023_04
18-323-00228,24.0,2023_04
18-324-00260,24.75,2023_04
18-323-00230,,2023_04
18-324-00231,24.0,2023_04
18-324-00232,23.0,2023_04
18-324-00233,24.666666666666668,2023_04
18-324-00234,24.0,2023_04
18-816-00235,,2023_04
18-816-00236,,2023_04
18-325-00237,,2023_04
18-325-00238,22.0,2023_04
18-325-00239,21.333333333333332,2023_04
18-326-00240,21.0,2023_04
18-326-00241,22.5,2023_04
18-326-00242,,2023_04
18-326-00243,,2023_04
18-326-00244,20.0,2023_04
18-326-00245,27.375,2023_04
18-326-00246,26.625,2023_04
18-326-00247,24.0,2023_04
18-755-00248,19.2,2023_04
18-756-00249,25.384615384615383,2023_04
18-756-00250,23.142857142857142,2023_04
18-756-00251,19.25,2023_04
18-757-00252,19.0,2023_04
18-757-00253,20.5,2023_04
18-757-00254,19.666666666666668,2023_04
18-759-00255,23.976190476190474,2023_04
18-758-00256,23.0,2023_04
18-758-00257,23.2,2023_04
18-816-00258,,2023_04
18-816-00259,23.75,2023_04
18-816-00261,25.0,2023_04
18-324-00262,23.333333333333332,2023_04
18-324-00263,23.0,2023_04
18-303-00264,21.0,2023_04
18-799-00265,22.0,2023_04
18-303-00266,22.0,2023_04
18-322-00267,20.0,2023_04
18-326-00268,22.0,2023_04
18-325-00269,20.857142857142858,2023_04
18-325-00270,20.0,2023_04
18-304-00271,21.75,2023_04
18-321-00272,22.666666666666668,2023_04
18-321-00273,22.5,2023_04
18-301-00274,23.0,2023_04
18-312-00276,19.833333333333332,2023_04
18-312-00277,19.5,2023_04
18-755-00278,22.0,2023_04
18-755-00279,17.333333333333332,2023_04
18-760-00280,19.0,2023_04
18-760-00281,19.454545454545453,2023_04
18-314-00275,18.541666666666668,2023_04
18-300-00101,10.294117647058824,2023_05
18-300-00102,9.0,2023_05
18-300-00103,10.2,2023_05
18-300-00104,11.076923076923077,2023_05
18-300-00105,7.833333333333333,2023_05
18-300-00106,,2023_05
18-300-00107,6.5,2023_05
18-300-00108,9.0,2023_05
18-301-00109,8.333333333333334,2023_05
18-301-00110,8.0,2023_05
18-301-00111,6.666666666666667,2023_05
18-301-00112,5.5,2023_05
18-301-00113,9.5,2023_05
18-301-00114,7.75,2023_05
18-302-00115,6.25,2023_05
18-302-00116,6.875,2023_05
18-302-00117,8.0,2023_05
18-302-00118,7.0,2023_05
18-302-00119,10.333333333333334,2023_05
18-303-00120,11.0,2023_05
18-303-00121,11.428571428571429,2023_05
18-303-00122,13.0,2023_05
18-303-00123,13.0,2023_05
18-799-00124,11.5,2023_05
18-799-00125,,2023_05
18-304-00126,7.5,2023_05
18-304-00127,9.0,2023_05
18-304-00128,7.0,2023_05
18-304-00129,7.0,2023_05
18-305-00130,10.6,2023_05
18-305-00131,9.0,2023_05
18-305-00132,9.25,2023_05
18-305-00133,10.6,2023_05
18-305-00134,7.2,2023_05
18-305-00135,6.8,2023_05
18-305-00136,7.4,2023_05
18-306-00137,13.235294117647058,2023_05
18-306-00138,11.428571428571429,2023_05
18-306-00139,13.0,2023_05
18-306-00140,11.222222222222221,2023_05
18-307-00141,6.8,2023_05
18-307-00142,7.6,2023_05
18-307-00143,7.2,2023_05
18-307-00144,7.714285714285714,2023_05
18-307-00145,6.875,2023_05
18-307-00146,8.285714285714286,2023_05
18-307-00147,8.5,2023_05
18-308-00148,,2023_05
18-308-00149,9.0,2023_05
18-308-00150,8.5,2023_05
18-308-00151,8.916666666666666,2023_05
18-308-00152,9.090909090909092,2023_05
18-308-00153,8.4,2023_05
18-309-00154,7.5,2023_05
18-309-00155,7.285714285714286,2023_05
18-309-00156,8.214285714285714,2023_05
18-309-00157,7.529411764705882,2023_05
18-310-00158,8.636363636363637,2023_05
18-310-00159,9.0,2023_05
18-310-00160,9.0,2023_05
18-310-00161,8.75,2023_05
18-310-00162,8.6,2023_05
18-310-00163,8.25,2023_05
18-310-00164,7.857142857142857,2023_05
18-311-00165,8.166666666666666,2023_05
18-311-00166,7.166666666666667,2023_05
18-311-00167,6.2,2023_05
18-311-00168,6.75,2023_05
18-312-00169,6.6,2023_05
18-312-00170,7.333333333333333,2023_05
18-312-00171,8.125,2023_05
18-313-00172,7.545454545454546,2023_05
18-313-00173,6.2,2023_05
18-313-00174,6.6,2023_05
18-313-00175,8.1,2023_05
18-313-00176,7.5,2023_05
18-313-00177,7.181818181818182,2023_05
18-314-00178,6.5,2023_05
18-314-00179,8.0,2023_05
18-315-00180,11.173913043478262,2023_05
18-315-00181,14.333333333333334,2023_05
18-315-00182,12.333333333333334,2023_05
18-315-00183,8.307692307692308,2023_05
18-316-00184,12.8,2023_05
18-316-00185,10.181818181818182,2023_05
18-316-00186,8.0,2023_05
18-316-00187,5.923076923076923,2023_05
18-316-00188,8.88888888888889,2023_05
18-317-00189,11.5,2023_05
18-317-00190,11.0,2023_05
18-317-00191,9.2,2023_05
18-317-00192,5.6,2023_05
18-317-00193,7.333333333333333,2023_05
18-318-00194,13.5,2023_05
18-318-00195,12.0,2023_05
18-318-00196,7.5,2023_05
18-318-00197,5.6,2023_05
18-319-00198,10.75,2023_05
18-319-00199,8.333333333333334,2023_05
18-319-00200,12.4,2023_05
18-319-00201,10.5,2023_05
18-319-00202,12.0,2023_05
18-320-00203,10.0,2023_05
18-320-00204,,2023_05
18-320-00205,11.0,2023_05
18-320-00206,11.0,2023_05
18-320-00207,10.727272727272727,2023_05
18-321-00208,11.5,2023_05
18-321-00209,11.0,2023_05
18-321-00210,9.0,2023_05
18-321-00211,8.571428571428571,2023_05
18-321-00212,10.285714285714286,2023_05
18-321-00213,11.75,2023_05
18-321-00214,11.5,2023_05
18-321-00215,9.666666666666666,2023_05
18-321-00216,11.571428571428571,2023_05
18-321-00217,9.0,2023_05
18-321-00218,12.0,2023_05
18-322-00219,8.0,2023_05
18-322-00220,8.125,2023_05
18-322-00221,7.0,2023_05
18-323-00222,10.0,2023_05
18-323-00223,12.0,2023_05
18-323-00224,11.5,2023_05
18-323-00225,13.0,2023_05
18-323-00226,10.0,2023_05
18-323-00227,9.0,2023_05
18-323-00228,12.0,2023_05
18-324-00260,10.25,2023_05
18-323-00230,,2023_05
18-324-00231,11.285714285714286,2023_05
18-324-00232,12.0,2023_05
18-324-00233,10.666666666666666,2023_05
18-324-00234,9.0,2023_05
18-816-00235,,2023_05
18-816-00236,,2023_05
18-325-00237,,2023_05
18-325-00238,11.0,2023_05
18-325-00239,7.166666666666667,2023_05
18-326-00240,12.0,2023_05
18-326-00241,13.75,2023_05
18-326-00242,,2023_05
18-326-00243,,2023_05
18-326-00244,12.0,2023_05
18-326-00245,13.25,2023_05
18-326-00246,14.0,2023_05
18-326-00247,10.666666666666666,2023_05
18-755-00248,7.6,2023_05
18-756-00249,10.384615384615385,2023_05
18-756-00250,7.571428571428571,2023_05
18-756-00251,7.0,2023_05
18-757-00252,7.2,2023_05
18-757-00253,8.25,2023_05
18-757-00254,5.25,2023_05
18-759-00255,9.0,2023_05
18-758-00256,6.333333333333333,2023_05
18-758-00257,6.0,2023_05
18-816-00258,,2023_05
18-816-00259,12.5,2023_05
18-816-00261,11.857142857142858,2023_05
18-324-00262,10.333333333333334,2023_05
18-324-00263,11.0,2023_05
18-303-00264,12.0,2023_05
18-799-00265,13.0,2023_05
18-303-00266,12.0,2023_05
18-322-00267,9.0,2023_05
18-326-00268,12.333333333333334,2023_05
18-325-00269,8.0,2023_05
18-325-00270,12.222222222222221,2023_05
18-304-00271,7.125,2023_05
18-321-00272,10.666666666666666,2023_05
18-321-00273,10.5,2023_05
18-301-00274,8.5,2023_05
18-312-00276,6.333333333333333,2023_05
18-312-00277,6.0,2023_05
18-755-00278,8.0,2023_05
18-755-00279,7.166666666666667,2023_05
18-760-00280,5.75,2023_05
18-760-00281,7.0,2023_05
18-314-00275,7.333333333333333,2023_05
18-300-00101,27.470588235294116,2023_06
18-300-00102,26.5,2023_06
18-300-00103,26.4,2023_06
18-300-00104,23.46153846153846,2023_06
18-300-00105,29.333333333333332,2023_06
18-300-00106,,2023_06
18-300-00107,31.0,2023_06
18-300-00108,25.0,2023_06
18-301-00109,29.666666666666668,2023_06
18-301-00110,31.0,2023_06
18-301-00111,32.666666666666664,2023_06
18-301-00112,29.75,2023_06
18-301-00113,26.5,2023_06
18-301-00114,24.0,2023_06
18-302-00115,25.25,2023_06
18-302-00116,25.5,2023_06
18-302-00117,26.833333333333332,2023_06
18-302-00118,23.333333333333332,2023_06
18-302-00119,26.0,2023_06
18-303-00120,26.75,2023_06
18-303-00121,28.142857142857142,2023_06
18-303-00122,26.2,2023_06
18-303-00123,22.333333333333332,2023_06
18-799-00124,26.0,2023_06
18-799-00125,,2023_06
18-304-00126,20.0,2023_06
18-304-00127,22.0,2023_06
18-304-00128,18.4,2023_06
18-304-00129,18.0,2023_06
18-305-00130,24.4,2023_06
18-305-00131,19.8,2023_06
18-305-00132,20.25,2023_06
18-305-00133,22.0,2023_06
18-305-00134,17.8,2023_06
18-305-00135,14.2,2023_06
18-305-00136,15.6,2023_06
18-306-00137,25.941176470588236,2023_06
18-306-00138,21.0,2023_06
18-306-00139,25.0,2023_06
18-306-00140,22.666666666666668,2023_06
18-307-00141,12.8,2023_06
18-307-00142,20.8,2023_06
18-307-00143,19.0,2023_06
18-307-00144,20.428571428571427,2023_06
18-307-00145,19.0,2023_06
18-307-00146,18.428571428571427,2023_06
18-307-00147,26.0,2023_06
18-308-00148,,2023_06
18-308-00149,20.5,2023_06
18-308-00150,23.833333333333332,2023_06
18-308-00151,21.583333333333332,2023_06
18-308-00152,23.09090909090909,2023_06
18-308-00153,25.0,2023_06
18-309-00154,25.916666666666668,2023_06
18-309-00155,22.785714285714285,2023_06
18-309-00156,23.214285714285715,2023_06
18-309-00157,23.823529411764707,2023_06
18-310-00158,22.90909090909091,2023_06
18-310-00159,23.5,2023_06
18-310-00160,24.875,2023_06
18-310-00161,25.0,2023_06
18-310-00162,23.0,2023_06
18-310-00163,22.75,2023_06
18-310-00164,21.285714285714285,2023_06
18-311-00165,18.0,2023_06
18-311-00166,18.166666666666668,2023_06
18-311-00167,15.2,2023_06
18-311-00168,18.5,2023_06
18-312-00169,18.4,2023_06
18-312-00170,17.666666666666668,2023_06
18-312-00171,16.375,2023_06
18-313-00172,22.272727272727273,2023_06
18-313-00173,17.6,2023_06
18-313-00174,16.6,2023_06
18-313-00175,20.0,2023_06
18-313-00176,21.5,2023_06
18-313-00177,21.636363636363637,2023_06
18-314-00178,22.558823529411764,2023_06
18-314-00179,23.545454545454547,2023_06
18-315-00180,18.434782608695652,2023_06
18-315-00181,25.333333333333332,2023_06
18-315-00182,25.666666666666668,2023_06
18-315-00183,18.076923076923077,2023_06
18-316-00184,23.5,2023_06
18-316-00185,24.454545454545453,2023_06
18-316-00186,23.166666666666668,2023_06
18-316-00187,24.076923076923077,2023_06
18-316-00188,25.444444444444443,2023_06
18-317-00189,23.5,2023_06
18-317-00190,23.333333333333332,2023_06
18-317-00191,21.8,2023_06
18-317-00192,23.6,2023_06
18-317-00193,26.833333333333332,2023_06
18-318-00194,25.0,2023_06
18-318-00195,28.5,2023_06
18-318-00196,26.0,2023_06
18-318-00197,25.2,2023_06
18-319-00198,23.25,2023_06
18-319-00199,26.666666666666668,2023_06
18-319-00200,25.0,2023_06
18-319-00201,22.0,2023_06
18-319-00202,24.5,2023_06
18-320-00203,22.0,2023_06
18-320-00204,,2023_06
18-320-00205,21.1,2023_06
18-320-00206,23.0,2023_06
18-320-00207,25.272727272727273,2023_06
18-321-00208,24.0,2023_06
18-321-00209,23.0,2023_06
18-321-00210,21.666666666666668,2023_06
18-321-00211,19.857142857142858,2023_06
18-321-00212,24.428571428571427,2023_06
18-321-00213,23.75,2023_06
18-321-00214,24.0,2023_06
18-321-00215,24.0,2023_06
18-321-00216,28.285714285714285,2023_06
18-321-00217,21.0,2023_06
18-321-00218,26.0,2023_06
18-322-00219,19.0,2023_06
18-322-00220,21.625,2023_06
18-322-00221,24.0,2023_06
18-323-00222,25.0,2023_06
18-323-00223,22.666666666666668,2023_06
18-323-00224,21.833333333333332,2023_06
18-323-00225,22.0,2023_06
18-323-00226,23.0,2023_06
18-323-00227,24.0,2023_06
18-323-00228,27.0,2023_06
18-324-00260,22.75,2023_06
18-323-00230,,2023_06
18-324-00231,27.0,2023_06
18-324-00232,27.0,2023_06
18-324-00233,24.666666666666668,2023_06
18-324-00234,24.0,2023_06
18-816-00235,,2023_06
18-816-00236,,2023_06
18-325-00237,,2023_06
18-325-00238,23.5,2023_06
18-325-00239,21.166666666666668,2023_06
18-326-00240,21.0,2023_06
18-326-00241,27.75,2023_06
18-326-00242,,2023_06
18-326-00243,,2023_06
18-326-00244,23.0,2023_06
18-326-00245,26.375,2023_06
18-326-00246,25.625,2023_06
18-326-00247,24.0,2023_06
18-755-00248,19.6,2023_06
18-756-00249,25.307692307692307,2023_06
18-756-00250,23.571428571428573,2023_06
18-756-00251,16.0,2023_06
18-757-00252,14.2,2023_06
18-757-00253,19.5,2023_06
18-757-00254,14.25,2023_06
18-759-00255,18.571428571428573,2023_06
18-758-00256,27.666666666666668,2023_06
18-758-00257,28.2,2023_06
18-816-00258,,2023_06
18-816-00259,26.25,2023_06
18-816-00261,26.285714285714285,2023_06
18-324-00262,25.333333333333332,2023_06
18-324-00263,27.0,2023_06
18-303-00264,26.25,2023_06
18-799-00265,26.5,2023_06
18-303-00266,25.5,2023_06
18-322-00267,21.0,2023_06
18-326-00268,26.666666666666668,2023_06
18-325-00269,22.285714285714285,2023_06
18-325-00270,23.555555555555557,2023_06
18-304-00271,19.25,2023_06
18-321-00272,22.0,2023_06
18-321-00273,21.666666666666668,2023_06
18-301-00274,32.0,2023_06
18-312-00276,15.166666666666666,2023_06
18-312-00277,18.0,2023_06
18-755-00278,20.833333333333332,2023_06
18-755-00279,14.833333333333334,2023_06
18-760-00280,15.5,2023_06
18-760-00281,18.454545454545453,2023_06
18-314-00275,17.75,2023_06
18-300-00101,24.11764705882353,2023_07
18-300-00102,27.0,2023_07
18-300-00103,25.2,2023_07
18-300-00104,25.46153846153846,2023_07
18-300-00105,30.666666666666668,2023_07
18-300-00106,,2023_07
18-300-00107,32.0,2023_07
18-300-00108,27.0,2023_07
18-301-00109,34.0,2023_07
18-301-00110,35.0,2023_07
18-301-00111,34.666666666666664,2023_07
18-301-00112,38.5,2023_07
18-301-00113,31.0,2023_07
18-301-00114,30.0,2023_07
18-302-00115,34.0,2023_07
18-302-00116,31.25,2023_07
18-302-00117,33.833333333333336,2023_07
18-302-00118,34.666666666666664,2023_07
18-302-00119,37.666666666666664,2023_07
18-303-00120,32.5,2023_07
18-303-00121,32.285714285714285,2023_07
18-303-00122,33.4,2023_07
18-303-00123,32.333333333333336,2023_07
18-799-00124,31.0,2023_07
18-799-00125,,2023_07
18-304-00126,19.5,2023_07
18-304-00127,18.0,2023_07
18-304-00128,22.2,2023_07
18-304-00129,20.0,2023_07
18-305-00130,25.2,2023_07
18-305-00131,21.2,2023_07
18-305-00132,21.5,2023_07
18-305-00133,21.4,2023_07
18-305-00134,19.8,2023_07
18-305-00135,19.4,2023_07
18-305-00136,21.4,2023_07
18-306-00137,29.529411764705884,2023_07
18-306-00138,26.285714285714285,2023_07
18-306-00139,26.166666666666668,2023_07
18-306-00140,27.555555555555557,2023_07
18-307-00141,16.4,2023_07
18-307-00142,22.0,2023_07
18-307-00143,17.6,2023_07
18-307-00144,16.714285714285715,2023_07
18-307-00145,17.875,2023_07
18-307-00146,17.857142857142858,2023_07
18-307-00147,23.75,2023_07
18-308-00148,,2023_07
18-308-00149,17.0,2023_07
18-308-00150,22.0,2023_07
18-308-00151,19.666666666666668,2023_07
18-308-00152,25.454545454545453,2023_07
18-308-00153,21.6,2023_07
18-309-00154,29.0,2023_07
18-309-00155,25.714285714285715,2023_07
18-309-00156,25.714285714285715,2023_07
18-309-00157,23.88235294117647,2023_07
18-310-00158,19.727272727272727,2023_07
18-310-00159,21.0,2023_07
18-310-00160,25.5,2023_07
18-310-00161,24.75,2023_07
18-310-00162,19.6,2023_07
18-310-00163,22.25,2023_07
18-310-00164,19.571428571428573,2023_07
18-311-00165,16.5,2023_07
18-311-00166,19.666666666666668,2023_07
18-311-00167,23.6,2023_07
18-311-00168,25.25,2023_07
18-312-00169,24.2,2023_07
18-312-00170,20.333333333333332,2023_07
18-312-00171,24.625,2023_07
18-313-00172,18.90909090909091,2023_07
18-313-00173,17.2,2023_07
18-313-00174,18.6,2023_07
18-313-00175,21.4,2023_07
18-313-00176,17.75,2023_07
18-313-00177,23.181818181818183,2023_07
18-314-00178,29.235294117647058,2023_07
18-314-00179,21.40909090909091,2023_07
18-315-00180,27.434782608695652,2023_07
18-315-00181,28.0,2023_07
18-315-00182,28.166666666666668,2023_07
18-315-00183,25.846153846153847,2023_07
18-316-00184,33.1,2023_07
18-316-00185,33.45454545454545,2023_07
18-316-00186,29.333333333333332,2023_07
18-316-00187,32.0,2023_07
18-316-00188,31.88888888888889,2023_07
18-317-00189,35.5,2023_07
18-317-00190,35.666666666666664,2023_07
18-317-00191,34.2,2023_07
18-317-00192,31.8,2023_07
18-317-00193,33.666666666666664,2023_07
18-318-00194,35.5,2023_07
18-318-00195,38.0,2023_07
18-318-00196,32.166666666666664,2023_07
18-318-00197,31.3,2023_07
18-319-00198,29.75,2023_07
18-319-00199,29.0,2023_07
18-319-00200,31.2,2023_07
18-319-00201,29.5,2023_07
18-319-00202,31.5,2023_07
18-320-00203,28.0,2023_07
18-320-00204,,2023_07
18-320-00205,24.6,2023_07
18-320-00206,28.5,2023_07
18-320-00207,30.363636363636363,2023_07
18-321-00208,31.5,2023_07
18-321-00209,31.0,2023_07
18-321-00210,28.0,2023_07
18-321-00211,26.857142857142858,2023_07
18-321-00212,32.0,2023_07
18-321-00213,31.5,2023_07
18-321-00214,32.0,2023_07
18-321-00215,31.666666666666668,2023_07
18-321-00216,38.42857142857143,2023_07
18-321-00217,24.0,2023_07
18-321-00218,31.0,2023_07
18-322-00219,22.0,2023_07
18-322-00220,26.625,2023_07
18-322-00221,29.0,2023_07
18-323-00222,32.0,2023_07
18-323-00223,31.0,2023_07
18-323-00224,30.666666666666668,2023_07
18-323-00225,31.0,2023_07
18-323-00226,32.0,2023_07
18-323-00227,31.0,2023_07
18-323-00228,31.0,2023_07
18-324-00260,31.75,2023_07
18-323-00230,,2023_07
18-324-00231,32.57142857142857,2023_07
18-324-00232,32.0,2023_07
18-324-00233,31.333333333333332,2023_07
18-324-00234,33.0,2023_07
18-816-00235,,2023_07
18-816-00236,,2023_07
18-325-00237,,2023_07
18-325-00238,27.5,2023_07
18-325-00239,22.166666666666668,2023_07
18-326-00240,24.0,2023_07
18-326-00241,33.75,2023_07
18-326-00242,,2023_07
18-326-00243,,2023_07
18-326-00244,26.0,2023_07
18-326-00245,37.625,2023_07
18-326-00246,36.75,2023_07
18-326-00247,30.333333333333332,2023_07
18-755-00248,19.4,2023_07
18-756-00249,24.53846153846154,2023_07
18-756-00250,21.0,2023_07
18-756-00251,17.25,2023_07
18-757-00252,21.2,2023_07
18-757-00253,22.5,2023_07
18-757-00254,23.583333333333332,2023_07
18-759-00255,26.571428571428573,2023_07
18-758-00256,42.166666666666664,2023_07
18-758-00257,45.0,2023_07
18-816-00258,,2023_07
18-816-00259,33.25,2023_07
18-816-00261,32.285714285714285,2023_07
18-324-00262,33.666666666666664,2023_07
18-324-00263,32.0,2023_07
18-303-00264,32.25,2023_07
18-799-00265,34.0,2023_07
18-303-00266,32.0,2023_07
18-322-00267,24.0,2023_07
18-326-00268,32.0,2023_07
18-325-00269,23.285714285714285,2023_07
18-325-00270,25.11111111111111,2023_07
18-304-00271,23.875,2023_07
18-321-00272,28.0,2023_07
18-321-00273,27.166666666666668,2023_07
18-301-00274,31.5,2023_07
18-312-00276,18.166666666666668,2023_07
18-312-00277,22.5,2023_07
18-755-00278,19.666666666666668,2023_07
18-755-00279,16.0,2023_07
18-760-00280,16.5,2023_07
18-760-00281,18.272727272727273,2023_07
18-314-00275,19.9375,2023_07
18-300-00101,16.470588235294116,2023_08
18-300-00102,15.5,2023_08
18-300-00103,17.6,2023_08
18-300-00104,19.076923076923077,2023_08
18-300-00105,16.333333333333332,2023_08
18-300-00106,,2023_08
18-300-00107,17.0,2023_08
18-300-00108,22.0,2023_08
18-301-00109,20.666666666666668,2023_08
18-301-00110,17.0,2023_08
18-301-00111,18.0,2023_08
18-301-00112,21.0,2023_08
18-301-00113,20.0,2023_08
18-301-00114,18.75,2023_08
18-302-00115,18.0,2023_08
18-302-00116,18.375,2023_08
18-302-00117,17.333333333333332,2023_08
18-302-00118,16.333333333333332,2023_08
18-302-00119,18.333333333333332,2023_08
18-303-00120,19.5,2023_08
18-303-00121,18.571428571428573,2023_08
18-303-00122,18.6,2023_08
18-303-00123,18.333333333333332,2023_08
18-799-00124,17.5,2023_08
18-799-00125,,2023_08
18-304-00126,16.0,2023_08
18-304-00127,16.0,2023_08
18-304-00128,19.2,2023_08
18-304-00129,18.0,2023_08
18-305-00130,14.6,2023_08
18-305-00131,16.2,2023_08
18-305-00132,16.0,2023_08
18-305-00133,16.8,2023_08
18-305-00134,17.4,2023_08
18-305-00135,16.6,2023_08
18-305-00136,16.8,2023_08
18-306-00137,16.0,2023_08
18-306-00138,12.285714285714286,2023_08
18-306-00139,15.166666666666666,2023_08
18-306-00140,15.11111111111111,2023_08
18-307-00141,10.2,2023_08
18-307-00142,13.8,2023_08
18-307-00143,13.2,2023_08
18-307-00144,10.142857142857142,2023_08
18-307-00145,11.75,2023_08
18-307-00146,12.714285714285714,2023_08
18-307-00147,14.75,2023_08
18-308-00148,,2023_08
18-308-00149,8.5,2023_08
18-308-00150,13.5,2023_08
18-308-00151,13.916666666666666,2023_08
18-308-00152,17.454545454545453,2023_08
18-308-00153,12.8,2023_08
18-309-00154,18.083333333333332,2023_08
18-309-00155,17.071428571428573,2023_08
18-309-00156,15.928571428571429,2023_08
18-309-00157,16.470588235294116,2023_08
18-310-00158,13.0,2023_08
18-310-00159,14.666666666666666,2023_08
18-310-00160,17.0,2023_08
18-310-00161,15.25,2023_08
18-310-00162,14.2,2023_08
18-310-00163,16.75,2023_08
18-310-00164,16.857142857142858,2023_08
18-311-00165,13.333333333333334,2023_08
18-311-00166,14.833333333333334,2023_08
18-311-00167,14.8,2023_08
18-311-00168,17.25,2023_08
18-312-00169,16.2,2023_08
18-312-00170,15.5,2023_08
18-312-00171,15.5,2023_08
18-313-00172,16.0,2023_08
18-313-00173,13.6,2023_08
18-313-00174,13.8,2023_08
18-313-00175,16.3,2023_08
18-313-00176,17.75,2023_08
18-313-00177,16.181818181818183,2023_08
18-314-00178,19.705882352941178,2023_08
18-314-00179,17.227272727272727,2023_08
18-315-00180,14.08695652173913,2023_08
18-315-00181,11.866666666666667,2023_08
18-315-00182,10.666666666666666,2023_08
18-315-00183,11.538461538461538,2023_08
18-316-00184,14.8,2023_08
18-316-00185,15.727272727272727,2023_08
18-316-00186,14.166666666666666,2023_08
18-316-00187,16.23076923076923,2023_08
18-316-00188,15.0,2023_08
18-317-00189,16.5,2023_08
18-317-00190,16.333333333333332,2023_08
18-317-00191,16.0,2023_08
18-317-00192,17.1,2023_08
18-317-00193,17.833333333333332,2023_08
18-318-00194,17.5,2023_08
18-318-00195,17.0,2023_08
18-318-00196,17.333333333333332,2023_08
18-318-00197,17.7,2023_08
18-319-00198,19.25,2023_08
18-319-00199,19.0,2023_08
18-319-00200,19.4,2023_08
18-319-00201,21.0,2023_08
18-319-00202,20.5,2023_08
18-320-00203,19.0,2023_08
18-320-00204,,2023_08
18-320-00205,17.6,2023_08
18-320-00206,21.0,2023_08
18-320-00207,19.363636363636363,2023_08
18-321-00208,17.5,2023_08
18-321-00209,18.0,2023_08
18-321-00210,16.666666666666668,2023_08
18-321-00211,16.285714285714285,2023_08
18-321-00212,20.571428571428573,2023_08
18-321-00213,16.75,2023_08
18-321-00214,16.5,2023_08
18-321-00215,16.666666666666668,2023_08
18-321-00216,20.714285714285715,2023_08
18-321-00217,16.0,2023_08
18-321-00218,18.0,2023_08
18-322-00219,17.0,2023_08
18-322-00220,18.625,2023_08
18-322-00221,20.0,2023_08
18-323-00222,17.0,2023_08
18-323-00223,15.666666666666666,2023_08
18-323-00224,17.0,2023_08
18-323-00225,17.0,2023_08
18-323-00226,16.0,2023_08
18-323-00227,17.0,2023_08
18-323-00228,19.0,2023_08
18-324-00260,16.5,2023_08
18-323-00230,,2023_08
18-324-00231,18.285714285714285,2023_08
18-324-00232,19.0,2023_08
18-324-00233,16.0,2023_08
18-324-00234,18.0,2023_08
18-816-00235,,2023_08
18-816-00236,,2023_08
18-325-00237,,2023_08
18-325-00238,16.0,2023_08
18-325-00239,17.0,2023_08
18-326-00240,13.0,2023_08
18-326-00241,18.25,2023_08
18-326-00242,,2023_08
18-326-00243,,2023_08
18-326-00244,13.0,2023_08
18-326-00245,22.375,2023_08
18-326-00246,19.75,2023_08
18-326-00247,16.0,2023_08
18-755-00248,15.4,2023_08
18-756-00249,16.384615384615383,2023_08
18-756-00250,15.857142857142858,2023_08
18-756-00251,12.0,2023_08
18-757-00252,16.6,2023_08
18-757-00253,19.0,2023_08
18-757-00254,15.333333333333334,2023_08
18-759-00255,20.738095238095237,2023_08
18-758-00256,21.833333333333332,2023_08
18-758-00257,23.2,2023_08
18-816-00258,,2023_08
18-816-00259,18.75,2023_08
18-816-00261,18.714285714285715,2023_08
18-324-00262,18.0,2023_08
18-324-00263,18.0,2023_08
18-303-00264,19.0,2023_08
18-799-00265,18.5,2023_08
18-303-00266,17.0,2023_08
18-322-00267,16.0,2023_08
18-326-00268,18.333333333333332,2023_08
18-325-00269,15.714285714285714,2023_08
18-325-00270,14.444444444444445,2023_08
18-304-00271,19.125,2023_08
18-321-00272,20.0,2023_08
18-321-00273,18.333333333333332,2023_08
18-301-00274,16.0,2023_08
18-312-00276,13.0,2023_08
18-312-00277,14.0,2023_08
18-755-00278,18.0,2023_08
18-755-00279,11.833333333333334,2023_08
18-760-00280,11.75,2023_08
18-760-00281,12.727272727272727,2023_08
18-314-00275,15.791666666666666,2023_08
18-300-00101,53.470588235294116,2023_09
18-300-00102,53.0,2023_09
18-300-00103,53.6,2023_09
18-300-00104,53.38461538461539,2023_09
18-300-00105,53.333333333333336,2023_09
18-300-00106,,2023_09
18-300-00107,52.5,2023_09
18-300-00108,51.0,2023_09
18-301-00109,54.0,2023_09
18-301-00110,55.0,2023_09
18-301-00111,53.666666666666664,2023_09
18-301-00112,52.5,2023_09
18-301-00113,54.0,2023_09
18-301-00114,52.25,2023_09
18-302-00115,51.0,2023_09
18-302-00116,48.875,2023_09
18-302-00117,47.666666666666664,2023_09
18-302-00118,46.333333333333336,2023_09
18-302-00119,52.333333333333336,2023_09
18-303-00120,50.0,2023_09
18-303-00121,49.285714285714285,2023_09
18-303-00122,50.8,2023_09
18-303-00123,49.333333333333336,2023_09
18-799-00124,49.5,2023_09
18-799-00125,,2023_09
18-304-00126,50.5,2023_09
18-304-00127,55.0,2023_09
18-304-00128,53.2,2023_09
18-304-00129,51.0,2023_09
18-305-00130,57.8,2023_09
18-305-00131,52.4,2023_09
18-305-00132,54.75,2023_09
18-305-00133,54.4,2023_09
18-305-00134,55.0,2023_09
18-305-00135,53.0,2023_09
18-305-00136,53.4,2023_09
18-306-00137,60.470588235294116,2023_09
18-306-00138,56.07142857142857,2023_09
18-306-00139,54.5,2023_09
18-306-00140,58.0,2023_09
18-307-00141,47.6,2023_09
18-307-00142,57.8,2023_09
18-307-00143,55.0,2023_09
18-307-00144,53.285714285714285,2023_09
18-307-00145,56.25,2023_09
18-307-00146,58.857142857142854,2023_09
18-307-00147,62.5,2023_09
18-308-00148,,2023_09
18-308-00149,47.5,2023_09
18-308-00150,59.666666666666664,2023_09
18-308-00151,59.75,2023_09
18-308-00152,63.09090909090909,2023_09
18-308-00153,60.6,2023_09
18-309-00154,62.083333333333336,2023_09
18-309-00155,57.785714285714285,2023_09
18-309-00156,59.714285714285715,2023_09
18-309-00157,58.35294117647059,2023_09
18-310-00158,59.27272727272727,2023_09
18-310-00159,61.0,2023_09
18-310-00160,62.625,2023_09
18-310-00161,59.75,2023_09
18-310-00162,59.4,2023_09
18-310-00163,60.25,2023_09
18-310-00164,56.285714285714285,2023_09
18-311-00165,57.5,2023_09
18-311-00166,58.0,2023_09
18-311-00167,54.0,2023_09
18-311-00168,60.0,2023_09
18-312-00169,55.6,2023_09
18-312-00170,56.0,2023_09
18-312-00171,56.625,2023_09
18-313-00172,57.45454545454545,2023_09
18-313-00173,52.8,2023_09
18-313-00174,52.8,2023_09
18-313-00175,52.3,2023_09
18-313-00176,54.75,2023_09
18-313-00177,52.0,2023_09
18-314-00178,55.76470588235294,2023_09
18-314-00179,54.95454545454545,2023_09
18-315-00180,50.82608695652174,2023_09
18-315-00181,40.666666666666664,2023_09
18-315-00182,38.333333333333336,2023_09
18-315-00183,44.65384615384615,2023_09
18-316-00184,45.5,2023_09
18-316-00185,49.09090909090909,2023_09
18-316-00186,46.166666666666664,2023_09
18-316-00187,41.61538461538461,2023_09
18-316-00188,45.888888888888886,2023_09
18-317-00189,53.5,2023_09
18-317-00190,50.666666666666664,2023_09
18-317-00191,48.4,2023_09
18-317-00192,42.8,2023_09
18-317-00193,45.5,2023_09
18-318-00194,52.0,2023_09
18-318-00195,51.0,2023_09
18-318-00196,46.333333333333336,2023_09
18-318-00197,41.2,2023_09
18-319-00198,50.25,2023_09
18-319-00199,50.333333333333336,2023_09
18-319-00200,51.0,2023_09
18-319-00201,50.0,2023_09
18-319-00202,54.0,2023_09
18-320-00203,54.0,2023_09
18-320-00204,,2023_09
18-320-00205,51.7,2023_09
18-320-00206,52.0,2023_09
18-320-00207,54.18181818181818,2023_09
18-321-00208,57.5,2023_09
18-321-00209,57.0,2023_09
18-321-00210,57.333333333333336,2023_09
18-321-00211,51.714285714285715,2023_09
18-321-00212,51.857142857142854,2023_09
18-321-00213,48.75,2023_09
18-321-00214,47.5,2023_09
18-321-00215,49.333333333333336,2023_09
18-321-00216,53.0,2023_09
18-321-00217,54.0,2023_09
18-321-00218,57.0,2023_09
18-322-00219,54.0,2023_09
18-322-00220,58.375,2023_09
18-322-00221,59.0,2023_09
18-323-00222,52.0,2023_09
18-323-00223,49.666666666666664,2023_09
18-323-00224,50.0,2023_09
18-323-00225,55.0,2023_09
18-323-00226,54.0,2023_09
18-323-00227,52.0,2023_09
18-323-00228,59.0,2023_09
18-324-00260,55.0,2023_09
18-323-00230,,2023_09
18-324-00231,54.42857142857143,2023_09
18-324-00232,53.0,2023_09
18-324-00233,51.666666666666664,2023_09
18-324-00234,54.0,2023_09
18-816-00235,,2023_09
18-816-00236,,2023_09
18-325-00237,,2023_09
18-325-00238,58.0,2023_09
18-325-00239,54.666666666666664,2023_09
18-326-00240,55.0,2023_09
18-326-00241,61.25,2023_09
18-326-00242,,2023_09
18-326-00243,,2023_09
18-326-00244,57.0,2023_09
18-326-00245,63.875,2023_09
18-326-00246,64.75,2023_09
18-326-00247,62.333333333333336,2023_09
18-755-00248,57.4,2023_09
18-756-00249,60.0,2023_09
18-756-00250,59.0,2023_09
18-756-00251,52.5,2023_09
18-757-00252,52.4,2023_09
18-757-00253,55.0,2023_09
18-757-00254,52.5,2023_09
18-759-00255,54.023809523809526,2023_09
18-758-00256,50.833333333333336,2023_09
18-758-00257,49.0,2023_09
18-816-00258,,2023_09
18-816-00259,61.25,2023_09
18-816-00261,59.285714285714285,2023_09
18-324-00262,54.0,2023_09
18-324-00263,50.0,2023_09
18-303-00264,53.5,2023_09
18-799-00265,51.0,2023_09
18-303-00266,49.5,2023_09
18-322-00267,54.0,2023_09
18-326-00268,60.666666666666664,2023_09
18-325-00269,56.142857142857146,2023_09
18-325-00270,58.22222222222222,2023_09
18-304-00271,55.5,2023_09
18-321-00272,53.333333333333336,2023_09
18-321-00273,52.666666666666664,2023_09
18-301-00274,56.0,2023_09
18-312-00276,54.0,2023_09
18-312-00277,55.5,2023_09
18-755-00278,55.5,2023_09
18-755-00279,52.166666666666664,2023_09
18-760-00280,54.25,2023_09
18-760-00281,56.09090909090909,2023_09
18-314-00275,51.416666666666664,2023_09
18-300-00101,11.647058823529411,2023_10
18-300-00102,11.5,2023_10
18-300-00103,12.0,2023_10
18-300-00104,10.692307692307692,2023_10
18-300-00105,11.666666666666666,2023_10
18-300-00106,,2023_10
18-300-00107,12.0,2023_10
18-300-00108,9.0,2023_10
18-301-00109,10.666666666666666,2023_10
18-301-00110,13.0,2023_10
18-301-00111,12.333333333333334,2023_10
18-301-00112,13.0,2023_10
18-301-00113,8.5,2023_10
18-301-00114,9.5,2023_10
18-302-00115,11.25,2023_10
18-302-00116,10.5,2023_10
18-302-00117,11.666666666666666,2023_10
18-302-00118,11.666666666666666,2023_10
18-302-00119,11.333333333333334,2023_10
18-303-00120,11.0,2023_10
18-303-00121,10.857142857142858,2023_10
18-303-00122,10.6,2023_10
18-303-00123,11.0,2023_10
18-799-00124,14.0,2023_10
18-799-00125,,2023_10
18-304-00126,14.0,2023_10
18-304-00127,13.5,2023_10
18-304-00128,14.8,2023_10
18-304-00129,15.0,2023_10
18-305-00130,17.4,2023_10
18-305-00131,16.0,2023_10
18-305-00132,16.5,2023_10
18-305-00133,15.8,2023_10
18-305-00134,16.0,2023_10
18-305-00135,15.0,2023_10
18-305-00136,16.0,2023_10
18-306-00137,16.823529411764707,2023_10
18-306-00138,14.142857142857142,2023_10
18-306-00139,17.0,2023_10
18-306-00140,16.77777777777778,2023_10
18-307-00141,12.0,2023_10
18-307-00142,14.4,2023_10
18-307-00143,14.6,2023_10
18-307-00144,14.0,2023_10
18-307-00145,14.5,2023_10
18-307-00146,14.142857142857142,2023_10
18-307-00147,17.0,2023_10
18-308-00148,,2023_10
18-308-00149,12.5,2023_10
18-308-00150,14.666666666666666,2023_10
18-308-00151,14.666666666666666,2023_10
18-308-00152,15.272727272727273,2023_10
18-308-00153,14.4,2023_10
18-309-00154,17.666666666666668,2023_10
18-309-00155,15.5,2023_10
18-309-00156,13.5,2023_10
18-309-00157,14.588235294117647,2023_10
18-310-00158,14.545454545454545,2023_10
18-310-00159,15.333333333333334,2023_10
18-310-00160,16.0,2023_10
18-310-00161,14.0,2023_10
18-310-00162,15.4,2023_10
18-310-00163,15.0,2023_10
18-310-00164,13.142857142857142,2023_10
18-311-00165,14.333333333333334,2023_10
18-311-00166,15.0,2023_10
18-311-00167,15.0,2023_10
18-311-00168,16.75,2023_10
18-312-00169,16.6,2023_10
18-312-00170,17.0,2023_10
18-312-00171,16.5,2023_10
18-313-00172,15.363636363636363,2023_10
18-313-00173,15.2,2023_10
18-313-00174,15.2,2023_10
18-313-00175,17.0,2023_10
18-313-00176,15.0,2023_10
18-313-00177,17.09090909090909,2023_10
18-314-00178,18.647058823529413,2023_10
18-314-00179,16.545454545454547,2023_10
18-315-00180,15.08695652173913,2023_10
18-315-00181,7.933333333333334,2023_10
18-315-00182,8.0,2023_10
18-315-00183,13.307692307692308,2023_10
18-316-00184,6.5,2023_10
18-316-00185,9.545454545454545,2023_10
18-316-00186,8.333333333333334,2023_10
18-316-00187,9.692307692307692,2023_10
18-316-00188,10.666666666666666,2023_10
18-317-00189,7.0,2023_10
18-317-00190,8.0,2023_10
18-317-00191,10.2,2023_10
18-317-00192,13.1,2023_10
18-317-00193,12.333333333333334,2023_10
18-318-00194,10.0,2023_10
18-318-00195,12.5,2023_10
18-318-00196,12.0,2023_10
18-318-00197,11.9,2023_10
18-319-00198,10.0,2023_10
18-319-00199,9.333333333333334,2023_10
18-319-00200,9.8,2023_10
18-319-00201,11.0,2023_10
18-319-00202,12.0,2023_10
18-320-00203,11.0,2023_10
18-320-00204,,2023_10
18-320-00205,11.7,2023_10
18-320-00206,11.5,2023_10
18-320-00207,12.545454545454545,2023_10
18-321-00208,14.0,2023_10
18-321-00209,13.0,2023_10
18-321-00210,12.0,2023_10
18-321-00211,10.571428571428571,2023_10
18-321-00212,9.428571428571429,2023_10
18-321-00213,10.0,2023_10
18-321-00214,10.0,2023_10
18-321-00215,11.0,2023_10
18-321-00216,10.0,2023_10
18-321-00217,12.0,2023_10
18-321-00218,15.0,2023_10
18-322-00219,13.0,2023_10
18-322-00220,14.5,2023_10
18-322-00221,15.0,2023_10
18-323-00222,14.0,2023_10
18-323-00223,10.666666666666666,2023_10
18-323-00224,9.833333333333334,2023_10
18-323-00225,11.0,2023_10
18-323-00226,15.0,2023_10
18-323-00227,14.0,2023_10
18-323-00228,15.0,2023_10
18-324-00260,12.75,2023_10
18-323-00230,,2023_10
18-324-00231,14.428571428571429,2023_10
18-324-00232,14.0,2023_10
18-324-00233,13.0,2023_10
18-324-00234,14.0,2023_10
18-816-00235,,2023_10
18-816-00236,,2023_10
18-325-00237,,2023_10
18-325-00238,14.0,2023_10
18-325-00239,12.833333333333334,2023_10
18-326-00240,14.0,2023_10
18-326-00241,14.5,2023_10
18-326-00242,,2023_10
18-326-00243,,2023_10
18-326-00244,15.0,2023_10
18-326-00245,16.75,2023_10
18-326-00246,18.375,2023_10
18-326-00247,17.0,2023_10
18-755-00248,15.0,2023_10
18-756-00249,16.153846153846153,2023_10
18-756-00250,16.571428571428573,2023_10
18-756-00251,13.0,2023_10
18-757-00252,16.0,2023_10
18-757-00253,17.0,2023_10
18-757-00254,16.416666666666668,2023_10
18-759-00255,15.5,2023_10
18-758-00256,13.166666666666666,2023_10
18-758-00257,13.2,2023_10
18-816-00258,,2023_10
18-816-00259,14.75,2023_10
18-816-00261,15.142857142857142,2023_10
18-324-00262,14.0,2023_10
18-324-00263,14.0,2023_10
18-303-00264,12.75,2023_10
18-799-00265,13.0,2023_10
18-303-00266,10.5,2023_10
18-322-00267,12.0,2023_10
18-326-00268,13.333333333333334,2023_10
18-325-00269,14.285714285714286,2023_10
18-325-00270,14.88888888888889,2023_10
18-304-00271,14.75,2023_10
18-321-00272,11.666666666666666,2023_10
18-321-00273,12.0,2023_10
18-301-00274,12.5,2023_10
18-312-00276,15.833333333333334,2023_10
18-312-00277,16.5,2023_10
18-755-00278,14.333333333333334,2023_10
18-755-00279,14.333333333333334,2023_10
18-760-00280,15.0,2023_10
18-760-00281,15.363636363636363,2023_10
18-314-00275,15.604166666666666,2023_10
18-300-00101,23.294117647058822,2023_11
18-300-00102,20.0,2023_11
18-300-00103,21.2,2023_11
18-300-00104,24.0,2023_11
18-300-00105,20.166666666666668,2023_11
18-300-00106,,2023_11
18-300-00107,21.0,2023_11
18-300-00108,19.0,2023_11
18-301-00109,21.0,2023_11
18-301-00110,22.0,2023_11
18-301-00111,22.0,2023_11
18-301-00112,21.25,2023_11
18-301-00113,19.5,2023_11
18-301-00114,19.5,2023_11
18-302-00115,20.75,2023_11
18-302-00116,19.625,2023_11
18-302-00117,21.166666666666668,2023_11
18-302-00118,21.666666666666668,2023_11
18-302-00119,24.666666666666668,2023_11
18-303-00120,18.75,2023_11
18-303-00121,19.714285714285715,2023_11
18-303-00122,17.4,2023_11
18-303-00123,18.0,2023_11
18-799-00124,14.0,2023_11
18-799-00125,,2023_11
18-304-00126,14.0,2023_11
18-304-00127,14.0,2023_11
18-304-00128,17.8,2023_11
18-304-00129,18.0,2023_11
18-305-00130,15.2,2023_11
18-305-00131,14.8,2023_11
18-305-00132,14.25,2023_11
18-305-00133,16.0,2023_11
18-305-00134,18.0,2023_11
18-305-00135,17.6,2023_11
18-305-00136,17.8,2023_11
18-306-00137,21.705882352941178,2023_11
18-306-00138,18.714285714285715,2023_11
18-306-00139,14.833333333333334,2023_11
18-306-00140,19.444444444444443,2023_11
18-307-00141,11.8,2023_11
18-307-00142,18.0,2023_11
18-307-00143,14.8,2023_11
18-307-00144,15.857142857142858,2023_11
18-307-00145,14.375,2023_11
18-307-00146,16.571428571428573,2023_11
18-307-00147,23.75,2023_11
18-308-00148,,2023_11
18-308-00149,14.5,2023_11
18-308-00150,16.666666666666668,2023_11
18-308-00151,17.0,2023_11
18-308-00152,15.454545454545455,2023_11
18-308-00153,21.2,2023_11
18-309-00154,24.333333333333332,2023_11
18-309-00155,17.428571428571427,2023_11
18-309-00156,16.0,2023_11
18-309-00157,17.0,2023_11
18-310-00158,15.0,2023_11
18-310-00159,13.166666666666666,2023_11
18-310-00160,14.625,2023_11
18-310-00161,16.0,2023_11
18-310-00162,17.4,2023_11
18-310-00163,15.0,2023_11
18-310-00164,17.428571428571427,2023_11
18-311-00165,17.5,2023_11
18-311-00166,18.166666666666668,2023_11
18-311-00167,15.2,2023_11
18-311-00168,18.5,2023_11
18-312-00169,17.4,2023_11
18-312-00170,17.833333333333332,2023_11
18-312-00171,18.0,2023_11
18-313-00172,17.363636363636363,2023_11
18-313-00173,14.6,2023_11
18-313-00174,14.8,2023_11
18-313-00175,18.4,2023_11
18-313-00176,15.75,2023_11
18-313-00177,18.90909090909091,2023_11
18-314-00178,22.470588235294116,2023_11
18-314-00179,21.363636363636363,2023_11
18-315-00180,20.17391304347826,2023_11
18-315-00181,22.066666666666666,2023_11
18-315-00182,22.0,2023_11
18-315-00183,19.076923076923077,2023_11
18-316-00184,22.0,2023_11
18-316-00185,22.09090909090909,2023_11
18-316-00186,20.0,2023_11
18-316-00187,16.846153846153847,2023_11
18-316-00188,20.88888888888889,2023_11
18-317-00189,21.5,2023_11
18-317-00190,22.333333333333332,2023_11
18-317-00191,19.6,2023_11
18-317-00192,17.9,2023_11
18-317-00193,19.166666666666668,2023_11
18-318-00194,25.0,2023_11
18-318-00195,21.0,2023_11
18-318-00196,19.166666666666668,2023_11
18-318-00197,18.0,2023_11
18-319-00198,19.25,2023_11
18-319-00199,18.666666666666668,2023_11
18-319-00200,19.8,2023_11
18-319-00201,19.0,2023_11
18-319-00202,21.5,2023_11
18-320-00203,21.0,2023_11
18-320-00204,,2023_11
18-320-00205,24.6,2023_11
18-320-00206,21.5,2023_11
18-320-00207,22.90909090909091,2023_11
18-321-00208,17.0,2023_11
18-321-00209,17.0,2023_11
18-321-00210,18.666666666666668,2023_11
18-321-00211,18.142857142857142,2023_11
18-321-00212,22.142857142857142,2023_11
18-321-00213,19.5,2023_11
18-321-00214,20.0,2023_11
18-321-00215,20.0,2023_11
18-321-00216,24.0,2023_11
18-321-00217,20.0,2023_11
18-321-00218,17.0,2023_11
18-322-00219,19.0,2023_11
18-322-00220,21.625,2023_11
18-322-00221,20.0,2023_11
18-323-00222,15.0,2023_11
18-323-00223,15.666666666666666,2023_11
18-323-00224,18.333333333333332,2023_11
18-323-00225,17.0,2023_11
18-323-00226,15.0,2023_11
18-323-00227,15.0,2023_11
18-323-00228,18.0,2023_11
18-324-00260,16.75,2023_11
18-323-00230,,2023_11
18-324-00231,20.285714285714285,2023_11
18-324-00232,14.0,2023_11
18-324-00233,18.0,2023_11
18-324-00234,14.0,2023_11
18-816-00235,,2023_11
18-816-00236,,2023_11
18-325-00237,,2023_11
18-325-00238,15.0,2023_11
18-325-00239,16.166666666666668,2023_11
18-326-00240,17.0,2023_11
18-326-00241,22.25,2023_11
18-326-00242,,2023_11
18-326-00243,,2023_11
18-326-00244,16.0,2023_11
18-326-00245,26.75,2023_11
18-326-00246,25.375,2023_11
18-326-00247,20.666666666666668,2023_11
18-755-00248,15.6,2023_11
18-756-00249,23.53846153846154,2023_11
18-756-00250,21.714285714285715,2023_11
18-756-00251,14.75,2023_11
18-757-00252,19.6,2023_11
18-757-00253,20.25,2023_11
18-757-00254,18.5,2023_11
18-759-00255,21.5,2023_11
18-758-00256,21.666666666666668,2023_11
18-758-00257,20.8,2023_11
18-816-00258,,2023_11
18-816-00259,19.0,2023_11
18-816-00261,19.142857142857142,2023_11
18-324-00262,14.666666666666666,2023_11
18-324-00263,16.0,2023_11
18-303-00264,20.0,2023_11
18-799-00265,17.5,2023_11
18-303-00266,19.0,2023_11
18-322-00267,20.0,2023_11
18-326-00268,19.666666666666668,2023_11
18-325-00269,14.0,2023_11
18-325-00270,16.555555555555557,2023_11
18-304-00271,17.75,2023_11
18-321-00272,22.666666666666668,2023_11
18-321-00273,22.166666666666668,2023_11
18-301-00274,20.5,2023_11
18-312-00276,14.833333333333334,2023_11
18-312-00277,15.5,2023_11
18-755-00278,20.833333333333332,2023_11
18-755-00279,14.166666666666666,2023_11
18-760-00280,12.25,2023_11
18-760-00281,15.727272727272727,2023_11
18-314-00275,17.125,2023_11
18-300-00101,32.88235294117647,2023_12
18-300-00102,31.0,2023_12
18-300-00103,33.2,2023_12
18-300-00104,34.30769230769231,2023_12
18-300-00105,26.666666666666668,2023_12
18-300-00106,,2023_12
18-300-00107,26.0,2023_12
18-300-00108,30.0,2023_12
18-301-00109,27.0,2023_12
18-301-00110,26.0,2023_12
18-301-00111,26.333333333333332,2023_12
18-301-00112,26.25,2023_12
18-301-00113,28.0,2023_12
18-301-00114,30.25,2023_12
18-302-00115,29.25,2023_12
18-302-00116,28.25,2023_12
18-302-00117,28.5,2023_12
18-302-00118,29.666666666666668,2023_12
18-302-00119,29.0,2023_12
18-303-00120,29.0,2023_12
18-303-00121,30.0,2023_12
18-303-00122,30.0,2023_12
18-303-00123,30.0,2023_12
18-799-00124,31.0,2023_12
18-799-00125,,2023_12
18-304-00126,28.5,2023_12
18-304-00127,29.0,2023_12
18-304-00128,28.4,2023_12
18-304-00129,29.0,2023_12
18-305-00130,29.2,2023_12
18-305-00131,27.0,2023_12
18-305-00132,28.75,2023_12
18-305-00133,31.2,2023_12
18-305-00134,26.8,2023_12
18-305-00135,25.0,2023_12
18-305-00136,23.6,2023_12
18-306-00137,36.88235294117647,2023_12
18-306-00138,32.214285714285715,2023_12
18-306-00139,31.333333333333332,2023_12
18-306-00140,32.77777777777778,2023_12
18-307-00141,25.2,2023_12
18-307-00142,33.4,2023_12
18-307-00143,30.6,2023_12
18-307-00144,30.857142857142858,2023_12
18-307-00145,30.875,2023_12
18-307-00146,30.0,2023_12
18-307-00147,39.0,2023_12
18-308-00148,,2023_12
18-308-00149,15.5,2023_12
18-308-00150,34.5,2023_12
18-308-00151,33.083333333333336,2023_12
18-308-00152,33.63636363636363,2023_12
18-308-00153,36.8,2023_12
18-309-00154,37.583333333333336,2023_12
18-309-00155,32.42857142857143,2023_12
18-309-00156,31.214285714285715,2023_12
18-309-00157,32.529411764705884,2023_12
18-310-00158,30.181818181818183,2023_12
18-310-00159,26.5,2023_12
18-310-00160,28.375,2023_12
18-310-00161,27.0,2023_12
18-310-00162,27.4,2023_12
18-310-00163,23.25,2023_12
18-310-00164,25.142857142857142,2023_12
18-311-00165,27.833333333333332,2023_12
18-311-00166,28.0,2023_12
18-311-00167,25.6,2023_12
18-311-00168,24.75,2023_12
18-312-00169,28.0,2023_12
18-312-00170,23.666666666666668,2023_12
18-312-00171,23.125,2023_12
18-313-00172,28.636363636363637,2023_12
18-313-00173,26.6,2023_12
18-313-00174,24.0,2023_12
18-313-00175,22.2,2023_12
18-313-00176,23.5,2023_12
18-313-00177,20.09090909090909,2023_12
18-314-00178,17.764705882352942,2023_12
18-314-00179,19.136363636363637,2023_12
18-315-00180,8.130434782608695,2023_12
18-315-00181,8.6,2023_12
18-315-00182,7.5,2023_12
18-315-00183,8.76923076923077,2023_12
18-316-00184,17.6,2023_12
18-316-00185,19.545454545454547,2023_12
18-316-00186,19.0,2023_12
18-316-00187,19.0,2023_12
18-316-00188,19.11111111111111,2023_12
18-317-00189,20.0,2023_12
18-317-00190,19.333333333333332,2023_12
18-317-00191,19.2,2023_12
18-317-00192,19.0,2023_12
18-317-00193,18.666666666666668,2023_12
18-318-00194,20.0,2023_12
18-318-00195,19.0,2023_12
18-318-00196,18.666666666666668,2023_12
18-318-00197,18.7,2023_12
18-319-00198,32.5,2023_12
18-319-00199,29.666666666666668,2023_12
18-319-00200,32.2,2023_12
18-319-00201,32.0,2023_12
18-319-00202,35.0,2023_12
18-320-00203,34.0,2023_12
18-320-00204,,2023_12
18-320-00205,32.1,2023_12
18-320-00206,33.5,2023_12
18-320-00207,36.45454545454545,2023_12
18-321-00208,32.5,2023_12
18-321-00209,33.0,2023_12
18-321-00210,32.333333333333336,2023_12
18-321-00211,30.285714285714285,2023_12
18-321-00212,23.142857142857142,2023_12
18-321-00213,27.75,2023_12
18-321-00214,28.0,2023_12
18-321-00215,28.0,2023_12
18-321-00216,21.285714285714285,2023_12
18-321-00217,30.0,2023_12
18-321-00218,32.0,2023_12
18-322-00219,30.0,2023_12
18-322-00220,29.25,2023_12
18-322-00221,32.0,2023_12
18-323-00222,31.0,2023_12
18-323-00223,29.666666666666668,2023_12
18-323-00224,29.0,2023_12
18-323-00225,33.0,2023_12
18-323-00226,30.0,2023_12
18-323-00227,31.0,2023_12
18-323-00228,31.0,2023_12
18-324-00260,27.75,2023_12
18-323-00230,,2023_12
18-324-00231,34.857142857142854,2023_12
18-324-00232,32.0,2023_12
18-324-00233,31.666666666666668,2023_12
18-324-00234,33.0,2023_12
18-816-00235,,2023_12
18-816-00236,,2023_12
18-325-00237,,2023_12
18-325-00238,30.5,2023_12
18-325-00239,30.5,2023_12
18-326-00240,34.0,2023_12
18-326-00241,29.5,2023_12
18-326-00242,,2023_12
18-326-00243,,2023_12
18-326-00244,29.0,2023_12
18-326-00245,32.25,2023_12
18-326-00246,32.125,2023_12
18-326-00247,34.333333333333336,2023_12
18-755-00248,23.2,2023_12
18-756-00249,40.38461538461539,2023_12
18-756-00250,39.57142857142857,2023_12
18-756-00251,29.75,2023_12
18-757-00252,20.4,2023_12
18-757-00253,25.25,2023_12
18-757-00254,18.0,2023_12
18-759-00255,10.857142857142858,2023_12
18-758-00256,24.166666666666668,2023_12
18-758-00257,20.6,2023_12
18-816-00258,,2023_12
18-816-00259,33.25,2023_12
18-816-00261,32.714285714285715,2023_12
18-324-00262,32.666666666666664,2023_12
18-324-00263,35.0,2023_12
18-303-00264,35.0,2023_12
18-799-00265,31.5,2023_12
18-303-00266,28.5,2023_12
18-322-00267,30.0,2023_12
18-326-00268,29.666666666666668,2023_12
18-325-00269,28.857142857142858,2023_12
18-325-00270,30.333333333333332,2023_12
18-304-00271,28.25,2023_12
18-321-00272,27.0,2023_12
18-321-00273,26.5,2023_12
18-301-00274,26.5,2023_12
18-312-00276,25.333333333333332,2023_12
18-312-00277,25.5,2023_12
18-755-00278,23.166666666666668,2023_12
18-755-00279,22.5,2023_12
18-760-00280,28.25,2023_12
18-760-00281,29.363636363636363,2023_12
18-314-00275,19.041666666666668,2023_12
18-300-00101,3.764705882352941,2024_01
18-300-00102,3.5,2024_01
18-300-00103,3.6,2024_01
18-300-00104,2.076923076923077,2024_01
18-300-00105,1.5,2024_01
18-300-00106,,2024_01
18-300-00107,1.0,2024_01
18-300-00108,2.0,2024_01
18-301-00109,1.6666666666666667,2024_01
18-301-00110,1.0,2024_01
18-301-00111,1.0,2024_01
18-301-00112,1.0,2024_01
18-301-00113,1.5,2024_01
18-301-00114,2.0,2024_01
18-302-00115,1.875,2024_01
18-302-00116,1.625,2024_01
18-302-00117,4.166666666666667,2024_01
18-302-00118,1.3333333333333333,2024_01
18-302-00119,2.3333333333333335,2024_01
18-303-00120,7.0,2024_01
18-303-00121,6.142857142857143,2024_01
18-303-00122,6.6,2024_01
18-303-00123,7.333333333333333,2024_01
18-799-00124,3.0,2024_01
18-799-00125,,2024_01
18-304-00126,7.5,2024_01
18-304-00127,7.0,2024_01
18-304-00128,5.8,2024_01
18-304-00129,5.0,2024_01
18-305-00130,5.6,2024_01
18-305-00131,4.4,2024_01
18-305-00132,7.25,2024_01
18-305-00133,6.8,2024_01
18-305-00134,4.2,2024_01
18-305-00135,3.0,2024_01
18-305-00136,1.6,2024_01
18-306-00137,5.294117647058823,2024_01
18-306-00138,4.857142857142857,2024_01
18-306-00139,6.0,2024_01
18-306-00140,5.777777777777778,2024_01
18-307-00141,2.2,2024_01
18-307-00142,11.0,2024_01
18-307-00143,7.4,2024_01
18-307-00144,10.714285714285714,2024_01
18-307-00145,5.75,2024_01
18-307-00146,8.0,2024_01
18-307-00147,7.75,2024_01
18-308-00148,,2024_01
18-308-00149,10.5,2024_01
18-308-00150,6.666666666666667,2024_01
18-308-00151,8.0,2024_01
18-308-00152,9.636363636363637,2024_01
18-308-00153,7.6,2024_01
18-309-00154,4.916666666666667,2024_01
18-309-00155,8.214285714285714,2024_01
18-309-00156,5.428571428571429,2024_01
18-309-00157,7.9411764705882355,2024_01
18-310-00158,7.545454545454546,2024_01
18-310-00159,5.5,2024_01
18-310-00160,4.0,2024_01
18-310-00161,3.25,2024_01
18-310-00162,3.6,2024_01
18-310-00163,1.0,2024_01
18-310-00164,0.0,2024_01
18-311-00165,5.333333333333333,2024_01
18-311-00166,6.666666666666667,2024_01
18-311-00167,2.6,2024_01
18-311-00168,2.0,2024_01
18-312-00169,5.0,2024_01
18-312-00170,0.6666666666666666,2024_01
18-312-00171,0.5,2024_01
18-313-00172,3.6363636363636362,2024_01
18-313-00173,6.4,2024_01
18-313-00174,3.2,2024_01
18-313-00175,1.2,2024_01
18-313-00176,1.75,2024_01
18-313-00177,0.9090909090909091,2024_01
18-314-00178,0.6764705882352942,2024_01
18-314-00179,3.272727272727273,2024_01
18-315-00180,4.565217391304348,2024_01
18-315-00181,10.0,2024_01
18-315-00182,8.166666666666666,2024_01
18-315-00183,3.923076923076923,2024_01
18-316-00184,2.0,2024_01
18-316-00185,0.0,2024_01
18-316-00186,0.0,2024_01
18-316-00187,0.0,2024_01
18-316-00188,0.0,2024_01
18-317-00189,0.0,2024_01
18-317-00190,0.0,2024_01
18-317-00191,0.0,2024_01
18-317-00192,0.0,2024_01
18-317-00193,0.0,2024_01
18-318-00194,0.0,2024_01
18-318-00195,0.0,2024_01
18-318-00196,0.0,2024_01
18-318-00197,0.0,2024_01
18-319-00198,4.0,2024_01
18-319-00199,2.6666666666666665,2024_01
18-319-00200,6.8,2024_01
18-319-00201,3.5,2024_01
18-319-00202,4.5,2024_01
18-320-00203,4.0,2024_01
18-320-00204,,2024_01
18-320-00205,3.4,2024_01
18-320-00206,1.5,2024_01
18-320-00207,2.909090909090909,2024_01
18-321-00208,7.0,2024_01
18-321-00209,7.0,2024_01
18-321-00210,8.333333333333334,2024_01
18-321-00211,6.285714285714286,2024_01
18-321-00212,1.1428571428571428,2024_01
18-321-00213,4.0,2024_01
18-321-00214,4.0,2024_01
18-321-00215,4.0,2024_01
18-321-00216,1.0,2024_01
18-321-00217,7.0,2024_01
18-321-00218,8.0,2024_01
18-322-00219,7.0,2024_01
18-322-00220,5.75,2024_01
18-322-00221,9.0,2024_01
18-323-00222,3.0,2024_01
18-323-00223,7.333333333333333,2024_01
18-323-00224,6.166666666666667,2024_01
18-323-00225,7.0,2024_01
18-323-00226,6.0,2024_01
18-323-00227,4.0,2024_01
18-323-00228,2.0,2024_01
18-324-00260,2.5,2024_01
18-323-00230,,2024_01
18-324-00231,3.7142857142857144,2024_01
18-324-00232,2.0,2024_01
18-324-00233,2.3333333333333335,2024_01
18-324-00234,3.0,2024_01
18-816-00235,,2024_01
18-816-00236,,2024_01
18-325-00237,,2024_01
18-325-00238,6.5,2024_01
18-325-00239,8.0,2024_01
18-326-00240,3.0,2024_01
18-326-00241,0.0,2024_01
18-326-00242,,2024_01
18-326-00243,,2024_01
18-326-00244,2.0,2024_01
18-326-00245,4.375,2024_01
18-326-00246,1.625,2024_01
18-326-00247,3.6666666666666665,2024_01
18-755-00248,2.0,2024_01
18-756-00249,9.923076923076923,2024_01
18-756-00250,11.714285714285714,2024_01
18-756-00251,5.0,2024_01
18-757-00252,0.2,2024_01
18-757-00253,0.25,2024_01
18-757-00254,0.0,2024_01
18-759-00255,3.9285714285714284,2024_01
18-758-00256,0.5,2024_01
18-758-00257,0.4,2024_01
18-816-00258,,2024_01
18-816-00259,2.25,2024_01
18-816-00261,2.142857142857143,2024_01
18-324-00262,2.6666666666666665,2024_01
18-324-00263,4.0,2024_01
18-303-00264,3.75,2024_01
18-799-00265,3.5,2024_01
18-303-00266,3.5,2024_01
18-322-00267,7.0,2024_01
18-326-00268,0.0,2024_01
18-325-00269,7.857142857142857,2024_01
18-325-00270,3.7777777777777777,2024_01
18-304-00271,7.25,2024_01
18-321-00272,1.6666666666666667,2024_01
18-321-00273,1.8333333333333333,2024_01
18-301-00274,1.5,2024_01
18-312-00276,4.833333333333333,2024_01
18-312-00277,4.0,2024_01
18-755-00278,0.3333333333333333,2024_01
18-755-00279,0.6666666666666666,2024_01
18-760-00280,8.75,2024_01
18-760-00281,7.2727272727272725,2024_01
18-314-00275,2.9166666666666665,2024_01
18-300-00101,3.1176470588235294,2024_02
18-300-00102,2.0,2024_02
18-300-00103,2.6,2024_02
18-300-00104,2.6153846153846154,2024_02
18-300-00105,1.0,2024_02
18-300-00106,,2024_02
18-300-00107,1.0,2024_02
18-300-00108,0.0,2024_02
18-301-00109,1.0,2024_02
18-301-00110,1.0,2024_02
18-301-00111,1.0,2024_02
18-301-00112,1.0,2024_02
18-301-00113,0.5,2024_02
18-301-00114,0.5,2024_02
18-302-00115,1.0,2024_02
18-302-00116,0.625,2024_02
18-302-00117,0.16666666666666666,2024_02
18-302-00118,1.3333333333333333,2024_02
18-302-00119,1.0,2024_02
18-303-00120,0.25,2024_02
18-303-00121,0.0,2024_02
18-303-00122,0.2,2024_02
18-303-00123,0.6666666666666666,2024_02
18-799-00124,0.0,2024_02
18-799-00125,,2024_02
18-304-00126,0.0,2024_02
18-304-00127,0.0,2024_02
18-304-00128,0.0,2024_02
18-304-00129,1.0,2024_02
18-305-00130,0.0,2024_02
18-305-00131,0.6,2024_02
18-305-00132,0.5,2024_02
18-305-00133,0.0,2024_02
18-305-00134,1.2,2024_02
18-305-00135,1.0,2024_02
18-305-00136,1.2,2024_02
18-306-00137,0.6470588235294118,2024_02
18-306-00138,0.6428571428571429,2024_02
18-306-00139,0.0,2024_02
18-306-00140,0.0,2024_02
18-307-00141,0.0,2024_02
18-307-00142,0.6,2024_02
18-307-00143,0.4,2024_02
18-307-00144,1.5714285714285714,2024_02
18-307-00145,0.0,2024_02
18-307-00146,0.0,2024_02
18-307-00147,2.0,2024_02
18-308-00148,,2024_02
18-308-00149,11.0,2024_02
18-308-00150,0.0,2024_02
18-308-00151,0.16666666666666666,2024_02
18-308-00152,2.090909090909091,2024_02
18-308-00153,1.2,2024_02
18-309-00154,3.5833333333333335,2024_02
18-309-00155,1.9285714285714286,2024_02
18-309-00156,0.8571428571428571,2024_02
18-309-00157,1.8823529411764706,2024_02
18-310-00158,0.0,2024_02
18-310-00159,0.0,2024_02
18-310-00160,0.5,2024_02
18-310-00161,0.0,2024_02
18-310-00162,0.0,2024_02
18-310-00163,0.0,2024_02
18-310-00164,0.0,2024_02
18-311-00165,0.0,2024_02
18-311-00166,0.0,2024_02
18-311-00167,0.0,2024_02
18-311-00168,0.0,2024_02
18-312-00169,0.0,2024_02
18-312-00170,0.16666666666666666,2024_02
18-312-00171,0.0,2024_02
18-313-00172,0.0,2024_02
18-313-00173,0.0,2024_02
18-313-00174,0.0,2024_02
18-313-00175,0.5,2024_02
18-313-00176,0.0,2024_02
18-313-00177,1.6363636363636365,2024_02
18-314-00178,1.8823529411764706,2024_02
18-314-00179,0.6818181818181818,2024_02
18-315-00180,2.652173913043478,2024_02
18-315-00181,5.0,2024_02
18-315-00182,8.333333333333334,2024_02
18-315-00183,2.8846153846153846,2024_02
18-316-00184,1.2,2024_02
18-316-00185,0.7272727272727273,2024_02
18-316-00186,0.0,2024_02
18-316-00187,0.5384615384615384,2024_02
18-316-00188,0.0,2024_02
18-317-00189,0.0,2024_02
18-317-00190,0.3333333333333333,2024_02
18-317-00191,1.0,2024_02
18-317-00192,2.5,2024_02
18-317-00193,2.1666666666666665,2024_02
18-318-00194,0.5,2024_02
18-318-00195,1.0,2024_02
18-318-00196,2.0,2024_02
18-318-00197,2.2,2024_02
18-319-00198,0.25,2024_02
18-319-00199,0.0,2024_02
18-319-00200,0.0,2024_02
18-319-00201,0.0,2024_02
18-319-00202,0.5,2024_02
18-320-00203,1.0,2024_02
18-320-00204,,2024_02
18-320-00205,4.6,2024_02
18-320-00206,1.5,2024_02
18-320-00207,1.5454545454545454,2024_02
18-321-00208,1.0,2024_02
18-321-00209,1.0,2024_02
18-321-00210,0.6666666666666666,2024_02
18-321-00211,0.42857142857142855,2024_02
18-321-00212,0.8571428571428571,2024_02
18-321-00213,1.0,2024_02
18-321-00214,1.0,2024_02
18-321-00215,0.3333333333333333,2024_02
18-321-00216,0.8571428571428571,2024_02
18-321-00217,0.0,2024_02
18-321-00218,1.0,2024_02
18-322-00219,0.0,2024_02
18-322-00220,0.25,2024_02
18-322-00221,0.0,2024_02
18-323-00222,0.0,2024_02
18-323-00223,0.0,2024_02
18-323-00224,0.6666666666666666,2024_02
18-323-00225,1.0,2024_02
18-323-00226,1.0,2024_02
18-323-00227,1.0,2024_02
18-323-00228,1.0,2024_02
18-324-00260,4.0,2024_02
18-323-00230,,2024_02
18-324-00231,1.1428571428571428,2024_02
18-324-00232,0.0,2024_02
18-324-00233,2.3333333333333335,2024_02
18-324-00234,1.0,2024_02
18-816-00235,,2024_02
18-816-00236,,2024_02
18-325-00237,,2024_02
18-325-00238,1.0,2024_02
18-325-00239,0.3333333333333333,2024_02
18-326-00240,0.0,2024_02
18-326-00241,0.25,2024_02
18-326-00242,,2024_02
18-326-00243,,2024_02
18-326-00244,0.0,2024_02
18-326-00245,3.5,2024_02
18-326-00246,2.5,2024_02
18-326-00247,1.0,2024_02
18-755-00248,0.0,2024_02
18-756-00249,0.6923076923076923,2024_02
18-756-00250,1.2857142857142858,2024_02
18-756-00251,0.0,2024_02
18-757-00252,2.0,2024_02
18-757-00253,2.0,2024_02
18-757-00254,1.9166666666666667,2024_02
18-759-00255,2.5714285714285716,2024_02
18-758-00256,2.1666666666666665,2024_02
18-758-00257,3.0,2024_02
18-816-00258,,2024_02
18-816-00259,2.0,2024_02
18-816-00261,2.4285714285714284,2024_02
18-324-00262,1.0,2024_02
18-324-00263,0.0,2024_02
18-303-00264,0.25,2024_02
18-799-00265,0.0,2024_02
18-303-00266,0.5,2024_02
18-322-00267,0.0,2024_02
18-326-00268,1.0,2024_02
18-325-00269,0.2857142857142857,2024_02
18-325-00270,0.0,2024_02
18-304-00271,0.125,2024_02
18-321-00272,1.0,2024_02
18-321-00273,0.5,2024_02
18-301-00274,1.0,2024_02
18-312-00276,0.0,2024_02
18-312-00277,0.0,2024_02
18-755-00278,0.0,2024_02
18-755-00279,0.0,2024_02
18-760-00280,0.0,2024_02
18-760-00281,0.0,2024_02
18-314-00275,2.2083333333333335,2024_02
18-300-00101,9.235294117647058,2024_03
18-300-00102,7.0,2024_03
18-300-00103,7.4,2024_03
18-300-00104,8.23076923076923,2024_03
18-300-00105,6.833333333333333,2024_03
18-300-00106,,2024_03
18-300-00107,6.5,2024_03
18-300-00108,8.0,2024_03
18-301-00109,6.666666666666667,2024_03
18-301-00110,6.0,2024_03
18-301-00111,6.0,2024_03
18-301-00112,6.5,2024_03
18-301-00113,7.0,2024_03
18-301-00114,7.0,2024_03
18-302-00115,6.625,2024_03
18-302-00116,6.875,2024_03
18-302-00117,7.333333333333333,2024_03
18-302-00118,7.0,2024_03
18-302-00119,8.0,2024_03
18-303-00120,8.0,2024_03
18-303-00121,8.285714285714286,2024_03
18-303-00122,8.0,2024_03
18-303-00123,8.333333333333334,2024_03
18-799-00124,10.0,2024_03
18-799-00125,,2024_03
18-304-00126,7.5,2024_03
18-304-00127,8.0,2024_03
18-304-00128,6.0,2024_03
18-304-00129,8.0,2024_03
18-305-00130,8.2,2024_03
18-305-00131,6.8,2024_03
18-305-00132,8.75,2024_03
18-305-00133,8.4,2024_03
18-305-00134,6.6,2024_03
18-305-00135,4.8,2024_03
18-305-00136,4.6,2024_03
18-306-00137,10.411764705882353,2024_03
18-306-00138,9.071428571428571,2024_03
18-306-00139,8.0,2024_03
18-306-00140,9.222222222222221,2024_03
18-307-00141,7.8,2024_03
18-307-00142,11.4,2024_03
18-307-00143,10.6,2024_03
18-307-00144,11.285714285714286,2024_03
18-307-00145,10.5,2024_03
18-307-00146,12.428571428571429,2024_03
18-307-00147,14.25,2024_03
18-308-00148,,2024_03
18-308-00149,10.5,2024_03
18-308-00150,12.833333333333334,2024_03
18-308-00151,13.083333333333334,2024_03
18-308-00152,13.545454545454545,2024_03
18-308-00153,12.4,2024_03
18-309-00154,15.666666666666666,2024_03
18-309-00155,11.642857142857142,2024_03
18-309-00156,11.285714285714286,2024_03
18-309-00157,12.647058823529411,2024_03
18-310-00158,13.181818181818182,2024_03
18-310-00159,12.5,2024_03
18-310-00160,12.875,2024_03
18-310-00161,11.5,2024_03
18-310-00162,11.8,2024_03
18-310-00163,11.25,2024_03
18-310-00164,10.571428571428571,2024_03
18-311-00165,11.833333333333334,2024_03
18-311-00166,11.833333333333334,2024_03
18-311-00167,11.4,2024_03
18-311-00168,12.5,2024_03
18-312-00169,12.6,2024_03
18-312-00170,12.0,2024_03
18-312-00171,11.125,2024_03
18-313-00172,8.090909090909092,2024_03
18-313-00173,10.2,2024_03
18-313-00174,11.8,2024_03
18-313-00175,11.3,2024_03
18-313-00176,11.0,2024_03
18-313-00177,8.272727272727273,2024_03
18-314-00178,4.205882352941177,2024_03
18-314-00179,8.772727272727273,2024_03
18-315-00180,1.8695652173913044,2024_03
18-315-00181,2.7333333333333334,2024_03
18-315-00182,2.8333333333333335,2024_03
18-315-00183,0.6538461538461539,2024_03
18-316-00184,3.7,2024_03
18-316-00185,4.909090909090909,2024_03
18-316-00186,4.333333333333333,2024_03
18-316-00187,2.6923076923076925,2024_03
18-316-00188,6.111111111111111,2024_03
18-317-00189,5.5,2024_03
18-317-00190,5.0,2024_03
18-317-00191,5.6,2024_03
18-317-00192,1.6,2024_03
18-317-00193,2.6666666666666665,2024_03
18-318-00194,6.5,2024_03
18-318-00195,6.0,2024_03
18-318-00196,3.3333333333333335,2024_03
18-318-00197,1.2,2024_03
18-319-00198,6.25,2024_03
18-319-00199,7.0,2024_03
18-319-00200,7.4,2024_03
18-319-00201,6.5,2024_03
18-319-00202,8.0,2024_03
18-320-00203,8.0,2024_03
18-320-00204,,2024_03
18-320-00205,7.7,2024_03
18-320-00206,6.5,2024_03
18-320-00207,6.818181818181818,2024_03
18-321-00208,9.5,2024_03
18-321-00209,10.0,2024_03
18-321-00210,8.666666666666666,2024_03
18-321-00211,7.142857142857143,2024_03
18-321-00212,5.571428571428571,2024_03
18-321-00213,7.25,2024_03
18-321-00214,7.0,2024_03
18-321-00215,7.333333333333333,2024_03
18-321-00216,6.428571428571429,2024_03
18-321-00217,7.0,2024_03
18-321-00218,9.0,2024_03
18-322-00219,7.0,2024_03
18-322-00220,7.375,2024_03
18-322-00221,10.0,2024_03
18-323-00222,10.0,2024_03
18-323-00223,9.0,2024_03
18-323-00224,7.5,2024_03
18-323-00225,10.0,2024_03
18-323-00226,9.0,2024_03
18-323-00227,9.0,2024_03
18-323-00228,8.0,2024_03
18-324-00260,8.0,2024_03
18-323-00230,,2024_03
18-324-00231,8.857142857142858,2024_03
18-324-00232,8.0,2024_03
18-324-00233,9.0,2024_03
18-324-00234,8.0,2024_03
18-816-00235,,2024_03
18-816-00236,,2024_03
18-325-00237,,2024_03
18-325-00238,7.5,2024_03
18-325-00239,7.0,2024_03
18-326-00240,8.0,2024_03
18-326-00241,8.25,2024_03
18-326-00242,,2024_03
18-326-00243,,2024_03
18-326-00244,8.0,2024_03
18-326-00245,11.125,2024_03
18-326-00246,11.375,2024_03
18-326-00247,9.0,2024_03
18-755-00248,11.2,2024_03
18-756-00249,10.538461538461538,2024_03
18-756-00250,10.714285714285714,2024_03
18-756-00251,9.25,2024_03
18-757-00252,3.8,2024_03
18-757-00253,5.5,2024_03
18-757-00254,2.1666666666666665,2024_03
18-759-00255,2.4523809523809526,2024_03
18-758-00256,6.833333333333333,2024_03
18-758-00257,7.4,2024_03
18-816-00258,,2024_03
18-816-00259,9.5,2024_03
18-816-00261,8.714285714285714,2024_03
18-324-00262,8.666666666666666,2024_03
18-324-00263,10.0,2024_03
18-303-00264,7.75,2024_03
18-799-00265,9.0,2024_03
18-303-00266,7.0,2024_03
18-322-00267,7.0,2024_03
18-326-00268,8.333333333333334,2024_03
18-325-00269,7.857142857142857,2024_03
18-325-00270,7.666666666666667,2024_03
18-304-00271,6.875,2024_03
18-321-00272,7.666666666666667,2024_03
18-321-00273,6.5,2024_03
18-301-00274,6.5,2024_03
18-312-00276,11.0,2024_03
18-312-00277,11.0,2024_03
18-755-00278,11.0,2024_03
18-755-00279,9.833333333333334,2024_03
18-760-00280,10.25,2024_03
18-760-00281,11.363636363636363,2024_03
18-314-00275,4.520833333333333,2024_03
18-300-00101,37.64705882352941,2024_04
18-300-00102,37.5,2024_04
18-300-00103,35.2,2024_04
18-300-00104,32.92307692307692,2024_04
18-300-00105,35.833333333333336,2024_04
18-300-00106,,2024_04
18-300-00107,36.0,2024_04
18-300-00108,35.0,2024_04
18-301-00109,36.666666666666664,2024_04
18-301-00110,39.0,2024_04
18-301-00111,36.666666666666664,2024_04
18-301-00112,38.25,2024_04
18-301-00113,35.0,2024_04
18-301-00114,36.25,2024_04
18-302-00115,37.625,2024_04
18-302-00116,42.25,2024_04
18-302-00117,46.833333333333336,2024_04
18-302-00118,48.666666666666664,2024_04
18-302-00119,53.333333333333336,2024_04
18-303-00120,44.0,2024_04
18-303-00121,46.714285714285715,2024_04
18-303-00122,42.8,2024_04
18-303-00123,39.666666666666664,2024_04
18-799-00124,33.5,2024_04
18-799-00125,,2024_04
18-304-00126,34.5,2024_04
18-304-00127,35.0,2024_04
18-304-00128,40.2,2024_04
18-304-00129,40.0,2024_04
18-305-00130,27.2,2024_04
18-305-00131,35.0,2024_04
18-305-00132,36.0,2024_04
18-305-00133,37.4,2024_04
18-305-00134,43.4,2024_04
18-305-00135,41.0,2024_04
18-305-00136,43.6,2024_04
18-306-00137,35.8235294117647,2024_04
18-306-00138,26.857142857142858,2024_04
18-306-00139,32.833333333333336,2024_04
18-306-00140,29.555555555555557,2024_04
18-307-00141,16.2,2024_04
18-307-00142,19.6,2024_04
18-307-00143,13.8,2024_04
18-307-00144,10.714285714285714,2024_04
18-307-00145,13.875,2024_04
18-307-00146,16.714285714285715,2024_04
18-307-00147,19.25,2024_04
18-308-00148,,2024_04
18-308-00149,11.0,2024_04
18-308-00150,14.333333333333334,2024_04
18-308-00151,14.416666666666666,2024_04
18-308-00152,14.454545454545455,2024_04
18-308-00153,14.8,2024_04
18-309-00154,18.5,2024_04
18-309-00155,18.571428571428573,2024_04
18-309-00156,18.357142857142858,2024_04
18-309-00157,23.11764705882353,2024_04
18-310-00158,14.181818181818182,2024_04
18-310-00159,13.666666666666666,2024_04
18-310-00160,16.0,2024_04
18-310-00161,17.75,2024_04
18-310-00162,15.6,2024_04
18-310-00163,17.0,2024_04
18-310-00164,19.714285714285715,2024_04
18-311-00165,16.0,2024_04
18-311-00166,17.333333333333332,2024_04
18-311-00167,19.8,2024_04
18-311-00168,21.25,2024_04
18-312-00169,21.2,2024_04
18-312-00170,23.666666666666668,2024_04
18-312-00171,21.75,2024_04
18-313-00172,18.636363636363637,2024_04
18-313-00173,19.2,2024_04
18-313-00174,21.0,2024_04
18-313-00175,25.2,2024_04
18-313-00176,20.5,2024_04
18-313-00177,31.90909090909091,2024_04
18-314-00178,45.470588235294116,2024_04
18-314-00179,24.90909090909091,2024_04
18-315-00180,43.69565217391305,2024_04
18-315-00181,45.13333333333333,2024_04
18-315-00182,44.833333333333336,2024_04
18-315-00183,42.76923076923077,2024_04
18-316-00184,54.1,2024_04
18-316-00185,61.27272727272727,2024_04
18-316-00186,57.0,2024_04
18-316-00187,55.84615384615385,2024_04
18-316-00188,60.77777777777778,2024_04
18-317-00189,63.5,2024_04
18-317-00190,62.333333333333336,2024_04
18-317-00191,63.0,2024_04
18-317-00192,60.7,2024_04
18-317-00193,64.33333333333333,2024_04
18-318-00194,63.0,2024_04
18-318-00195,69.5,2024_04
18-318-00196,64.0,2024_04
18-318-00197,59.0,2024_04
18-319-00198,37.75,2024_04
18-319-00199,40.333333333333336,2024_04
18-319-00200,42.6,2024_04
18-319-00201,33.0,2024_04
18-319-00202,36.0,2024_04
18-320-00203,33.0,2024_04
18-320-00204,,2024_04
18-320-00205,29.7,2024_04
18-320-00206,32.5,2024_04
18-320-00207,33.0,2024_04
18-321-00208,39.0,2024_04
18-321-00209,40.0,2024_04
18-321-00210,39.333333333333336,2024_04
18-321-00211,40.42857142857143,2024_04
18-321-00212,47.57142857142857,2024_04
18-321-00213,46.0,2024_04
18-321-00214,46.5,2024_04
18-321-00215,46.333333333333336,2024_04
18-321-00216,52.714285714285715,2024_04
18-321-00217,39.0,2024_04
18-321-00218,38.0,2024_04
18-322-00219,40.0,2024_04
18-322-00220,46.375,2024_04
18-322-00221,49.0,2024_04
18-323-00222,33.0,2024_04
18-323-00223,35.666666666666664,2024_04
18-323-00224,41.0,2024_04
18-323-00225,37.0,2024_04
18-323-00226,37.0,2024_04
18-323-00227,34.0,2024_04
18-323-00228,36.0,2024_04
18-324-00260,34.0,2024_04
18-323-00230,,2024_04
18-324-00231,33.42857142857143,2024_04
18-324-00232,32.0,2024_04
18-324-00233,33.333333333333336,2024_04
18-324-00234,33.0,2024_04
18-816-00235,,2024_04
18-816-00236,,2024_04
18-325-00237,,2024_04
18-325-00238,35.0,2024_04
18-325-00239,38.333333333333336,2024_04
18-326-00240,36.0,2024_04
18-326-00241,41.0,2024_04
18-326-00242,,2024_04
18-326-00243,,2024_04
18-326-00244,35.0,2024_04
18-326-00245,40.25,2024_04
18-326-00246,41.375,2024_04
18-326-00247,35.333333333333336,2024_04
18-755-00248,16.0,2024_04
18-756-00249,25.384615384615383,2024_04
18-756-00250,21.142857142857142,2024_04
18-756-00251,16.25,2024_04
18-757-00252,44.8,2024_04
18-757-00253,46.0,2024_04
18-757-00254,43.25,2024_04
18-759-00255,41.904761904761905,2024_04
18-758-00256,38.5,2024_04
18-758-00257,35.8,2024_04
18-816-00258,,2024_04
18-816-00259,36.0,2024_04
18-816-00261,35.857142857142854,2024_04
18-324-00262,33.0,2024_04
18-324-00263,34.0,2024_04
18-303-00264,34.25,2024_04
18-799-00265,37.0,2024_04
18-303-00266,45.0,2024_04
18-322-00267,39.0,2024_04
18-326-00268,37.0,2024_04
18-325-00269,38.0,2024_04
18-325-00270,36.333333333333336,2024_04
18-304-00271,42.875,2024_04
18-321-00272,47.0,2024_04
18-321-00273,45.5,2024_04
18-301-00274,36.5,2024_04
18-312-00276,20.0,2024_04
18-312-00277,19.0,2024_04
18-755-00278,23.833333333333332,2024_04
18-755-00279,16.166666666666668,2024_04
18-760-00280,17.5,2024_04
18-760-00281,18.454545454545453,2024_04
18-314-00275,30.458333333333332,2024_04
18-300-00101,44.05882352941177,2024_05
18-300-00102,40.0,2024_05
18-300-00103,41.6,2024_05
18-300-00104,42.30769230769231,2024_05
18-300-00105,39.166666666666664,2024_05
18-300-00106,,2024_05
18-300-00107,39.5,2024_05
18-300-00108,38.0,2024_05
18-301-00109,37.333333333333336,2024_05
18-301-00110,39.0,2024_05
18-301-00111,39.0,2024_05
18-301-00112,36.5,2024_05
18-301-00113,37.5,2024_05
18-301-00114,36.0,2024_05
18-302-00115,35.5,2024_05
18-302-00116,38.375,2024_05
18-302-00117,42.0,2024_05
18-302-00118,40.333333333333336,2024_05
18-302-00119,46.666666666666664,2024_05
18-303-00120,41.25,2024_05
18-303-00121,41.142857142857146,2024_05
18-303-00122,44.2,2024_05
18-303-00123,43.333333333333336,2024_05
18-799-00124,43.5,2024_05
18-799-00125,,2024_05
18-304-00126,38.5,2024_05
18-304-00127,38.0,2024_05
18-304-00128,41.8,2024_05
18-304-00129,41.0,2024_05
18-305-00130,37.8,2024_05
18-305-00131,41.4,2024_05
18-305-00132,40.0,2024_05
18-305-00133,39.2,2024_05
18-305-00134,44.0,2024_05
18-305-00135,42.8,2024_05
18-305-00136,44.6,2024_05
18-306-00137,44.35294117647059,2024_05
18-306-00138,39.642857142857146,2024_05
18-306-00139,40.666666666666664,2024_05
18-306-00140,39.77777777777778,2024_05
18-307-00141,29.6,2024_05
18-307-00142,30.6,2024_05
18-307-00143,28.0,2024_05
18-307-00144,28.0,2024_05
18-307-00145,27.25,2024_05
18-307-00146,28.0,2024_05
18-307-00147,31.5,2024_05
18-308-00148,,2024_05
18-308-00149,25.5,2024_05
18-308-00150,28.666666666666668,2024_05
18-308-00151,28.166666666666668,2024_05
18-308-00152,28.272727272727273,2024_05
18-308-00153,29.8,2024_05
18-309-00154,30.5,2024_05
18-309-00155,27.928571428571427,2024_05
18-309-00156,29.0,2024_05
18-309-00157,31.235294117647058,2024_05
18-310-00158,28.454545454545453,2024_05
18-310-00159,29.0,2024_05
18-310-00160,29.0,2024_05
18-310-00161,29.5,2024_05
18-310-00162,29.8,2024_05
18-310-00163,31.5,2024_05
18-310-00164,29.714285714285715,2024_05
18-311-00165,28.833333333333332,2024_05
18-311-00166,29.0,2024_05
18-311-00167,28.4,2024_05
18-311-00168,29.0,2024_05
18-312-00169,30.8,2024_05
18-312-00170,38.0,2024_05
18-312-00171,36.0,2024_05
18-313-00172,35.72727272727273,2024_05
18-313-00173,30.6,2024_05
18-313-00174,33.4,2024_05
18-313-00175,37.5,2024_05
18-313-00176,33.0,2024_05
18-313-00177,42.18181818181818,2024_05
18-314-00178,47.85294117647059,2024_05
18-314-00179,37.27272727272727,2024_05
18-315-00180,40.56521739130435,2024_05
18-315-00181,38.8,2024_05
18-315-00182,40.5,2024_05
18-315-00183,38.42307692307692,2024_05
18-316-00184,46.2,2024_05
18-316-00185,52.54545454545455,2024_05
18-316-00186,50.166666666666664,2024_05
18-316-00187,52.23076923076923,2024_05
18-316-00188,53.0,2024_05
18-317-00189,50.0,2024_05
18-317-00190,51.0,2024_05
18-317-00191,51.2,2024_05
18-317-00192,53.2,2024_05
18-317-00193,54.833333333333336,2024_05
18-318-00194,51.0,2024_05
18-318-00195,56.0,2024_05
18-318-00196,53.833333333333336,2024_05
18-318-00197,54.5,2024_05
18-319-00198,39.75,2024_05
18-319-00199,39.666666666666664,2024_05
18-319-00200,41.4,2024_05
18-319-00201,39.5,2024_05
18-319-00202,42.5,2024_05
18-320-00203,41.0,2024_05
18-320-00204,,2024_05
18-320-00205,43.7,2024_05
18-320-00206,43.5,2024_05
18-320-00207,43.45454545454545,2024_05
18-321-00208,41.5,2024_05
18-321-00209,40.0,2024_05
18-321-00210,39.666666666666664,2024_05
18-321-00211,39.0,2024_05
18-321-00212,46.857142857142854,2024_05
18-321-00213,44.75,2024_05
18-321-00214,45.5,2024_05
18-321-00215,43.666666666666664,2024_05
18-321-00216,51.857142857142854,2024_05
18-321-00217,39.0,2024_05
18-321-00218,43.0,2024_05
18-322-00219,40.0,2024_05
18-322-00220,44.375,2024_05
18-322-00221,44.0,2024_05
18-323-00222,43.0,2024_05
18-323-00223,41.333333333333336,2024_05
18-323-00224,42.166666666666664,2024_05
18-323-00225,41.0,2024_05
18-323-00226,42.0,2024_05
18-323-00227,43.0,2024_05
18-323-00228,48.0,2024_05
18-324-00260,46.75,2024_05
18-323-00230,,2024_05
18-324-00231,43.857142857142854,2024_05
18-324-00232,46.0,2024_05
18-324-00233,46.666666666666664,2024_05
18-324-00234,43.0,2024_05
18-816-00235,,2024_05
18-816-00236,,2024_05
18-325-00237,,2024_05
18-325-00238,40.0,2024_05
18-325-00239,40.0,2024_05
18-326-00240,41.0,2024_05
18-326-00241,47.0,2024_05
18-326-00242,,2024_05
18-326-00243,,2024_05
18-326-00244,41.0,2024_05
18-326-00245,53.25,2024_05
18-326-00246,51.875,2024_05
18-326-00247,46.333333333333336,2024_05
18-755-00248,31.0,2024_05
18-756-00249,41.07692307692308,2024_05
18-756-00250,38.714285714285715,2024_05
18-756-00251,33.0,2024_05
18-757-00252,46.0,2024_05
18-757-00253,48.75,2024_05
18-757-00254,44.166666666666664,2024_05
18-759-00255,46.595238095238095,2024_05
18-758-00256,35.166666666666664,2024_05
18-758-00257,33.4,2024_05
18-816-00258,,2024_05
18-816-00259,47.5,2024_05
18-816-00261,50.142857142857146,2024_05
18-324-00262,45.666666666666664,2024_05
18-324-00263,43.0,2024_05
18-303-00264,41.75,2024_05
18-799-00265,43.0,2024_05
18-303-00266,44.5,2024_05
18-322-00267,39.0,2024_05
18-326-00268,45.0,2024_05
18-325-00269,40.857142857142854,2024_05
18-325-00270,41.77777777777778,2024_05
18-304-00271,42.75,2024_05
18-321-00272,44.0,2024_05
18-321-00273,44.0,2024_05
18-301-00274,41.0,2024_05
18-312-00276,31.333333333333332,2024_05
18-312-00277,29.5,2024_05
18-755-00278,30.666666666666668,2024_05
18-755-00279,27.166666666666668,2024_05
18-760-00280,26.5,2024_05
18-760-00281,28.272727272727273,2024_05
18-314-00275,39.604166666666664,2024_05
18-300-00101,15.941176470588236,2024_06
18-300-00102,18.0,2024_06
18-300-00103,16.6,2024_06
18-300-00104,16.846153846153847,2024_06
18-300-00105,21.333333333333332,2024_06
18-300-00106,,2024_06
18-300-00107,22.5,2024_06
18-300-00108,21.0,2024_06
18-301-00109,25.0,2024_06
18-301-00110,24.0,2024_06
18-301-00111,23.666666666666668,2024_06
18-301-00112,26.0,2024_06
18-301-00113,22.5,2024_06
18-301-00114,21.25,2024_06
18-302-00115,26.375,2024_06
18-302-00116,25.25,2024_06
18-302-00117,26.666666666666668,2024_06
18-302-00118,27.666666666666668,2024_06
18-302-00119,33.0,2024_06
18-303-00120,22.75,2024_06
18-303-00121,22.0,2024_06
18-303-00122,22.0,2024_06
18-303-00123,22.0,2024_06
18-799-00124,25.0,2024_06
18-799-00125,,2024_06
18-304-00126,13.0,2024_06
18-304-00127,16.0,2024_06
18-304-00128,22.0,2024_06
18-304-00129,19.0,2024_06
18-305-00130,18.2,2024_06
18-305-00131,17.6,2024_06
18-305-00132,16.0,2024_06
18-305-00133,18.4,2024_06
18-305-00134,21.6,2024_06
18-305-00135,18.0,2024_06
18-305-00136,21.8,2024_06
18-306-00137,21.58823529411765,2024_06
18-306-00138,17.428571428571427,2024_06
18-306-00139,16.833333333333332,2024_06
18-306-00140,21.333333333333332,2024_06
18-307-00141,11.0,2024_06
18-307-00142,18.2,2024_06
18-307-00143,12.4,2024_06
18-307-00144,9.571428571428571,2024_06
18-307-00145,11.625,2024_06
18-307-00146,14.571428571428571,2024_06
18-307-00147,18.0,2024_06
18-308-00148,,2024_06
18-308-00149,9.0,2024_06
18-308-00150,17.166666666666668,2024_06
18-308-00151,15.75,2024_06
18-308-00152,17.545454545454547,2024_06
18-308-00153,15.2,2024_06
18-309-00154,23.5,2024_06
18-309-00155,16.714285714285715,2024_06
18-309-00156,15.357142857142858,2024_06
18-309-00157,17.11764705882353,2024_06
18-310-00158,16.272727272727273,2024_06
18-310-00159,15.166666666666666,2024_06
18-310-00160,16.625,2024_06
18-310-00161,14.75,2024_06
18-310-00162,15.8,2024_06
18-310-00163,14.0,2024_06
18-310-00164,12.571428571428571,2024_06
18-311-00165,14.833333333333334,2024_06
18-311-00166,16.5,2024_06
18-311-00167,15.2,2024_06
18-311-00168,16.0,2024_06
18-312-00169,17.8,2024_06
18-312-00170,19.833333333333332,2024_06
18-312-00171,20.375,2024_06
18-313-00172,19.272727272727273,2024_06
18-313-00173,14.6,2024_06
18-313-00174,17.2,2024_06
18-313-00175,21.3,2024_06
18-313-00176,18.5,2024_06
18-313-00177,24.181818181818183,2024_06
18-314-00178,31.323529411764707,2024_06
18-314-00179,20.681818181818183,2024_06
18-315-00180,25.652173913043477,2024_06
18-315-00181,16.2,2024_06
18-315-00182,15.666666666666666,2024_06
18-315-00183,20.26923076923077,2024_06
18-316-00184,18.3,2024_06
18-316-00185,19.0,2024_06
18-316-00186,16.5,2024_06
18-316-00187,23.846153846153847,2024_06
18-316-00188,20.22222222222222,2024_06
18-317-00189,19.0,2024_06
18-317-00190,20.333333333333332,2024_06
18-317-00191,19.4,2024_06
18-317-00192,28.4,2024_06
18-317-00193,28.833333333333332,2024_06
18-318-00194,21.0,2024_06
18-318-00195,24.0,2024_06
18-318-00196,24.666666666666668,2024_06
18-318-00197,30.6,2024_06
18-319-00198,21.0,2024_06
18-319-00199,21.666666666666668,2024_06
18-319-00200,21.2,2024_06
18-319-00201,17.5,2024_06
18-319-00202,19.0,2024_06
18-320-00203,17.0,2024_06
18-320-00204,,2024_06
18-320-00205,14.1,2024_06
18-320-00206,15.0,2024_06
18-320-00207,17.09090909090909,2024_06
18-321-00208,24.5,2024_06
18-321-00209,23.0,2024_06
18-321-00210,20.333333333333332,2024_06
18-321-00211,21.142857142857142,2024_06
18-321-00212,29.428571428571427,2024_06
18-321-00213,24.5,2024_06
18-321-00214,25.5,2024_06
18-321-00215,26.0,2024_06
18-321-00216,37.714285714285715,2024_06
18-321-00217,22.0,2024_06
18-321-00218,23.0,2024_06
18-322-00219,22.0,2024_06
18-322-00220,25.0,2024_06
18-322-00221,25.0,2024_06
18-323-00222,20.0,2024_06
18-323-00223,22.0,2024_06
18-323-00224,21.0,2024_06
18-323-00225,24.0,2024_06
18-323-00226,24.0,2024_06
18-323-00227,22.0,2024_06
18-323-00228,24.0,2024_06
18-324-00260,24.0,2024_06
18-323-00230,,2024_06
18-324-00231,22.428571428571427,2024_06
18-324-00232,22.0,2024_06
18-324-00233,23.666666666666668,2024_06
18-324-00234,23.0,2024_06
18-816-00235,,2024_06
18-816-00236,,2024_06
18-325-00237,,2024_06
18-325-00238,19.5,2024_06
18-325-00239,20.0,2024_06
18-326-00240,16.0,2024_06
18-326-00241,19.5,2024_06
18-326-00242,,2024_06
18-326-00243,,2024_06
18-326-00244,14.0,2024_06
18-326-00245,26.5,2024_06
18-326-00246,23.0,2024_06
18-326-00247,17.666666666666668,2024_06
18-755-00248,14.0,2024_06
18-756-00249,26.0,2024_06
18-756-00250,23.857142857142858,2024_06
18-756-00251,13.5,2024_06
18-757-00252,24.4,2024_06
18-757-00253,24.5,2024_06
18-757-00254,23.0,2024_06
18-759-00255,29.047619047619047,2024_06
18-758-00256,29.0,2024_06
18-758-00257,31.0,2024_06
18-816-00258,,2024_06
18-816-00259,23.75,2024_06
18-816-00261,22.857142857142858,2024_06
18-324-00262,23.333333333333332,2024_06
18-324-00263,24.0,2024_06
18-303-00264,20.0,2024_06
18-799-00265,23.0,2024_06
18-303-00266,23.0,2024_06
18-322-00267,22.0,2024_06
18-326-00268,18.333333333333332,2024_06
18-325-00269,17.285714285714285,2024_06
18-325-00270,15.11111111111111,2024_06
18-304-00271,22.375,2024_06
18-321-00272,26.333333333333332,2024_06
18-321-00273,26.166666666666668,2024_06
18-301-00274,22.0,2024_06
18-312-00276,15.166666666666666,2024_06
18-312-00277,17.0,2024_06
18-755-00278,14.666666666666666,2024_06
18-755-00279,11.0,2024_06
18-760-00280,11.0,2024_06
18-760-00281,13.363636363636363,2024_06
18-314-00275,16.25,2024_06
18-300-00101,44.76470588235294,2024_07
18-300-00102,46.0,2024_07
18-300-00103,45.4,2024_07
18-300-00104,44.07692307692308,2024_07
18-300-00105,47.0,2024_07
18-300-00106,,2024_07
18-300-00107,48.5,2024_07
18-300-00108,46.0,2024_07
18-301-00109,50.333333333333336,2024_07
18-301-00110,49.0,2024_07
18-301-00111,49.666666666666664,2024_07
18-301-00112,51.25,2024_07
18-301-00113,47.5,2024_07
18-301-00114,46.25,2024_07
18-302-00115,47.125,2024_07
18-302-00116,46.25,2024_07
18-302-00117,46.333333333333336,2024_07
18-302-00118,47.333333333333336,2024_07
18-302-00119,49.333333333333336,2024_07
18-303-00120,45.5,2024_07
18-303-00121,47.714285714285715,2024_07
18-303-00122,45.4,2024_07
18-303-00123,42.666666666666664,2024_07
18-799-00124,40.5,2024_07
18-799-00125,,2024_07
18-304-00126,39.0,2024_07
18-304-00127,38.5,2024_07
18-304-00128,37.0,2024_07
18-304-00129,35.0,2024_07
18-305-00130,34.0,2024_07
18-305-00131,32.8,2024_07
18-305-00132,33.5,2024_07
18-305-00133,36.2,2024_07
18-305-00134,34.4,2024_07
18-305-00135,32.8,2024_07
18-305-00136,36.0,2024_07
18-306-00137,38.11764705882353,2024_07
18-306-00138,34.07142857142857,2024_07
18-306-00139,33.833333333333336,2024_07
18-306-00140,36.44444444444444,2024_07
18-307-00141,24.6,2024_07
18-307-00142,29.6,2024_07
18-307-00143,26.0,2024_07
18-307-00144,25.142857142857142,2024_07
18-307-00145,28.125,2024_07
18-307-00146,34.42857142857143,2024_07
18-307-00147,35.5,2024_07
18-308-00148,,2024_07
18-308-00149,23.5,2024_07
18-308-00150,29.833333333333332,2024_07
18-308-00151,29.166666666666668,2024_07
18-308-00152,28.363636363636363,2024_07
18-308-00153,30.4,2024_07
18-309-00154,34.333333333333336,2024_07
18-309-00155,32.214285714285715,2024_07
18-309-00156,31.142857142857142,2024_07
18-309-00157,34.470588235294116,2024_07
18-310-00158,30.454545454545453,2024_07
18-310-00159,29.666666666666668,2024_07
18-310-00160,31.75,2024_07
18-310-00161,32.0,2024_07
18-310-00162,32.6,2024_07
18-310-00163,31.25,2024_07
18-310-00164,28.571428571428573,2024_07
18-311-00165,33.0,2024_07
18-311-00166,34.0,2024_07
18-311-00167,34.0,2024_07
18-311-00168,38.0,2024_07
18-312-00169,34.0,2024_07
18-312-00170,35.5,2024_07
18-312-00171,36.375,2024_07
18-313-00172,33.45454545454545,2024_07
18-313-00173,32.6,2024_07
18-313-00174,34.6,2024_07
18-313-00175,36.7,2024_07
18-313-00176,35.0,2024_07
18-313-00177,38.09090909090909,2024_07
18-314-00178,43.55882352941177,2024_07
18-314-00179,34.72727272727273,2024_07
18-315-00180,41.08695652173913,2024_07
18-315-00181,34.13333333333333,2024_07
18-315-00182,34.5,2024_07
18-315-00183,38.88461538461539,2024_07
18-316-00184,35.2,2024_07
18-316-00185,37.54545454545455,2024_07
18-316-00186,36.0,2024_07
18-316-00187,36.46153846153846,2024_07
18-316-00188,38.22222222222222,2024_07
18-317-00189,36.0,2024_07
18-317-00190,36.333333333333336,2024_07
18-317-00191,35.4,2024_07
18-317-00192,33.4,2024_07
18-317-00193,36.833333333333336,2024_07
18-318-00194,38.0,2024_07
18-318-00195,38.0,2024_07
18-318-00196,37.333333333333336,2024_07
18-318-00197,35.5,2024_07
18-319-00198,43.5,2024_07
18-319-00199,44.666666666666664,2024_07
18-319-00200,44.6,2024_07
18-319-00201,44.5,2024_07
18-319-00202,43.5,2024_07
18-320-00203,44.0,2024_07
18-320-00204,,2024_07
18-320-00205,39.1,2024_07
18-320-00206,43.5,2024_07
18-320-00207,42.27272727272727,2024_07
18-321-00208,41.5,2024_07
18-321-00209,42.0,2024_07
18-321-00210,39.666666666666664,2024_07
18-321-00211,38.142857142857146,2024_07
18-321-00212,42.0,2024_07
18-321-00213,41.25,2024_07
18-321-00214,42.0,2024_07
18-321-00215,45.0,2024_07
18-321-00216,46.142857142857146,2024_07
18-321-00217,39.0,2024_07
18-321-00218,43.0,2024_07
18-322-00219,38.0,2024_07
18-322-00220,42.25,2024_07
18-322-00221,43.0,2024_07
18-323-00222,42.0,2024_07
18-323-00223,41.333333333333336,2024_07
18-323-00224,39.666666666666664,2024_07
18-323-00225,41.0,2024_07
18-323-00226,41.0,2024_07
18-323-00227,40.0,2024_07
18-323-00228,45.0,2024_07
18-324-00260,42.0,2024_07
18-323-00230,,2024_07
18-324-00231,41.57142857142857,2024_07
18-324-00232,40.0,2024_07
18-324-00233,41.666666666666664,2024_07
18-324-00234,40.0,2024_07
18-816-00235,,2024_07
18-816-00236,,2024_07
18-325-00237,,2024_07
18-325-00238,40.0,2024_07
18-325-00239,39.0,2024_07
18-326-00240,36.0,2024_07
18-326-00241,44.25,2024_07
18-326-00242,,2024_07
18-326-00243,,2024_07
18-326-00244,38.0,2024_07
18-326-00245,46.25,2024_07
18-326-00246,46.875,2024_07
18-326-00247,40.666666666666664,2024_07
18-755-00248,32.2,2024_07
18-756-00249,38.15384615384615,2024_07
18-756-00250,36.857142857142854,2024_07
18-756-00251,28.25,2024_07
18-757-00252,39.0,2024_07
18-757-00253,40.5,2024_07
18-757-00254,38.75,2024_07
18-759-00255,39.595238095238095,2024_07
18-758-00256,48.833333333333336,2024_07
18-758-00257,44.4,2024_07
18-816-00258,,2024_07
18-816-00259,43.75,2024_07
18-816-00261,45.142857142857146,2024_07
18-324-00262,40.333333333333336,2024_07
18-324-00263,41.0,2024_07
18-303-00264,43.0,2024_07
18-799-00265,42.5,2024_07
18-303-00266,43.5,2024_07
18-322-00267,39.0,2024_07
18-326-00268,42.0,2024_07
18-325-00269,37.714285714285715,2024_07
18-325-00270,37.333333333333336,2024_07
18-304-00271,41.375,2024_07
18-321-00272,38.333333333333336,2024_07
18-321-00273,40.0,2024_07
18-301-00274,47.5,2024_07
18-312-00276,32.5,2024_07
18-312-00277,33.0,2024_07
18-755-00278,29.166666666666668,2024_07
18-755-00279,28.666666666666668,2024_07
18-760-00280,30.25,2024_07
18-760-00281,31.818181818181817,2024_07
18-314-00275,32.354166666666664,2024_07
18-300-00101,22.294117647058822,2024_08
18-300-00102,17.5,2024_08
18-300-00103,22.0,2024_08
18-300-00104,20.923076923076923,2024_08
18-300-00105,18.666666666666668,2024_08
18-300-00106,,2024_08
18-300-00107,19.5,2024_08
18-300-00108,17.0,2024_08
18-301-00109,19.0,2024_08
18-301-00110,19.0,2024_08
18-301-00111,19.333333333333332,2024_08
18-301-00112,19.5,2024_08
18-301-00113,17.5,2024_08
18-301-00114,15.5,2024_08
18-302-00115,17.875,2024_08
18-302-00116,17.75,2024_08
18-302-00117,19.166666666666668,2024_08
18-302-00118,20.666666666666668,2024_08
18-302-00119,21.333333333333332,2024_08
18-303-00120,17.5,2024_08
18-303-00121,17.0,2024_08
18-303-00122,16.4,2024_08
18-303-00123,17.0,2024_08
18-799-00124,18.5,2024_08
18-799-00125,,2024_08
18-304-00126,12.5,2024_08
18-304-00127,13.5,2024_08
18-304-00128,13.0,2024_08
18-304-00129,13.0,2024_08
18-305-00130,17.4,2024_08
18-305-00131,14.4,2024_08
18-305-00132,14.75,2024_08
18-305-00133,14.0,2024_08
18-305-00134,14.8,2024_08
18-305-00135,14.4,2024_08
18-305-00136,15.0,2024_08
18-306-00137,22.11764705882353,2024_08
18-306-00138,19.928571428571427,2024_08
18-306-00139,16.833333333333332,2024_08
18-306-00140,20.444444444444443,2024_08
18-307-00141,14.8,2024_08
18-307-00142,25.0,2024_08
18-307-00143,20.0,2024_08
18-307-00144,17.571428571428573,2024_08
18-307-00145,19.875,2024_08
18-307-00146,21.142857142857142,2024_08
18-307-00147,27.5,2024_08
18-308-00148,,2024_08
18-308-00149,19.0,2024_08
18-308-00150,23.666666666666668,2024_08
18-308-00151,19.583333333333332,2024_08
18-308-00152,22.818181818181817,2024_08
18-308-00153,24.6,2024_08
18-309-00154,32.666666666666664,2024_08
18-309-00155,24.285714285714285,2024_08
18-309-00156,21.785714285714285,2024_08
18-309-00157,24.647058823529413,2024_08
18-310-00158,20.454545454545453,2024_08
18-310-00159,19.833333333333332,2024_08
18-310-00160,22.875,2024_08
18-310-00161,21.75,2024_08
18-310-00162,19.6,2024_08
18-310-00163,21.75,2024_08
18-310-00164,22.0,2024_08
18-311-00165,18.333333333333332,2024_08
18-311-00166,18.0,2024_08
18-311-00167,17.4,2024_08
18-311-00168,22.75,2024_08
18-312-00169,20.6,2024_08
18-312-00170,18.666666666666668,2024_08
18-312-00171,18.125,2024_08
18-313-00172,18.454545454545453,2024_08
18-313-00173,17.4,2024_08
18-313-00174,17.8,2024_08
18-313-00175,17.9,2024_08
18-313-00176,16.5,2024_08
18-313-00177,15.727272727272727,2024_08
18-314-00178,17.147058823529413,2024_08
18-314-00179,17.545454545454547,2024_08
18-315-00180,13.391304347826088,2024_08
18-315-00181,10.066666666666666,2024_08
18-315-00182,9.5,2024_08
18-315-00183,11.846153846153847,2024_08
18-316-00184,10.5,2024_08
18-316-00185,10.272727272727273,2024_08
18-316-00186,10.333333333333334,2024_08
18-316-00187,11.923076923076923,2024_08
18-316-00188,13.777777777777779,2024_08
18-317-00189,9.5,2024_08
18-317-00190,9.333333333333334,2024_08
18-317-00191,7.0,2024_08
18-317-00192,4.0,2024_08
18-317-00193,5.833333333333333,2024_08
18-318-00194,10.5,2024_08
18-318-00195,8.0,2024_08
18-318-00196,7.333333333333333,2024_08
18-318-00197,7.3,2024_08
18-319-00198,17.0,2024_08
18-319-00199,16.666666666666668,2024_08
18-319-00200,17.6,2024_08
18-319-00201,17.0,2024_08
18-319-00202,18.5,2024_08
18-320-00203,19.0,2024_08
18-320-00204,,2024_08
18-320-00205,21.0,2024_08
18-320-00206,19.5,2024_08
18-320-00207,22.0,2024_08
18-321-00208,14.5,2024_08
18-321-00209,13.0,2024_08
18-321-00210,13.666666666666666,2024_08
18-321-00211,12.857142857142858,2024_08
18-321-00212,17.571428571428573,2024_08
18-321-00213,16.0,2024_08
18-321-00214,15.5,2024_08
18-321-00215,16.333333333333332,2024_08
18-321-00216,21.857142857142858,2024_08
18-321-00217,17.0,2024_08
18-321-00218,17.0,2024_08
18-322-00219,16.0,2024_08
18-322-00220,16.25,2024_08
18-322-00221,17.0,2024_08
18-323-00222,16.0,2024_08
18-323-00223,14.666666666666666,2024_08
18-323-00224,14.833333333333334,2024_08
18-323-00225,12.0,2024_08
18-323-00226,14.0,2024_08
18-323-00227,14.0,2024_08
18-323-00228,22.0,2024_08
18-324-00260,21.25,2024_08
18-323-00230,,2024_08
18-324-00231,22.714285714285715,2024_08
18-324-00232,20.0,2024_08
18-324-00233,22.333333333333332,2024_08
18-324-00234,19.0,2024_08
18-816-00235,,2024_08
18-816-00236,,2024_08
18-325-00237,,2024_08
18-325-00238,14.5,2024_08
18-325-00239,13.666666666666666,2024_08
18-326-00240,17.0,2024_08
18-326-00241,24.0,2024_08
18-326-00242,,2024_08
18-326-00243,,2024_08
18-326-00244,19.0,2024_08
18-326-00245,26.25,2024_08
18-326-00246,27.625,2024_08
18-326-00247,22.666666666666668,2024_08
18-755-00248,19.6,2024_08
18-756-00249,24.23076923076923,2024_08
18-756-00250,25.142857142857142,2024_08
18-756-00251,17.75,2024_08
18-757-00252,12.8,2024_08
18-757-00253,14.0,2024_08
18-757-00254,11.666666666666666,2024_08
18-759-00255,17.11904761904762,2024_08
18-758-00256,19.333333333333332,2024_08
18-758-00257,16.0,2024_08
18-816-00258,,2024_08
18-816-00259,22.5,2024_08
18-816-00261,24.714285714285715,2024_08
18-324-00262,20.666666666666668,2024_08
18-324-00263,19.0,2024_08
18-303-00264,18.0,2024_08
18-799-00265,17.0,2024_08
18-303-00266,15.0,2024_08
18-322-00267,17.0,2024_08
18-326-00268,23.333333333333332,2024_08
18-325-00269,13.571428571428571,2024_08
18-325-00270,17.88888888888889,2024_08
18-304-00271,13.625,2024_08
18-321-00272,17.0,2024_08
18-321-00273,17.166666666666668,2024_08
18-301-00274,20.0,2024_08
18-312-00276,18.833333333333332,2024_08
18-312-00277,20.5,2024_08
18-755-00278,23.0,2024_08
18-755-00279,16.5,2024_08
18-760-00280,19.0,2024_08
18-760-00281,20.363636363636363,2024_08
18-314-00275,13.479166666666666,2024_08
18-300-00101,62.705882352941174,2024_09
18-300-00102,57.5,2024_09
18-300-00103,62.8,2024_09
18-300-00104,63.46153846153846,2024_09
18-300-00105,53.166666666666664,2024_09
18-300-00106,,2024_09
18-300-00107,54.0,2024_09
18-300-00108,51.0,2024_09
18-301-00109,51.333333333333336,2024_09
18-301-00110,54.0,2024_09
18-301-00111,54.333333333333336,2024_09
18-301-00112,51.5,2024_09
18-301-00113,50.5,2024_09
18-301-00114,50.5,2024_09
18-302-00115,51.5,2024_09
18-302-00116,53.125,2024_09
18-302-00117,54.0,2024_09
18-302-00118,54.0,2024_09
18-302-00119,57.0,2024_09
18-303-00120,55.0,2024_09
18-303-00121,54.285714285714285,2024_09
18-303-00122,57.2,2024_09
18-303-00123,59.0,2024_09
18-799-00124,57.0,2024_09
18-799-00125,,2024_09
18-304-00126,53.0,2024_09
18-304-00127,54.5,2024_09
18-304-00128,53.4,2024_09
18-304-00129,54.0,2024_09
18-305-00130,56.8,2024_09
18-305-00131,52.0,2024_09
18-305-00132,53.75,2024_09
18-305-00133,57.2,2024_09
18-305-00134,53.4,2024_09
18-305-00135,51.8,2024_09
18-305-00136,51.4,2024_09
18-306-00137,65.0,2024_09
18-306-00138,62.57142857142857,2024_09
18-306-00139,58.5,2024_09
18-306-00140,60.888888888888886,2024_09
18-307-00141,57.4,2024_09
18-307-00142,64.2,2024_09
18-307-00143,59.8,2024_09
18-307-00144,61.57142857142857,2024_09
18-307-00145,62.25,2024_09
18-307-00146,61.42857142857143,2024_09
18-307-00147,67.0,2024_09
18-308-00148,,2024_09
18-308-00149,62.0,2024_09
18-308-00150,66.83333333333333,2024_09
18-308-00151,64.0,2024_09
18-308-00152,62.54545454545455,2024_09
18-308-00153,68.0,2024_09
18-309-00154,67.5,2024_09
18-309-00155,57.714285714285715,2024_09
18-309-00156,58.92857142857143,2024_09
18-309-00157,57.705882352941174,2024_09
18-310-00158,60.54545454545455,2024_09
18-310-00159,59.5,2024_09
18-310-00160,60.625,2024_09
18-310-00161,58.75,2024_09
18-310-00162,55.0,2024_09
18-310-00163,58.25,2024_09
18-310-00164,56.142857142857146,2024_09
18-311-00165,55.333333333333336,2024_09
18-311-00166,55.0,2024_09
18-311-00167,56.2,2024_09
18-311-00168,60.25,2024_09
18-312-00169,58.2,2024_09
18-312-00170,60.0,2024_09
18-312-00171,60.25,2024_09
18-313-00172,61.0,2024_09
18-313-00173,60.4,2024_09
18-313-00174,59.6,2024_09
18-313-00175,59.9,2024_09
18-313-00176,59.75,2024_09
18-313-00177,57.81818181818182,2024_09
18-314-00178,59.294117647058826,2024_09
18-314-00179,61.13636363636363,2024_09
18-315-00180,56.69565217391305,2024_09
18-315-00181,51.2,2024_09
18-315-00182,48.5,2024_09
18-315-00183,52.57692307692308,2024_09
18-316-00184,50.7,2024_09
18-316-00185,48.72727272727273,2024_09
18-316-00186,49.833333333333336,2024_09
18-316-00187,44.07692307692308,2024_09
18-316-00188,49.333333333333336,2024_09
18-317-00189,51.5,2024_09
18-317-00190,51.0,2024_09
18-317-00191,46.0,2024_09
18-317-00192,40.2,2024_09
18-317-00193,42.333333333333336,2024_09
18-318-00194,52.0,2024_09
18-318-00195,46.0,2024_09
18-318-00196,42.666666666666664,2024_09
18-318-00197,41.3,2024_09
18-319-00198,57.0,2024_09
18-319-00199,53.0,2024_09
18-319-00200,55.8,2024_09
18-319-00201,59.5,2024_09
18-319-00202,60.5,2024_09
18-320-00203,62.0,2024_09
18-320-00204,,2024_09
18-320-00205,64.7,2024_09
18-320-00206,65.0,2024_09
18-320-00207,62.63636363636363,2024_09
18-321-00208,58.0,2024_09
18-321-00209,56.0,2024_09
18-321-00210,55.333333333333336,2024_09
18-321-00211,52.714285714285715,2024_09
18-321-00212,53.142857142857146,2024_09
18-321-00213,54.75,2024_09
18-321-00214,54.0,2024_09
18-321-00215,53.333333333333336,2024_09
18-321-00216,55.0,2024_09
18-321-00217,51.0,2024_09
18-321-00218,59.0,2024_09
18-322-00219,51.0,2024_09
18-322-00220,54.125,2024_09
18-322-00221,54.0,2024_09
18-323-00222,56.0,2024_09
18-323-00223,57.0,2024_09
18-323-00224,55.5,2024_09
18-323-00225,55.0,2024_09
18-323-00226,58.0,2024_09
18-323-00227,56.0,2024_09
18-323-00228,61.0,2024_09
18-324-00260,59.75,2024_09
18-323-00230,,2024_09
18-324-00231,62.0,2024_09
18-324-00232,59.0,2024_09
18-324-00233,58.666666666666664,2024_09
18-324-00234,57.0,2024_09
18-816-00235,,2024_09
18-816-00236,,2024_09
18-325-00237,,2024_09
18-325-00238,59.0,2024_09
18-325-00239,52.833333333333336,2024_09
18-326-00240,59.0,2024_09
18-326-00241,64.0,2024_09
18-326-00242,,2024_09
18-326-00243,,2024_09
18-326-00244,61.0,2024_09
18-326-00245,66.375,2024_09
18-326-00246,68.125,2024_09
18-326-00247,66.33333333333333,2024_09
18-755-00248,54.6,2024_09
18-756-00249,64.38461538461539,2024_09
18-756-00250,64.28571428571429,2024_09
18-756-00251,60.25,2024_09
18-757-00252,52.2,2024_09
18-757-00253,58.0,2024_09
18-757-00254,53.166666666666664,2024_09
18-759-00255,56.095238095238095,2024_09
18-758-00256,51.333333333333336,2024_09
18-758-00257,50.0,2024_09
18-816-00258,,2024_09
18-816-00259,61.25,2024_09
18-816-00261,61.714285714285715,2024_09
18-324-00262,58.666666666666664,2024_09
18-324-00263,61.0,2024_09
18-303-00264,59.0,2024_09
18-799-00265,57.0,2024_09
18-303-00266,53.5,2024_09
18-322-00267,51.0,2024_09
18-326-00268,60.666666666666664,2024_09
18-325-00269,54.42857142857143,2024_09
18-325-00270,60.333333333333336,2024_09
18-304-00271,52.0,2024_09
18-321-00272,51.333333333333336,2024_09
18-321-00273,51.833333333333336,2024_09
18-301-00274,53.5,2024_09
18-312-00276,57.833333333333336,2024_09
18-312-00277,56.5,2024_09
18-755-00278,57.166666666666664,2024_09
18-755-00279,50.0,2024_09
18-760-00280,56.75,2024_09
18-760-00281,58.45454545454545,2024_09
18-314-00275,55.333333333333336,2024_09
18-300-00101,8.529411764705882,2024_10
18-300-00102,8.0,2024_10
18-300-00103,7.4,2024_10
18-300-00104,8.153846153846153,2024_10
18-300-00105,9.5,2024_10
18-300-00106,,2024_10
18-300-00107,10.5,2024_10
18-300-00108,6.0,2024_10
18-301-00109,10.333333333333334,2024_10
18-301-00110,12.0,2024_10
18-301-00111,11.333333333333334,2024_10
18-301-00112,11.75,2024_10
18-301-00113,8.0,2024_10
18-301-00114,7.5,2024_10
18-302-00115,9.25,2024_10
18-302-00116,8.125,2024_10
18-302-00117,7.5,2024_10
18-302-00118,7.666666666666667,2024_10
18-302-00119,8.333333333333334,2024_10
18-303-00120,5.75,2024_10
18-303-00121,5.285714285714286,2024_10
18-303-00122,4.2,2024_10
18-303-00123,3.0,2024_10
18-799-00124,3.0,2024_10
18-799-00125,,2024_10
18-304-00126,3.5,2024_10
18-304-00127,2.5,2024_10
18-304-00128,4.8,2024_10
18-304-00129,5.0,2024_10
18-305-00130,3.0,2024_10
18-305-00131,4.6,2024_10
18-305-00132,4.25,2024_10
18-305-00133,3.2,2024_10
18-305-00134,6.2,2024_10
18-305-00135,5.0,2024_10
18-305-00136,5.4,2024_10
18-306-00137,3.1176470588235294,2024_10
18-306-00138,3.142857142857143,2024_10
18-306-00139,3.0,2024_10
18-306-00140,3.0,2024_10
18-307-00141,6.0,2024_10
18-307-00142,6.6,2024_10
18-307-00143,7.0,2024_10
18-307-00144,7.428571428571429,2024_10
18-307-00145,7.5,2024_10
18-307-00146,7.285714285714286,2024_10
18-307-00147,8.5,2024_10
18-308-00148,,2024_10
18-308-00149,9.0,2024_10
18-308-00150,7.833333333333333,2024_10
18-308-00151,7.666666666666667,2024_10
18-308-00152,7.818181818181818,2024_10
18-308-00153,9.0,2024_10
18-309-00154,7.833333333333333,2024_10
18-309-00155,7.785714285714286,2024_10
18-309-00156,8.142857142857142,2024_10
18-309-00157,8.411764705882353,2024_10
18-310-00158,6.636363636363637,2024_10
18-310-00159,7.166666666666667,2024_10
18-310-00160,7.5,2024_10
18-310-00161,8.25,2024_10
18-310-00162,7.2,2024_10
18-310-00163,8.5,2024_10
18-310-00164,9.285714285714286,2024_10
18-311-00165,6.666666666666667,2024_10
18-311-00166,6.166666666666667,2024_10
18-311-00167,6.2,2024_10
18-311-00168,8.5,2024_10
18-312-00169,6.2,2024_10
18-312-00170,6.333333333333333,2024_10
18-312-00171,7.5,2024_10
18-313-00172,5.545454545454546,2024_10
18-313-00173,6.0,2024_10
18-313-00174,5.8,2024_10
18-313-00175,6.6,2024_10
18-313-00176,5.5,2024_10
18-313-00177,6.909090909090909,2024_10
18-314-00178,8.617647058823529,2024_10
18-314-00179,6.7272727272727275,2024_10
18-315-00180,8.173913043478262,2024_10
18-315-00181,5.266666666666667,2024_10
18-315-00182,4.0,2024_10
18-315-00183,7.0,2024_10
18-316-00184,5.5,2024_10
18-316-00185,6.7272727272727275,2024_10
18-316-00186,5.333333333333333,2024_10
18-316-00187,6.384615384615385,2024_10
18-316-00188,6.444444444444445,2024_10
18-317-00189,8.0,2024_10
18-317-00190,6.0,2024_10
18-317-00191,5.8,2024_10
18-317-00192,4.4,2024_10
18-317-00193,5.333333333333333,2024_10
18-318-00194,7.0,2024_10
18-318-00195,7.0,2024_10
18-318-00196,6.666666666666667,2024_10
18-318-00197,6.0,2024_10
18-319-00198,6.5,2024_10
18-319-00199,7.333333333333333,2024_10
18-319-00200,4.6,2024_10
18-319-00201,6.0,2024_10
18-319-00202,4.5,2024_10
18-320-00203,7.0,2024_10
18-320-00204,,2024_10
18-320-00205,7.5,2024_10
18-320-00206,5.5,2024_10
18-320-00207,3.6363636363636362,2024_10
18-321-00208,2.5,2024_10
18-321-00209,2.0,2024_10
18-321-00210,2.6666666666666665,2024_10
18-321-00211,2.4285714285714284,2024_10
18-321-00212,4.142857142857143,2024_10
18-321-00213,4.25,2024_10
18-321-00214,5.0,2024_10
18-321-00215,4.666666666666667,2024_10
18-321-00216,5.857142857142857,2024_10
18-321-00217,2.0,2024_10
18-321-00218,4.0,2024_10
18-322-00219,2.0,2024_10
18-322-00220,3.75,2024_10
18-322-00221,4.0,2024_10
18-323-00222,3.0,2024_10
18-323-00223,2.3333333333333335,2024_10
18-323-00224,3.0,2024_10
18-323-00225,2.0,2024_10
18-323-00226,3.0,2024_10
18-323-00227,2.0,2024_10
18-323-00228,3.0,2024_10
18-324-00260,4.0,2024_10
18-323-00230,,2024_10
18-324-00231,3.857142857142857,2024_10
18-324-00232,3.0,2024_10
18-324-00233,3.3333333333333335,2024_10
18-324-00234,4.0,2024_10
18-816-00235,,2024_10
18-816-00236,,2024_10
18-325-00237,,2024_10
18-325-00238,3.0,2024_10
18-325-00239,2.8333333333333335,2024_10
18-326-00240,3.0,2024_10
18-326-00241,3.5,2024_10
18-326-00242,,2024_10
18-326-00243,,2024_10
18-326-00244,3.0,2024_10
18-326-00245,4.125,2024_10
18-326-00246,5.25,2024_10
18-326-00247,3.3333333333333335,2024_10
18-755-00248,7.8,2024_10
18-756-00249,4.769230769230769,2024_10
18-756-00250,7.142857142857143,2024_10
18-756-00251,6.0,2024_10
18-757-00252,6.8,2024_10
18-757-00253,7.25,2024_10
18-757-00254,6.083333333333333,2024_10
18-759-00255,6.690476190476191,2024_10
18-758-00256,12.5,2024_10
18-758-00257,12.4,2024_10
18-816-00258,,2024_10
18-816-00259,3.25,2024_10
18-816-00261,3.4285714285714284,2024_10
18-324-00262,3.6666666666666665,2024_10
18-324-00263,4.0,2024_10
18-303-00264,3.75,2024_10
18-799-00265,3.5,2024_10
18-303-00266,4.0,2024_10
18-322-00267,2.0,2024_10
18-326-00268,3.0,2024_10
18-325-00269,4.0,2024_10
18-325-00270,2.7777777777777777,2024_10
18-304-00271,4.75,2024_10
18-321-00272,4.0,2024_10
18-321-00273,3.1666666666666665,2024_10
18-301-00274,11.0,2024_10
18-312-00276,6.0,2024_10
18-312-00277,6.0,2024_10
18-755-00278,9.666666666666666,2024_10
18-755-00279,6.833333333333333,2024_10
18-760-00280,6.0,2024_10
18-760-00281,6.181818181818182,2024_10
18-314-00275,4.729166666666667,2024_10
18-300-00101,26.058823529411764,2024_11
18-300-00102,26.5,2024_11
18-300-00103,27.2,2024_11
18-300-00104,27.307692307692307,2024_11
18-300-00105,23.666666666666668,2024_11
18-300-00106,,2024_11
18-300-00107,24.0,2024_11
18-300-00108,25.0,2024_11
18-301-00109,25.666666666666668,2024_11
18-301-00110,26.0,2024_11
18-301-00111,24.333333333333332,2024_11
18-301-00112,25.25,2024_11
18-301-00113,25.0,2024_11
18-301-00114,24.5,2024_11
18-302-00115,25.125,2024_11
18-302-00116,25.0,2024_11
18-302-00117,25.666666666666668,2024_11
18-302-00118,25.0,2024_11
18-302-00119,27.333333333333332,2024_11
18-303-00120,28.0,2024_11
18-303-00121,27.142857142857142,2024_11
18-303-00122,29.0,2024_11
18-303-00123,30.0,2024_11
18-799-00124,30.5,2024_11
18-799-00125,,2024_11
18-304-00126,23.5,2024_11
18-304-00127,24.5,2024_11
18-304-00128,25.0,2024_11
18-304-00129,25.0,2024_11
18-305-00130,26.6,2024_11
18-305-00131,23.2,2024_11
18-305-00132,24.25,2024_11
18-305-00133,25.6,2024_11
18-305-00134,23.6,2024_11
18-305-00135,22.8,2024_11
18-305-00136,22.6,2024_11
18-306-00137,27.11764705882353,2024_11
18-306-00138,23.571428571428573,2024_11
18-306-00139,25.166666666666668,2024_11
18-306-00140,26.444444444444443,2024_11
18-307-00141,21.6,2024_11
18-307-00142,29.4,2024_11
18-307-00143,26.0,2024_11
18-307-00144,25.857142857142858,2024_11
18-307-00145,27.25,2024_11
18-307-00146,29.142857142857142,2024_11
18-307-00147,33.25,2024_11
18-308-00148,,2024_11
18-308-00149,21.0,2024_11
18-308-00150,30.833333333333332,2024_11
18-308-00151,29.166666666666668,2024_11
18-308-00152,27.454545454545453,2024_11
18-308-00153,30.8,2024_11
18-309-00154,26.25,2024_11
18-309-00155,25.142857142857142,2024_11
18-309-00156,27.142857142857142,2024_11
18-309-00157,25.823529411764707,2024_11
18-310-00158,27.818181818181817,2024_11
18-310-00159,26.666666666666668,2024_11
18-310-00160,27.875,2024_11
18-310-00161,26.75,2024_11
18-310-00162,28.2,2024_11
18-310-00163,26.25,2024_11
18-310-00164,25.0,2024_11
18-311-00165,28.333333333333332,2024_11
18-311-00166,28.166666666666668,2024_11
18-311-00167,23.4,2024_11
18-311-00168,26.25,2024_11
18-312-00169,27.4,2024_11
18-312-00170,26.166666666666668,2024_11
18-312-00171,26.375,2024_11
18-313-00172,29.363636363636363,2024_11
18-313-00173,27.2,2024_11
18-313-00174,27.2,2024_11
18-313-00175,25.5,2024_11
18-313-00176,28.5,2024_11
18-313-00177,21.818181818181817,2024_11
18-314-00178,20.38235294117647,2024_11
18-314-00179,24.818181818181817,2024_11
18-315-00180,18.08695652173913,2024_11
18-315-00181,18.666666666666668,2024_11
18-315-00182,16.833333333333332,2024_11
18-315-00183,16.76923076923077,2024_11
18-316-00184,20.6,2024_11
18-316-00185,22.363636363636363,2024_11
18-316-00186,20.5,2024_11
18-316-00187,21.153846153846153,2024_11
18-316-00188,21.0,2024_11
18-317-00189,24.5,2024_11
18-317-00190,22.333333333333332,2024_11
18-317-00191,21.0,2024_11
18-317-00192,20.9,2024_11
18-317-00193,21.833333333333332,2024_11
18-318-00194,22.5,2024_11
18-318-00195,23.0,2024_11
18-318-00196,22.333333333333332,2024_11
18-318-00197,21.6,2024_11
18-319-00198,28.25,2024_11
18-319-00199,26.0,2024_11
18-319-00200,29.0,2024_11
18-319-00201,28.0,2024_11
18-319-00202,28.5,2024_11
18-320-00203,29.0,2024_11
18-320-00204,,2024_11
18-320-00205,25.5,2024_11
18-320-00206,27.5,2024_11
18-320-00207,28.363636363636363,2024_11
18-321-00208,29.0,2024_11
18-321-00209,29.0,2024_11
18-321-00210,27.0,2024_11
18-321-00211,25.428571428571427,2024_11
18-321-00212,24.571428571428573,2024_11
18-321-00213,27.5,2024_11
18-321-00214,28.0,2024_11
18-321-00215,26.0,2024_11
18-321-00216,24.714285714285715,2024_11
18-321-00217,26.0,2024_11
18-321-00218,29.0,2024_11
18-322-00219,25.0,2024_11
18-322-00220,26.25,2024_11
18-322-00221,27.0,2024_11
18-323-00222,28.0,2024_11
18-323-00223,28.333333333333332,2024_11
18-323-00224,27.333333333333332,2024_11
18-323-00225,29.0,2024_11
18-323-00226,29.0,2024_11
18-323-00227,30.0,2024_11
18-323-00228,29.0,2024_11
18-324-00260,28.25,2024_11
18-323-00230,,2024_11
18-324-00231,30.714285714285715,2024_11
18-324-00232,31.0,2024_11
18-324-00233,30.0,2024_11
18-324-00234,30.0,2024_11
18-816-00235,,2024_11
18-816-00236,,2024_11
18-325-00237,,2024_11
18-325-00238,27.5,2024_11
18-325-00239,25.333333333333332,2024_11
18-326-00240,25.0,2024_11
18-326-00241,26.75,2024_11
18-326-00242,,2024_11
18-326-00243,,2024_11
18-326-00244,24.0,2024_11
18-326-00245,25.5,2024_11
18-326-00246,25.125,2024_11
18-326-00247,24.666666666666668,2024_11
18-755-00248,27.2,2024_11
18-756-00249,28.692307692307693,2024_11
18-756-00250,30.285714285714285,2024_11
18-756-00251,24.25,2024_11
18-757-00252,21.4,2024_11
18-757-00253,22.75,2024_11
18-757-00254,17.833333333333332,2024_11
18-759-00255,19.595238095238095,2024_11
18-758-00256,24.333333333333332,2024_11
18-758-00257,23.2,2024_11
18-816-00258,,2024_11
18-816-00259,29.25,2024_11
18-816-00261,29.285714285714285,2024_11
18-324-00262,30.666666666666668,2024_11
18-324-00263,30.0,2024_11
18-303-00264,30.25,2024_11
18-799-00265,30.5,2024_11
18-303-00266,27.5,2024_11
18-322-00267,26.0,2024_11
18-326-00268,28.333333333333332,2024_11
18-325-00269,24.857142857142858,2024_11
18-325-00270,25.0,2024_11
18-304-00271,24.75,2024_11
18-321-00272,26.666666666666668,2024_11
18-321-00273,25.833333333333332,2024_11
18-301-00274,25.0,2024_11
18-312-00276,27.666666666666668,2024_11
18-312-00277,28.5,2024_11
18-755-00278,26.833333333333332,2024_11
18-755-00279,24.833333333333332,2024_11
18-760-00280,26.75,2024_11
18-760-00281,29.09090909090909,2024_11
18-314-00275,20.270833333333332,2024_11
18-300-00101,3.235294117647059,2024_12
18-300-00102,1.0,2024_12
18-300-00103,3.0,2024_12
18-300-00104,4.769230769230769,2024_12
18-300-00105,1.6666666666666667,2024_12
18-300-00106,,2024_12
18-300-00107,2.0,2024_12
18-300-00108,2.0,2024_12
18-301-00109,2.0,2024_12
18-301-00110,2.0,2024_12
18-301-00111,2.0,2024_12
18-301-00112,2.0,2024_12
18-301-00113,1.5,2024_12
18-301-00114,1.75,2024_12
18-302-00115,2.0,2024_12
18-302-00116,2.25,2024_12
18-302-00117,3.6666666666666665,2024_12
18-302-00118,4.0,2024_12
18-302-00119,5.0,2024_12
18-303-00120,4.0,2024_12
18-303-00121,4.0,2024_12
18-303-00122,4.0,2024_12
18-303-00123,4.0,2024_12
18-799-00124,3.0,2024_12
18-799-00125,,2024_12
18-304-00126,2.0,2024_12
18-304-00127,4.0,2024_12
18-304-00128,3.6,2024_12
18-304-00129,3.0,2024_12
18-305-00130,4.2,2024_12
18-305-00131,3.6,2024_12
18-305-00132,4.75,2024_12
18-305-00133,5.0,2024_12
18-305-00134,4.6,2024_12
18-305-00135,4.0,2024_12
18-305-00136,4.4,2024_12
18-306-00137,7.0,2024_12
18-306-00138,4.357142857142857,2024_12
18-306-00139,5.333333333333333,2024_12
18-306-00140,4.0,2024_12
18-307-00141,1.6,2024_12
18-307-00142,5.6,2024_12
18-307-00143,5.2,2024_12
18-307-00144,7.857142857142857,2024_12
18-307-00145,5.375,2024_12
18-307-00146,9.0,2024_12
18-307-00147,11.5,2024_12
18-308-00148,,2024_12
18-308-00149,7.0,2024_12
18-308-00150,8.0,2024_12
18-308-00151,8.333333333333334,2024_12
18-308-00152,5.909090909090909,2024_12
18-308-00153,9.2,2024_12
18-309-00154,4.333333333333333,2024_12
18-309-00155,5.5,2024_12
18-309-00156,7.0,2024_12
18-309-00157,12.882352941176471,2024_12
18-310-00158,6.181818181818182,2024_12
18-310-00159,6.166666666666667,2024_12
18-310-00160,6.25,2024_12
18-310-00161,6.25,2024_12
18-310-00162,6.2,2024_12
18-310-00163,6.25,2024_12
18-310-00164,8.571428571428571,2024_12
18-311-00165,7.333333333333333,2024_12
18-311-00166,6.5,2024_12
18-311-00167,10.8,2024_12
18-311-00168,10.0,2024_12
18-312-00169,10.2,2024_12
18-312-00170,11.666666666666666,2024_12
18-312-00171,21.0,2024_12
18-313-00172,4.545454545454546,2024_12
18-313-00173,4.2,2024_12
18-313-00174,6.8,2024_12
18-313-00175,13.2,2024_12
18-313-00176,6.5,2024_12
18-313-00177,16.181818181818183,2024_12
18-314-00178,13.882352941176471,2024_12
18-314-00179,14.227272727272727,2024_12
18-315-00180,8.826086956521738,2024_12
18-315-00181,6.666666666666667,2024_12
18-315-00182,7.5,2024_12
18-315-00183,9.346153846153847,2024_12
18-316-00184,10.2,2024_12
18-316-00185,16.272727272727273,2024_12
18-316-00186,16.333333333333332,2024_12
18-316-00187,17.846153846153847,2024_12
18-316-00188,18.77777777777778,2024_12
18-317-00189,12.5,2024_12
18-317-00190,13.0,2024_12
18-317-00191,13.6,2024_12
18-317-00192,16.4,2024_12
18-317-00193,17.666666666666668,2024_12
18-318-00194,14.0,2024_12
18-318-00195,17.0,2024_12
18-318-00196,18.0,2024_12
18-318-00197,17.8,2024_12
18-319-00198,2.5,2024_12
18-319-00199,2.3333333333333335,2024_12
18-319-00200,3.8,2024_12
18-319-00201,2.0,2024_12
18-319-00202,4.0,2024_12
18-320-00203,2.0,2024_12
18-320-00204,,2024_12
18-320-00205,6.5,2024_12
18-320-00206,6.0,2024_12
18-320-00207,5.2727272727272725,2024_12
18-321-00208,3.0,2024_12
18-321-00209,3.0,2024_12
18-321-00210,3.6666666666666665,2024_12
18-321-00211,3.0,2024_12
18-321-00212,6.571428571428571,2024_12
18-321-00213,3.75,2024_12
18-321-00214,4.0,2024_12
18-321-00215,4.0,2024_12
18-321-00216,7.428571428571429,2024_12
18-321-00217,3.0,2024_12
18-321-00218,3.0,2024_12
18-322-00219,3.0,2024_12
18-322-00220,5.375,2024_12
18-322-00221,5.0,2024_12
18-323-00222,3.0,2024_12
18-323-00223,3.3333333333333335,2024_12
18-323-00224,3.1666666666666665,2024_12
18-323-00225,3.0,2024_12
18-323-00226,3.0,2024_12
18-323-00227,3.0,2024_12
18-323-00228,4.0,2024_12
18-324-00260,3.25,2024_12
18-323-00230,,2024_12
18-324-00231,4.285714285714286,2024_12
18-324-00232,3.0,2024_12
18-324-00233,3.6666666666666665,2024_12
18-324-00234,3.0,2024_12
18-816-00235,,2024_12
18-816-00236,,2024_12
18-325-00237,,2024_12
18-325-00238,2.0,2024_12
18-325-00239,2.6666666666666665,2024_12
18-326-00240,6.0,2024_12
18-326-00241,4.5,2024_12
18-326-00242,,2024_12
18-326-00243,,2024_12
18-326-00244,5.0,2024_12
18-326-00245,7.125,2024_12
18-326-00246,7.0,2024_12
18-326-00247,6.666666666666667,2024_12
18-755-00248,7.2,2024_12
18-756-00249,4.076923076923077,2024_12
18-756-00250,4.857142857142857,2024_12
18-756-00251,1.75,2024_12
18-757-00252,4.6,2024_12
18-757-00253,4.75,2024_12
18-757-00254,3.8333333333333335,2024_12
18-759-00255,5.904761904761905,2024_12
18-758-00256,2.0,2024_12
18-758-00257,2.2,2024_12
18-816-00258,,2024_12
18-816-00259,4.75,2024_12
18-816-00261,4.714285714285714,2024_12
18-324-00262,3.3333333333333335,2024_12
18-324-00263,3.0,2024_12
18-303-00264,3.75,2024_12
18-799-00265,2.5,2024_12
18-303-00266,4.0,2024_12
18-322-00267,3.0,2024_12
18-326-00268,4.666666666666667,2024_12
18-325-00269,2.0,2024_12
18-325-00270,3.888888888888889,2024_12
18-304-00271,3.25,2024_12
18-321-00272,7.333333333333333,2024_12
18-321-00273,7.833333333333333,2024_12
18-301-00274,1.0,2024_12
18-312-00276,6.666666666666667,2024_12
18-312-00277,8.0,2024_12
18-755-00278,13.0,2024_12
18-755-00279,7.0,2024_12
18-760-00280,6.25,2024_12
18-760-00281,6.818181818181818,2024_12
18-314-00275,4.895833333333333,2024_12
18-300-00101,10.764705882352942,2025_01
18-300-00102,11.0,2025_01
18-300-00103,12.2,2025_01
18-300-00104,6.615384615384615,2025_01
18-300-00105,11.0,2025_01
18-300-00106,,2025_01
18-300-00107,11.0,2025_01
18-300-00108,11.0,2025_01
18-301-00109,13.0,2025_01
18-301-00110,12.0,2025_01
18-301-00111,13.0,2025_01
18-301-00112,12.5,2025_01
18-301-00113,11.5,2025_01
18-301-00114,10.5,2025_01
18-302-00115,11.125,2025_01
18-302-00116,9.375,2025_01
18-302-00117,10.333333333333334,2025_01
18-302-00118,11.333333333333334,2025_01
18-302-00119,15.333333333333334,2025_01
18-303-00120,11.25,2025_01
18-303-00121,12.857142857142858,2025_01
18-303-00122,13.8,2025_01
18-303-00123,15.0,2025_01
18-799-00124,14.5,2025_01
18-799-00125,,2025_01
18-304-00126,16.5,2025_01
18-304-00127,18.5,2025_01
18-304-00128,16.4,2025_01
18-304-00129,16.0,2025_01
18-305-00130,17.6,2025_01
18-305-00131,17.6,2025_01
18-305-00132,19.25,2025_01
18-305-00133,19.8,2025_01
18-305-00134,15.8,2025_01
18-305-00135,16.8,2025_01
18-305-00136,13.2,2025_01
18-306-00137,15.411764705882353,2025_01
18-306-00138,8.714285714285714,2025_01
18-306-00139,19.333333333333332,2025_01
18-306-00140,16.444444444444443,2025_01
18-307-00141,1.6,2025_01
18-307-00142,14.6,2025_01
18-307-00143,7.8,2025_01
18-307-00144,6.714285714285714,2025_01
18-307-00145,9.0,2025_01
18-307-00146,19.571428571428573,2025_01
18-307-00147,13.75,2025_01
18-308-00148,,2025_01
18-308-00149,1.5,2025_01
18-308-00150,15.833333333333334,2025_01
18-308-00151,12.583333333333334,2025_01
18-308-00152,10.818181818181818,2025_01
18-308-00153,9.8,2025_01
18-309-00154,7.25,2025_01
18-309-00155,10.857142857142858,2025_01
18-309-00156,9.357142857142858,2025_01
18-309-00157,14.529411764705882,2025_01
18-310-00158,14.0,2025_01
18-310-00159,9.333333333333334,2025_01
18-310-00160,7.0,2025_01
18-310-00161,8.0,2025_01
18-310-00162,13.2,2025_01
18-310-00163,9.5,2025_01
18-310-00164,5.0,2025_01
18-311-00165,16.0,2025_01
18-311-00166,16.0,2025_01
18-311-00167,9.8,2025_01
18-311-00168,8.25,2025_01
18-312-00169,18.8,2025_01
18-312-00170,18.166666666666668,2025_01
18-312-00171,8.375,2025_01
18-313-00172,9.181818181818182,2025_01
18-313-00173,11.0,2025_01
18-313-00174,15.8,2025_01
18-313-00175,12.7,2025_01
18-313-00176,14.5,2025_01
18-313-00177,15.272727272727273,2025_01
18-314-00178,15.794117647058824,2025_01
18-314-00179,4.954545454545454,2025_01
18-315-00180,10.173913043478262,2025_01
18-315-00181,1.2666666666666666,2025_01
18-315-00182,3.1666666666666665,2025_01
18-315-00183,10.192307692307692,2025_01
18-316-00184,15.8,2025_01
18-316-00185,21.636363636363637,2025_01
18-316-00186,19.5,2025_01
18-316-00187,18.692307692307693,2025_01
18-316-00188,20.11111111111111,2025_01
18-317-00189,21.0,2025_01
18-317-00190,21.0,2025_01
18-317-00191,18.8,2025_01
18-317-00192,18.0,2025_01
18-317-00193,19.666666666666668,2025_01
18-318-00194,23.0,2025_01
18-318-00195,20.5,2025_01
18-318-00196,19.833333333333332,2025_01
18-318-00197,18.9,2025_01
18-319-00198,11.25,2025_01
18-319-00199,10.333333333333334,2025_01
18-319-00200,13.6,2025_01
18-319-00201,11.0,2025_01
18-319-00202,13.0,2025_01
18-320-00203,12.0,2025_01
18-320-00204,,2025_01
18-320-00205,5.9,2025_01
18-320-00206,7.0,2025_01
18-320-00207,11.090909090909092,2025_01
18-321-00208,16.5,2025_01
18-321-00209,16.0,2025_01
18-321-00210,17.0,2025_01
18-321-00211,15.0,2025_01
18-321-00212,9.857142857142858,2025_01
18-321-00213,12.0,2025_01
18-321-00214,11.5,2025_01
18-321-00215,11.333333333333334,2025_01
18-321-00216,9.571428571428571,2025_01
18-321-00217,16.0,2025_01
18-321-00218,19.0,2025_01
18-322-00219,16.0,2025_01
18-322-00220,16.25,2025_01
18-322-00221,19.0,2025_01
18-323-00222,13.0,2025_01
18-323-00223,14.333333333333334,2025_01
18-323-00224,13.833333333333334,2025_01
18-323-00225,16.0,2025_01
18-323-00226,15.0,2025_01
18-323-00227,13.0,2025_01
18-323-00228,14.0,2025_01
18-324-00260,10.25,2025_01
18-323-00230,,2025_01
18-324-00231,14.0,2025_01
18-324-00232,13.0,2025_01
18-324-00233,9.333333333333334,2025_01
18-324-00234,13.0,2025_01
18-816-00235,,2025_01
18-816-00236,,2025_01
18-325-00237,,2025_01
18-325-00238,19.0,2025_01
18-325-00239,16.166666666666668,2025_01
18-326-00240,14.0,2025_01
18-326-00241,0.25,2025_01
18-326-00242,,2025_01
18-326-00243,,2025_01
18-326-00244,11.0,2025_01
18-326-00245,6.875,2025_01
18-326-00246,2.75,2025_01
18-326-00247,5.0,2025_01
18-755-00248,11.0,2025_01
18-756-00249,17.846153846153847,2025_01
18-756-00250,16.0,2025_01
18-756-00251,4.5,2025_01
18-757-00252,13.0,2025_01
18-757-00253,9.5,2025_01
18-757-00254,14.916666666666666,2025_01
18-759-00255,3.9285714285714284,2025_01
18-758-00256,12.833333333333334,2025_01
18-758-00257,13.4,2025_01
18-816-00258,,2025_01
18-816-00259,9.0,2025_01
18-816-00261,12.0,2025_01
18-324-00262,13.333333333333334,2025_01
18-324-00263,15.0,2025_01
18-303-00264,14.75,2025_01
18-799-00265,14.0,2025_01
18-303-00266,11.5,2025_01
18-322-00267,16.0,2025_01
18-326-00268,3.0,2025_01
18-325-00269,17.142857142857142,2025_01
18-325-00270,11.333333333333334,2025_01
18-304-00271,15.625,2025_01
18-321-00272,13.666666666666666,2025_01
18-321-00273,10.666666666666666,2025_01
18-301-00274,11.0,2025_01
18-312-00276,17.0,2025_01
18-312-00277,19.0,2025_01
18-755-00278,6.5,2025_01
18-755-00279,10.0,2025_01
18-760-00280,16.0,2025_01
18-760-00281,15.272727272727273,2025_01
18-314-00275,5.958333333333333,2025_01
18-300-00101,2.0588235294117645,2025_02
18-300-00102,2.0,2025_02
18-300-00103,2.8,2025_02
18-300-00104,3.3076923076923075,2025_02
18-300-00105,2.0,2025_02
18-300-00106,,2025_02
18-300-00107,2.0,2025_02
18-300-00108,3.0,2025_02
18-301-00109,2.3333333333333335,2025_02
18-301-00110,2.0,2025_02
18-301-00111,2.0,2025_02
18-301-00112,2.5,2025_02
18-301-00113,2.0,2025_02
18-301-00114,2.0,2025_02
18-302-00115,3.125,2025_02
18-302-00116,2.0,2025_02
18-302-00117,2.0,2025_02
18-302-00118,2.0,2025_02
18-302-00119,4.333333333333333,2025_02
18-303-00120,2.75,2025_02
18-303-00121,2.5714285714285716,2025_02
18-303-00122,3.6,2025_02
18-303-00123,3.3333333333333335,2025_02
18-799-00124,3.5,2025_02
18-799-00125,,2025_02
18-304-00126,2.5,2025_02
18-304-00127,3.5,2025_02
18-304-00128,4.0,2025_02
18-304-00129,3.0,2025_02
18-305-00130,3.0,2025_02
18-305-00131,2.8,2025_02
18-305-00132,3.0,2025_02
18-305-00133,3.6,2025_02
18-305-00134,3.4,2025_02
18-305-00135,3.0,2025_02
18-305-00136,2.8,2025_02
18-306-00137,4.705882352941177,2025_02
18-306-00138,3.9285714285714284,2025_02
18-306-00139,3.1666666666666665,2025_02
18-306-00140,3.888888888888889,2025_02
18-307-00141,2.6,2025_02
18-307-00142,4.4,2025_02
18-307-00143,4.2,2025_02
18-307-00144,4.0,2025_02
18-307-00145,4.0,2025_02
18-307-00146,4.142857142857143,2025_02
18-307-00147,4.75,2025_02
18-308-00148,,2025_02
18-308-00149,7.0,2025_02
18-308-00150,4.0,2025_02
18-308-00151,4.0,2025_02
18-308-00152,4.0,2025_02
18-308-00153,4.0,2025_02
18-309-00154,5.166666666666667,2025_02
18-309-00155,4.785714285714286,2025_02
18-309-00156,4.428571428571429,2025_02
18-309-00157,5.882352941176471,2025_02
18-310-00158,4.0,2025_02
18-310-00159,4.0,2025_02
18-310-00160,3.875,2025_02
18-310-00161,4.0,2025_02
18-310-00162,4.0,2025_02
18-310-00163,4.25,2025_02
18-310-00164,4.285714285714286,2025_02
18-311-00165,4.166666666666667,2025_02
18-311-00166,4.166666666666667,2025_02
18-311-00167,4.0,2025_02
18-311-00168,5.0,2025_02
18-312-00169,5.0,2025_02
18-312-00170,5.0,2025_02
18-312-00171,4.875,2025_02
18-313-00172,3.3636363636363638,2025_02
18-313-00173,3.8,2025_02
18-313-00174,4.8,2025_02
18-313-00175,4.8,2025_02
18-313-00176,4.0,2025_02
18-313-00177,4.818181818181818,2025_02
18-314-00178,5.5,2025_02
18-314-00179,3.3636363636363638,2025_02
18-315-00180,3.4347826086956523,2025_02
18-315-00181,5.333333333333333,2025_02
18-315-00182,4.666666666666667,2025_02
18-315-00183,4.346153846153846,2025_02
18-316-00184,11.1,2025_02
18-316-00185,12.454545454545455,2025_02
18-316-00186,12.666666666666666,2025_02
18-316-00187,5.769230769230769,2025_02
18-316-00188,13.444444444444445,2025_02
18-317-00189,10.0,2025_02
18-317-00190,10.0,2025_02
18-317-00191,7.8,2025_02
18-317-00192,7.5,2025_02
18-317-00193,8.833333333333334,2025_02
18-318-00194,13.5,2025_02
18-318-00195,9.0,2025_02
18-318-00196,8.0,2025_02
18-318-00197,7.9,2025_02
18-319-00198,4.0,2025_02
18-319-00199,2.6666666666666665,2025_02
18-319-00200,3.6,2025_02
18-319-00201,3.5,2025_02
18-319-00202,4.5,2025_02
18-320-00203,3.0,2025_02
18-320-00204,,2025_02
18-320-00205,3.4,2025_02
18-320-00206,3.5,2025_02
18-320-00207,4.909090909090909,2025_02
18-321-00208,2.5,2025_02
18-321-00209,2.0,2025_02
18-321-00210,2.0,2025_02
18-321-00211,2.0,2025_02
18-321-00212,3.4285714285714284,2025_02
18-321-00213,2.75,2025_02
18-321-00214,3.0,2025_02
18-321-00215,2.6666666666666665,2025_02
18-321-00216,3.142857142857143,2025_02
18-321-00217,3.0,2025_02
18-321-00218,2.0,2025_02
18-322-00219,3.0,2025_02
18-322-00220,3.5,2025_02
18-322-00221,4.0,2025_02
18-323-00222,2.0,2025_02
18-323-00223,2.6666666666666665,2025_02
18-323-00224,2.3333333333333335,2025_02
18-323-00225,2.0,2025_02
18-323-00226,3.0,2025_02
18-323-00227,2.0,2025_02
18-323-00228,3.0,2025_02
18-324-00260,2.75,2025_02
18-323-00230,,2025_02
18-324-00231,5.0,2025_02
18-324-00232,3.0,2025_02
18-324-00233,3.6666666666666665,2025_02
18-324-00234,3.0,2025_02
18-816-00235,,2025_02
18-816-00236,,2025_02
18-325-00237,,2025_02
18-325-00238,2.0,2025_02
18-325-00239,2.3333333333333335,2025_02
18-326-00240,3.0,2025_02
18-326-00241,2.0,2025_02
18-326-00242,,2025_02
18-326-00243,,2025_02
18-326-00244,3.0,2025_02
18-326-00245,3.25,2025_02
18-326-00246,3.0,2025_02
18-326-00247,3.6666666666666665,2025_02
18-755-00248,4.6,2025_02
18-756-00249,4.230769230769231,2025_02
18-756-00250,4.571428571428571,2025_02
18-756-00251,3.75,2025_02
18-757-00252,3.2,2025_02
18-757-00253,4.5,2025_02
18-757-00254,3.75,2025_02
18-759-00255,1.5714285714285714,2025_02
18-758-00256,3.8333333333333335,2025_02
18-758-00257,5.6,2025_02
18-816-00258,,2025_02
18-816-00259,3.25,2025_02
18-816-00261,4.142857142857143,2025_02
18-324-00262,3.6666666666666665,2025_02
18-324-00263,4.0,2025_02
18-303-00264,4.25,2025_02
18-799-00265,4.0,2025_02
18-303-00266,3.0,2025_02
18-322-00267,3.0,2025_02
18-326-00268,2.0,2025_02
18-325-00269,1.7142857142857142,2025_02
18-325-00270,3.0,2025_02
18-304-00271,3.5,2025_02
18-321-00272,3.3333333333333335,2025_02
18-321-00273,3.3333333333333335,2025_02
18-301-00274,2.0,2025_02
18-312-00276,5.0,2025_02
18-312-00277,5.0,2025_02
18-755-00278,4.833333333333333,2025_02
18-755-00279,4.333333333333333,2025_02
18-760-00280,4.25,2025_02
18-760-00281,4.7272727272727275,2025_02
18-314-00275,2.4375,2025_02
18-300-00101,11.647058823529411,2025_03
18-300-00102,14.5,2025_03
18-300-00103,13.8,2025_03
18-300-00104,11.461538461538462,2025_03
18-300-00105,14.666666666666666,2025_03
18-300-00106,,2025_03
18-300-00107,14.5,2025_03
18-300-00108,16.0,2025_03
18-301-00109,15.333333333333334,2025_03
18-301-00110,15.0,2025_03
18-301-00111,15.666666666666666,2025_03
18-301-00112,16.0,2025_03
18-301-00113,15.0,2025_03
18-301-00114,15.5,2025_03
18-302-00115,16.25,2025_03
18-302-00116,16.75,2025_03
18-302-00117,17.833333333333332,2025_03
18-302-00118,20.0,2025_03
18-302-00119,22.333333333333332,2025_03
18-303-00120,17.0,2025_03
18-303-00121,18.571428571428573,2025_03
18-303-00122,17.2,2025_03
18-303-00123,17.0,2025_03
18-799-00124,11.5,2025_03
18-799-00125,,2025_03
18-304-00126,11.5,2025_03
18-304-00127,12.0,2025_03
18-304-00128,20.0,2025_03
18-304-00129,19.0,2025_03
18-305-00130,14.0,2025_03
18-305-00131,16.6,2025_03
18-305-00132,16.0,2025_03
18-305-00133,13.4,2025_03
18-305-00134,20.8,2025_03
18-305-00135,20.0,2025_03
18-305-00136,22.4,2025_03
18-306-00137,11.882352941176471,2025_03
18-306-00138,12.357142857142858,2025_03
18-306-00139,14.333333333333334,2025_03
18-306-00140,15.222222222222221,2025_03
18-307-00141,9.6,2025_03
18-307-00142,11.6,2025_03
18-307-00143,8.8,2025_03
18-307-00144,7.714285714285714,2025_03
18-307-00145,8.625,2025_03
18-307-00146,11.142857142857142,2025_03
18-307-00147,12.25,2025_03
18-308-00148,,2025_03
18-308-00149,4.0,2025_03
18-308-00150,10.0,2025_03
18-308-00151,8.5,2025_03
18-308-00152,7.363636363636363,2025_03
18-308-00153,9.4,2025_03
18-309-00154,4.833333333333333,2025_03
18-309-00155,7.357142857142857,2025_03
18-309-00156,7.785714285714286,2025_03
18-309-00157,8.117647058823529,2025_03
18-310-00158,9.909090909090908,2025_03
18-310-00159,8.0,2025_03
18-310-00160,8.125,2025_03
18-310-00161,7.5,2025_03
18-310-00162,9.6,2025_03
18-310-00163,9.0,2025_03
18-310-00164,8.0,2025_03
18-311-00165,10.5,2025_03
18-311-00166,11.166666666666666,2025_03
18-311-00167,13.2,2025_03
18-311-00168,13.5,2025_03
18-312-00169,14.8,2025_03
18-312-00170,17.333333333333332,2025_03
18-312-00171,15.5,2025_03
18-313-00172,13.727272727272727,2025_03
18-313-00173,13.8,2025_03
18-313-00174,15.2,2025_03
18-313-00175,17.9,2025_03
18-313-00176,16.5,2025_03
18-313-00177,20.09090909090909,2025_03
18-314-00178,20.058823529411764,2025_03
18-314-00179,17.545454545454547,2025_03
18-315-00180,17.347826086956523,2025_03
18-315-00181,10.733333333333333,2025_03
18-315-00182,9.0,2025_03
18-315-00183,16.576923076923077,2025_03
18-316-00184,11.1,2025_03
18-316-00185,15.818181818181818,2025_03
18-316-00186,13.0,2025_03
18-316-00187,19.153846153846153,2025_03
18-316-00188,15.444444444444445,2025_03
18-317-00189,15.5,2025_03
18-317-00190,15.333333333333334,2025_03
18-317-00191,18.2,2025_03
18-317-00192,23.9,2025_03
18-317-00193,23.333333333333332,2025_03
18-318-00194,15.0,2025_03
18-318-00195,21.0,2025_03
18-318-00196,22.166666666666668,2025_03
18-318-00197,23.7,2025_03
18-319-00198,15.0,2025_03
18-319-00199,17.0,2025_03
18-319-00200,16.4,2025_03
18-319-00201,14.5,2025_03
18-319-00202,13.0,2025_03
18-320-00203,14.0,2025_03
18-320-00204,,2025_03
18-320-00205,8.1,2025_03
18-320-00206,11.5,2025_03
18-320-00207,10.545454545454545,2025_03
18-321-00208,13.0,2025_03
18-321-00209,15.0,2025_03
18-321-00210,16.666666666666668,2025_03
18-321-00211,17.571428571428573,2025_03
18-321-00212,21.428571428571427,2025_03
18-321-00213,21.75,2025_03
18-321-00214,21.5,2025_03
18-321-00215,20.666666666666668,2025_03
18-321-00216,21.571428571428573,2025_03
18-321-00217,18.0,2025_03
18-321-00218,12.0,2025_03
18-322-00219,18.0,2025_03
18-322-00220,21.0,2025_03
18-322-00221,21.0,2025_03
18-323-00222,11.0,2025_03
18-323-00223,14.666666666666666,2025_03
18-323-00224,19.333333333333332,2025_03
18-323-00225,15.0,2025_03
18-323-00226,11.0,2025_03
18-323-00227,11.0,2025_03
18-323-00228,11.0,2025_03
18-324-00260,10.5,2025_03
18-323-00230,,2025_03
18-324-00231,10.571428571428571,2025_03
18-324-00232,11.0,2025_03
18-324-00233,9.333333333333334,2025_03
18-324-00234,11.0,2025_03
18-816-00235,,2025_03
18-816-00236,,2025_03
18-325-00237,,2025_03
18-325-00238,11.5,2025_03
18-325-00239,15.833333333333334,2025_03
18-326-00240,10.0,2025_03
18-326-00241,9.75,2025_03
18-326-00242,,2025_03
18-326-00243,,2025_03
18-326-00244,8.0,2025_03
18-326-00245,13.25,2025_03
18-326-00246,13.25,2025_03
18-326-00247,10.333333333333334,2025_03
18-755-00248,10.0,2025_03
18-756-00249,15.307692307692308,2025_03
18-756-00250,13.571428571428571,2025_03
18-756-00251,11.25,2025_03
18-757-00252,22.6,2025_03
18-757-00253,23.5,2025_03
18-757-00254,21.25,2025_03
18-759-00255,19.404761904761905,2025_03
18-758-00256,16.666666666666668,2025_03
18-758-00257,18.8,2025_03
18-816-00258,,2025_03
18-816-00259,11.0,2025_03
18-816-00261,10.714285714285714,2025_03
18-324-00262,11.0,2025_03
18-324-00263,11.0,2025_03
18-303-00264,11.75,2025_03
18-799-00265,11.5,2025_03
18-303-00266,20.5,2025_03
18-322-00267,18.0,2025_03
18-326-00268,11.333333333333334,2025_03
18-325-00269,12.857142857142858,2025_03
18-325-00270,8.666666666666666,2025_03
18-304-00271,19.5,2025_03
18-321-00272,23.333333333333332,2025_03
18-321-00273,21.5,2025_03
18-301-00274,14.0,2025_03
18-312-00276,15.0,2025_03
18-312-00277,14.5,2025_03
18-755-00278,11.0,2025_03
18-755-00279,10.166666666666666,2025_03
18-760-00280,10.75,2025_03
18-760-00281,12.727272727272727,2025_03
18-314-00275,15.875,2025_03
18-300-00101,13.588235294117647,2025_04
18-300-00102,16.0,2025_04
18-300-00103,16.6,2025_04
18-300-00104,17.384615384615383,2025_04
18-300-00105,18.5,2025_04
18-300-00106,,2025_04
18-300-00107,19.0,2025_04
18-300-00108,17.0,2025_04
18-301-00109,20.0,2025_04
18-301-00110,21.0,2025_04
18-301-00111,19.333333333333332,2025_04
18-301-00112,18.5,2025_04
18-301-00113,19.5,2025_04
18-301-00114,18.75,2025_04
18-302-00115,17.875,2025_04
18-302-00116,19.25,2025_04
18-302-00117,22.333333333333332,2025_04
18-302-00118,21.666666666666668,2025_04
18-302-00119,25.0,2025_04
18-303-00120,21.75,2025_04
18-303-00121,21.571428571428573,2025_04
18-303-00122,22.4,2025_04
18-303-00123,21.666666666666668,2025_04
18-799-00124,20.5,2025_04
18-799-00125,,2025_04
18-304-00126,16.0,2025_04
18-304-00127,18.0,2025_04
18-304-00128,23.2,2025_04
18-304-00129,24.0,2025_04
18-305-00130,19.6,2025_04
18-305-00131,21.4,2025_04
18-305-00132,22.0,2025_04
18-305-00133,21.0,2025_04
18-305-00134,28.4,2025_04
18-305-00135,24.6,2025_04
18-305-00136,23.2,2025_04
18-306-00137,22.529411764705884,2025_04
18-306-00138,21.0,2025_04
18-306-00139,18.0,2025_04
18-306-00140,24.11111111111111,2025_04
18-307-00141,18.8,2025_04
18-307-00142,26.0,2025_04
18-307-00143,20.8,2025_04
18-307-00144,18.857142857142858,2025_04
18-307-00145,22.875,2025_04
18-307-00146,23.0,2025_04
18-307-00147,28.75,2025_04
18-308-00148,,2025_04
18-308-00149,14.5,2025_04
18-308-00150,22.666666666666668,2025_04
18-308-00151,19.5,2025_04
18-308-00152,18.454545454545453,2025_04
18-308-00153,24.4,2025_04
18-309-00154,20.25,2025_04
18-309-00155,19.0,2025_04
18-309-00156,18.857142857142858,2025_04
18-309-00157,16.647058823529413,2025_04
18-310-00158,19.727272727272727,2025_04
18-310-00159,17.666666666666668,2025_04
18-310-00160,18.75,2025_04
18-310-00161,18.0,2025_04
18-310-00162,20.0,2025_04
18-310-00163,17.25,2025_04
18-310-00164,14.285714285714286,2025_04
18-311-00165,20.833333333333332,2025_04
18-311-00166,19.0,2025_04
18-311-00167,18.6,2025_04
18-311-00168,20.0,2025_04
18-312-00169,21.2,2025_04
18-312-00170,24.0,2025_04
18-312-00171,21.625,2025_04
18-313-00172,20.272727272727273,2025_04
18-313-00173,20.0,2025_04
18-313-00174,20.4,2025_04
18-313-00175,22.3,2025_04
18-313-00176,18.75,2025_04
18-313-00177,21.363636363636363,2025_04
18-314-00178,21.58823529411765,2025_04
18-314-00179,21.772727272727273,2025_04
18-315-00180,16.043478260869566,2025_04
18-315-00181,9.4,2025_04
18-315-00182,8.833333333333334,2025_04
18-315-00183,11.423076923076923,2025_04
18-316-00184,10.0,2025_04
18-316-00185,10.545454545454545,2025_04
18-316-00186,8.333333333333334,2025_04
18-316-00187,6.153846153846154,2025_04
18-316-00188,8.88888888888889,2025_04
18-317-00189,11.5,2025_04
18-317-00190,12.0,2025_04
18-317-00191,9.6,2025_04
18-317-00192,7.7,2025_04
18-317-00193,8.166666666666666,2025_04
18-318-00194,14.0,2025_04
18-318-00195,12.0,2025_04
18-318-00196,7.333333333333333,2025_04
18-318-00197,5.9,2025_04
18-319-00198,20.5,2025_04
18-319-00199,21.333333333333332,2025_04
18-319-00200,21.2,2025_04
18-319-00201,17.0,2025_04
18-319-00202,19.5,2025_04
18-320-00203,18.0,2025_04
18-320-00204,,2025_04
18-320-00205,15.7,2025_04
18-320-00206,16.5,2025_04
18-320-00207,20.0,2025_04
18-321-00208,22.0,2025_04
18-321-00209,23.0,2025_04
18-321-00210,21.666666666666668,2025_04
18-321-00211,16.857142857142858,2025_04
18-321-00212,20.571428571428573,2025_04
18-321-00213,20.0,2025_04
18-321-00214,20.5,2025_04
18-321-00215,22.0,2025_04
18-321-00216,24.0,2025_04
18-321-00217,19.0,2025_04
18-321-00218,20.0,2025_04
18-322-00219,22.0,2025_04
18-322-00220,22.75,2025_04
18-322-00221,23.0,2025_04
18-323-00222,18.0,2025_04
18-323-00223,20.0,2025_04
18-323-00224,20.333333333333332,2025_04
18-323-00225,22.0,2025_04
18-323-00226,20.0,2025_04
18-323-00227,20.0,2025_04
18-323-00228,21.0,2025_04
18-324-00260,21.5,2025_04
18-323-00230,,2025_04
18-324-00231,22.285714285714285,2025_04
18-324-00232,23.0,2025_04
18-324-00233,21.333333333333332,2025_04
18-324-00234,21.0,2025_04
18-816-00235,,2025_04
18-816-00236,,2025_04
18-325-00237,,2025_04
18-325-00238,21.0,2025_04
18-325-00239,21.166666666666668,2025_04
18-326-00240,17.0,2025_04
18-326-00241,19.0,2025_04
18-326-00242,,2025_04
18-326-00243,,2025_04
18-326-00244,16.0,2025_04
18-326-00245,21.0,2025_04
18-326-00246,20.875,2025_04
18-326-00247,20.333333333333332,2025_04
18-755-00248,18.2,2025_04
18-756-00249,29.153846153846153,2025_04
18-756-00250,26.428571428571427,2025_04
18-756-00251,20.75,2025_04
18-757-00252,22.8,2025_04
18-757-00253,27.0,2025_04
18-757-00254,21.583333333333332,2025_04
18-759-00255,18.88095238095238,2025_04
18-758-00256,14.5,2025_04
18-758-00257,13.2,2025_04
18-816-00258,,2025_04
18-816-00259,21.25,2025_04
18-816-00261,22.571428571428573,2025_04
18-324-00262,22.333333333333332,2025_04
18-324-00263,23.0,2025_04
18-303-00264,21.0,2025_04
18-799-00265,20.5,2025_04
18-303-00266,20.0,2025_04
18-322-00267,19.0,2025_04
18-326-00268,19.0,2025_04
18-325-00269,19.571428571428573,2025_04
18-325-00270,17.22222222222222,2025_04
18-304-00271,22.625,2025_04
18-321-00272,18.333333333333332,2025_04
18-321-00273,19.166666666666668,2025_04
18-301-00274,18.0,2025_04
18-312-00276,21.5,2025_04
18-312-00277,23.0,2025_04
18-755-00278,18.0,2025_04
18-755-00279,17.833333333333332,2025_04
18-760-00280,21.75,2025_04
18-760-00281,22.90909090909091,2025_04
18-314-00275,20.416666666666668,2025_04
18-300-00101,10.823529411764707,2025_05
18-300-00102,11.0,2025_05
18-300-00103,12.0,2025_05
18-300-00104,14.0,2025_05
18-300-00105,11.0,2025_05
18-300-00106,,2025_05
18-300-00107,10.0,2025_05
18-300-00108,12.0,2025_05
18-301-00109,11.666666666666666,2025_05
18-301-00110,10.0,2025_05
18-301-00111,10.666666666666666,2025_05
18-301-00112,11.75,2025_05
18-301-00113,12.0,2025_05
18-301-00114,12.0,2025_05
18-302-00115,12.375,2025_05
18-302-00116,12.75,2025_05
18-302-00117,15.0,2025_05
18-302-00118,15.666666666666666,2025_05
18-302-00119,18.0,2025_05
18-303-00120,12.75,2025_05
18-303-00121,13.0,2025_05
18-303-00122,12.2,2025_05
18-303-00123,12.333333333333334,2025_05
18-799-00124,10.0,2025_05
18-799-00125,,2025_05
18-304-00126,10.5,2025_05
18-304-00127,10.5,2025_05
18-304-00128,12.0,2025_05
18-304-00129,11.0,2025_05
18-305-00130,10.8,2025_05
18-305-00131,9.4,2025_05
18-305-00132,9.0,2025_05
18-305-00133,10.4,2025_05
18-305-00134,11.6,2025_05
18-305-00135,9.0,2025_05
18-305-00136,9.6,2025_05
18-306-00137,13.941176470588236,2025_05
18-306-00138,12.785714285714286,2025_05
18-306-00139,10.166666666666666,2025_05
18-306-00140,13.11111111111111,2025_05
18-307-00141,8.6,2025_05
18-307-00142,13.6,2025_05
18-307-00143,12.0,2025_05
18-307-00144,11.571428571428571,2025_05
18-307-00145,11.875,2025_05
18-307-00146,13.285714285714286,2025_05
18-307-00147,16.0,2025_05
18-308-00148,,2025_05
18-308-00149,9.5,2025_05
18-308-00150,13.833333333333334,2025_05
18-308-00151,11.916666666666666,2025_05
18-308-00152,11.363636363636363,2025_05
18-308-00153,14.4,2025_05
18-309-00154,11.0,2025_05
18-309-00155,9.571428571428571,2025_05
18-309-00156,11.357142857142858,2025_05
18-309-00157,8.823529411764707,2025_05
18-310-00158,11.818181818181818,2025_05
18-310-00159,11.0,2025_05
18-310-00160,11.75,2025_05
18-310-00161,11.5,2025_05
18-310-00162,10.4,2025_05
18-310-00163,10.5,2025_05
18-310-00164,11.428571428571429,2025_05
18-311-00165,11.833333333333334,2025_05
18-311-00166,11.333333333333334,2025_05
18-311-00167,11.4,2025_05
18-311-00168,13.75,2025_05
18-312-00169,13.6,2025_05
18-312-00170,12.833333333333334,2025_05
18-312-00171,12.375,2025_05
18-313-00172,12.090909090909092,2025_05
18-313-00173,10.8,2025_05
18-313-00174,11.6,2025_05
18-313-00175,12.0,2025_05
18-313-00176,10.5,2025_05
18-313-00177,9.0,2025_05
18-314-00178,10.5,2025_05
18-314-00179,10.363636363636363,2025_05
18-315-00180,5.869565217391305,2025_05
18-315-00181,8.666666666666666,2025_05
18-315-00182,9.666666666666666,2025_05
18-315-00183,7.384615384615385,2025_05
18-316-00184,16.0,2025_05
18-316-00185,18.545454545454547,2025_05
18-316-00186,15.5,2025_05
18-316-00187,15.923076923076923,2025_05
18-316-00188,17.333333333333332,2025_05
18-317-00189,20.5,2025_05
18-317-00190,19.333333333333332,2025_05
18-317-00191,17.4,2025_05
18-317-00192,15.9,2025_05
18-317-00193,18.833333333333332,2025_05
18-318-00194,20.5,2025_05
18-318-00195,20.5,2025_05
18-318-00196,16.833333333333332,2025_05
18-318-00197,18.7,2025_05
18-319-00198,11.75,2025_05
18-319-00199,11.333333333333334,2025_05
18-319-00200,12.8,2025_05
18-319-00201,12.5,2025_05
18-319-00202,12.0,2025_05
18-320-00203,12.0,2025_05
18-320-00204,,2025_05
18-320-00205,14.4,2025_05
18-320-00206,12.0,2025_05
18-320-00207,11.909090909090908,2025_05
18-321-00208,11.5,2025_05
18-321-00209,12.0,2025_05
18-321-00210,13.0,2025_05
18-321-00211,11.857142857142858,2025_05
18-321-00212,17.285714285714285,2025_05
18-321-00213,16.0,2025_05
18-321-00214,15.5,2025_05
18-321-00215,13.666666666666666,2025_05
18-321-00216,19.142857142857142,2025_05
18-321-00217,12.0,2025_05
18-321-00218,11.0,2025_05
18-322-00219,12.0,2025_05
18-322-00220,13.625,2025_05
18-322-00221,14.0,2025_05
18-323-00222,11.0,2025_05
18-323-00223,11.0,2025_05
18-323-00224,13.833333333333334,2025_05
18-323-00225,13.0,2025_05
18-323-00226,11.0,2025_05
18-323-00227,11.0,2025_05
18-323-00228,15.0,2025_05
18-324-00260,13.25,2025_05
18-323-00230,,2025_05
18-324-00231,11.571428571428571,2025_05
18-324-00232,11.0,2025_05
18-324-00233,11.666666666666666,2025_05
18-324-00234,10.0,2025_05
18-816-00235,,2025_05
18-816-00236,,2025_05
18-325-00237,,2025_05
18-325-00238,7.5,2025_05
18-325-00239,11.333333333333334,2025_05
18-326-00240,10.0,2025_05
18-326-00241,12.25,2025_05
18-326-00242,,2025_05
18-326-00243,,2025_05
18-326-00244,11.0,2025_05
18-326-00245,16.875,2025_05
18-326-00246,15.25,2025_05
18-326-00247,14.666666666666666,2025_05
18-755-00248,10.4,2025_05
18-756-00249,14.76923076923077,2025_05
18-756-00250,14.571428571428571,2025_05
18-756-00251,10.75,2025_05
18-757-00252,11.4,2025_05
18-757-00253,13.0,2025_05
18-757-00254,10.166666666666666,2025_05
18-759-00255,9.785714285714286,2025_05
18-758-00256,12.666666666666666,2025_05
18-758-00257,11.4,2025_05
18-816-00258,,2025_05
18-816-00259,11.75,2025_05
18-816-00261,15.285714285714286,2025_05
18-324-00262,12.0,2025_05
18-324-00263,10.0,2025_05
18-303-00264,11.75,2025_05
18-799-00265,10.0,2025_05
18-303-00266,14.5,2025_05
18-322-00267,12.0,2025_05
18-326-00268,9.666666666666666,2025_05
18-325-00269,10.285714285714286,2025_05
18-325-00270,10.88888888888889,2025_05
18-304-00271,12.375,2025_05
18-321-00272,15.333333333333334,2025_05
18-321-00273,15.0,2025_05
18-301-00274,10.5,2025_05
18-312-00276,11.0,2025_05
18-312-00277,12.0,2025_05
18-755-00278,11.666666666666666,2025_05
18-755-00279,8.166666666666666,2025_05
18-760-00280,11.5,2025_05
18-760-00281,12.454545454545455,2025_05
18-314-00275,9.229166666666666,2025_05
18-300-00101,32.470588235294116,2025_06
18-300-00102,27.0,2025_06
18-300-00103,31.4,2025_06
18-300-00104,33.92307692307692,2025_06
18-300-00105,23.833333333333332,2025_06
18-300-00106,,2025_06
18-300-00107,26.0,2025_06
18-300-00108,26.0,2025_06
18-301-00109,28.333333333333332,2025_06
18-301-00110,28.0,2025_06
18-301-00111,28.666666666666668,2025_06
18-301-00112,31.0,2025_06
18-301-00113,26.0,2025_06
18-301-00114,26.75,2025_06
18-302-00115,27.375,2025_06
18-302-00116,28.75,2025_06
18-302-00117,28.5,2025_06
18-302-00118,28.666666666666668,2025_06
18-302-00119,37.666666666666664,2025_06
18-303-00120,29.25,2025_06
18-303-00121,28.571428571428573,2025_06
18-303-00122,27.6,2025_06
18-303-00123,27.666666666666668,2025_06
18-799-00124,24.0,2025_06
18-799-00125,,2025_06
18-304-00126,28.0,2025_06
18-304-00127,29.5,2025_06
18-304-00128,32.4,2025_06
18-304-00129,32.0,2025_06
18-305-00130,36.6,2025_06
18-305-00131,32.4,2025_06
18-305-00132,32.5,2025_06
18-305-00133,31.6,2025_06
18-305-00134,31.4,2025_06
18-305-00135,30.2,2025_06
18-305-00136,30.2,2025_06
18-306-00137,38.529411764705884,2025_06
18-306-00138,36.214285714285715,2025_06
18-306-00139,33.166666666666664,2025_06
18-306-00140,39.22222222222222,2025_06
18-307-00141,31.8,2025_06
18-307-00142,38.4,2025_06
18-307-00143,32.8,2025_06
18-307-00144,33.42857142857143,2025_06
18-307-00145,31.625,2025_06
18-307-00146,33.42857142857143,2025_06
18-307-00147,39.25,2025_06
18-308-00148,,2025_06
18-308-00149,34.5,2025_06
18-308-00150,34.166666666666664,2025_06
18-308-00151,32.666666666666664,2025_06
18-308-00152,33.63636363636363,2025_06
18-308-00153,39.2,2025_06
18-309-00154,34.916666666666664,2025_06
18-309-00155,31.785714285714285,2025_06
18-309-00156,34.92857142857143,2025_06
18-309-00157,32.88235294117647,2025_06
18-310-00158,35.81818181818182,2025_06
18-310-00159,34.166666666666664,2025_06
18-310-00160,36.625,2025_06
18-310-00161,36.0,2025_06
18-310-00162,36.8,2025_06
18-310-00163,34.25,2025_06
18-310-00164,32.42857142857143,2025_06
18-311-00165,35.166666666666664,2025_06
18-311-00166,33.333333333333336,2025_06
18-311-00167,28.6,2025_06
18-311-00168,34.25,2025_06
18-312-00169,30.8,2025_06
18-312-00170,30.833333333333332,2025_06
18-312-00171,30.375,2025_06
18-313-00172,37.36363636363637,2025_06
18-313-00173,33.6,2025_06
18-313-00174,31.8,2025_06
18-313-00175,32.2,2025_06
18-313-00176,34.0,2025_06
18-313-00177,31.545454545454547,2025_06
18-314-00178,32.94117647058823,2025_06
18-314-00179,32.68181818181818,2025_06
18-315-00180,29.043478260869566,2025_06
18-315-00181,25.4,2025_06
18-315-00182,25.333333333333332,2025_06
18-315-00183,25.46153846153846,2025_06
18-316-00184,24.3,2025_06
18-316-00185,22.636363636363637,2025_06
18-316-00186,24.5,2025_06
18-316-00187,22.923076923076923,2025_06
18-316-00188,25.666666666666668,2025_06
18-317-00189,24.5,2025_06
18-317-00190,22.333333333333332,2025_06
18-317-00191,21.8,2025_06
18-317-00192,19.6,2025_06
18-317-00193,20.666666666666668,2025_06
18-318-00194,24.0,2025_06
18-318-00195,23.5,2025_06
18-318-00196,19.833333333333332,2025_06
18-318-00197,20.3,2025_06
18-319-00198,27.5,2025_06
18-319-00199,28.666666666666668,2025_06
18-319-00200,28.6,2025_06
18-319-00201,27.5,2025_06
18-319-00202,28.0,2025_06
18-320-00203,29.0,2025_06
18-320-00204,,2025_06
18-320-00205,35.1,2025_06
18-320-00206,33.0,2025_06
18-320-00207,32.27272727272727,2025_06
18-321-00208,32.0,2025_06
18-321-00209,32.0,2025_06
18-321-00210,32.666666666666664,2025_06
18-321-00211,31.714285714285715,2025_06
18-321-00212,34.857142857142854,2025_06
18-321-00213,30.5,2025_06
18-321-00214,31.0,2025_06
18-321-00215,30.333333333333332,2025_06
18-321-00216,39.714285714285715,2025_06
18-321-00217,36.0,2025_06
18-321-00218,36.0,2025_06
18-322-00219,34.0,2025_06
18-322-00220,35.75,2025_06
18-322-00221,36.0,2025_06
18-323-00222,27.0,2025_06
18-323-00223,27.666666666666668,2025_06
18-323-00224,28.333333333333332,2025_06
18-323-00225,31.0,2025_06
18-323-00226,31.0,2025_06
18-323-00227,29.0,2025_06
18-323-00228,32.0,2025_06
18-324-00260,29.25,2025_06
18-323-00230,,2025_06
18-324-00231,33.142857142857146,2025_06
18-324-00232,27.0,2025_06
18-324-00233,29.666666666666668,2025_06
18-324-00234,26.0,2025_06
18-816-00235,,2025_06
18-816-00236,,2025_06
18-325-00237,,2025_06
18-325-00238,34.0,2025_06
18-325-00239,32.833333333333336,2025_06
18-326-00240,35.0,2025_06
18-326-00241,40.5,2025_06
18-326-00242,,2025_06
18-326-00243,,2025_06
18-326-00244,32.0,2025_06
18-326-00245,40.625,2025_06
18-326-00246,40.75,2025_06
18-326-00247,38.333333333333336,2025_06
18-755-00248,34.6,2025_06
18-756-00249,44.84615384615385,2025_06
18-756-00250,43.0,2025_06
18-756-00251,36.25,2025_06
18-757-00252,31.6,2025_06
18-757-00253,34.0,2025_06
18-757-00254,29.166666666666668,2025_06
18-759-00255,34.26190476190476,2025_06
18-758-00256,29.5,2025_06
18-758-00257,22.8,2025_06
18-816-00258,,2025_06
18-816-00259,34.0,2025_06
18-816-00261,32.714285714285715,2025_06
18-324-00262,27.333333333333332,2025_06
18-324-00263,26.0,2025_06
18-303-00264,30.5,2025_06
18-799-00265,27.0,2025_06
18-303-00266,28.5,2025_06
18-322-00267,36.0,2025_06
18-326-00268,38.333333333333336,2025_06
18-325-00269,30.714285714285715,2025_06
18-325-00270,34.111111111111114,2025_06
18-304-00271,31.75,2025_06
18-321-00272,33.0,2025_06
18-321-00273,33.833333333333336,2025_06
18-301-00274,24.5,2025_06
18-312-00276,27.666666666666668,2025_06
18-312-00277,28.0,2025_06
18-755-00278,33.0,2025_06
18-755-00279,30.166666666666668,2025_06
18-760-00280,28.25,2025_06
18-760-00281,31.09090909090909,2025_06
18-314-00275,28.625,2025_06
18-300-00101,30.941176470588236,2025_07
18-300-00102,27.5,2025_07
18-300-00103,29.8,2025_07
18-300-00104,29.76923076923077,2025_07
18-300-00105,25.166666666666668,2025_07
18-300-00106,,2025_07
18-300-00107,25.0,2025_07
18-300-00108,28.0,2025_07
18-301-00109,30.666666666666668,2025_07
18-301-00110,28.0,2025_07
18-301-00111,26.666666666666668,2025_07
18-301-00112,28.5,2025_07
18-301-00113,29.0,2025_07
18-301-00114,26.25,2025_07
18-302-00115,27.25,2025_07
18-302-00116,25.875,2025_07
18-302-00117,25.166666666666668,2025_07
18-302-00118,24.666666666666668,2025_07
18-302-00119,33.666666666666664,2025_07
18-303-00120,23.75,2025_07
18-303-00121,23.714285714285715,2025_07
18-303-00122,21.8,2025_07
18-303-00123,20.0,2025_07
18-799-00124,22.5,2025_07
18-799-00125,,2025_07
18-304-00126,24.0,2025_07
18-304-00127,31.0,2025_07
18-304-00128,29.0,2025_07
18-304-00129,28.0,2025_07
18-305-00130,33.8,2025_07
18-305-00131,29.8,2025_07
18-305-00132,31.75,2025_07
18-305-00133,33.4,2025_07
18-305-00134,29.8,2025_07
18-305-00135,25.0,2025_07
18-305-00136,28.2,2025_07
18-306-00137,38.411764705882355,2025_07
18-306-00138,34.214285714285715,2025_07
18-306-00139,35.166666666666664,2025_07
18-306-00140,35.55555555555556,2025_07
18-307-00141,26.0,2025_07
18-307-00142,34.2,2025_07
18-307-00143,29.4,2025_07
18-307-00144,30.285714285714285,2025_07
18-307-00145,29.375,2025_07
18-307-00146,29.0,2025_07
18-307-00147,38.0,2025_07
18-308-00148,,2025_07
18-308-00149,31.5,2025_07
18-308-00150,35.5,2025_07
18-308-00151,32.25,2025_07
18-308-00152,32.72727272727273,2025_07
18-308-00153,39.2,2025_07
18-309-00154,37.166666666666664,2025_07
18-309-00155,29.0,2025_07
18-309-00156,28.928571428571427,2025_07
18-309-00157,27.0,2025_07
18-310-00158,29.272727272727273,2025_07
18-310-00159,29.833333333333332,2025_07
18-310-00160,31.125,2025_07
18-310-00161,27.75,2025_07
18-310-00162,27.0,2025_07
18-310-00163,27.5,2025_07
18-310-00164,25.714285714285715,2025_07
18-311-00165,24.833333333333332,2025_07
18-311-00166,25.666666666666668,2025_07
18-311-00167,24.2,2025_07
18-311-00168,28.5,2025_07
18-312-00169,27.2,2025_07
18-312-00170,29.333333333333332,2025_07
18-312-00171,26.875,2025_07
18-313-00172,33.09090909090909,2025_07
18-313-00173,30.6,2025_07
18-313-00174,29.6,2025_07
18-313-00175,31.3,2025_07
18-313-00176,32.75,2025_07
18-313-00177,30.727272727272727,2025_07
18-314-00178,34.294117647058826,2025_07
18-314-00179,32.81818181818182,2025_07
18-315-00180,26.391304347826086,2025_07
18-315-00181,25.4,2025_07
18-315-00182,25.166666666666668,2025_07
18-315-00183,24.846153846153847,2025_07
18-316-00184,26.0,2025_07
18-316-00185,28.09090909090909,2025_07
18-316-00186,25.5,2025_07
18-316-00187,23.23076923076923,2025_07
18-316-00188,27.333333333333332,2025_07
18-317-00189,27.0,2025_07
18-317-00190,26.666666666666668,2025_07
18-317-00191,24.2,2025_07
18-317-00192,19.4,2025_07
18-317-00193,20.5,2025_07
18-318-00194,31.0,2025_07
18-318-00195,30.5,2025_07
18-318-00196,20.5,2025_07
18-318-00197,16.9,2025_07
18-319-00198,22.75,2025_07
18-319-00199,24.333333333333332,2025_07
18-319-00200,23.4,2025_07
18-319-00201,23.5,2025_07
18-319-00202,23.5,2025_07
18-320-00203,24.0,2025_07
18-320-00204,,2025_07
18-320-00205,28.2,2025_07
18-320-00206,27.5,2025_07
18-320-00207,26.0,2025_07
18-321-00208,22.5,2025_07
18-321-00209,20.0,2025_07
18-321-00210,18.666666666666668,2025_07
18-321-00211,17.714285714285715,2025_07
18-321-00212,26.428571428571427,2025_07
18-321-00213,21.5,2025_07
18-321-00214,21.0,2025_07
18-321-00215,24.666666666666668,2025_07
18-321-00216,32.285714285714285,2025_07
18-321-00217,19.0,2025_07
18-321-00218,27.0,2025_07
18-322-00219,20.0,2025_07
18-322-00220,26.0,2025_07
18-322-00221,25.0,2025_07
18-323-00222,22.0,2025_07
18-323-00223,19.666666666666668,2025_07
18-323-00224,19.333333333333332,2025_07
18-323-00225,20.0,2025_07
18-323-00226,24.0,2025_07
18-323-00227,24.0,2025_07
18-323-00228,33.0,2025_07
18-324-00260,26.75,2025_07
18-323-00230,,2025_07
18-324-00231,26.428571428571427,2025_07
18-324-00232,24.0,2025_07
18-324-00233,23.0,2025_07
18-324-00234,25.0,2025_07
18-816-00235,,2025_07
18-816-00236,,2025_07
18-325-00237,,2025_07
18-325-00238,26.0,2025_07
18-325-00239,20.666666666666668,2025_07
18-326-00240,34.0,2025_07
18-326-00241,35.5,2025_07
18-326-00242,,2025_07
18-326-00243,,2025_07
18-326-00244,32.0,2025_07
18-326-00245,36.75,2025_07
18-326-00246,38.125,2025_07
18-326-00247,36.666666666666664,2025_07
18-755-00248,25.4,2025_07
18-756-00249,36.61538461538461,2025_07
18-756-00250,35.285714285714285,2025_07
18-756-00251,28.25,2025_07
18-757-00252,27.8,2025_07
18-757-00253,29.5,2025_07
18-757-00254,26.583333333333332,2025_07
18-759-00255,31.952380952380953,2025_07
18-758-00256,29.0,2025_07
18-758-00257,28.4,2025_07
18-816-00258,,2025_07
18-816-00259,31.75,2025_07
18-816-00261,31.714285714285715,2025_07
18-324-00262,25.0,2025_07
18-324-00263,26.0,2025_07
18-303-00264,23.5,2025_07
18-799-00265,23.5,2025_07
18-303-00266,20.5,2025_07
18-322-00267,19.0,2025_07
18-326-00268,32.333333333333336,2025_07
18-325-00269,23.857142857142858,2025_07
18-325-00270,31.22222222222222,2025_07
18-304-00271,24.875,2025_07
18-321-00272,22.333333333333332,2025_07
18-321-00273,22.5,2025_07
18-301-00274,24.5,2025_07
18-312-00276,26.833333333333332,2025_07
18-312-00277,27.0,2025_07
18-755-00278,27.0,2025_07
18-755-00279,23.666666666666668,2025_07
18-760-00280,26.75,2025_07
18-760-00281,26.90909090909091,2025_07
18-314-00275,26.354166666666668,2025_07
18-300-00101,7.470588235294118,2025_08
18-300-00102,7.0,2025_08
18-300-00103,7.2,2025_08
18-300-00104,8.846153846153847,2025_08
18-300-00105,5.5,2025_08
18-300-00106,,2025_08
18-300-00107,5.5,2025_08
18-300-00108,8.0,2025_08
18-301-00109,7.0,2025_08
18-301-00110,4.0,2025_08
18-301-00111,5.666666666666667,2025_08
18-301-00112,6.25,2025_08
18-301-00113,7.5,2025_08
18-301-00114,8.25,2025_08
18-302-00115,7.625,2025_08
18-302-00116,6.375,2025_08
18-302-00117,7.0,2025_08
18-302-00118,7.666666666666667,2025_08
18-302-00119,9.333333333333334,2025_08
18-303-00120,7.25,2025_08
18-303-00121,7.142857142857143,2025_08
18-303-00122,6.8,2025_08
18-303-00123,4.666666666666667,2025_08
18-799-00124,5.5,2025_08
18-799-00125,,2025_08
18-304-00126,3.0,2025_08
18-304-00127,4.5,2025_08
18-304-00128,3.8,2025_08
18-304-00129,4.0,2025_08
18-305-00130,6.8,2025_08
18-305-00131,5.6,2025_08
18-305-00132,5.0,2025_08
18-305-00133,5.4,2025_08
18-305-00134,4.6,2025_08
18-305-00135,3.0,2025_08
18-305-00136,4.8,2025_08
18-306-00137,6.823529411764706,2025_08
18-306-00138,5.857142857142857,2025_08
18-306-00139,5.166666666666667,2025_08
18-306-00140,6.222222222222222,2025_08
18-307-00141,4.4,2025_08
18-307-00142,5.6,2025_08
18-307-00143,3.6,2025_08
18-307-00144,2.4285714285714284,2025_08
18-307-00145,3.75,2025_08
18-307-00146,5.857142857142857,2025_08
18-307-00147,6.0,2025_08
18-308-00148,,2025_08
18-308-00149,3.5,2025_08
18-308-00150,4.0,2025_08
18-308-00151,3.9166666666666665,2025_08
18-308-00152,5.181818181818182,2025_08
18-308-00153,6.0,2025_08
18-309-00154,5.5,2025_08
18-309-00155,3.9285714285714284,2025_08
18-309-00156,4.857142857142857,2025_08
18-309-00157,5.705882352941177,2025_08
18-310-00158,4.0,2025_08
18-310-00159,3.5,2025_08
18-310-00160,4.0,2025_08
18-310-00161,4.0,2025_08
18-310-00162,6.0,2025_08
18-310-00163,5.0,2025_08
18-310-00164,6.428571428571429,2025_08
18-311-00165,7.5,2025_08
18-311-00166,7.333333333333333,2025_08
18-311-00167,8.6,2025_08
18-311-00168,8.25,2025_08
18-312-00169,8.0,2025_08
18-312-00170,9.166666666666666,2025_08
18-312-00171,9.125,2025_08
18-313-00172,7.0,2025_08
18-313-00173,5.8,2025_08
18-313-00174,7.2,2025_08
18-313-00175,8.4,2025_08
18-313-00176,7.0,2025_08
18-313-00177,7.363636363636363,2025_08
18-314-00178,7.323529411764706,2025_08
18-314-00179,7.954545454545454,2025_08
18-315-00180,6.0,2025_08
18-315-00181,5.733333333333333,2025_08
18-315-00182,7.833333333333333,2025_08
18-315-00183,5.5,2025_08
18-316-00184,9.1,2025_08
18-316-00185,8.818181818181818,2025_08
18-316-00186,7.666666666666667,2025_08
18-316-00187,7.538461538461538,2025_08
18-316-00188,9.666666666666666,2025_08
18-317-00189,9.0,2025_08
18-317-00190,9.666666666666666,2025_08
18-317-00191,8.2,2025_08
18-317-00192,5.1,2025_08
18-317-00193,7.0,2025_08
18-318-00194,10.5,2025_08
18-318-00195,9.5,2025_08
18-318-00196,7.666666666666667,2025_08
18-318-00197,5.8,2025_08
18-319-00198,7.25,2025_08
18-319-00199,7.0,2025_08
18-319-00200,8.0,2025_08
18-319-00201,6.0,2025_08
18-319-00202,9.0,2025_08
18-320-00203,7.0,2025_08
18-320-00204,,2025_08
18-320-00205,8.4,2025_08
18-320-00206,7.5,2025_08
18-320-00207,7.363636363636363,2025_08
18-321-00208,6.5,2025_08
18-321-00209,6.0,2025_08
18-321-00210,3.6666666666666665,2025_08
18-321-00211,2.857142857142857,2025_08
18-321-00212,8.571428571428571,2025_08
18-321-00213,5.75,2025_08
18-321-00214,6.0,2025_08
18-321-00215,6.666666666666667,2025_08
18-321-00216,9.857142857142858,2025_08
18-321-00217,3.0,2025_08
18-321-00218,8.0,2025_08
18-322-00219,3.0,2025_08
18-322-00220,6.25,2025_08
18-322-00221,6.0,2025_08
18-323-00222,5.0,2025_08
18-323-00223,5.333333333333333,2025_08
18-323-00224,4.666666666666667,2025_08
18-323-00225,6.0,2025_08
18-323-00226,7.0,2025_08
18-323-00227,5.0,2025_08
18-323-00228,8.0,2025_08
18-324-00260,5.75,2025_08
18-323-00230,,2025_08
18-324-00231,7.285714285714286,2025_08
18-324-00232,5.0,2025_08
18-324-00233,5.666666666666667,2025_08
18-324-00234,5.0,2025_08
18-816-00235,,2025_08
18-816-00236,,2025_08
18-325-00237,,2025_08
18-325-00238,6.0,2025_08
18-325-00239,3.5,2025_08
18-326-00240,6.0,2025_08
18-326-00241,7.0,2025_08
18-326-00242,,2025_08
18-326-00243,,2025_08
18-326-00244,6.0,2025_08
18-326-00245,6.875,2025_08
18-326-00246,8.25,2025_08
18-326-00247,7.333333333333333,2025_08
18-755-00248,6.8,2025_08
18-756-00249,8.153846153846153,2025_08
18-756-00250,6.857142857142857,2025_08
18-756-00251,5.0,2025_08
18-757-00252,7.0,2025_08
18-757-00253,6.25,2025_08
18-757-00254,6.416666666666667,2025_08
18-759-00255,6.928571428571429,2025_08
18-758-00256,5.166666666666667,2025_08
18-758-00257,5.4,2025_08
18-816-00258,,2025_08
18-816-00259,7.75,2025_08
18-816-00261,7.428571428571429,2025_08
18-324-00262,5.666666666666667,2025_08
18-324-00263,8.0,2025_08
18-303-00264,8.25,2025_08
18-799-00265,7.0,2025_08
18-303-00266,7.0,2025_08
18-322-00267,3.0,2025_08
18-326-00268,7.0,2025_08
18-325-00269,4.142857142857143,2025_08
18-325-00270,6.333333333333333,2025_08
18-304-00271,5.0,2025_08
18-321-00272,7.0,2025_08
18-321-00273,6.333333333333333,2025_08
18-301-00274,5.5,2025_08
18-312-00276,7.0,2025_08
18-312-00277,7.0,2025_08
18-755-00278,8.166666666666666,2025_08
18-755-00279,7.333333333333333,2025_08
18-760-00280,6.0,2025_08
18-760-00281,6.090909090909091,2025_08
18-314-00275,6.541666666666667,2025_08
18-300-00101,36.588235294117645,2025_09
18-300-00102,33.5,2025_09
18-300-00103,37.2,2025_09
18-300-00104,34.23076923076923,2025_09
18-300-00105,31.166666666666668,2025_09
18-300-00106,,2025_09
18-300-00107,30.0,2025_09
18-300-00108,30.0,2025_09
18-301-00109,32.0,2025_09
18-301-00110,28.0,2025_09
18-301-00111,30.333333333333332,2025_09
18-301-00112,29.0,2025_09
18-301-00113,31.5,2025_09
18-301-00114,29.75,2025_09
18-302-00115,31.0,2025_09
18-302-00116,33.375,2025_09
18-302-00117,36.666666666666664,2025_09
18-302-00118,37.333333333333336,2025_09
18-302-00119,39.666666666666664,2025_09
18-303-00120,33.0,2025_09
18-303-00121,34.0,2025_09
18-303-00122,33.0,2025_09
18-303-00123,34.0,2025_09
18-799-00124,36.5,2025_09
18-799-00125,,2025_09
18-304-00126,32.5,2025_09
18-304-00127,32.5,2025_09
18-304-00128,35.0,2025_09
18-304-00129,31.0,2025_09
18-305-00130,31.0,2025_09
18-305-00131,30.2,2025_09
18-305-00132,33.5,2025_09
18-305-00133,34.8,2025_09
18-305-00134,32.8,2025_09
18-305-00135,31.6,2025_09
18-305-00136,32.8,2025_09
18-306-00137,38.11764705882353,2025_09
18-306-00138,33.92857142857143,2025_09
18-306-00139,34.0,2025_09
18-306-00140,34.44444444444444,2025_09
18-307-00141,28.4,2025_09
18-307-00142,41.2,2025_09
18-307-00143,33.6,2025_09
18-307-00144,33.285714285714285,2025_09
18-307-00145,38.125,2025_09
18-307-00146,41.42857142857143,2025_09
18-307-00147,48.5,2025_09
18-308-00148,,2025_09
18-308-00149,32.5,2025_09
18-308-00150,41.166666666666664,2025_09
18-308-00151,40.666666666666664,2025_09
18-308-00152,41.36363636363637,2025_09
18-308-00153,40.6,2025_09
18-309-00154,39.583333333333336,2025_09
18-309-00155,35.714285714285715,2025_09
18-309-00156,36.642857142857146,2025_09
18-309-00157,34.35294117647059,2025_09
18-310-00158,37.36363636363637,2025_09
18-310-00159,37.666666666666664,2025_09
18-310-00160,41.125,2025_09
18-310-00161,36.25,2025_09
18-310-00162,36.6,2025_09
18-310-00163,36.0,2025_09
18-310-00164,33.857142857142854,2025_09
18-311-00165,37.5,2025_09
18-311-00166,37.166666666666664,2025_09
18-311-00167,34.2,2025_09
18-311-00168,39.25,2025_09
18-312-00169,37.4,2025_09
18-312-00170,34.0,2025_09
18-312-00171,34.5,2025_09
18-313-00172,32.72727272727273,2025_09
18-313-00173,33.2,2025_09
18-313-00174,34.4,2025_09
18-313-00175,34.2,2025_09
18-313-00176,33.5,2025_09
18-313-00177,33.90909090909091,2025_09
18-314-00178,35.05882352941177,2025_09
18-314-00179,34.77272727272727,2025_09
18-315-00180,32.26086956521739,2025_09
18-315-00181,31.466666666666665,2025_09
18-315-00182,30.166666666666668,2025_09
18-315-00183,28.076923076923077,2025_09
18-316-00184,37.1,2025_09
18-316-00185,36.45454545454545,2025_09
18-316-00186,35.0,2025_09
18-316-00187,32.07692307692308,2025_09
18-316-00188,34.44444444444444,2025_09
18-317-00189,41.0,2025_09
18-317-00190,40.0,2025_09
18-317-00191,35.6,2025_09
18-317-00192,29.9,2025_09
18-317-00193,33.333333333333336,2025_09
18-318-00194,40.5,2025_09
18-318-00195,37.0,2025_09
18-318-00196,31.5,2025_09
18-318-00197,31.3,2025_09
18-319-00198,32.5,2025_09
18-319-00199,33.0,2025_09
18-319-00200,32.4,2025_09
18-319-00201,31.0,2025_09
18-319-00202,34.5,2025_09
18-320-00203,34.0,2025_09
18-320-00204,,2025_09
18-320-00205,33.3,2025_09
18-320-00206,32.5,2025_09
18-320-00207,33.54545454545455,2025_09
18-321-00208,37.5,2025_09
18-321-00209,36.0,2025_09
18-321-00210,38.333333333333336,2025_09
18-321-00211,32.857142857142854,2025_09
18-321-00212,33.857142857142854,2025_09
18-321-00213,36.25,2025_09
18-321-00214,35.5,2025_09
18-321-00215,34.0,2025_09
18-321-00216,38.285714285714285,2025_09
18-321-00217,37.0,2025_09
18-321-00218,38.0,2025_09
18-322-00219,38.0,2025_09
18-322-00220,39.5,2025_09
18-322-00221,40.0,2025_09
18-323-00222,38.0,2025_09
18-323-00223,34.666666666666664,2025_09
18-323-00224,36.666666666666664,2025_09
18-323-00225,35.0,2025_09
18-323-00226,34.0,2025_09
18-323-00227,36.0,2025_09
18-323-00228,41.0,2025_09
18-324-00260,36.0,2025_09
18-323-00230,,2025_09
18-324-00231,35.42857142857143,2025_09
18-324-00232,38.0,2025_09
18-324-00233,36.666666666666664,2025_09
18-324-00234,35.0,2025_09
18-816-00235,,2025_09
18-816-00236,,2025_09
18-325-00237,,2025_09
18-325-00238,34.0,2025_09
18-325-00239,36.666666666666664,2025_09
18-326-00240,35.0,2025_09
18-326-00241,40.75,2025_09
18-326-00242,,2025_09
18-326-00243,,2025_09
18-326-00244,36.0,2025_09
18-326-00245,39.75,2025_09
18-326-00246,40.75,2025_09
18-326-00247,37.0,2025_09
18-755-00248,34.6,2025_09
18-756-00249,36.15384615384615,2025_09
18-756-00250,36.142857142857146,2025_09
18-756-00251,30.75,2025_09
18-757-00252,31.6,2025_09
18-757-00253,36.0,2025_09
18-757-00254,29.416666666666668,2025_09
18-759-00255,33.476190476190474,2025_09
18-758-00256,30.833333333333332,2025_09
18-758-00257,32.2,2025_09
18-816-00258,,2025_09
18-816-00259,39.0,2025_09
18-816-00261,40.142857142857146,2025_09
18-324-00262,36.666666666666664,2025_09
18-324-00263,37.0,2025_09
18-303-00264,33.75,2025_09
18-799-00265,35.0,2025_09
18-303-00266,33.0,2025_09
18-322-00267,37.0,2025_09
18-326-00268,37.666666666666664,2025_09
18-325-00269,34.42857142857143,2025_09
18-325-00270,35.44444444444444,2025_09
18-304-00271,37.0,2025_09
18-321-00272,35.666666666666664,2025_09
18-321-00273,34.833333333333336,2025_09
18-301-00274,31.5,2025_09
18-312-00276,34.5,2025_09
18-312-00277,36.0,2025_09
18-755-00278,36.833333333333336,2025_09
18-755-00279,31.666666666666668,2025_09
18-760-00280,37.25,2025_09
18-760-00281,39.36363636363637,2025_09
18-314-00275,30.875,2025_09
18-300-00101,13.352941176470589,2025_10
18-300-00102,9.5,2025_10
18-300-00103,12.6,2025_10
18-300-00104,14.0,2025_10
18-300-00105,9.666666666666666,2025_10
18-300-00106,,2025_10
18-300-00107,9.5,2025_10
18-300-00108,11.0,2025_10
18-301-00109,11.333333333333334,2025_10
18-301-00110,11.0,2025_10
18-301-00111,10.0,2025_10
18-301-00112,11.0,2025_10
18-301-00113,11.0,2025_10
18-301-00114,9.75,2025_10
18-302-00115,13.375,2025_10
18-302-00116,11.375,2025_10
18-302-00117,14.5,2025_10
18-302-00118,13.666666666666666,2025_10
18-302-00119,15.666666666666666,2025_10
18-303-00120,14.0,2025_10
18-303-00121,12.571428571428571,2025_10
18-303-00122,12.2,2025_10
18-303-00123,10.666666666666666,2025_10
18-799-00124,11.0,2025_10
18-799-00125,,2025_10
18-304-00126,8.5,2025_10
18-304-00127,10.5,2025_10
18-304-00128,11.4,2025_10
18-304-00129,10.0,2025_10
18-305-00130,12.4,2025_10
18-305-00131,9.8,2025_10
18-305-00132,10.25,2025_10
18-305-00133,11.6,2025_10
18-305-00134,12.4,2025_10
18-305-00135,10.0,2025_10
18-305-00136,12.4,2025_10
18-306-00137,16.529411764705884,2025_10
18-306-00138,13.5,2025_10
18-306-00139,10.166666666666666,2025_10
18-306-00140,13.666666666666666,2025_10
18-307-00141,8.8,2025_10
18-307-00142,18.0,2025_10
18-307-00143,14.2,2025_10
18-307-00144,12.285714285714286,2025_10
18-307-00145,16.375,2025_10
18-307-00146,15.285714285714286,2025_10
18-307-00147,22.75,2025_10
18-308-00148,,2025_10
18-308-00149,12.5,2025_10
18-308-00150,17.833333333333332,2025_10
18-308-00151,15.916666666666666,2025_10
18-308-00152,12.909090909090908,2025_10
18-308-00153,19.4,2025_10
18-309-00154,11.833333333333334,2025_10
18-309-00155,9.428571428571429,2025_10
18-309-00156,11.357142857142858,2025_10
18-309-00157,8.411764705882353,2025_10
18-310-00158,14.545454545454545,2025_10
18-310-00159,12.0,2025_10
18-310-00160,13.875,2025_10
18-310-00161,11.25,2025_10
18-310-00162,14.4,2025_10
18-310-00163,11.5,2025_10
18-310-00164,10.0,2025_10
18-311-00165,13.333333333333334,2025_10
18-311-00166,13.0,2025_10
18-311-00167,11.6,2025_10
18-311-00168,13.5,2025_10
18-312-00169,13.2,2025_10
18-312-00170,10.0,2025_10
18-312-00171,12.375,2025_10
18-313-00172,15.181818181818182,2025_10
18-313-00173,12.6,2025_10
18-313-00174,11.6,2025_10
18-313-00175,11.2,2025_10
18-313-00176,13.25,2025_10
18-313-00177,10.727272727272727,2025_10
18-314-00178,12.735294117647058,2025_10
18-314-00179,14.545454545454545,2025_10
18-315-00180,10.73913043478261,2025_10
18-315-00181,10.466666666666667,2025_10
18-315-00182,13.166666666666666,2025_10
18-315-00183,7.8076923076923075,2025_10
18-316-00184,14.3,2025_10
18-316-00185,15.454545454545455,2025_10
18-316-00186,13.0,2025_10
18-316-00187,11.76923076923077,2025_10
18-316-00188,17.0,2025_10
18-317-00189,18.0,2025_10
18-317-00190,17.0,2025_10
18-317-00191,15.0,2025_10
18-317-00192,14.1,2025_10
18-317-00193,14.333333333333334,2025_10
18-318-00194,19.0,2025_10
18-318-00195,15.0,2025_10
18-318-00196,13.166666666666666,2025_10
18-318-00197,13.9,2025_10
18-319-00198,13.25,2025_10
18-319-00199,11.666666666666666,2025_10
18-319-00200,14.0,2025_10
18-319-00201,10.5,2025_10
18-319-00202,13.5,2025_10
18-320-00203,12.0,2025_10
18-320-00204,,2025_10
18-320-00205,13.2,2025_10
18-320-00206,13.0,2025_10
18-320-00207,12.818181818181818,2025_10
18-321-00208,10.0,2025_10
18-321-00209,10.0,2025_10
18-321-00210,10.333333333333334,2025_10
18-321-00211,10.142857142857142,2025_10
18-321-00212,13.428571428571429,2025_10
18-321-00213,12.25,2025_10
18-321-00214,12.5,2025_10
18-321-00215,12.333333333333334,2025_10
18-321-00216,16.857142857142858,2025_10
18-321-00217,10.0,2025_10
18-321-00218,11.0,2025_10
18-322-00219,11.0,2025_10
18-322-00220,13.25,2025_10
18-322-00221,12.0,2025_10
18-323-00222,11.0,2025_10
18-323-00223,10.333333333333334,2025_10
18-323-00224,10.666666666666666,2025_10
18-323-00225,13.0,2025_10
18-323-00226,12.0,2025_10
18-323-00227,11.0,2025_10
18-323-00228,12.0,2025_10
18-324-00260,9.75,2025_10
18-323-00230,,2025_10
18-324-00231,13.0,2025_10
18-324-00232,10.0,2025_10
18-324-00233,12.666666666666666,2025_10
18-324-00234,11.0,2025_10
18-816-00235,,2025_10
18-816-00236,,2025_10
18-325-00237,,2025_10
18-325-00238,8.0,2025_10
18-325-00239,10.166666666666666,2025_10
18-326-00240,13.0,2025_10
18-326-00241,10.75,2025_10
18-326-00242,,2025_10
18-326-00243,,2025_10
18-326-00244,12.0,2025_10
18-326-00245,19.0,2025_10
18-326-00246,17.75,2025_10
18-326-00247,16.333333333333332,2025_10
18-755-00248,12.0,2025_10
18-756-00249,15.846153846153847,2025_10
18-756-00250,16.857142857142858,2025_10
18-756-00251,12.25,2025_10
18-757-00252,12.0,2025_10
18-757-00253,13.0,2025_10
18-757-00254,10.25,2025_10
18-759-00255,15.976190476190476,2025_10
18-758-00256,10.166666666666666,2025_10
18-758-00257,8.2,2025_10
18-816-00258,,2025_10
18-816-00259,12.0,2025_10
18-816-00261,13.285714285714286,2025_10
18-324-00262,10.666666666666666,2025_10
18-324-00263,11.0,2025_10
18-303-00264,13.0,2025_10
18-799-00265,12.0,2025_10
18-303-00266,12.0,2025_10
18-322-00267,10.0,2025_10
18-326-00268,11.666666666666666,2025_10
18-325-00269,8.857142857142858,2025_10
18-325-00270,11.11111111111111,2025_10
18-304-00271,11.375,2025_10
18-321-00272,13.0,2025_10
18-321-00273,13.166666666666666,2025_10
18-301-00274,11.5,2025_10
18-312-00276,9.666666666666666,2025_10
18-312-00277,9.5,2025_10
18-755-00278,12.166666666666666,2025_10
18-755-00279,8.666666666666666,2025_10
18-760-00280,13.25,2025_10
18-760-00281,13.090909090909092,2025_10
18-314-00275,10.770833333333334,2025_10
18-300-00101,17.0,2025_11
18-300-00102,19.5,2025_11
18-300-00103,19.6,2025_11
18-300-00104,18.692307692307693,2025_11
18-300-00105,18.166666666666668,2025_11
18-300-00106,,2025_11
18-300-00107,18.0,2025_11
18-300-00108,18.0,2025_11
18-301-00109,18.333333333333332,2025_11
18-301-00110,19.0,2025_11
18-301-00111,18.333333333333332,2025_11
18-301-00112,18.5,2025_11
18-301-00113,18.0,2025_11
18-301-00114,18.0,2025_11
18-302-00115,17.375,2025_11
18-302-00116,17.125,2025_11
18-302-00117,17.5,2025_11
18-302-00118,16.0,2025_11
18-302-00119,17.0,2025_11
18-303-00120,20.0,2025_11
18-303-00121,18.857142857142858,2025_11
18-303-00122,19.0,2025_11
18-303-00123,19.0,2025_11
18-799-00124,19.0,2025_11
18-799-00125,,2025_11
18-304-00126,19.5,2025_11
18-304-00127,19.5,2025_11
18-304-00128,19.2,2025_11
18-304-00129,19.0,2025_11
18-305-00130,18.4,2025_11
18-305-00131,18.2,2025_11
18-305-00132,20.0,2025_11
18-305-00133,20.6,2025_11
18-305-00134,18.0,2025_11
18-305-00135,16.8,2025_11
18-305-00136,16.4,2025_11
18-306-00137,20.176470588235293,2025_11
18-306-00138,16.571428571428573,2025_11
18-306-00139,20.0,2025_11
18-306-00140,18.11111111111111,2025_11
18-307-00141,15.4,2025_11
18-307-00142,20.2,2025_11
18-307-00143,18.6,2025_11
18-307-00144,19.285714285714285,2025_11
18-307-00145,19.75,2025_11
18-307-00146,21.285714285714285,2025_11
18-307-00147,24.75,2025_11
18-308-00148,,2025_11
18-308-00149,15.5,2025_11
18-308-00150,24.5,2025_11
18-308-00151,23.916666666666668,2025_11
18-308-00152,23.09090909090909,2025_11
18-308-00153,24.2,2025_11
18-309-00154,21.583333333333332,2025_11
18-309-00155,19.142857142857142,2025_11
18-309-00156,19.642857142857142,2025_11
18-309-00157,16.294117647058822,2025_11
18-310-00158,22.09090909090909,2025_11
18-310-00159,22.333333333333332,2025_11
18-310-00160,22.0,2025_11
18-310-00161,20.25,2025_11
18-310-00162,18.6,2025_11
18-310-00163,19.0,2025_11
18-310-00164,17.857142857142858,2025_11
18-311-00165,18.0,2025_11
18-311-00166,17.833333333333332,2025_11
18-311-00167,15.8,2025_11
18-311-00168,16.25,2025_11
18-312-00169,17.8,2025_11
18-312-00170,16.333333333333332,2025_11
18-312-00171,15.375,2025_11
18-313-00172,16.727272727272727,2025_11
18-313-00173,18.6,2025_11
18-313-00174,17.2,2025_11
18-313-00175,16.0,2025_11
18-313-00176,17.0,2025_11
18-313-00177,15.363636363636363,2025_11
18-314-00178,14.470588235294118,2025_11
18-314-00179,15.818181818181818,2025_11
18-315-00180,9.652173913043478,2025_11
18-315-00181,12.0,2025_11
18-315-00182,12.833333333333334,2025_11
18-315-00183,9.576923076923077,2025_11
18-316-00184,18.9,2025_11
18-316-00185,22.0,2025_11
18-316-00186,20.333333333333332,2025_11
18-316-00187,20.846153846153847,2025_11
18-316-00188,21.11111111111111,2025_11
18-317-00189,20.0,2025_11
18-317-00190,20.333333333333332,2025_11
18-317-00191,20.8,2025_11
18-317-00192,21.7,2025_11
18-317-00193,21.833333333333332,2025_11
18-318-00194,20.5,2025_11
18-318-00195,21.5,2025_11
18-318-00196,22.666666666666668,2025_11
18-318-00197,21.4,2025_11
18-319-00198,21.0,2025_11
18-319-00199,18.333333333333332,2025_11
18-319-00200,20.8,2025_11
18-319-00201,21.0,2025_11
18-319-00202,21.5,2025_11
18-320-00203,22.0,2025_11
18-320-00204,,2025_11
18-320-00205,16.6,2025_11
18-320-00206,20.0,2025_11
18-320-00207,19.90909090909091,2025_11
18-321-00208,19.0,2025_11
18-321-00209,19.0,2025_11
18-321-00210,19.333333333333332,2025_11
18-321-00211,18.714285714285715,2025_11
18-321-00212,15.428571428571429,2025_11
18-321-00213,17.5,2025_11
18-321-00214,17.5,2025_11
18-321-00215,17.0,2025_11
18-321-00216,15.142857142857142,2025_11
18-321-00217,19.0,2025_11
18-321-00218,19.0,2025_11
18-322-00219,20.0,2025_11
18-322-00220,19.875,2025_11
18-322-00221,21.0,2025_11
18-323-00222,19.0,2025_11
18-323-00223,19.0,2025_11
18-323-00224,18.333333333333332,2025_11
18-323-00225,19.0,2025_11
18-323-00226,18.0,2025_11
18-323-00227,18.0,2025_11
18-323-00228,18.0,2025_11
18-324-00260,17.0,2025_11
18-323-00230,,2025_11
18-324-00231,17.857142857142858,2025_11
18-324-00232,18.0,2025_11
18-324-00233,17.666666666666668,2025_11
18-324-00234,18.0,2025_11
18-816-00235,,2025_11
18-816-00236,,2025_11
18-325-00237,,2025_11
18-325-00238,19.0,2025_11
18-325-00239,19.0,2025_11
18-326-00240,18.0,2025_11
18-326-00241,18.0,2025_11
18-326-00242,,2025_11
18-326-00243,,2025_11
18-326-00244,18.0,2025_11
18-326-00245,18.125,2025_11
18-326-00246,19.0,2025_11
18-326-00247,18.666666666666668,2025_11
18-755-00248,17.4,2025_11
18-756-00249,15.923076923076923,2025_11
18-756-00250,16.571428571428573,2025_11
18-756-00251,15.5,2025_11
18-757-00252,15.6,2025_11
18-757-00253,17.25,2025_11
18-757-00254,13.583333333333334,2025_11
18-759-00255,12.5,2025_11
18-758-00256,17.833333333333332,2025_11
18-758-00257,18.0,2025_11
18-816-00258,,2025_11
18-816-00259,19.0,2025_11
18-816-00261,17.714285714285715,2025_11
18-324-00262,17.666666666666668,2025_11
18-324-00263,19.0,2025_11
18-303-00264,20.0,2025_11
18-799-00265,19.0,2025_11
18-303-00266,18.5,2025_11
18-322-00267,19.0,2025_11
18-326-00268,18.0,2025_11
18-325-00269,18.714285714285715,2025_11
18-325-00270,18.333333333333332,2025_11
18-304-00271,19.375,2025_11
18-321-00272,18.333333333333332,2025_11
18-321-00273,17.666666666666668,2025_11
18-301-00274,19.5,2025_11
18-312-00276,18.0,2025_11
18-312-00277,17.5,2025_11
18-755-00278,18.0,2025_11
18-755-00279,14.666666666666666,2025_11
18-760-00280,18.75,2025_11
18-760-00281,19.09090909090909,2025_11
18-314-00275,14.479166666666666,2025_11
18-300-00101,1.588235294117647,2025_12
18-300-00102,0.0,2025_12
18-300-00103,0.8,2025_12
18-300-00104,2.1538461538461537,2025_12
18-300-00105,0.0,2025_12
18-300-00106,,2025_12
18-300-00107,0.0,2025_12
18-300-00108,1.0,2025_12
18-301-00109,0.6666666666666666,2025_12
18-301-00110,0.0,2025_12
18-301-00111,0.0,2025_12
18-301-00112,0.0,2025_12
18-301-00113,0.5,2025_12
18-301-00114,0.25,2025_12
18-302-00115,0.375,2025_12
18-302-00116,0.25,2025_12
18-302-00117,1.1666666666666667,2025_12
18-302-00118,1.0,2025_12
18-302-00119,3.6666666666666665,2025_12
18-303-00120,1.5,2025_12
18-303-00121,1.0,2025_12
18-303-00122,1.0,2025_12
18-303-00123,1.0,2025_12
18-799-00124,1.0,2025_12
18-799-00125,,2025_12
18-304-00126,1.0,2025_12
18-304-00127,1.0,2025_12
18-304-00128,2.4,2025_12
18-304-00129,2.0,2025_12
18-305-00130,2.0,2025_12
18-305-00131,1.0,2025_12
18-305-00132,1.5,2025_12
18-305-00133,1.0,2025_12
18-305-00134,2.0,2025_12
18-305-00135,2.0,2025_12
18-305-00136,2.8,2025_12
18-306-00137,4.0,2025_12
18-306-00138,3.142857142857143,2025_12
18-306-00139,2.5,2025_12
18-306-00140,3.2222222222222223,2025_12
18-307-00141,1.4,2025_12
18-307-00142,3.0,2025_12
18-307-00143,2.4,2025_12
18-307-00144,2.0,2025_12
18-307-00145,2.5,2025_12
18-307-00146,2.4285714285714284,2025_12
18-307-00147,4.25,2025_12
18-308-00148,,2025_12
18-308-00149,2.0,2025_12
18-308-00150,2.0,2025_12
18-308-00151,1.4166666666666667,2025_12
18-308-00152,0.9090909090909091,2025_12
18-308-00153,2.6,2025_12
18-309-00154,2.1666666666666665,2025_12
18-309-00155,0.5714285714285714,2025_12
18-309-00156,1.0714285714285714,2025_12
18-309-00157,0.5294117647058824,2025_12
18-310-00158,1.7272727272727273,2025_12
18-310-00159,0.5,2025_12
18-310-00160,1.125,2025_12
18-310-00161,1.5,2025_12
18-310-00162,1.8,2025_12
18-310-00163,1.0,2025_12
18-310-00164,0.5714285714285714,2025_12
18-311-00165,2.1666666666666665,2025_12
18-311-00166,1.5,2025_12
18-311-00167,2.4,2025_12
18-311-00168,2.25,2025_12
18-312-00169,2.8,2025_12
18-312-00170,3.0,2025_12
18-312-00171,3.125,2025_12
18-313-00172,2.1818181818181817,2025_12
18-313-00173,2.2,2025_12
18-313-00174,2.8,2025_12
18-313-00175,3.2,2025_12
18-313-00176,2.5,2025_12
18-313-00177,4.454545454545454,2025_12
18-314-00178,12.029411764705882,2025_12
18-314-00179,8.227272727272727,2025_12
18-315-00180,6.739130434782608,2025_12
18-315-00181,6.666666666666667,2025_12
18-315-00182,5.5,2025_12
18-315-00183,3.769230769230769,2025_12
18-316-00184,7.7,2025_12
18-316-00185,9.636363636363637,2025_12
18-316-00186,8.166666666666666,2025_12
18-316-00187,7.923076923076923,2025_12
18-316-00188,7.222222222222222,2025_12
18-317-00189,12.0,2025_12
18-317-00190,9.333333333333334,2025_12
18-317-00191,10.4,2025_12
18-317-00192,9.6,2025_12
18-317-00193,9.5,2025_12
18-318-00194,10.0,2025_12
18-318-00195,13.0,2025_12
18-318-00196,7.166666666666667,2025_12
18-318-00197,9.4,2025_12
18-319-00198,1.0,2025_12
18-319-00199,1.0,2025_12
18-319-00200,1.0,2025_12
18-319-00201,1.0,2025_12
18-319-00202,1.0,2025_12
18-320-00203,1.0,2025_12
18-320-00204,,2025_12
18-320-00205,2.4,2025_12
18-320-00206,2.0,2025_12
18-320-00207,2.3636363636363638,2025_12
18-321-00208,2.5,2025_12
18-321-00209,2.0,2025_12
18-321-00210,2.0,2025_12
18-321-00211,1.1428571428571428,2025_12
18-321-00212,4.142857142857143,2025_12
18-321-00213,1.0,2025_12
18-321-00214,1.0,2025_12
18-321-00215,1.0,2025_12
18-321-00216,5.857142857142857,2025_12
18-321-00217,1.0,2025_12
18-321-00218,3.0,2025_12
18-322-00219,1.0,2025_12
18-322-00220,2.875,2025_12
18-322-00221,3.0,2025_12
18-323-00222,1.0,2025_12
18-323-00223,1.0,2025_12
18-323-00224,1.0,2025_12
18-323-00225,2.0,2025_12
18-323-00226,2.0,2025_12
18-323-00227,2.0,2025_12
18-323-00228,4.0,2025_12
18-324-00260,2.5,2025_12
18-323-00230,,2025_12
18-324-00231,2.7142857142857144,2025_12
18-324-00232,2.0,2025_12
18-324-00233,2.3333333333333335,2025_12
18-324-00234,2.0,2025_12
18-816-00235,,2025_12
18-816-00236,,2025_12
18-325-00237,,2025_12
18-325-00238,3.0,2025_12
18-325-00239,1.6666666666666667,2025_12
18-326-00240,2.0,2025_12
18-326-00241,8.25,2025_12
18-326-00242,,2025_12
18-326-00243,,2025_12
18-326-00244,3.0,2025_12
18-326-00245,9.125,2025_12
18-326-00246,6.125,2025_12
18-326-00247,4.333333333333333,2025_12
18-755-00248,1.4,2025_12
18-756-00249,3.6923076923076925,2025_12
18-756-00250,3.5714285714285716,2025_12
18-756-00251,2.5,2025_12
18-757-00252,3.0,2025_12
18-757-00253,3.5,2025_12
18-757-00254,3.3333333333333335,2025_12
18-759-00255,6.309523809523809,2025_12
18-758-00256,0.16666666666666666,2025_12
18-758-00257,0.2,2025_12
18-816-00258,,2025_12
18-816-00259,5.75,2025_12
18-816-00261,4.142857142857143,2025_12
18-324-00262,2.0,2025_12
18-324-00263,1.0,2025_12
18-303-00264,1.0,2025_12
18-799-00265,1.0,2025_12
18-303-00266,1.0,2025_12
18-322-00267,1.0,2025_12
18-326-00268,8.333333333333334,2025_12
18-325-00269,1.2857142857142858,2025_12
18-325-00270,3.111111111111111,2025_12
18-304-00271,2.0,2025_12
18-321-00272,4.666666666666667,2025_12
18-321-00273,5.5,2025_12
18-301-00274,0.0,2025_12
18-312-00276,2.5,2025_12
18-312-00277,3.0,2025_12
18-755-00278,1.8333333333333333,2025_12
18-755-00279,1.3333333333333333,2025_12
18-760-00280,3.0,2025_12
18-760-00281,2.909090909090909,2025_12
18-314-00275,2.0625,2025_12
18-300-00101,15.529411764705882,2026_01
18-300-00102,19.0,2026_01
18-300-00103,15.2,2026_01
18-300-00104,10.23076923076923,2026_01
18-300-00105,17.5,2026_01
18-300-00106,,2026_01
18-300-00107,17.5,2026_01
18-300-00108,17.0,2026_01
18-301-00109,19.0,2026_01
18-301-00110,20.0,2026_01
18-301-00111,20.0,2026_01
18-301-00112,20.25,2026_01
18-301-00113,18.0,2026_01
18-301-00114,17.25,2026_01
18-302-00115,20.0,2026_01
18-302-00116,17.875,2026_01
18-302-00117,20.166666666666668,2026_01
18-302-00118,19.333333333333332,2026_01
18-302-00119,23.666666666666668,2026_01
18-303-00120,19.0,2026_01
18-303-00121,18.285714285714285,2026_01
18-303-00122,19.0,2026_01
18-303-00123,22.0,2026_01
18-799-00124,20.0,2026_01
18-799-00125,,2026_01
18-304-00126,23.0,2026_01
18-304-00127,22.5,2026_01
18-304-00128,28.8,2026_01
18-304-00129,27.0,2026_01
18-305-00130,25.6,2026_01
18-305-00131,25.2,2026_01
18-305-00132,28.0,2026_01
18-305-00133,24.6,2026_01
18-305-00134,25.6,2026_01
18-305-00135,27.6,2026_01
18-305-00136,29.4,2026_01
18-306-00137,15.764705882352942,2026_01
18-306-00138,11.428571428571429,2026_01
18-306-00139,23.833333333333332,2026_01
18-306-00140,20.11111111111111,2026_01
18-307-00141,6.4,2026_01
18-307-00142,16.8,2026_01
18-307-00143,13.2,2026_01
18-307-00144,12.714285714285714,2026_01
18-307-00145,12.375,2026_01
18-307-00146,22.857142857142858,2026_01
18-307-00147,17.5,2026_01
18-308-00148,,2026_01
18-308-00149,6.5,2026_01
18-308-00150,20.333333333333332,2026_01
18-308-00151,18.916666666666668,2026_01
18-308-00152,15.090909090909092,2026_01
18-308-00153,17.0,2026_01
18-309-00154,5.416666666666667,2026_01
18-309-00155,16.428571428571427,2026_01
18-309-00156,17.642857142857142,2026_01
18-309-00157,20.647058823529413,2026_01
18-310-00158,21.0,2026_01
18-310-00159,18.333333333333332,2026_01
18-310-00160,14.75,2026_01
18-310-00161,17.5,2026_01
18-310-00162,24.2,2026_01
18-310-00163,21.5,2026_01
18-310-00164,18.857142857142858,2026_01
18-311-00165,27.166666666666668,2026_01
18-311-00166,28.833333333333332,2026_01
18-311-00167,23.2,2026_01
18-311-00168,23.25,2026_01
18-312-00169,31.2,2026_01
18-312-00170,28.166666666666668,2026_01
18-312-00171,26.5,2026_01
18-313-00172,21.636363636363637,2026_01
18-313-00173,19.4,2026_01
18-313-00174,25.4,2026_01
18-313-00175,27.1,2026_01
18-313-00176,32.5,2026_01
18-313-00177,32.0,2026_01
18-314-00178,28.441176470588236,2026_01
18-314-00179,19.227272727272727,2026_01
18-315-00180,15.304347826086957,2026_01
18-315-00181,4.133333333333334,2026_01
18-315-00182,8.333333333333334,2026_01
18-315-00183,15.807692307692308,2026_01
18-316-00184,30.4,2026_01
18-316-00185,36.81818181818182,2026_01
18-316-00186,32.833333333333336,2026_01
18-316-00187,32.46153846153846,2026_01
18-316-00188,34.22222222222222,2026_01
18-317-00189,36.5,2026_01
18-317-00190,38.0,2026_01
18-317-00191,33.4,2026_01
18-317-00192,31.7,2026_01
18-317-00193,36.0,2026_01
18-318-00194,40.5,2026_01
18-318-00195,36.5,2026_01
18-318-00196,35.333333333333336,2026_01
18-318-00197,32.9,2026_01
18-319-00198,14.25,2026_01
18-319-00199,16.666666666666668,2026_01
18-319-00200,17.8,2026_01
18-319-00201,14.0,2026_01
18-319-00202,17.0,2026_01
18-320-00203,15.0,2026_01
18-320-00204,,2026_01
18-320-00205,8.0,2026_01
18-320-00206,10.0,2026_01
18-320-00207,12.363636363636363,2026_01
18-321-00208,23.5,2026_01
18-321-00209,22.0,2026_01
18-321-00210,24.666666666666668,2026_01
18-321-00211,22.285714285714285,2026_01
18-321-00212,16.0,2026_01
18-321-00213,18.0,2026_01
18-321-00214,18.0,2026_01
18-321-00215,17.666666666666668,2026_01
18-321-00216,13.571428571428571,2026_01
18-321-00217,25.0,2026_01
18-321-00218,27.0,2026_01
18-322-00219,25.0,2026_01
18-322-00220,29.125,2026_01
18-322-00221,33.0,2026_01
18-323-00222,20.0,2026_01
18-323-00223,23.0,2026_01
18-323-00224,20.333333333333332,2026_01
18-323-00225,21.0,2026_01
18-323-00226,20.0,2026_01
18-323-00227,20.0,2026_01
18-323-00228,16.0,2026_01
18-324-00260,14.5,2026_01
18-323-00230,,2026_01
18-324-00231,15.428571428571429,2026_01
18-324-00232,19.0,2026_01
18-324-00233,12.0,2026_01
18-324-00234,19.0,2026_01
18-816-00235,,2026_01
18-816-00236,,2026_01
18-325-00237,,2026_01
18-325-00238,21.5,2026_01
18-325-00239,24.833333333333332,2026_01
18-326-00240,13.0,2026_01
18-326-00241,4.25,2026_01
18-326-00242,,2026_01
18-326-00243,,2026_01
18-326-00244,9.0,2026_01
18-326-00245,9.625,2026_01
18-326-00246,5.125,2026_01
18-326-00247,8.333333333333334,2026_01
18-755-00248,24.8,2026_01
18-756-00249,25.692307692307693,2026_01
18-756-00250,24.0,2026_01
18-756-00251,9.75,2026_01
18-757-00252,31.4,2026_01
18-757-00253,19.75,2026_01
18-757-00254,29.75,2026_01
18-759-00255,12.357142857142858,2026_01
18-758-00256,20.833333333333332,2026_01
18-758-00257,19.8,2026_01
18-816-00258,,2026_01
18-816-00259,12.75,2026_01
18-816-00261,14.285714285714286,2026_01
18-324-00262,19.0,2026_01
18-324-00263,22.0,2026_01
18-303-00264,16.75,2026_01
18-799-00265,22.5,2026_01
18-303-00266,16.5,2026_01
18-322-00267,25.0,2026_01
18-326-00268,7.0,2026_01
18-325-00269,23.285714285714285,2026_01
18-325-00270,12.88888888888889,2026_01
18-304-00271,28.875,2026_01
18-321-00272,18.333333333333332,2026_01
18-321-00273,17.333333333333332,2026_01
18-301-00274,18.5,2026_01
18-312-00276,21.166666666666668,2026_01
18-312-00277,26.0,2026_01
18-755-00278,27.333333333333332,2026_01
18-755-00279,24.666666666666668,2026_01
18-760-00280,20.5,2026_01
18-760-00281,19.545454545454547,2026_01
18-314-00275,12.020833333333334,2026_01
18-300-00101,32.23529411764706,2026_02
18-300-00102,24.0,2026_02
18-300-00103,28.8,2026_02
18-300-00104,34.53846153846154,2026_02
18-300-00105,23.0,2026_02
18-300-00106,,2026_02
18-300-00107,22.0,2026_02
18-300-00108,25.0,2026_02
18-301-00109,24.333333333333332,2026_02
18-301-00110,23.0,2026_02
18-301-00111,22.0,2026_02
18-301-00112,22.0,2026_02
18-301-00113,25.0,2026_02
18-301-00114,25.5,2026_02
18-302-00115,24.125,2026_02
18-302-00116,25.0,2026_02
18-302-00117,25.166666666666668,2026_02
18-302-00118,24.333333333333332,2026_02
18-302-00119,27.0,2026_02
18-303-00120,26.75,2026_02
18-303-00121,26.857142857142858,2026_02
18-303-00122,27.6,2026_02
18-303-00123,26.333333333333332,2026_02
18-799-00124,29.0,2026_02
18-799-00125,,2026_02
18-304-00126,27.0,2026_02
18-304-00127,27.0,2026_02
18-304-00128,26.4,2026_02
18-304-00129,27.0,2026_02
18-305-00130,36.2,2026_02
18-305-00131,27.4,2026_02
18-305-00132,29.25,2026_02
18-305-00133,29.8,2026_02
18-305-00134,27.6,2026_02
18-305-00135,25.8,2026_02
18-305-00136,24.4,2026_02
18-306-00137,41.588235294117645,2026_02
18-306-00138,40.285714285714285,2026_02
18-306-00139,33.666666666666664,2026_02
18-306-00140,38.44444444444444,2026_02
18-307-00141,31.8,2026_02
18-307-00142,40.6,2026_02
18-307-00143,40.6,2026_02
18-307-00144,47.142857142857146,2026_02
18-307-00145,40.0,2026_02
18-307-00146,41.714285714285715,2026_02
18-307-00147,46.75,2026_02
18-308-00148,,2026_02
18-308-00149,24.0,2026_02
18-308-00150,45.333333333333336,2026_02
18-308-00151,47.0,2026_02
18-308-00152,46.09090909090909,2026_02
18-308-00153,48.2,2026_02
18-309-00154,43.5,2026_02
18-309-00155,43.785714285714285,2026_02
18-309-00156,43.214285714285715,2026_02
18-309-00157,44.0,2026_02
18-310-00158,43.0,2026_02
18-310-00159,42.166666666666664,2026_02
18-310-00160,42.25,2026_02
18-310-00161,41.25,2026_02
18-310-00162,43.2,2026_02
18-310-00163,41.5,2026_02
18-310-00164,43.0,2026_02
18-311-00165,42.0,2026_02
18-311-00166,40.833333333333336,2026_02
18-311-00167,41.0,2026_02
18-311-00168,42.0,2026_02
18-312-00169,41.4,2026_02
18-312-00170,39.5,2026_02
18-312-00171,41.875,2026_02
18-313-00172,37.81818181818182,2026_02
18-313-00173,37.4,2026_02
18-313-00174,39.2,2026_02
18-313-00175,37.6,2026_02
18-313-00176,39.25,2026_02
18-313-00177,28.90909090909091,2026_02
18-314-00178,24.58823529411765,2026_02
18-314-00179,36.18181818181818,2026_02
18-315-00180,15.608695652173912,2026_02
18-315-00181,18.466666666666665,2026_02
18-315-00182,15.666666666666666,2026_02
18-315-00183,15.346153846153847,2026_02
18-316-00184,26.9,2026_02
18-316-00185,25.454545454545453,2026_02
18-316-00186,26.5,2026_02
18-316-00187,20.46153846153846,2026_02
18-316-00188,25.88888888888889,2026_02
18-317-00189,23.5,2026_02
18-317-00190,26.0,2026_02
18-317-00191,22.0,2026_02
18-317-00192,19.5,2026_02
18-317-00193,20.166666666666668,2026_02
18-318-00194,26.5,2026_02
18-318-00195,23.5,2026_02
18-318-00196,20.666666666666668,2026_02
18-318-00197,19.2,2026_02
18-319-00198,26.5,2026_02
18-319-00199,25.666666666666668,2026_02
18-319-00200,27.4,2026_02
18-319-00201,26.0,2026_02
18-319-00202,27.0,2026_02
18-320-00203,25.0,2026_02
18-320-00204,,2026_02
18-320-00205,34.3,2026_02
18-320-00206,32.0,2026_02
18-320-00207,36.27272727272727,2026_02
18-321-00208,27.0,2026_02
18-321-00209,26.0,2026_02
18-321-00210,26.666666666666668,2026_02
18-321-00211,26.285714285714285,2026_02
18-321-00212,22.714285714285715,2026_02
18-321-00213,25.75,2026_02
18-321-00214,26.0,2026_02
18-321-00215,26.0,2026_02
18-321-00216,24.142857142857142,2026_02
18-321-00217,26.0,2026_02
18-321-00218,27.0,2026_02
18-322-00219,26.0,2026_02
18-322-00220,26.5,2026_02
18-322-00221,27.0,2026_02
18-323-00222,26.0,2026_02
18-323-00223,26.333333333333332,2026_02
18-323-00224,26.166666666666668,2026_02
18-323-00225,28.0,2026_02
18-323-00226,28.0,2026_02
18-323-00227,27.0,2026_02
18-323-00228,33.0,2026_02
18-324-00260,31.25,2026_02
18-323-00230,,2026_02
18-324-00231,38.285714285714285,2026_02
18-324-00232,32.0,2026_02
18-324-00233,36.0,2026_02
18-324-00234,28.0,2026_02
18-816-00235,,2026_02
18-816-00236,,2026_02
18-325-00237,,2026_02
18-325-00238,27.0,2026_02
18-325-00239,26.5,2026_02
18-326-00240,33.0,2026_02
18-326-00241,29.25,2026_02
18-326-00242,,2026_02
18-326-00243,,2026_02
18-326-00244,29.0,2026_02
18-326-00245,37.375,2026_02
18-326-00246,35.75,2026_02
18-326-00247,41.333333333333336,2026_02
18-755-00248,41.6,2026_02
18-756-00249,42.46153846153846,2026_02
18-756-00250,41.142857142857146,2026_02
18-756-00251,35.25,2026_02
18-757-00252,24.4,2026_02
18-757-00253,28.75,2026_02
18-757-00254,20.416666666666668,2026_02
18-759-00255,18.547619047619047,2026_02
18-758-00256,21.666666666666668,2026_02
18-758-00257,19.4,2026_02
18-816-00258,,2026_02
18-816-00259,33.25,2026_02
18-816-00261,37.285714285714285,2026_02
18-324-00262,33.0,2026_02
18-324-00263,28.0,2026_02
18-303-00264,31.0,2026_02
18-799-00265,26.0,2026_02
18-303-00266,27.0,2026_02
18-322-00267,26.0,2026_02
18-326-00268,30.666666666666668,2026_02
18-325-00269,27.285714285714285,2026_02
18-325-00270,28.555555555555557,2026_02
18-304-00271,26.625,2026_02
18-321-00272,24.333333333333332,2026_02
18-321-00273,25.333333333333332,2026_02
18-301-00274,22.5,2026_02
18-312-00276,38.333333333333336,2026_02
18-312-00277,40.5,2026_02
18-755-00278,47.166666666666664,2026_02
18-755-00279,40.666666666666664,2026_02
18-760-00280,39.25,2026_02
18-760-00281,40.0,2026_02
18-314-00275,25.166666666666668,2026_02
18-300-00101,7.470588235294118,2026_03
18-300-00102,7.0,2026_03
18-300-00103,7.4,2026_03
18-300-00104,8.846153846153847,2026_03
18-300-00105,7.0,2026_03
18-300-00106,,2026_03
18-300-00107,6.0,2026_03
18-300-00108,8.0,2026_03
18-301-00109,6.0,2026_03
18-301-00110,5.0,2026_03
18-301-00111,5.666666666666667,2026_03
18-301-00112,4.75,2026_03
18-301-00113,6.5,2026_03
18-301-00114,7.25,2026_03
18-302-00115,6.25,2026_03
18-302-00116,6.625,2026_03
18-302-00117,6.666666666666667,2026_03
18-302-00118,5.666666666666667,2026_03
18-302-00119,6.333333333333333,2026_03
18-303-00120,7.0,2026_03
18-303-00121,6.428571428571429,2026_03
18-303-00122,7.6,2026_03
18-303-00123,8.0,2026_03
18-799-00124,9.0,2026_03
18-799-00125,,2026_03
18-304-00126,6.0,2026_03
18-304-00127,7.5,2026_03
18-304-00128,8.2,2026_03
18-304-00129,9.0,2026_03
18-305-00130,9.0,2026_03
18-305-00131,8.2,2026_03
18-305-00132,8.75,2026_03
18-305-00133,8.4,2026_03
18-305-00134,8.2,2026_03
18-305-00135,7.0,2026_03
18-305-00136,5.6,2026_03
18-306-00137,11.176470588235293,2026_03
18-306-00138,12.357142857142858,2026_03
18-306-00139,8.5,2026_03
18-306-00140,11.222222222222221,2026_03
18-307-00141,14.6,2026_03
18-307-00142,16.6,2026_03
18-307-00143,16.4,2026_03
18-307-00144,17.857142857142858,2026_03
18-307-00145,17.125,2026_03
18-307-00146,17.857142857142858,2026_03
18-307-00147,22.25,2026_03
18-308-00148,,2026_03
18-308-00149,17.0,2026_03
18-308-00150,20.0,2026_03
18-308-00151,21.166666666666668,2026_03
18-308-00152,22.181818181818183,2026_03
18-308-00153,20.0,2026_03
18-309-00154,20.083333333333332,2026_03
18-309-00155,17.5,2026_03
18-309-00156,17.785714285714285,2026_03
18-309-00157,16.176470588235293,2026_03
18-310-00158,19.545454545454547,2026_03
18-310-00159,21.333333333333332,2026_03
18-310-00160,20.5,2026_03
18-310-00161,19.5,2026_03
18-310-00162,20.4,2026_03
18-310-00163,19.25,2026_03
18-310-00164,16.714285714285715,2026_03
18-311-00165,17.833333333333332,2026_03
18-311-00166,15.666666666666666,2026_03
18-311-00167,15.2,2026_03
18-311-00168,16.0,2026_03
18-312-00169,16.0,2026_03
18-312-00170,15.0,2026_03
18-312-00171,14.5,2026_03
18-313-00172,11.909090909090908,2026_03
18-313-00173,13.6,2026_03
18-313-00174,14.6,2026_03
18-313-00175,13.6,2026_03
18-313-00176,13.25,2026_03
18-313-00177,9.545454545454545,2026_03
18-314-00178,6.911764705882353,2026_03
18-314-00179,12.090909090909092,2026_03
18-315-00180,4.956521739130435,2026_03
18-315-00181,8.333333333333334,2026_03
18-315-00182,8.833333333333334,2026_03
18-315-00183,4.230769230769231,2026_03
18-316-00184,10.5,2026_03
18-316-00185,8.909090909090908,2026_03
18-316-00186,10.0,2026_03
18-316-00187,3.923076923076923,2026_03
18-316-00188,8.222222222222221,2026_03
18-317-00189,7.5,2026_03
18-317-00190,10.666666666666666,2026_03
18-317-00191,7.4,2026_03
18-317-00192,4.7,2026_03
18-317-00193,5.666666666666667,2026_03
18-318-00194,10.5,2026_03
18-318-00195,7.5,2026_03
18-318-00196,6.666666666666667,2026_03
18-318-00197,4.4,2026_03
18-319-00198,6.5,2026_03
18-319-00199,6.333333333333333,2026_03
18-319-00200,7.2,2026_03
18-319-00201,7.0,2026_03
18-319-00202,7.5,2026_03
18-320-00203,7.0,2026_03
18-320-00204,,2026_03
18-320-00205,9.6,2026_03
18-320-00206,7.0,2026_03
18-320-00207,9.727272727272727,2026_03
18-321-00208,8.5,2026_03
18-321-00209,7.0,2026_03
18-321-00210,7.0,2026_03
18-321-00211,5.142857142857143,2026_03
18-321-00212,4.428571428571429,2026_03
18-321-00213,4.5,2026_03
18-321-00214,4.5,2026_03
18-321-00215,5.333333333333333,2026_03
18-321-00216,5.571428571428571,2026_03
18-321-00217,6.0,2026_03
18-321-00218,10.0,2026_03
18-322-00219,7.0,2026_03
18-322-00220,7.375,2026_03
18-322-00221,8.0,2026_03
18-323-00222,9.0,2026_03
18-323-00223,7.333333333333333,2026_03
18-323-00224,5.5,2026_03
18-323-00225,7.0,2026_03
18-323-00226,8.0,2026_03
18-323-00227,9.0,2026_03
18-323-00228,10.0,2026_03
18-324-00260,11.25,2026_03
18-323-00230,,2026_03
18-324-00231,10.428571428571429,2026_03
18-324-00232,9.0,2026_03
18-324-00233,10.666666666666666,2026_03
18-324-00234,9.0,2026_03
18-816-00235,,2026_03
18-816-00236,,2026_03
18-325-00237,,2026_03
18-325-00238,9.0,2026_03
18-325-00239,7.5,2026_03
18-326-00240,8.0,2026_03
18-326-00241,9.0,2026_03
18-326-00242,,2026_03
18-326-00243,,2026_03
18-326-00244,8.0,2026_03
18-326-00245,12.25,2026_03
18-326-00246,12.75,2026_03
18-326-00247,12.333333333333334,2026_03
18-755-00248,18.8,2026_03
18-756-00249,12.692307692307692,2026_03
18-756-00250,14.0,2026_03
18-756-00251,14.0,2026_03
18-757-00252,5.2,2026_03
18-757-00253,8.25,2026_03
18-757-00254,5.25,2026_03
18-759-00255,3.238095238095238,2026_03
18-758-00256,3.5,2026_03
18-758-00257,3.8,2026_03
18-816-00258,,2026_03
18-816-00259,10.75,2026_03
18-816-00261,11.571428571428571,2026_03
18-324-00262,10.0,2026_03
18-324-00263,9.0,2026_03
18-303-00264,9.5,2026_03
18-799-00265,9.0,2026_03
18-303-00266,5.0,2026_03
18-322-00267,6.0,2026_03
18-326-00268,9.0,2026_03
18-325-00269,7.571428571428571,2026_03
18-325-00270,8.222222222222221,2026_03
18-304-00271,7.5,2026_03
18-321-00272,4.0,2026_03
18-321-00273,4.166666666666667,2026_03
18-301-00274,7.0,2026_03
18-312-00276,15.0,2026_03
18-312-00277,16.0,2026_03
18-755-00278,17.666666666666668,2026_03
18-755-00279,16.833333333333332,2026_03
18-760-00280,16.0,2026_03
18-760-00281,16.636363636363637,2026_03
18-314-00275,7.979166666666667,2026_03
18-300-00101,8.117647058823529,2026_04
18-300-00102,9.0,2026_04
18-300-00103,8.2,2026_04
18-300-00104,7.538461538461538,2026_04
18-300-00105,11.333333333333334,2026_04
18-300-00106,,2026_04
18-300-00107,12.0,2026_04
18-300-00108,9.0,2026_04
18-301-00109,13.333333333333334,2026_04
18-301-00110,11.0,2026_04
18-301-00111,11.333333333333334,2026_04
18-301-00112,12.75,2026_04
18-301-00113,11.0,2026_04
18-301-00114,10.5,2026_04
18-302-00115,12.625,2026_04
18-302-00116,12.625,2026_04
18-302-00117,14.333333333333334,2026_04
18-302-00118,15.0,2026_04
18-302-00119,15.333333333333334,2026_04
18-303-00120,12.0,2026_04
18-303-00121,11.428571428571429,2026_04
18-303-00122,10.2,2026_04
18-303-00123,10.0,2026_04
18-799-00124,9.0,2026_04
18-799-00125,,2026_04
18-304-00126,7.0,2026_04
18-304-00127,8.0,2026_04
18-304-00128,9.4,2026_04
18-304-00129,10.0,2026_04
18-305-00130,11.6,2026_04
18-305-00131,11.6,2026_04
18-305-00132,11.0,2026_04
18-305-00133,10.4,2026_04
18-305-00134,10.8,2026_04
18-305-00135,8.8,2026_04
18-305-00136,10.2,2026_04
18-306-00137,10.176470588235293,2026_04
18-306-00138,10.571428571428571,2026_04
18-306-00139,10.0,2026_04
18-306-00140,11.444444444444445,2026_04
18-307-00141,11.4,2026_04
18-307-00142,13.8,2026_04
18-307-00143,12.8,2026_04
18-307-00144,13.857142857142858,2026_04
18-307-00145,13.875,2026_04
18-307-00146,17.571428571428573,2026_04
18-307-00147,17.75,2026_04
18-308-00148,,2026_04
18-308-00149,13.5,2026_04
18-308-00150,18.166666666666668,2026_04
18-308-00151,18.166666666666668,2026_04
18-308-00152,16.90909090909091,2026_04
18-308-00153,16.8,2026_04
18-309-00154,16.416666666666668,2026_04
18-309-00155,15.571428571428571,2026_04
18-309-00156,15.0,2026_04
18-309-00157,13.882352941176471,2026_04
18-310-00158,18.0,2026_04
18-310-00159,17.666666666666668,2026_04
18-310-00160,17.5,2026_04
18-310-00161,16.0,2026_04
18-310-00162,18.0,2026_04
18-310-00163,17.5,2026_04
18-310-00164,15.571428571428571,2026_04
18-311-00165,18.0,2026_04
18-311-00166,17.833333333333332,2026_04
18-311-00167,15.6,2026_04
18-311-00168,16.5,2026_04
18-312-00169,16.6,2026_04
18-312-00170,17.333333333333332,2026_04
18-312-00171,16.375,2026_04
18-313-00172,15.272727272727273,2026_04
18-313-00173,14.8,2026_04
18-313-00174,17.2,2026_04
18-313-00175,18.0,2026_04
18-313-00176,18.5,2026_04
18-313-00177,16.454545454545453,2026_04
18-314-00178,16.147058823529413,2026_04
18-314-00179,17.681818181818183,2026_04
18-315-00180,10.826086956521738,2026_04
18-315-00181,8.466666666666667,2026_04
18-315-00182,10.333333333333334,2026_04
18-315-00183,10.538461538461538,2026_04
18-316-00184,11.3,2026_04
18-316-00185,13.181818181818182,2026_04
18-316-00186,12.666666666666666,2026_04
18-316-00187,14.307692307692308,2026_04
18-316-00188,15.555555555555555,2026_04
18-317-00189,14.0,2026_04
18-317-00190,14.333333333333334,2026_04
18-317-00191,13.2,2026_04
18-317-00192,13.7,2026_04
18-317-00193,16.166666666666668,2026_04
18-318-00194,13.0,2026_04
18-318-00195,15.0,2026_04
18-318-00196,15.166666666666666,2026_04
18-318-00197,17.8,2026_04
18-319-00198,10.0,2026_04
18-319-00199,10.333333333333334,2026_04
18-319-00200,10.6,2026_04
18-319-00201,9.5,2026_04
18-319-00202,8.5,2026_04
18-320-00203,8.0,2026_04
18-320-00204,,2026_04
18-320-00205,5.5,2026_04
18-320-00206,6.5,2026_04
18-320-00207,6.818181818181818,2026_04
18-321-00208,10.0,2026_04
18-321-00209,10.0,2026_04
18-321-00210,9.0,2026_04
18-321-00211,9.428571428571429,2026_04
18-321-00212,8.857142857142858,2026_04
18-321-00213,10.5,2026_04
18-321-00214,10.5,2026_04
18-321-00215,11.0,2026_04
18-321-00216,10.714285714285714,2026_04
18-321-00217,9.0,2026_04
18-321-00218,10.0,2026_04
18-322-00219,8.0,2026_04
18-322-00220,10.0,2026_04
18-322-00221,10.0,2026_04
18-323-00222,9.0,2026_04
18-323-00223,9.0,2026_04
18-323-00224,10.333333333333334,2026_04
18-323-00225,10.0,2026_04
18-323-00226,9.0,2026_04
18-323-00227,9.0,2026_04
18-323-00228,8.0,2026_04
18-324-00260,8.0,2026_04
18-323-00230,,2026_04
18-324-00231,7.571428571428571,2026_04
18-324-00232,9.0,2026_04
18-324-00233,7.333333333333333,2026_04
18-324-00234,9.0,2026_04
18-816-00235,,2026_04
18-816-00236,,2026_04
18-325-00237,,2026_04
18-325-00238,8.0,2026_04
18-325-00239,7.333333333333333,2026_04
18-326-00240,9.0,2026_04
18-326-00241,7.5,2026_04
18-326-00242,,2026_04
18-326-00243,,2026_04
18-326-00244,7.0,2026_04
18-326-00245,8.375,2026_04
18-326-00246,9.0,2026_04
18-326-00247,9.666666666666666,2026_04
18-755-00248,17.0,2026_04
18-756-00249,13.076923076923077,2026_04
18-756-00250,13.714285714285714,2026_04
18-756-00251,12.75,2026_04
18-757-00252,11.6,2026_04
18-757-00253,12.75,2026_04
18-757-00254,12.583333333333334,2026_04
18-759-00255,10.523809523809524,2026_04
18-758-00256,13.5,2026_04
18-758-00257,13.6,2026_04
18-816-00258,,2026_04
18-816-00259,8.5,2026_04
18-816-00261,8.142857142857142,2026_04
18-324-00262,8.333333333333334,2026_04
18-324-00263,8.0,2026_04
18-303-00264,7.25,2026_04
18-799-00265,8.5,2026_04
18-303-00266,10.5,2026_04
18-322-00267,9.0,2026_04
18-326-00268,8.333333333333334,2026_04
18-325-00269,7.0,2026_04
18-325-00270,7.0,2026_04
18-304-00271,8.625,2026_04
18-321-00272,10.666666666666666,2026_04
18-321-00273,9.166666666666666,2026_04
18-301-00274,9.5,2026_04
18-312-00276,14.5,2026_04
18-312-00277,15.0,2026_04
18-755-00278,16.666666666666668,2026_04
18-755-00279,15.5,2026_04
18-760-00280,14.75,2026_04
18-760-00281,15.0,2026_04
18-314-00275,12.416666666666666,2026_04
18-300-00101,9.470588235294118,2026_05
18-300-00102,8.0,2026_05
18-300-00103,9.4,2026_05
18-300-00104,11.615384615384615,2026_05
18-300-00105,8.666666666666666,2026_05
18-300-00106,,2026_05
18-300-00107,9.0,2026_05
18-300-00108,9.0,2026_05
18-301-00109,9.0,2026_05
18-301-00110,8.0,2026_05
18-301-00111,9.0,2026_05
18-301-00112,9.0,2026_05
18-301-00113,9.0,2026_05
18-301-00114,8.5,2026_05
18-302-00115,8.375,2026_05
18-302-00116,7.625,2026_05
18-302-00117,8.0,2026_05
18-302-00118,8.0,2026_05
18-302-00119,9.333333333333334,2026_05
18-303-00120,9.0,2026_05
18-303-00121,9.0,2026_05
18-303-00122,11.0,2026_05
18-303-00123,12.666666666666666,2026_05
18-799-00124,14.0,2026_05
18-799-00125,,2026_05
18-304-00126,9.0,2026_05
18-304-00127,12.0,2026_05
18-304-00128,12.4,2026_05
18-304-00129,13.0,2026_05
18-305-00130,13.0,2026_05
18-305-00131,11.8,2026_05
18-305-00132,12.0,2026_05
18-305-00133,13.6,2026_05
18-305-00134,14.6,2026_05
18-305-00135,12.0,2026_05
18-305-00136,12.2,2026_05
18-306-00137,14.352941176470589,2026_05
18-306-00138,13.214285714285714,2026_05
18-306-00139,11.0,2026_05
18-306-00140,13.11111111111111,2026_05
18-307-00141,14.2,2026_05
18-307-00142,16.6,2026_05
18-307-00143,15.8,2026_05
18-307-00144,15.857142857142858,2026_05
18-307-00145,16.875,2026_05
18-307-00146,20.714285714285715,2026_05
18-307-00147,22.0,2026_05
18-308-00148,,2026_05
18-308-00149,15.0,2026_05
18-308-00150,20.0,2026_05
18-308-00151,19.0,2026_05
18-308-00152,18.545454545454547,2026_05
18-308-00153,20.0,2026_05
18-309-00154,18.5,2026_05
18-309-00155,14.785714285714286,2026_05
18-309-00156,15.571428571428571,2026_05
18-309-00157,13.470588235294118,2026_05
18-310-00158,19.181818181818183,2026_05
18-310-00159,18.166666666666668,2026_05
18-310-00160,19.0,2026_05
18-310-00161,17.0,2026_05
18-310-00162,19.6,2026_05
18-310-00163,17.0,2026_05
18-310-00164,13.571428571428571,2026_05
18-311-00165,18.833333333333332,2026_05
18-311-00166,16.666666666666668,2026_05
18-311-00167,13.6,2026_05
18-311-00168,16.5,2026_05
18-312-00169,15.2,2026_05
18-312-00170,15.0,2026_05
18-312-00171,14.875,2026_05
18-313-00172,13.090909090909092,2026_05
18-313-00173,15.0,2026_05
18-313-00174,14.4,2026_05
18-313-00175,14.0,2026_05
18-313-00176,12.0,2026_05
18-313-00177,11.545454545454545,2026_05
18-314-00178,12.676470588235293,2026_05
18-314-00179,13.863636363636363,2026_05
18-315-00180,11.826086956521738,2026_05
18-315-00181,11.066666666666666,2026_05
18-315-00182,8.5,2026_05
18-315-00183,7.423076923076923,2026_05
18-316-00184,10.2,2026_05
18-316-00185,11.090909090909092,2026_05
18-316-00186,10.833333333333334,2026_05
18-316-00187,9.923076923076923,2026_05
18-316-00188,13.0,2026_05
18-317-00189,9.0,2026_05
18-317-00190,10.0,2026_05
18-317-00191,7.4,2026_05
18-317-00192,8.1,2026_05
18-317-00193,9.833333333333334,2026_05
18-318-00194,10.5,2026_05
18-318-00195,10.0,2026_05
18-318-00196,10.5,2026_05
18-318-00197,9.1,2026_05
18-319-00198,9.5,2026_05
18-319-00199,8.0,2026_05
18-319-00200,9.8,2026_05
18-319-00201,9.5,2026_05
18-319-00202,11.0,2026_05
18-320-00203,10.0,2026_05
18-320-00204,,2026_05
18-320-00205,14.6,2026_05
18-320-00206,13.0,2026_05
18-320-00207,13.727272727272727,2026_05
18-321-00208,13.0,2026_05
18-321-00209,13.0,2026_05
18-321-00210,11.666666666666666,2026_05
18-321-00211,9.571428571428571,2026_05
18-321-00212,8.714285714285714,2026_05
18-321-00213,10.5,2026_05
18-321-00214,10.0,2026_05
18-321-00215,9.666666666666666,2026_05
18-321-00216,10.571428571428571,2026_05
18-321-00217,10.0,2026_05
18-321-00218,13.0,2026_05
18-322-00219,10.0,2026_05
18-322-00220,11.25,2026_05
18-322-00221,11.0,2026_05
18-323-00222,12.0,2026_05
18-323-00223,12.333333333333334,2026_05
18-323-00224,10.833333333333334,2026_05
18-323-00225,12.0,2026_05
18-323-00226,13.0,2026_05
18-323-00227,12.0,2026_05
18-323-00228,14.0,2026_05
18-324-00260,14.0,2026_05
18-323-00230,,2026_05
18-324-00231,14.285714285714286,2026_05
18-324-00232,14.0,2026_05
18-324-00233,14.333333333333334,2026_05
18-324-00234,13.0,2026_05
18-816-00235,,2026_05
18-816-00236,,2026_05
18-325-00237,,2026_05
18-325-00238,11.5,2026_05
18-325-00239,10.833333333333334,2026_05
18-326-00240,14.0,2026_05
18-326-00241,12.0,2026_05
18-326-00242,,2026_05
18-326-00243,,2026_05
18-326-00244,12.0,2026_05
18-326-00245,15.625,2026_05
18-326-00246,15.875,2026_05
18-326-00247,14.333333333333334,2026_05
18-755-00248,17.2,2026_05
18-756-00249,14.76923076923077,2026_05
18-756-00250,17.142857142857142,2026_05
18-756-00251,16.25,2026_05
18-757-00252,11.8,2026_05
18-757-00253,15.0,2026_05
18-757-00254,10.916666666666666,2026_05
18-759-00255,12.261904761904763,2026_05
18-758-00256,7.5,2026_05
18-758-00257,6.8,2026_05
18-816-00258,,2026_05
18-816-00259,13.5,2026_05
18-816-00261,14.714285714285714,2026_05
18-324-00262,13.666666666666666,2026_05
18-324-00263,13.0,2026_05
18-303-00264,12.75,2026_05
18-799-00265,13.0,2026_05
18-303-00266,10.5,2026_05
18-322-00267,10.0,2026_05
18-326-00268,12.0,2026_05
18-325-00269,10.714285714285714,2026_05
18-325-00270,11.444444444444445,2026_05
18-304-00271,11.125,2026_05
18-321-00272,9.333333333333334,2026_05
18-321-00273,9.0,2026_05
18-301-00274,8.0,2026_05
18-312-00276,14.166666666666666,2026_05
18-312-00277,15.0,2026_05
18-755-00278,14.666666666666666,2026_05
18-755-00279,11.166666666666666,2026_05
18-760-00280,17.0,2026_05
18-760-00281,17.727272727272727,2026_05
18-314-00275,11.875,2026_05
18-300-00101,9.588235294117647,2026_06
18-300-00102,11.5,2026_06
18-300-00103,10.6,2026_06
18-300-00104,8.615384615384615,2026_06
18-300-00105,12.666666666666666,2026_06
18-300-00106,,2026_06
18-300-00107,13.0,2026_06
18-300-00108,10.0,2026_06
18-301-00109,15.333333333333334,2026_06
18-301-00110,14.0,2026_06
18-301-00111,14.666666666666666,2026_06
18-301-00112,15.25,2026_06
18-301-00113,12.0,2026_06
18-301-00114,11.5,2026_06
18-302-00115,14.25,2026_06
18-302-00116,12.375,2026_06
18-302-00117,12.333333333333334,2026_06
18-302-00118,13.0,2026_06
18-302-00119,12.666666666666666,2026_06
18-303-00120,11.75,2026_06
18-303-00121,11.285714285714286,2026_06
18-303-00122,10.6,2026_06
18-303-00123,9.666666666666666,2026_06
18-799-00124,12.0,2026_06
18-799-00125,,2026_06
18-304-00126,6.0,2026_06
18-304-00127,7.5,2026_06
18-304-00128,10.0,2026_06
18-304-00129,11.0,2026_06
18-305-00130,4.4,2026_06
18-305-00131,5.6,2026_06
18-305-00132,5.75,2026_06
18-305-00133,7.4,2026_06
18-305-00134,10.0,2026_06
18-305-00135,9.6,2026_06
18-305-00136,8.2,2026_06
18-306-00137,11.470588235294118,2026_06
18-306-00138,7.071428571428571,2026_06
18-306-00139,6.0,2026_06
18-306-00140,4.0,2026_06
18-307-00141,1.0,2026_06
18-307-00142,8.2,2026_06
18-307-00143,5.8,2026_06
18-307-00144,5.285714285714286,2026_06
18-307-00145,7.125,2026_06
18-307-00146,10.285714285714286,2026_06
18-307-00147,13.0,2026_06
18-308-00148,,2026_06
18-308-00149,2.5,2026_06
18-308-00150,8.666666666666666,2026_06
18-308-00151,7.5,2026_06
18-308-00152,9.090909090909092,2026_06
18-308-00153,7.4,2026_06
18-309-00154,8.0,2026_06
18-309-00155,7.071428571428571,2026_06
18-309-00156,6.0,2026_06
18-309-00157,5.705882352941177,2026_06
18-310-00158,7.363636363636363,2026_06
18-310-00159,7.333333333333333,2026_06
18-310-00160,8.875,2026_06
18-310-00161,5.0,2026_06
18-310-00162,8.4,2026_06
18-310-00163,5.5,2026_06
18-310-00164,3.4285714285714284,2026_06
18-311-00165,7.333333333333333,2026_06
18-311-00166,7.0,2026_06
18-311-00167,4.4,2026_06
18-311-00168,3.75,2026_06
18-312-00169,6.4,2026_06
18-312-00170,1.5,2026_06
18-312-00171,2.5,2026_06
18-313-00172,4.636363636363637,2026_06
18-313-00173,4.4,2026_06
18-313-00174,3.2,2026_06
18-313-00175,2.7,2026_06
18-313-00176,5.0,2026_06
18-313-00177,1.6363636363636365,2026_06
18-314-00178,4.0588235294117645,2026_06
18-314-00179,2.9545454545454546,2026_06
18-315-00180,2.9565217391304346,2026_06
18-315-00181,2.066666666666667,2026_06
18-315-00182,1.8333333333333333,2026_06
18-315-00183,2.076923076923077,2026_06
18-316-00184,2.4,2026_06
18-316-00185,2.5454545454545454,2026_06
18-316-00186,1.0,2026_06
18-316-00187,2.6153846153846154,2026_06
18-316-00188,2.0,2026_06
18-317-00189,4.0,2026_06
18-317-00190,4.333333333333333,2026_06
18-317-00191,5.4,2026_06
18-317-00192,8.6,2026_06
18-317-00193,8.333333333333334,2026_06
18-318-00194,5.5,2026_06
18-318-00195,7.5,2026_06
18-318-00196,8.0,2026_06
18-318-00197,8.6,2026_06
18-319-00198,9.5,2026_06
18-319-00199,10.666666666666666,2026_06
18-319-00200,11.6,2026_06
18-319-00201,8.5,2026_06
18-319-00202,10.0,2026_06
18-320-00203,9.0,2026_06
18-320-00204,,2026_06
18-320-00205,5.4,2026_06
18-320-00206,7.5,2026_06
18-320-00207,7.2727272727272725,2026_06
18-321-00208,12.0,2026_06
18-321-00209,12.0,2026_06
18-321-00210,10.333333333333334,2026_06
18-321-00211,6.571428571428571,2026_06
18-321-00212,11.0,2026_06
18-321-00213,7.5,2026_06
18-321-00214,7.5,2026_06
18-321-00215,9.0,2026_06
18-321-00216,13.142857142857142,2026_06
18-321-00217,7.0,2026_06
18-321-00218,15.0,2026_06
18-322-00219,7.0,2026_06
18-322-00220,9.875,2026_06
18-322-00221,10.0,2026_06
18-323-00222,11.0,2026_06
18-323-00223,9.666666666666666,2026_06
18-323-00224,7.166666666666667,2026_06
18-323-00225,10.0,2026_06
18-323-00226,12.0,2026_06
18-323-00227,11.0,2026_06
18-323-00228,14.0,2026_06
18-324-00260,10.0,2026_06
18-323-00230,,2026_06
18-324-00231,9.0,2026_06
18-324-00232,12.0,2026_06
18-324-00233,8.333333333333334,2026_06
18-324-00234,11.0,2026_06
18-816-00235,,2026_06
18-816-00236,,2026_06
18-325-00237,,2026_06
18-325-00238,11.5,2026_06
18-325-00239,8.333333333333334,2026_06
18-326-00240,8.0,2026_06
18-326-00241,15.5,2026_06
18-326-00242,,2026_06
18-326-00243,,2026_06
18-326-00244,11.0,2026_06
18-326-00245,19.875,2026_06
18-326-00246,15.125,2026_06
18-326-00247,11.0,2026_06
18-755-00248,5.6,2026_06
18-756-00249,5.769230769230769,2026_06
18-756-00250,8.857142857142858,2026_06
18-756-00251,2.5,2026_06
18-757-00252,5.0,2026_06
18-757-00253,6.75,2026_06
18-757-00254,1.6666666666666667,2026_06
18-759-00255,7.309523809523809,2026_06
18-758-00256,19.333333333333332,2026_06
18-758-00257,21.0,2026_06
18-816-00258,,2026_06
18-816-00259,14.5,2026_06
18-816-00261,13.428571428571429,2026_06
18-324-00262,11.0,2026_06
18-324-00263,11.0,2026_06
18-303-00264,9.25,2026_06
18-799-00265,11.5,2026_06
18-303-00266,9.5,2026_06
18-322-00267,7.0,2026_06
18-326-00268,14.333333333333334,2026_06
18-325-00269,8.714285714285714,2026_06
18-325-00270,10.0,2026_06
18-304-00271,9.625,2026_06
18-321-00272,9.666666666666666,2026_06
18-321-00273,8.166666666666666,2026_06
18-301-00274,13.0,2026_06
18-312-00276,2.3333333333333335,2026_06
18-312-00277,5.0,2026_06
18-755-00278,4.0,2026_06
18-755-00279,4.166666666666667,2026_06
18-760-00280,6.5,2026_06
18-760-00281,7.454545454545454,2026_06
18-314-00275,2.0416666666666665,2026_06
